[    1219ms] [LOG] %c %c %c %c %c Phaser v3.90.0 (WebGL | Web Audio) %c https://phaser.io/v390 background: #ff0000 background: #ffff00 background: #00ff00 background: #00ffff color: #ffffff; background: #000000 background: transparent @ https://jimsimrodev.github.io/pequenos-sanos/assets/index-C7AoTPzR.js:543
[    2286ms] [LOG] [WS] ✅ Conectado al servidor. perfilId= 2 @ https://jimsimrodev.github.io/pequenos-sanos/assets/index-C7AoTPzR.js:82
[    2287ms] [LOG] [WS] 📍 Enviando posición inicial: {perfilId: 2, nombre: Hijo Test, x: 600, y: 480, direccion: idle} @ https://jimsimrodev.github.io/pequenos-sanos/assets/index-C7AoTPzR.js:82
[    2427ms] [LOG] [WS] 🗺️ Broadcast recibido. Avatares: 1 [Hijo Test(2)] @ https://jimsimrodev.github.io/pequenos-sanos/assets/index-C7AoTPzR.js:82
[    2481ms] [LOG] [WS] 🗺️ Broadcast recibido. Avatares: 1 [Hijo Test(2)] @ https://jimsimrodev.github.io/pequenos-sanos/assets/index-C7AoTPzR.js:82
[    2512ms] [LOG] [WS] 🗺️ Broadcast recibido. Avatares: 1 [Hijo Test(2)] @ https://jimsimrodev.github.io/pequenos-sanos/assets/index-C7AoTPzR.js:82
[    2549ms] [LOG] [WS] 🗺️ Broadcast recibido. Avatares: 1 [Hijo Test(2)] @ https://jimsimrodev.github.io/pequenos-sanos/assets/index-C7AoTPzR.js:82
[    2579ms] [LOG] [WS] 🗺️ Broadcast recibido. Avatares: 1 [Hijo Test(2)] @ https://jimsimrodev.github.io/pequenos-sanos/assets/index-C7AoTPzR.js:82
[    2608ms] [LOG] [WS] 🗺️ Broadcast recibido. Avatares: 1 [Hijo Test(2)] @ https://jimsimrodev.github.io/pequenos-sanos/assets/index-C7AoTPzR.js:82
[    2636ms] [LOG] [WS] 🗺️ Broadcast recibido. Avatares: 1 [Hijo Test(2)] @ https://jimsimrodev.github.io/pequenos-sanos/assets/index-C7AoTPzR.js:82
[    2658ms] [LOG] [WS] 🗺️ Broadcast recibido. Avatares: 1 [Hijo Test(2)] @ https://jimsimrodev.github.io/pequenos-sanos/assets/index-C7AoTPzR.js:82
[    2718ms] [LOG] [WS] 🗺️ Broadcast recibido. Avatares: 1 [Hijo Test(2)] @ https://jimsimrodev.github.io/pequenos-sanos/assets/index-C7AoTPzR.js:82
[    2746ms] [LOG] [WS] 🗺️ Broadcast recibido. Avatares: 1 [Hijo Test(2)] @ https://jimsimrodev.github.io/pequenos-sanos/assets/index-C7AoTPzR.js:82
[    2771ms] [LOG] [WS] 🗺️ Broadcast recibido. Avatares: 1 [Hijo Test(2)] @ https://jimsimrodev.github.io/pequenos-sanos/assets/index-C7AoTPzR.js:82
[    2808ms] [LOG] [WS] 🗺️ Broadcast recibido. Avatares: 1 [Hijo Test(2)] @ https://jimsimrodev.github.io/pequenos-sanos/assets/index-C7AoTPzR.js:82
[    2871ms] [LOG] [WS] 🗺️ Broadcast recibido. Avatares: 1 [Hijo Test(2)] @ https://jimsimrodev.github.io/pequenos-sanos/assets/index-C7AoTPzR.js:82
[    2917ms] [LOG] [WS] 🗺️ Broadcast recibido. Avatares: 1 [Hijo Test(2)] @ https://jimsimrodev.github.io/pequenos-sanos/assets/index-C7AoTPzR.js:82
[    2950ms] [LOG] [WS] 🗺️ Broadcast recibido. Avatares: 1 [Hijo Test(2)] @ https://jimsimrodev.github.io/pequenos-sanos/assets/index-C7AoTPzR.js:82
[    2984ms] [LOG] [WS] 🗺️ Broadcast recibido. Avatares: 1 [Hijo Test(2)] @ https://jimsimrodev.github.io/pequenos-sanos/assets/index-C7AoTPzR.js:82
[    3017ms] [LOG] [WS] 🗺️ Broadcast recibido. Avatares: 1 [Hijo Test(2)] @ https://jimsimrodev.github.io/pequenos-sanos/assets/index-C7AoTPzR.js:82
[    3061ms] [LOG] [WS] 🗺️ Broadcast recibido. Avatares: 1 [Hijo Test(2)] @ https://jimsimrodev.github.io/pequenos-sanos/assets/index-C7AoTPzR.js:82
[    3116ms] [LOG] [WS] 🗺️ Broadcast recibido. Avatares: 1 [Hijo Test(2)] @ https://jimsimrodev.github.io/pequenos-sanos/assets/index-C7AoTPzR.js:82
[    3119ms] [LOG] [WS] 🗺️ Broadcast recibido. Avatares: 1 [Hijo Test(2)] @ https://jimsimrodev.github.io/pequenos-sanos/assets/index-C7AoTPzR.js:82
[    3170ms] [LOG] [WS] 🗺️ Broadcast recibido. Avatares: 1 [Hijo Test(2)] @ https://jimsimrodev.github.io/pequenos-sanos/assets/index-C7AoTPzR.js:82
[    3172ms] [LOG] [WS] 🗺️ Broadcast recibido. Avatares: 1 [Hijo Test(2)] @ https://jimsimrodev.github.io/pequenos-sanos/assets/index-C7AoTPzR.js:82
[    3218ms] [LOG] [WS] 🗺️ Broadcast recibido. Avatares: 1 [Hijo Test(2)] @ https://jimsimrodev.github.io/pequenos-sanos/assets/index-C7AoTPzR.js:82
[    3240ms] [LOG] [WS] 🗺️ Broadcast recibido. Avatares: 1 [Hijo Test(2)] @ https://jimsimrodev.github.io/pequenos-sanos/assets/index-C7AoTPzR.js:82
[    3241ms] [LOG] [WS] 🗺️ Broadcast recibido. Avatares: 1 [Hijo Test(2)] @ https://jimsimrodev.github.io/pequenos-sanos/assets/index-C7AoTPzR.js:82
[    3264ms] [LOG] [WS] 🗺️ Broadcast recibido. Avatares: 1 [Hijo Test(2)] @ https://jimsimrodev.github.io/pequenos-sanos/assets/index-C7AoTPzR.js:82
[    3295ms] [LOG] [WS] 🗺️ Broadcast recibido. Avatares: 1 [Hijo Test(2)] @ https://jimsimrodev.github.io/pequenos-sanos/assets/index-C7AoTPzR.js:82
[    3332ms] [LOG] [WS] 🗺️ Broadcast recibido. Avatares: 1 [Hijo Test(2)] @ https://jimsimrodev.github.io/pequenos-sanos/assets/index-C7AoTPzR.js:82
[    3351ms] [LOG] [WS] 🗺️ Broadcast recibido. Avatares: 1 [Hijo Test(2)] @ https://jimsimrodev.github.io/pequenos-sanos/assets/index-C7AoTPzR.js:82
[    3404ms] [LOG] [WS] 🗺️ Broadcast recibido. Avatares: 1 [Hijo Test(2)] @ https://jimsimrodev.github.io/pequenos-sanos/assets/index-C7AoTPzR.js:82
[    3434ms] [LOG] [WS] 🗺️ Broadcast recibido. Avatares: 1 [Hijo Test(2)] @ https://jimsimrodev.github.io/pequenos-sanos/assets/index-C7AoTPzR.js:82
[    3458ms] [LOG] [WS] 🗺️ Broadcast recibido. Avatares: 1 [Hijo Test(2)] @ https://jimsimrodev.github.io/pequenos-sanos/assets/index-C7AoTPzR.js:82
[    3503ms] [LOG] [WS] 🗺️ Broadcast recibido. Avatares: 1 [Hijo Test(2)] @ https://jimsimrodev.github.io/pequenos-sanos/assets/index-C7AoTPzR.js:82
[    3525ms] [LOG] [WS] 🗺️ Broadcast recibido. Avatares: 1 [Hijo Test(2)] @ https://jimsimrodev.github.io/pequenos-sanos/assets/index-C7AoTPzR.js:82
[    3547ms] [LOG] [WS] 🗺️ Broadcast recibido. Avatares: 1 [Hijo Test(2)] @ https://jimsimrodev.github.io/pequenos-sanos/assets/index-C7AoTPzR.js:82
[    3599ms] [LOG] [WS] 🗺️ Broadcast recibido. Avatares: 1 [Hijo Test(2)] @ https://jimsimrodev.github.io/pequenos-sanos/assets/index-C7AoTPzR.js:82
[    3629ms] [LOG] [WS] 🗺️ Broadcast recibido. Avatares: 1 [Hijo Test(2)] @ https://jimsimrodev.github.io/pequenos-sanos/assets/index-C7AoTPzR.js:82
[    3651ms] [LOG] [WS] 🗺️ Broadcast recibido. Avatares: 1 [Hijo Test(2)] @ https://jimsimrodev.github.io/pequenos-sanos/assets/index-C7AoTPzR.js:82
[    3698ms] [LOG] [WS] 🗺️ Broadcast recibido. Avatares: 1 [Hijo Test(2)] @ https://jimsimrodev.github.io/pequenos-sanos/assets/index-C7AoTPzR.js:82
[    3727ms] [LOG] [WS] 🗺️ Broadcast recibido. Avatares: 1 [Hijo Test(2)] @ https://jimsimrodev.github.io/pequenos-sanos/assets/index-C7AoTPzR.js:82
[    3747ms] [LOG] [WS] 🗺️ Broadcast recibido. Avatares: 1 [Hijo Test(2)] @ https://jimsimrodev.github.io/pequenos-sanos/assets/index-C7AoTPzR.js:82
[    3793ms] [LOG] [WS] 🗺️ Broadcast recibido. Avatares: 1 [Hijo Test(2)] @ https://jimsimrodev.github.io/pequenos-sanos/assets/index-C7AoTPzR.js:82
[    3823ms] [LOG] [WS] 🗺️ Broadcast recibido. Avatares: 1 [Hijo Test(2)] @ https://jimsimrodev.github.io/pequenos-sanos/assets/index-C7AoTPzR.js:82
[    3865ms] [LOG] [WS] 🗺️ Broadcast recibido. Avatares: 1 [Hijo Test(2)] @ https://jimsimrodev.github.io/pequenos-sanos/assets/index-C7AoTPzR.js:82
[    3890ms] [LOG] [WS] 🗺️ Broadcast recibido. Avatares: 1 [Hijo Test(2)] @ https://jimsimrodev.github.io/pequenos-sanos/assets/index-C7AoTPzR.js:82
[    3917ms] [LOG] [WS] 🗺️ Broadcast recibido. Avatares: 1 [Hijo Test(2)] @ https://jimsimrodev.github.io/pequenos-sanos/assets/index-C7AoTPzR.js:82
[    3947ms] [LOG] [WS] 🗺️ Broadcast recibido. Avatares: 1 [Hijo Test(2)] @ https://jimsimrodev.github.io/pequenos-sanos/assets/index-C7AoTPzR.js:82
[    3988ms] [LOG] [WS] 🗺️ Broadcast recibido. Avatares: 1 [Hijo Test(2)] @ https://jimsimrodev.github.io/pequenos-sanos/assets/index-C7AoTPzR.js:82
[    4031ms] [LOG] [WS] 🗺️ Broadcast recibido. Avatares: 1 [Hijo Test(2)] @ https://jimsimrodev.github.io/pequenos-sanos/assets/index-C7AoTPzR.js:82
[    4058ms] [LOG] [WS] 🗺️ Broadcast recibido. Avatares: 1 [Hijo Test(2)] @ https://jimsimrodev.github.io/pequenos-sanos/assets/index-C7AoTPzR.js:82
[    4097ms] [LOG] [WS] 🗺️ Broadcast recibido. Avatares: 1 [Hijo Test(2)] @ https://jimsimrodev.github.io/pequenos-sanos/assets/index-C7AoTPzR.js:82
[    4121ms] [LOG] [WS] 🗺️ Broadcast recibido. Avatares: 1 [Hijo Test(2)] @ https://jimsimrodev.github.io/pequenos-sanos/assets/index-C7AoTPzR.js:82
[    4145ms] [LOG] [WS] 🗺️ Broadcast recibido. Avatares: 1 [Hijo Test(2)] @ https://jimsimrodev.github.io/pequenos-sanos/assets/index-C7AoTPzR.js:82
[    4191ms] [LOG] [WS] 🗺️ Broadcast recibido. Avatares: 1 [Hijo Test(2)] @ https://jimsimrodev.github.io/pequenos-sanos/assets/index-C7AoTPzR.js:82
[    4213ms] [LOG] [WS] 🗺️ Broadcast recibido. Avatares: 1 [Hijo Test(2)] @ https://jimsimrodev.github.io/pequenos-sanos/assets/index-C7AoTPzR.js:82
[    4259ms] [LOG] [WS] 🗺️ Broadcast recibido. Avatares: 1 [Hijo Test(2)] @ https://jimsimrodev.github.io/pequenos-sanos/assets/index-C7AoTPzR.js:82
[    4286ms] [LOG] [WS] 🗺️ Broadcast recibido. Avatares: 1 [Hijo Test(2)] @ https://jimsimrodev.github.io/pequenos-sanos/assets/index-C7AoTPzR.js:82
[    4318ms] [LOG] [WS] 🗺️ Broadcast recibido. Avatares: 1 [Hijo Test(2)] @ https://jimsimrodev.github.io/pequenos-sanos/assets/index-C7AoTPzR.js:82
[    4344ms] [LOG] [WS] 🗺️ Broadcast recibido. Avatares: 1 [Hijo Test(2)] @ https://jimsimrodev.github.io/pequenos-sanos/assets/index-C7AoTPzR.js:82
[    4385ms] [LOG] [WS] 🗺️ Broadcast recibido. Avatares: 1 [Hijo Test(2)] @ https://jimsimrodev.github.io/pequenos-sanos/assets/index-C7AoTPzR.js:82
[    4410ms] [LOG] [WS] 🗺️ Broadcast recibido. Avatares: 1 [Hijo Test(2)] @ https://jimsimrodev.github.io/pequenos-sanos/assets/index-C7AoTPzR.js:82
[    4437ms] [LOG] [WS] 🗺️ Broadcast recibido. Avatares: 1 [Hijo Test(2)] @ https://jimsimrodev.github.io/pequenos-sanos/assets/index-C7AoTPzR.js:82
[    4497ms] [LOG] [WS] 🗺️ Broadcast recibido. Avatares: 1 [Hijo Test(2)] @ https://jimsimrodev.github.io/pequenos-sanos/assets/index-C7AoTPzR.js:82
[    4595ms] [LOG] [WS] 🗺️ Broadcast recibido. Avatares: 1 [Hijo Test(2)] @ https://jimsimrodev.github.io/pequenos-sanos/assets/index-C7AoTPzR.js:82
[    4595ms] [LOG] [WS] 🗺️ Broadcast recibido. Avatares: 1 [Hijo Test(2)] @ https://jimsimrodev.github.io/pequenos-sanos/assets/index-C7AoTPzR.js:82
[    4597ms] [LOG] [WS] 🗺️ Broadcast recibido. Avatares: 1 [Hijo Test(2)] @ https://jimsimrodev.github.io/pequenos-sanos/assets/index-C7AoTPzR.js:82
[    4617ms] [LOG] [WS] 🗺️ Broadcast recibido. Avatares: 1 [Hijo Test(2)] @ https://jimsimrodev.github.io/pequenos-sanos/assets/index-C7AoTPzR.js:82
[    4642ms] [LOG] [WS] 🗺️ Broadcast recibido. Avatares: 1 [Hijo Test(2)] @ https://jimsimrodev.github.io/pequenos-sanos/assets/index-C7AoTPzR.js:82
[    4686ms] [LOG] [WS] 🗺️ Broadcast recibido. Avatares: 1 [Hijo Test(2)] @ https://jimsimrodev.github.io/pequenos-sanos/assets/index-C7AoTPzR.js:82
[    4719ms] [LOG] [WS] 🗺️ Broadcast recibido. Avatares: 1 [Hijo Test(2)] @ https://jimsimrodev.github.io/pequenos-sanos/assets/index-C7AoTPzR.js:82
[    4746ms] [LOG] [WS] 🗺️ Broadcast recibido. Avatares: 1 [Hijo Test(2)] @ https://jimsimrodev.github.io/pequenos-sanos/assets/index-C7AoTPzR.js:82
[    4769ms] [LOG] [WS] 🗺️ Broadcast recibido. Avatares: 1 [Hijo Test(2)] @ https://jimsimrodev.github.io/pequenos-sanos/assets/index-C7AoTPzR.js:82
[    4818ms] [LOG] [WS] 🗺️ Broadcast recibido. Avatares: 1 [Hijo Test(2)] @ https://jimsimrodev.github.io/pequenos-sanos/assets/index-C7AoTPzR.js:82
[    4843ms] [LOG] [WS] 🗺️ Broadcast recibido. Avatares: 1 [Hijo Test(2)] @ https://jimsimrodev.github.io/pequenos-sanos/assets/index-C7AoTPzR.js:82
[    4873ms] [LOG] [WS] 🗺️ Broadcast recibido. Avatares: 1 [Hijo Test(2)] @ https://jimsimrodev.github.io/pequenos-sanos/assets/index-C7AoTPzR.js:82
[    4919ms] [LOG] [WS] 🗺️ Broadcast recibido. Avatares: 1 [Hijo Test(2)] @ https://jimsimrodev.github.io/pequenos-sanos/assets/index-C7AoTPzR.js:82
[    4943ms] [LOG] [WS] 🗺️ Broadcast recibido. Avatares: 1 [Hijo Test(2)] @ https://jimsimrodev.github.io/pequenos-sanos/assets/index-C7AoTPzR.js:82
[    4976ms] [LOG] [WS] 🗺️ Broadcast recibido. Avatares: 1 [Hijo Test(2)] @ https://jimsimrodev.github.io/pequenos-sanos/assets/index-C7AoTPzR.js:82
[    5018ms] [LOG] [WS] 🗺️ Broadcast recibido. Avatares: 1 [Hijo Test(2)] @ https://jimsimrodev.github.io/pequenos-sanos/assets/index-C7AoTPzR.js:82
[    5049ms] [LOG] [WS] 🗺️ Broadcast recibido. Avatares: 1 [Hijo Test(2)] @ https://jimsimrodev.github.io/pequenos-sanos/assets/index-C7AoTPzR.js:82
[    5075ms] [LOG] [WS] 🗺️ Broadcast recibido. Avatares: 1 [Hijo Test(2)] @ https://jimsimrodev.github.io/pequenos-sanos/assets/index-C7AoTPzR.js:82
[    5098ms] [LOG] [WS] 🗺️ Broadcast recibido. Avatares: 1 [Hijo Test(2)] @ https://jimsimrodev.github.io/pequenos-sanos/assets/index-C7AoTPzR.js:82
[    5146ms] [LOG] [WS] 🗺️ Broadcast recibido. Avatares: 1 [Hijo Test(2)] @ https://jimsimrodev.github.io/pequenos-sanos/assets/index-C7AoTPzR.js:82
[    5173ms] [LOG] [WS] 🗺️ Broadcast recibido. Avatares: 1 [Hijo Test(2)] @ https://jimsimrodev.github.io/pequenos-sanos/assets/index-C7AoTPzR.js:82
[    5205ms] [LOG] [WS] 🗺️ Broadcast recibido. Avatares: 1 [Hijo Test(2)] @ https://jimsimrodev.github.io/pequenos-sanos/assets/index-C7AoTPzR.js:82
[    5233ms] [LOG] [WS] 🗺️ Broadcast recibido. Avatares: 1 [Hijo Test(2)] @ https://jimsimrodev.github.io/pequenos-sanos/assets/index-C7AoTPzR.js:82
[    5284ms] [LOG] [WS] 🗺️ Broadcast recibido. Avatares: 1 [Hijo Test(2)] @ https://jimsimrodev.github.io/pequenos-sanos/assets/index-C7AoTPzR.js:82
[    5334ms] [LOG] [WS] 🗺️ Broadcast recibido. Avatares: 1 [Hijo Test(2)] @ https://jimsimrodev.github.io/pequenos-sanos/assets/index-C7AoTPzR.js:82
[    5378ms] [LOG] [WS] 🗺️ Broadcast recibido. Avatares: 1 [Hijo Test(2)] @ https://jimsimrodev.github.io/pequenos-sanos/assets/index-C7AoTPzR.js:82
[    5429ms] [LOG] [WS] 🗺️ Broadcast recibido. Avatares: 1 [Hijo Test(2)] @ https://jimsimrodev.github.io/pequenos-sanos/assets/index-C7AoTPzR.js:82
[    5471ms] [LOG] [WS] 🗺️ Broadcast recibido. Avatares: 1 [Hijo Test(2)] @ https://jimsimrodev.github.io/pequenos-sanos/assets/index-C7AoTPzR.js:82
[    5472ms] [LOG] [WS] 🗺️ Broadcast recibido. Avatares: 1 [Hijo Test(2)] @ https://jimsimrodev.github.io/pequenos-sanos/assets/index-C7AoTPzR.js:82
[    5503ms] [LOG] [WS] 🗺️ Broadcast recibido. Avatares: 1 [Hijo Test(2)] @ https://jimsimrodev.github.io/pequenos-sanos/assets/index-C7AoTPzR.js:82
[    5529ms] [LOG] [WS] 🗺️ Broadcast recibido. Avatares: 1 [Hijo Test(2)] @ https://jimsimrodev.github.io/pequenos-sanos/assets/index-C7AoTPzR.js:82
[    5554ms] [LOG] [WS] 🗺️ Broadcast recibido. Avatares: 1 [Hijo Test(2)] @ https://jimsimrodev.github.io/pequenos-sanos/assets/index-C7AoTPzR.js:82
[    5580ms] [LOG] [WS] 🗺️ Broadcast recibido. Avatares: 1 [Hijo Test(2)] @ https://jimsimrodev.github.io/pequenos-sanos/assets/index-C7AoTPzR.js:82
[    5606ms] [LOG] [WS] 🗺️ Broadcast recibido. Avatares: 1 [Hijo Test(2)] @ https://jimsimrodev.github.io/pequenos-sanos/assets/index-C7AoTPzR.js:82
[    5642ms] [LOG] [WS] 🗺️ Broadcast recibido. Avatares: 1 [Hijo Test(2)] @ https://jimsimrodev.github.io/pequenos-sanos/assets/index-C7AoTPzR.js:82
[    5680ms] [LOG] [WS] 🗺️ Broadcast recibido. Avatares: 1 [Hijo Test(2)] @ https://jimsimrodev.github.io/pequenos-sanos/assets/index-C7AoTPzR.js:82
[    5706ms] [LOG] [WS] 🗺️ Broadcast recibido. Avatares: 1 [Hijo Test(2)] @ https://jimsimrodev.github.io/pequenos-sanos/assets/index-C7AoTPzR.js:82
[    5762ms] [LOG] [WS] 🗺️ Broadcast recibido. Avatares: 1 [Hijo Test(2)] @ https://jimsimrodev.github.io/pequenos-sanos/assets/index-C7AoTPzR.js:82
[    5807ms] [LOG] [WS] 🗺️ Broadcast recibido. Avatares: 1 [Hijo Test(2)] @ https://jimsimrodev.github.io/pequenos-sanos/assets/index-C7AoTPzR.js:82
[    5851ms] [LOG] [WS] 🗺️ Broadcast recibido. Avatares: 1 [Hijo Test(2)] @ https://jimsimrodev.github.io/pequenos-sanos/assets/index-C7AoTPzR.js:82
[    5852ms] [LOG] [WS] 🗺️ Broadcast recibido. Avatares: 1 [Hijo Test(2)] @ https://jimsimrodev.github.io/pequenos-sanos/assets/index-C7AoTPzR.js:82
[    5885ms] [LOG] [WS] 🗺️ Broadcast recibido. Avatares: 1 [Hijo Test(2)] @ https://jimsimrodev.github.io/pequenos-sanos/assets/index-C7AoTPzR.js:82
[    5909ms] [LOG] [WS] 🗺️ Broadcast recibido. Avatares: 1 [Hijo Test(2)] @ https://jimsimrodev.github.io/pequenos-sanos/assets/index-C7AoTPzR.js:82
[    5930ms] [LOG] [WS] 🗺️ Broadcast recibido. Avatares: 1 [Hijo Test(2)] @ https://jimsimrodev.github.io/pequenos-sanos/assets/index-C7AoTPzR.js:82
[    5977ms] [LOG] [WS] 🗺️ Broadcast recibido. Avatares: 1 [Hijo Test(2)] @ https://jimsimrodev.github.io/pequenos-sanos/assets/index-C7AoTPzR.js:82
[    5999ms] [LOG] [WS] 🗺️ Broadcast recibido. Avatares: 1 [Hijo Test(2)] @ https://jimsimrodev.github.io/pequenos-sanos/assets/index-C7AoTPzR.js:82
[    6030ms] [LOG] [WS] 🗺️ Broadcast recibido. Avatares: 1 [Hijo Test(2)] @ https://jimsimrodev.github.io/pequenos-sanos/assets/index-C7AoTPzR.js:82
[    6077ms] [LOG] [WS] 🗺️ Broadcast recibido. Avatares: 1 [Hijo Test(2)] @ https://jimsimrodev.github.io/pequenos-sanos/assets/index-C7AoTPzR.js:82
[    6101ms] [LOG] [WS] 🗺️ Broadcast recibido. Avatares: 1 [Hijo Test(2)] @ https://jimsimrodev.github.io/pequenos-sanos/assets/index-C7AoTPzR.js:82
[    6129ms] [LOG] [WS] 🗺️ Broadcast recibido. Avatares: 1 [Hijo Test(2)] @ https://jimsimrodev.github.io/pequenos-sanos/assets/index-C7AoTPzR.js:82
[    6160ms] [LOG] [WS] 🗺️ Broadcast recibido. Avatares: 1 [Hijo Test(2)] @ https://jimsimrodev.github.io/pequenos-sanos/assets/index-C7AoTPzR.js:82
[    6204ms] [LOG] [WS] 🗺️ Broadcast recibido. Avatares: 1 [Hijo Test(2)] @ https://jimsimrodev.github.io/pequenos-sanos/assets/index-C7AoTPzR.js:82
[    6227ms] [LOG] [WS] 🗺️ Broadcast recibido. Avatares: 1 [Hijo Test(2)] @ https://jimsimrodev.github.io/pequenos-sanos/assets/index-C7AoTPzR.js:82
[    6255ms] [LOG] [WS] 🗺️ Broadcast recibido. Avatares: 1 [Hijo Test(2)] @ https://jimsimrodev.github.io/pequenos-sanos/assets/index-C7AoTPzR.js:82
[    6303ms] [LOG] [WS] 🗺️ Broadcast recibido. Avatares: 1 [Hijo Test(2)] @ https://jimsimrodev.github.io/pequenos-sanos/assets/index-C7AoTPzR.js:82
[    6327ms] [LOG] [WS] 🗺️ Broadcast recibido. Avatares: 1 [Hijo Test(2)] @ https://jimsimrodev.github.io/pequenos-sanos/assets/index-C7AoTPzR.js:82
[    6374ms] [LOG] [WS] 🗺️ Broadcast recibido. Avatares: 1 [Hijo Test(2)] @ https://jimsimrodev.github.io/pequenos-sanos/assets/index-C7AoTPzR.js:82
[    6403ms] [LOG] [WS] 🗺️ Broadcast recibido. Avatares: 1 [Hijo Test(2)] @ https://jimsimrodev.github.io/pequenos-sanos/assets/index-C7AoTPzR.js:82
[    6424ms] [LOG] [WS] 🗺️ Broadcast recibido. Avatares: 1 [Hijo Test(2)] @ https://jimsimrodev.github.io/pequenos-sanos/assets/index-C7AoTPzR.js:82
[    6459ms] [LOG] [WS] 🗺️ Broadcast recibido. Avatares: 1 [Hijo Test(2)] @ https://jimsimrodev.github.io/pequenos-sanos/assets/index-C7AoTPzR.js:82
[    6506ms] [LOG] [WS] 🗺️ Broadcast recibido. Avatares: 1 [Hijo Test(2)] @ https://jimsimrodev.github.io/pequenos-sanos/assets/index-C7AoTPzR.js:82
[    6536ms] [LOG] [WS] 🗺️ Broadcast recibido. Avatares: 1 [Hijo Test(2)] @ https://jimsimrodev.github.io/pequenos-sanos/assets/index-C7AoTPzR.js:82
[    6569ms] [LOG] [WS] 🗺️ Broadcast recibido. Avatares: 1 [Hijo Test(2)] @ https://jimsimrodev.github.io/pequenos-sanos/assets/index-C7AoTPzR.js:82
[    6603ms] [LOG] [WS] 🗺️ Broadcast recibido. Avatares: 1 [Hijo Test(2)] @ https://jimsimrodev.github.io/pequenos-sanos/assets/index-C7AoTPzR.js:82
[    6628ms] [LOG] [WS] 🗺️ Broadcast recibido. Avatares: 1 [Hijo Test(2)] @ https://jimsimrodev.github.io/pequenos-sanos/assets/index-C7AoTPzR.js:82
[    6673ms] [LOG] [WS] 🗺️ Broadcast recibido. Avatares: 1 [Hijo Test(2)] @ https://jimsimrodev.github.io/pequenos-sanos/assets/index-C7AoTPzR.js:82
[    6695ms] [LOG] [WS] 🗺️ Broadcast recibido. Avatares: 1 [Hijo Test(2)] @ https://jimsimrodev.github.io/pequenos-sanos/assets/index-C7AoTPzR.js:82
[    6724ms] [LOG] [WS] 🗺️ Broadcast recibido. Avatares: 1 [Hijo Test(2)] @ https://jimsimrodev.github.io/pequenos-sanos/assets/index-C7AoTPzR.js:82
[    6773ms] [LOG] [WS] 🗺️ Broadcast recibido. Avatares: 1 [Hijo Test(2)] @ https://jimsimrodev.github.io/pequenos-sanos/assets/index-C7AoTPzR.js:82
[    6795ms] [LOG] [WS] 🗺️ Broadcast recibido. Avatares: 1 [Hijo Test(2)] @ https://jimsimrodev.github.io/pequenos-sanos/assets/index-C7AoTPzR.js:82
[    6818ms] [LOG] [WS] 🗺️ Broadcast recibido. Avatares: 1 [Hijo Test(2)] @ https://jimsimrodev.github.io/pequenos-sanos/assets/index-C7AoTPzR.js:82
[    6866ms] [LOG] [WS] 🗺️ Broadcast recibido. Avatares: 1 [Hijo Test(2)] @ https://jimsimrodev.github.io/pequenos-sanos/assets/index-C7AoTPzR.js:82
[    6892ms] [LOG] [WS] 🗺️ Broadcast recibido. Avatares: 1 [Hijo Test(2)] @ https://jimsimrodev.github.io/pequenos-sanos/assets/index-C7AoTPzR.js:82
[    6920ms] [LOG] [WS] 🗺️ Broadcast recibido. Avatares: 1 [Hijo Test(2)] @ https://jimsimrodev.github.io/pequenos-sanos/assets/index-C7AoTPzR.js:82
[    6953ms] [LOG] [WS] 🗺️ Broadcast recibido. Avatares: 1 [Hijo Test(2)] @ https://jimsimrodev.github.io/pequenos-sanos/assets/index-C7AoTPzR.js:82
[    7002ms] [LOG] [WS] 🗺️ Broadcast recibido. Avatares: 1 [Hijo Test(2)] @ https://jimsimrodev.github.io/pequenos-sanos/assets/index-C7AoTPzR.js:82
[    7030ms] [LOG] [WS] 🗺️ Broadcast recibido. Avatares: 1 [Hijo Test(2)] @ https://jimsimrodev.github.io/pequenos-sanos/assets/index-C7AoTPzR.js:82
[    7059ms] [LOG] [WS] 🗺️ Broadcast recibido. Avatares: 1 [Hijo Test(2)] @ https://jimsimrodev.github.io/pequenos-sanos/assets/index-C7AoTPzR.js:82
[    7087ms] [LOG] [WS] 🗺️ Broadcast recibido. Avatares: 1 [Hijo Test(2)] @ https://jimsimrodev.github.io/pequenos-sanos/assets/index-C7AoTPzR.js:82
[    7117ms] [LOG] [WS] 🗺️ Broadcast recibido. Avatares: 1 [Hijo Test(2)] @ https://jimsimrodev.github.io/pequenos-sanos/assets/index-C7AoTPzR.js:82
[    7168ms] [LOG] [WS] 🗺️ Broadcast recibido. Avatares: 1 [Hijo Test(2)] @ https://jimsimrodev.github.io/pequenos-sanos/assets/index-C7AoTPzR.js:82
[    7194ms] [LOG] [WS] 🗺️ Broadcast recibido. Avatares: 1 [Hijo Test(2)] @ https://jimsimrodev.github.io/pequenos-sanos/assets/index-C7AoTPzR.js:82
[    7216ms] [LOG] [WS] 🗺️ Broadcast recibido. Avatares: 1 [Hijo Test(2)] @ https://jimsimrodev.github.io/pequenos-sanos/assets/index-C7AoTPzR.js:82
[    7262ms] [LOG] [WS] 🗺️ Broadcast recibido. Avatares: 1 [Hijo Test(2)] @ https://jimsimrodev.github.io/pequenos-sanos/assets/index-C7AoTPzR.js:82
[    7285ms] [LOG] [WS] 🗺️ Broadcast recibido. Avatares: 1 [Hijo Test(2)] @ https://jimsimrodev.github.io/pequenos-sanos/assets/index-C7AoTPzR.js:82
[    7328ms] [LOG] [WS] 🗺️ Broadcast recibido. Avatares: 1 [Hijo Test(2)] @ https://jimsimrodev.github.io/pequenos-sanos/assets/index-C7AoTPzR.js:82
[    7353ms] [LOG] [WS] 🗺️ Broadcast recibido. Avatares: 1 [Hijo Test(2)] @ https://jimsimrodev.github.io/pequenos-sanos/assets/index-C7AoTPzR.js:82
[    7398ms] [LOG] [WS] 🗺️ Broadcast recibido. Avatares: 1 [Hijo Test(2)] @ https://jimsimrodev.github.io/pequenos-sanos/assets/index-C7AoTPzR.js:82
[    7423ms] [LOG] [WS] 🗺️ Broadcast recibido. Avatares: 1 [Hijo Test(2)] @ https://jimsimrodev.github.io/pequenos-sanos/assets/index-C7AoTPzR.js:82
[    7446ms] [LOG] [WS] 🗺️ Broadcast recibido. Avatares: 1 [Hijo Test(2)] @ https://jimsimrodev.github.io/pequenos-sanos/assets/index-C7AoTPzR.js:82
[    7498ms] [LOG] [WS] 🗺️ Broadcast recibido. Avatares: 1 [Hijo Test(2)] @ https://jimsimrodev.github.io/pequenos-sanos/assets/index-C7AoTPzR.js:82
[    7522ms] [LOG] [WS] 🗺️ Broadcast recibido. Avatares: 1 [Hijo Test(2)] @ https://jimsimrodev.github.io/pequenos-sanos/assets/index-C7AoTPzR.js:82
[    7549ms] [LOG] [WS] 🗺️ Broadcast recibido. Avatares: 1 [Hijo Test(2)] @ https://jimsimrodev.github.io/pequenos-sanos/assets/index-C7AoTPzR.js:82
[    7593ms] [LOG] [WS] 🗺️ Broadcast recibido. Avatares: 1 [Hijo Test(2)] @ https://jimsimrodev.github.io/pequenos-sanos/assets/index-C7AoTPzR.js:82
[    7619ms] [LOG] [WS] 🗺️ Broadcast recibido. Avatares: 1 [Hijo Test(2)] @ https://jimsimrodev.github.io/pequenos-sanos/assets/index-C7AoTPzR.js:82
[    7642ms] [LOG] [WS] 🗺️ Broadcast recibido. Avatares: 1 [Hijo Test(2)] @ https://jimsimrodev.github.io/pequenos-sanos/assets/index-C7AoTPzR.js:82
[    7693ms] [LOG] [WS] 🗺️ Broadcast recibido. Avatares: 1 [Hijo Test(2)] @ https://jimsimrodev.github.io/pequenos-sanos/assets/index-C7AoTPzR.js:82
[    7724ms] [LOG] [WS] 🗺️ Broadcast recibido. Avatares: 1 [Hijo Test(2)] @ https://jimsimrodev.github.io/pequenos-sanos/assets/index-C7AoTPzR.js:82
[    7744ms] [LOG] [WS] 🗺️ Broadcast recibido. Avatares: 1 [Hijo Test(2)] @ https://jimsimrodev.github.io/pequenos-sanos/assets/index-C7AoTPzR.js:82
[    7778ms] [LOG] [WS] 🗺️ Broadcast recibido. Avatares: 1 [Hijo Test(2)] @ https://jimsimrodev.github.io/pequenos-sanos/assets/index-C7AoTPzR.js:82
[    7817ms] [LOG] [WS] 🗺️ Broadcast recibido. Avatares: 1 [Hijo Test(2)] @ https://jimsimrodev.github.io/pequenos-sanos/assets/index-C7AoTPzR.js:82
[    7869ms] [LOG] [WS] 🗺️ Broadcast recibido. Avatares: 1 [Hijo Test(2)] @ https://jimsimrodev.github.io/pequenos-sanos/assets/index-C7AoTPzR.js:82
[    7895ms] [LOG] [WS] 🗺️ Broadcast recibido. Avatares: 1 [Hijo Test(2)] @ https://jimsimrodev.github.io/pequenos-sanos/assets/index-C7AoTPzR.js:82
[    7923ms] [LOG] [WS] 🗺️ Broadcast recibido. Avatares: 1 [Hijo Test(2)] @ https://jimsimrodev.github.io/pequenos-sanos/assets/index-C7AoTPzR.js:82
[    7956ms] [LOG] [WS] 🗺️ Broadcast recibido. Avatares: 1 [Hijo Test(2)] @ https://jimsimrodev.github.io/pequenos-sanos/assets/index-C7AoTPzR.js:82
[    7986ms] [LOG] [WS] 🗺️ Broadcast recibido. Avatares: 1 [Hijo Test(2)] @ https://jimsimrodev.github.io/pequenos-sanos/assets/index-C7AoTPzR.js:82
[    8014ms] [LOG] [WS] 🗺️ Broadcast recibido. Avatares: 1 [Hijo Test(2)] @ https://jimsimrodev.github.io/pequenos-sanos/assets/index-C7AoTPzR.js:82
[    8040ms] [LOG] [WS] 🗺️ Broadcast recibido. Avatares: 1 [Hijo Test(2)] @ https://jimsimrodev.github.io/pequenos-sanos/assets/index-C7AoTPzR.js:82
[    8071ms] [LOG] [WS] 🗺️ Broadcast recibido. Avatares: 1 [Hijo Test(2)] @ https://jimsimrodev.github.io/pequenos-sanos/assets/index-C7AoTPzR.js:82
[    8105ms] [LOG] [WS] 🗺️ Broadcast recibido. Avatares: 1 [Hijo Test(2)] @ https://jimsimrodev.github.io/pequenos-sanos/assets/index-C7AoTPzR.js:82
[    8187ms] [LOG] [WS] 🗺️ Broadcast recibido. Avatares: 1 [Hijo Test(2)] @ https://jimsimrodev.github.io/pequenos-sanos/assets/index-C7AoTPzR.js:82
[    8211ms] [LOG] [WS] 🗺️ Broadcast recibido. Avatares: 1 [Hijo Test(2)] @ https://jimsimrodev.github.io/pequenos-sanos/assets/index-C7AoTPzR.js:82
[    8236ms] [LOG] [WS] 🗺️ Broadcast recibido. Avatares: 1 [Hijo Test(2)] @ https://jimsimrodev.github.io/pequenos-sanos/assets/index-C7AoTPzR.js:82
[    8268ms] [LOG] [WS] 🗺️ Broadcast recibido. Avatares: 1 [Hijo Test(2)] @ https://jimsimrodev.github.io/pequenos-sanos/assets/index-C7AoTPzR.js:82
[    8312ms] [LOG] [WS] 🗺️ Broadcast recibido. Avatares: 1 [Hijo Test(2)] @ https://jimsimrodev.github.io/pequenos-sanos/assets/index-C7AoTPzR.js:82
[    8338ms] [LOG] [WS] 🗺️ Broadcast recibido. Avatares: 1 [Hijo Test(2)] @ https://jimsimrodev.github.io/pequenos-sanos/assets/index-C7AoTPzR.js:82
[    8367ms] [LOG] [WS] 🗺️ Broadcast recibido. Avatares: 1 [Hijo Test(2)] @ https://jimsimrodev.github.io/pequenos-sanos/assets/index-C7AoTPzR.js:82
[    8400ms] [LOG] [WS] 🗺️ Broadcast recibido. Avatares: 1 [Hijo Test(2)] @ https://jimsimrodev.github.io/pequenos-sanos/assets/index-C7AoTPzR.js:82
[    8429ms] [LOG] [WS] 🗺️ Broadcast recibido. Avatares: 1 [Hijo Test(2)] @ https://jimsimrodev.github.io/pequenos-sanos/assets/index-C7AoTPzR.js:82
[    8488ms] [LOG] [WS] 🗺️ Broadcast recibido. Avatares: 1 [Hijo Test(2)] @ https://jimsimrodev.github.io/pequenos-sanos/assets/index-C7AoTPzR.js:82
[    8512ms] [LOG] [WS] 🗺️ Broadcast recibido. Avatares: 1 [Hijo Test(2)] @ https://jimsimrodev.github.io/pequenos-sanos/assets/index-C7AoTPzR.js:82
[    8534ms] [LOG] [WS] 🗺️ Broadcast recibido. Avatares: 1 [Hijo Test(2)] @ https://jimsimrodev.github.io/pequenos-sanos/assets/index-C7AoTPzR.js:82
[    8535ms] [LOG] [WS] 🗺️ Broadcast recibido. Avatares: 1 [Hijo Test(2)] @ https://jimsimrodev.github.io/pequenos-sanos/assets/index-C7AoTPzR.js:82
[    8591ms] [LOG] [WS] 🗺️ Broadcast recibido. Avatares: 1 [Hijo Test(2)] @ https://jimsimrodev.github.io/pequenos-sanos/assets/index-C7AoTPzR.js:82
[    8694ms] [LOG] [WS] 🗺️ Broadcast recibido. Avatares: 1 [Hijo Test(2)] @ https://jimsimrodev.github.io/pequenos-sanos/assets/index-C7AoTPzR.js:82
[    8714ms] [LOG] [WS] 🗺️ Broadcast recibido. Avatares: 1 [Hijo Test(2)] @ https://jimsimrodev.github.io/pequenos-sanos/assets/index-C7AoTPzR.js:82
[    8715ms] [LOG] [WS] 🗺️ Broadcast recibido. Avatares: 1 [Hijo Test(2)] @ https://jimsimrodev.github.io/pequenos-sanos/assets/index-C7AoTPzR.js:82
[    8741ms] [LOG] [WS] 🗺️ Broadcast recibido. Avatares: 1 [Hijo Test(2)] @ https://jimsimrodev.github.io/pequenos-sanos/assets/index-C7AoTPzR.js:82
[    8784ms] [LOG] [WS] 🗺️ Broadcast recibido. Avatares: 1 [Hijo Test(2)] @ https://jimsimrodev.github.io/pequenos-sanos/assets/index-C7AoTPzR.js:82
[    8805ms] [LOG] [WS] 🗺️ Broadcast recibido. Avatares: 1 [Hijo Test(2)] @ https://jimsimrodev.github.io/pequenos-sanos/assets/index-C7AoTPzR.js:82
[    8827ms] [LOG] [WS] 🗺️ Broadcast recibido. Avatares: 1 [Hijo Test(2)] @ https://jimsimrodev.github.io/pequenos-sanos/assets/index-C7AoTPzR.js:82
[    8851ms] [LOG] [WS] 🗺️ Broadcast recibido. Avatares: 1 [Hijo Test(2)] @ https://jimsimrodev.github.io/pequenos-sanos/assets/index-C7AoTPzR.js:82
[    8876ms] [LOG] [WS] 🗺️ Broadcast recibido. Avatares: 1 [Hijo Test(2)] @ https://jimsimrodev.github.io/pequenos-sanos/assets/index-C7AoTPzR.js:82
[    8987ms] [LOG] [WS] 🗺️ Broadcast recibido. Avatares: 1 [Hijo Test(2)] @ https://jimsimrodev.github.io/pequenos-sanos/assets/index-C7AoTPzR.js:82
[    9008ms] [LOG] [WS] 🗺️ Broadcast recibido. Avatares: 1 [Hijo Test(2)] @ https://jimsimrodev.github.io/pequenos-sanos/assets/index-C7AoTPzR.js:82
[    9009ms] [LOG] [WS] 🗺️ Broadcast recibido. Avatares: 1 [Hijo Test(2)] @ https://jimsimrodev.github.io/pequenos-sanos/assets/index-C7AoTPzR.js:82
[    9030ms] [LOG] [WS] 🗺️ Broadcast recibido. Avatares: 1 [Hijo Test(2)] @ https://jimsimrodev.github.io/pequenos-sanos/assets/index-C7AoTPzR.js:82
[    9058ms] [LOG] [WS] 🗺️ Broadcast recibido. Avatares: 1 [Hijo Test(2)] @ https://jimsimrodev.github.io/pequenos-sanos/assets/index-C7AoTPzR.js:82
[    9079ms] [LOG] [WS] 🗺️ Broadcast recibido. Avatares: 1 [Hijo Test(2)] @ https://jimsimrodev.github.io/pequenos-sanos/assets/index-C7AoTPzR.js:82
[    9107ms] [LOG] [WS] 🗺️ Broadcast recibido. Avatares: 1 [Hijo Test(2)] @ https://jimsimrodev.github.io/pequenos-sanos/assets/index-C7AoTPzR.js:82
[    9198ms] [LOG] [WS] 🗺️ Broadcast recibido. Avatares: 1 [Hijo Test(2)] @ https://jimsimrodev.github.io/pequenos-sanos/assets/index-C7AoTPzR.js:82
[    9222ms] [LOG] [WS] 🗺️ Broadcast recibido. Avatares: 1 [Hijo Test(2)] @ https://jimsimrodev.github.io/pequenos-sanos/assets/index-C7AoTPzR.js:82
[    9223ms] [LOG] [WS] 🗺️ Broadcast recibido. Avatares: 1 [Hijo Test(2)] @ https://jimsimrodev.github.io/pequenos-sanos/assets/index-C7AoTPzR.js:82
[    9248ms] [LOG] [WS] 🗺️ Broadcast recibido. Avatares: 1 [Hijo Test(2)] @ https://jimsimrodev.github.io/pequenos-sanos/assets/index-C7AoTPzR.js:82
[    9267ms] [LOG] [WS] 🗺️ Broadcast recibido. Avatares: 1 [Hijo Test(2)] @ https://jimsimrodev.github.io/pequenos-sanos/assets/index-C7AoTPzR.js:82
[    9292ms] [LOG] [WS] 🗺️ Broadcast recibido. Avatares: 1 [Hijo Test(2)] @ https://jimsimrodev.github.io/pequenos-sanos/assets/index-C7AoTPzR.js:82
[    9346ms] [LOG] [WS] 🗺️ Broadcast recibido. Avatares: 1 [Hijo Test(2)] @ https://jimsimrodev.github.io/pequenos-sanos/assets/index-C7AoTPzR.js:82
[    9371ms] [LOG] [WS] 🗺️ Broadcast recibido. Avatares: 1 [Hijo Test(2)] @ https://jimsimrodev.github.io/pequenos-sanos/assets/index-C7AoTPzR.js:82
[    9402ms] [LOG] [WS] 🗺️ Broadcast recibido. Avatares: 1 [Hijo Test(2)] @ https://jimsimrodev.github.io/pequenos-sanos/assets/index-C7AoTPzR.js:82
[    9427ms] [LOG] [WS] 🗺️ Broadcast recibido. Avatares: 1 [Hijo Test(2)] @ https://jimsimrodev.github.io/pequenos-sanos/assets/index-C7AoTPzR.js:82
[    9454ms] [LOG] [WS] 🗺️ Broadcast recibido. Avatares: 1 [Hijo Test(2)] @ https://jimsimrodev.github.io/pequenos-sanos/assets/index-C7AoTPzR.js:82
[    9498ms] [LOG] [WS] 🗺️ Broadcast recibido. Avatares: 1 [Hijo Test(2)] @ https://jimsimrodev.github.io/pequenos-sanos/assets/index-C7AoTPzR.js:82
[    9526ms] [LOG] [WS] 🗺️ Broadcast recibido. Avatares: 1 [Hijo Test(2)] @ https://jimsimrodev.github.io/pequenos-sanos/assets/index-C7AoTPzR.js:82
[    9596ms] [LOG] [WS] 🗺️ Broadcast recibido. Avatares: 1 [Hijo Test(2)] @ https://jimsimrodev.github.io/pequenos-sanos/assets/index-C7AoTPzR.js:82
[    9622ms] [LOG] [WS] 🗺️ Broadcast recibido. Avatares: 1 [Hijo Test(2)] @ https://jimsimrodev.github.io/pequenos-sanos/assets/index-C7AoTPzR.js:82
[    9647ms] [LOG] [WS] 🗺️ Broadcast recibido. Avatares: 1 [Hijo Test(2)] @ https://jimsimrodev.github.io/pequenos-sanos/assets/index-C7AoTPzR.js:82
[    9675ms] [LOG] [WS] 🗺️ Broadcast recibido. Avatares: 1 [Hijo Test(2)] @ https://jimsimrodev.github.io/pequenos-sanos/assets/index-C7AoTPzR.js:82
[    9700ms] [LOG] [WS] 🗺️ Broadcast recibido. Avatares: 1 [Hijo Test(2)] @ https://jimsimrodev.github.io/pequenos-sanos/assets/index-C7AoTPzR.js:82
[    9729ms] [LOG] [WS] 🗺️ Broadcast recibido. Avatares: 1 [Hijo Test(2)] @ https://jimsimrodev.github.io/pequenos-sanos/assets/index-C7AoTPzR.js:82
[    9754ms] [LOG] [WS] 🗺️ Broadcast recibido. Avatares: 1 [Hijo Test(2)] @ https://jimsimrodev.github.io/pequenos-sanos/assets/index-C7AoTPzR.js:82
[    9799ms] [LOG] [WS] 🗺️ Broadcast recibido. Avatares: 1 [Hijo Test(2)] @ https://jimsimrodev.github.io/pequenos-sanos/assets/index-C7AoTPzR.js:82
[    9823ms] [LOG] [WS] 🗺️ Broadcast recibido. Avatares: 1 [Hijo Test(2)] @ https://jimsimrodev.github.io/pequenos-sanos/assets/index-C7AoTPzR.js:82
[    9872ms] [LOG] [WS] 🗺️ Broadcast recibido. Avatares: 1 [Hijo Test(2)] @ https://jimsimrodev.github.io/pequenos-sanos/assets/index-C7AoTPzR.js:82
[    9897ms] [LOG] [WS] 🗺️ Broadcast recibido. Avatares: 1 [Hijo Test(2)] @ https://jimsimrodev.github.io/pequenos-sanos/assets/index-C7AoTPzR.js:82
[    9918ms] [LOG] [WS] 🗺️ Broadcast recibido. Avatares: 1 [Hijo Test(2)] @ https://jimsimrodev.github.io/pequenos-sanos/assets/index-C7AoTPzR.js:82
[    9985ms] [LOG] [WS] 🗺️ Broadcast recibido. Avatares: 1 [Hijo Test(2)] @ https://jimsimrodev.github.io/pequenos-sanos/assets/index-C7AoTPzR.js:82
[   10010ms] [LOG] [WS] 🗺️ Broadcast recibido. Avatares: 1 [Hijo Test(2)] @ https://jimsimrodev.github.io/pequenos-sanos/assets/index-C7AoTPzR.js:82
[   10032ms] [LOG] [WS] 🗺️ Broadcast recibido. Avatares: 1 [Hijo Test(2)] @ https://jimsimrodev.github.io/pequenos-sanos/assets/index-C7AoTPzR.js:82
[   10058ms] [LOG] [WS] 🗺️ Broadcast recibido. Avatares: 1 [Hijo Test(2)] @ https://jimsimrodev.github.io/pequenos-sanos/assets/index-C7AoTPzR.js:82
[   10083ms] [LOG] [WS] 🗺️ Broadcast recibido. Avatares: 1 [Hijo Test(2)] @ https://jimsimrodev.github.io/pequenos-sanos/assets/index-C7AoTPzR.js:82
[   10131ms] [LOG] [WS] 🗺️ Broadcast recibido. Avatares: 1 [Hijo Test(2)] @ https://jimsimrodev.github.io/pequenos-sanos/assets/index-C7AoTPzR.js:82
[   10158ms] [LOG] [WS] 🗺️ Broadcast recibido. Avatares: 1 [Hijo Test(2)] @ https://jimsimrodev.github.io/pequenos-sanos/assets/index-C7AoTPzR.js:82
[   10204ms] [LOG] [WS] 🗺️ Broadcast recibido. Avatares: 1 [Hijo Test(2)] @ https://jimsimrodev.github.io/pequenos-sanos/assets/index-C7AoTPzR.js:82
[   10226ms] [LOG] [WS] 🗺️ Broadcast recibido. Avatares: 1 [Hijo Test(2)] @ https://jimsimrodev.github.io/pequenos-sanos/assets/index-C7AoTPzR.js:82
[   10306ms] [LOG] [WS] 🗺️ Broadcast recibido. Avatares: 1 [Hijo Test(2)] @ https://jimsimrodev.github.io/pequenos-sanos/assets/index-C7AoTPzR.js:82
[   10330ms] [LOG] [WS] 🗺️ Broadcast recibido. Avatares: 1 [Hijo Test(2)] @ https://jimsimrodev.github.io/pequenos-sanos/assets/index-C7AoTPzR.js:82
[   10361ms] [LOG] [WS] 🗺️ Broadcast recibido. Avatares: 1 [Hijo Test(2)] @ https://jimsimrodev.github.io/pequenos-sanos/assets/index-C7AoTPzR.js:82
[   10395ms] [LOG] [WS] 🗺️ Broadcast recibido. Avatares: 1 [Hijo Test(2)] @ https://jimsimrodev.github.io/pequenos-sanos/assets/index-C7AoTPzR.js:82
[   10433ms] [LOG] [WS] 🗺️ Broadcast recibido. Avatares: 1 [Hijo Test(2)] @ https://jimsimrodev.github.io/pequenos-sanos/assets/index-C7AoTPzR.js:82
[   10487ms] [LOG] [WS] 🗺️ Broadcast recibido. Avatares: 1 [Hijo Test(2)] @ https://jimsimrodev.github.io/pequenos-sanos/assets/index-C7AoTPzR.js:82
[   10516ms] [LOG] [WS] 🗺️ Broadcast recibido. Avatares: 1 [Hijo Test(2)] @ https://jimsimrodev.github.io/pequenos-sanos/assets/index-C7AoTPzR.js:82
[   10517ms] [LOG] [WS] 🗺️ Broadcast recibido. Avatares: 1 [Hijo Test(2)] @ https://jimsimrodev.github.io/pequenos-sanos/assets/index-C7AoTPzR.js:82
[   10548ms] [LOG] [WS] 🗺️ Broadcast recibido. Avatares: 1 [Hijo Test(2)] @ https://jimsimrodev.github.io/pequenos-sanos/assets/index-C7AoTPzR.js:82
[   10574ms] [LOG] [WS] 🗺️ Broadcast recibido. Avatares: 1 [Hijo Test(2)] @ https://jimsimrodev.github.io/pequenos-sanos/assets/index-C7AoTPzR.js:82
[   10602ms] [LOG] [WS] 🗺️ Broadcast recibido. Avatares: 1 [Hijo Test(2)] @ https://jimsimrodev.github.io/pequenos-sanos/assets/index-C7AoTPzR.js:82
[   10622ms] [LOG] [WS] 🗺️ Broadcast recibido. Avatares: 1 [Hijo Test(2)] @ https://jimsimrodev.github.io/pequenos-sanos/assets/index-C7AoTPzR.js:82
[   10663ms] [LOG] [WS] 🗺️ Broadcast recibido. Avatares: 1 [Hijo Test(2)] @ https://jimsimrodev.github.io/pequenos-sanos/assets/index-C7AoTPzR.js:82
[   10694ms] [LOG] [WS] 🗺️ Broadcast recibido. Avatares: 1 [Hijo Test(2)] @ https://jimsimrodev.github.io/pequenos-sanos/assets/index-C7AoTPzR.js:82
[   10720ms] [LOG] [WS] 🗺️ Broadcast recibido. Avatares: 1 [Hijo Test(2)] @ https://jimsimrodev.github.io/pequenos-sanos/assets/index-C7AoTPzR.js:82
[   10744ms] [LOG] [WS] 🗺️ Broadcast recibido. Avatares: 1 [Hijo Test(2)] @ https://jimsimrodev.github.io/pequenos-sanos/assets/index-C7AoTPzR.js:82
[   10794ms] [LOG] [WS] 🗺️ Broadcast recibido. Avatares: 1 [Hijo Test(2)] @ https://jimsimrodev.github.io/pequenos-sanos/assets/index-C7AoTPzR.js:82
[   10823ms] [LOG] [WS] 🗺️ Broadcast recibido. Avatares: 1 [Hijo Test(2)] @ https://jimsimrodev.github.io/pequenos-sanos/assets/index-C7AoTPzR.js:82
[   10844ms] [LOG] [WS] 🗺️ Broadcast recibido. Avatares: 1 [Hijo Test(2)] @ https://jimsimrodev.github.io/pequenos-sanos/assets/index-C7AoTPzR.js:82
[   10875ms] [LOG] [WS] 🗺️ Broadcast recibido. Avatares: 1 [Hijo Test(2)] @ https://jimsimrodev.github.io/pequenos-sanos/assets/index-C7AoTPzR.js:82
[   10926ms] [LOG] [WS] 🗺️ Broadcast recibido. Avatares: 1 [Hijo Test(2)] @ https://jimsimrodev.github.io/pequenos-sanos/assets/index-C7AoTPzR.js:82
[   10949ms] [LOG] [WS] 🗺️ Broadcast recibido. Avatares: 1 [Hijo Test(2)] @ https://jimsimrodev.github.io/pequenos-sanos/assets/index-C7AoTPzR.js:82
[   10979ms] [LOG] [WS] 🗺️ Broadcast recibido. Avatares: 1 [Hijo Test(2)] @ https://jimsimrodev.github.io/pequenos-sanos/assets/index-C7AoTPzR.js:82
[   11012ms] [LOG] [WS] 🗺️ Broadcast recibido. Avatares: 1 [Hijo Test(2)] @ https://jimsimrodev.github.io/pequenos-sanos/assets/index-C7AoTPzR.js:82
[   11053ms] [LOG] [WS] 🗺️ Broadcast recibido. Avatares: 1 [Hijo Test(2)] @ https://jimsimrodev.github.io/pequenos-sanos/assets/index-C7AoTPzR.js:82
[   11077ms] [LOG] [WS] 🗺️ Broadcast recibido. Avatares: 1 [Hijo Test(2)] @ https://jimsimrodev.github.io/pequenos-sanos/assets/index-C7AoTPzR.js:82
[   11123ms] [LOG] [WS] 🗺️ Broadcast recibido. Avatares: 1 [Hijo Test(2)] @ https://jimsimrodev.github.io/pequenos-sanos/assets/index-C7AoTPzR.js:82
[   11150ms] [LOG] [WS] 🗺️ Broadcast recibido. Avatares: 1 [Hijo Test(2)] @ https://jimsimrodev.github.io/pequenos-sanos/assets/index-C7AoTPzR.js:82
[   11175ms] [LOG] [WS] 🗺️ Broadcast recibido. Avatares: 1 [Hijo Test(2)] @ https://jimsimrodev.github.io/pequenos-sanos/assets/index-C7AoTPzR.js:82
[   11224ms] [LOG] [WS] 🗺️ Broadcast recibido. Avatares: 1 [Hijo Test(2)] @ https://jimsimrodev.github.io/pequenos-sanos/assets/index-C7AoTPzR.js:82
[   11259ms] [LOG] [WS] 🗺️ Broadcast recibido. Avatares: 1 [Hijo Test(2)] @ https://jimsimrodev.github.io/pequenos-sanos/assets/index-C7AoTPzR.js:82
[   11289ms] [LOG] [WS] 🗺️ Broadcast recibido. Avatares: 1 [Hijo Test(2)] @ https://jimsimrodev.github.io/pequenos-sanos/assets/index-C7AoTPzR.js:82
[   11319ms] [LOG] [WS] 🗺️ Broadcast recibido. Avatares: 1 [Hijo Test(2)] @ https://jimsimrodev.github.io/pequenos-sanos/assets/index-C7AoTPzR.js:82
[   11347ms] [LOG] [WS] 🗺️ Broadcast recibido. Avatares: 1 [Hijo Test(2)] @ https://jimsimrodev.github.io/pequenos-sanos/assets/index-C7AoTPzR.js:82
[   11385ms] [LOG] [WS] 🗺️ Broadcast recibido. Avatares: 1 [Hijo Test(2)] @ https://jimsimrodev.github.io/pequenos-sanos/assets/index-C7AoTPzR.js:82
[   11416ms] [LOG] [WS] 🗺️ Broadcast recibido. Avatares: 1 [Hijo Test(2)] @ https://jimsimrodev.github.io/pequenos-sanos/assets/index-C7AoTPzR.js:82
[   11440ms] [LOG] [WS] 🗺️ Broadcast recibido. Avatares: 1 [Hijo Test(2)] @ https://jimsimrodev.github.io/pequenos-sanos/assets/index-C7AoTPzR.js:82
[   11492ms] [LOG] [WS] 🗺️ Broadcast recibido. Avatares: 1 [Hijo Test(2)] @ https://jimsimrodev.github.io/pequenos-sanos/assets/index-C7AoTPzR.js:82
[   11523ms] [LOG] [WS] 🗺️ Broadcast recibido. Avatares: 1 [Hijo Test(2)] @ https://jimsimrodev.github.io/pequenos-sanos/assets/index-C7AoTPzR.js:82
[   11555ms] [LOG] [WS] 🗺️ Broadcast recibido. Avatares: 1 [Hijo Test(2)] @ https://jimsimrodev.github.io/pequenos-sanos/assets/index-C7AoTPzR.js:82
[   11587ms] [LOG] [WS] 🗺️ Broadcast recibido. Avatares: 1 [Hijo Test(2)] @ https://jimsimrodev.github.io/pequenos-sanos/assets/index-C7AoTPzR.js:82
[   11618ms] [LOG] [WS] 🗺️ Broadcast recibido. Avatares: 1 [Hijo Test(2)] @ https://jimsimrodev.github.io/pequenos-sanos/assets/index-C7AoTPzR.js:82
[   11647ms] [LOG] [WS] 🗺️ Broadcast recibido. Avatares: 1 [Hijo Test(2)] @ https://jimsimrodev.github.io/pequenos-sanos/assets/index-C7AoTPzR.js:82
[   11670ms] [LOG] [WS] 🗺️ Broadcast recibido. Avatares: 1 [Hijo Test(2)] @ https://jimsimrodev.github.io/pequenos-sanos/assets/index-C7AoTPzR.js:82
[   11703ms] [LOG] [WS] 🗺️ Broadcast recibido. Avatares: 1 [Hijo Test(2)] @ https://jimsimrodev.github.io/pequenos-sanos/assets/index-C7AoTPzR.js:82
[   11738ms] [LOG] [WS] 🗺️ Broadcast recibido. Avatares: 1 [Hijo Test(2)] @ https://jimsimrodev.github.io/pequenos-sanos/assets/index-C7AoTPzR.js:82
[   11768ms] [LOG] [WS] 🗺️ Broadcast recibido. Avatares: 1 [Hijo Test(2)] @ https://jimsimrodev.github.io/pequenos-sanos/assets/index-C7AoTPzR.js:82
[   11820ms] [LOG] [WS] 🗺️ Broadcast recibido. Avatares: 1 [Hijo Test(2)] @ https://jimsimrodev.github.io/pequenos-sanos/assets/index-C7AoTPzR.js:82
[   11860ms] [LOG] [WS] 🗺️ Broadcast recibido. Avatares: 1 [Hijo Test(2)] @ https://jimsimrodev.github.io/pequenos-sanos/assets/index-C7AoTPzR.js:82
[   11882ms] [LOG] [WS] 🗺️ Broadcast recibido. Avatares: 1 [Hijo Test(2)] @ https://jimsimrodev.github.io/pequenos-sanos/assets/index-C7AoTPzR.js:82
[   11905ms] [LOG] [WS] 🗺️ Broadcast recibido. Avatares: 1 [Hijo Test(2)] @ https://jimsimrodev.github.io/pequenos-sanos/assets/index-C7AoTPzR.js:82
[   11959ms] [LOG] [WS] 🗺️ Broadcast recibido. Avatares: 1 [Hijo Test(2)] @ https://jimsimrodev.github.io/pequenos-sanos/assets/index-C7AoTPzR.js:82
[   11985ms] [LOG] [WS] 🗺️ Broadcast recibido. Avatares: 1 [Hijo Test(2)] @ https://jimsimrodev.github.io/pequenos-sanos/assets/index-C7AoTPzR.js:82
[   12007ms] [LOG] [WS] 🗺️ Broadcast recibido. Avatares: 1 [Hijo Test(2)] @ https://jimsimrodev.github.io/pequenos-sanos/assets/index-C7AoTPzR.js:82
[   12029ms] [LOG] [WS] 🗺️ Broadcast recibido. Avatares: 1 [Hijo Test(2)] @ https://jimsimrodev.github.io/pequenos-sanos/assets/index-C7AoTPzR.js:82
[   12075ms] [LOG] [WS] 🗺️ Broadcast recibido. Avatares: 1 [Hijo Test(2)] @ https://jimsimrodev.github.io/pequenos-sanos/assets/index-C7AoTPzR.js:82
[   12097ms] [LOG] [WS] 🗺️ Broadcast recibido. Avatares: 1 [Hijo Test(2)] @ https://jimsimrodev.github.io/pequenos-sanos/assets/index-C7AoTPzR.js:82
[   12141ms] [LOG] [WS] 🗺️ Broadcast recibido. Avatares: 1 [Hijo Test(2)] @ https://jimsimrodev.github.io/pequenos-sanos/assets/index-C7AoTPzR.js:82
[   12180ms] [LOG] [WS] 🗺️ Broadcast recibido. Avatares: 1 [Hijo Test(2)] @ https://jimsimrodev.github.io/pequenos-sanos/assets/index-C7AoTPzR.js:82
[   12204ms] [LOG] [WS] 🗺️ Broadcast recibido. Avatares: 1 [Hijo Test(2)] @ https://jimsimrodev.github.io/pequenos-sanos/assets/index-C7AoTPzR.js:82
[   12229ms] [LOG] [WS] 🗺️ Broadcast recibido. Avatares: 1 [Hijo Test(2)] @ https://jimsimrodev.github.io/pequenos-sanos/assets/index-C7AoTPzR.js:82
[   12278ms] [LOG] [WS] 🗺️ Broadcast recibido. Avatares: 1 [Hijo Test(2)] @ https://jimsimrodev.github.io/pequenos-sanos/assets/index-C7AoTPzR.js:82
[   12315ms] [LOG] [WS] 🗺️ Broadcast recibido. Avatares: 1 [Hijo Test(2)] @ https://jimsimrodev.github.io/pequenos-sanos/assets/index-C7AoTPzR.js:82
[   12346ms] [LOG] [WS] 🗺️ Broadcast recibido. Avatares: 1 [Hijo Test(2)] @ https://jimsimrodev.github.io/pequenos-sanos/assets/index-C7AoTPzR.js:82
[   12399ms] [LOG] [WS] 🗺️ Broadcast recibido. Avatares: 1 [Hijo Test(2)] @ https://jimsimrodev.github.io/pequenos-sanos/assets/index-C7AoTPzR.js:82
[   12425ms] [LOG] [WS] 🗺️ Broadcast recibido. Avatares: 1 [Hijo Test(2)] @ https://jimsimrodev.github.io/pequenos-sanos/assets/index-C7AoTPzR.js:82
[   12444ms] [LOG] [WS] 🗺️ Broadcast recibido. Avatares: 1 [Hijo Test(2)] @ https://jimsimrodev.github.io/pequenos-sanos/assets/index-C7AoTPzR.js:82
[   12474ms] [LOG] [WS] 🗺️ Broadcast recibido. Avatares: 1 [Hijo Test(2)] @ https://jimsimrodev.github.io/pequenos-sanos/assets/index-C7AoTPzR.js:82
[   12498ms] [LOG] [WS] 🗺️ Broadcast recibido. Avatares: 1 [Hijo Test(2)] @ https://jimsimrodev.github.io/pequenos-sanos/assets/index-C7AoTPzR.js:82
[   12540ms] [LOG] [WS] 🗺️ Broadcast recibido. Avatares: 1 [Hijo Test(2)] @ https://jimsimrodev.github.io/pequenos-sanos/assets/index-C7AoTPzR.js:82
[   12562ms] [LOG] [WS] 🗺️ Broadcast recibido. Avatares: 1 [Hijo Test(2)] @ https://jimsimrodev.github.io/pequenos-sanos/assets/index-C7AoTPzR.js:82
[   12607ms] [LOG] [WS] 🗺️ Broadcast recibido. Avatares: 1 [Hijo Test(2)] @ https://jimsimrodev.github.io/pequenos-sanos/assets/index-C7AoTPzR.js:82
[   12629ms] [LOG] [WS] 🗺️ Broadcast recibido. Avatares: 1 [Hijo Test(2)] @ https://jimsimrodev.github.io/pequenos-sanos/assets/index-C7AoTPzR.js:82
[   12657ms] [LOG] [WS] 🗺️ Broadcast recibido. Avatares: 1 [Hijo Test(2)] @ https://jimsimrodev.github.io/pequenos-sanos/assets/index-C7AoTPzR.js:82
[   12706ms] [LOG] [WS] 🗺️ Broadcast recibido. Avatares: 1 [Hijo Test(2)] @ https://jimsimrodev.github.io/pequenos-sanos/assets/index-C7AoTPzR.js:82
[   12735ms] [LOG] [WS] 🗺️ Broadcast recibido. Avatares: 1 [Hijo Test(2)] @ https://jimsimrodev.github.io/pequenos-sanos/assets/index-C7AoTPzR.js:82
[   12781ms] [LOG] [WS] 🗺️ Broadcast recibido. Avatares: 1 [Hijo Test(2)] @ https://jimsimrodev.github.io/pequenos-sanos/assets/index-C7AoTPzR.js:82
[   12819ms] [LOG] [WS] 🗺️ Broadcast recibido. Avatares: 1 [Hijo Test(2)] @ https://jimsimrodev.github.io/pequenos-sanos/assets/index-C7AoTPzR.js:82
[   12858ms] [LOG] [WS] 🗺️ Broadcast recibido. Avatares: 1 [Hijo Test(2)] @ https://jimsimrodev.github.io/pequenos-sanos/assets/index-C7AoTPzR.js:82
[   12891ms] [LOG] [WS] 🗺️ Broadcast recibido. Avatares: 1 [Hijo Test(2)] @ https://jimsimrodev.github.io/pequenos-sanos/assets/index-C7AoTPzR.js:82
[   12932ms] [LOG] [WS] 🗺️ Broadcast recibido. Avatares: 1 [Hijo Test(2)] @ https://jimsimrodev.github.io/pequenos-sanos/assets/index-C7AoTPzR.js:82
[   12980ms] [LOG] [WS] 🗺️ Broadcast recibido. Avatares: 1 [Hijo Test(2)] @ https://jimsimrodev.github.io/pequenos-sanos/assets/index-C7AoTPzR.js:82
[   13016ms] [LOG] [WS] 🗺️ Broadcast recibido. Avatares: 1 [Hijo Test(2)] @ https://jimsimrodev.github.io/pequenos-sanos/assets/index-C7AoTPzR.js:82
[   13056ms] [LOG] [WS] 🗺️ Broadcast recibido. Avatares: 1 [Hijo Test(2)] @ https://jimsimrodev.github.io/pequenos-sanos/assets/index-C7AoTPzR.js:82
[   13090ms] [LOG] [WS] 🗺️ Broadcast recibido. Avatares: 1 [Hijo Test(2)] @ https://jimsimrodev.github.io/pequenos-sanos/assets/index-C7AoTPzR.js:82
[   13111ms] [LOG] [WS] 🗺️ Broadcast recibido. Avatares: 1 [Hijo Test(2)] @ https://jimsimrodev.github.io/pequenos-sanos/assets/index-C7AoTPzR.js:82
[   13112ms] [LOG] [WS] 🗺️ Broadcast recibido. Avatares: 1 [Hijo Test(2)] @ https://jimsimrodev.github.io/pequenos-sanos/assets/index-C7AoTPzR.js:82
[   13138ms] [LOG] [WS] 🗺️ Broadcast recibido. Avatares: 1 [Hijo Test(2)] @ https://jimsimrodev.github.io/pequenos-sanos/assets/index-C7AoTPzR.js:82
[   13170ms] [LOG] [WS] 🗺️ Broadcast recibido. Avatares: 1 [Hijo Test(2)] @ https://jimsimrodev.github.io/pequenos-sanos/assets/index-C7AoTPzR.js:82
[   13198ms] [LOG] [WS] 🗺️ Broadcast recibido. Avatares: 1 [Hijo Test(2)] @ https://jimsimrodev.github.io/pequenos-sanos/assets/index-C7AoTPzR.js:82
[   13222ms] [LOG] [WS] 🗺️ Broadcast recibido. Avatares: 1 [Hijo Test(2)] @ https://jimsimrodev.github.io/pequenos-sanos/assets/index-C7AoTPzR.js:82
[   13268ms] [LOG] [WS] 🗺️ Broadcast recibido. Avatares: 1 [Hijo Test(2)] @ https://jimsimrodev.github.io/pequenos-sanos/assets/index-C7AoTPzR.js:82
[   13296ms] [LOG] [WS] 🗺️ Broadcast recibido. Avatares: 1 [Hijo Test(2)] @ https://jimsimrodev.github.io/pequenos-sanos/assets/index-C7AoTPzR.js:82
[   13332ms] [LOG] [WS] 🗺️ Broadcast recibido. Avatares: 1 [Hijo Test(2)] @ https://jimsimrodev.github.io/pequenos-sanos/assets/index-C7AoTPzR.js:82
[   13356ms] [LOG] [WS] 🗺️ Broadcast recibido. Avatares: 1 [Hijo Test(2)] @ https://jimsimrodev.github.io/pequenos-sanos/assets/index-C7AoTPzR.js:82
[   13398ms] [LOG] [WS] 🗺️ Broadcast recibido. Avatares: 1 [Hijo Test(2)] @ https://jimsimrodev.github.io/pequenos-sanos/assets/index-C7AoTPzR.js:82
[   13425ms] [LOG] [WS] 🗺️ Broadcast recibido. Avatares: 1 [Hijo Test(2)] @ https://jimsimrodev.github.io/pequenos-sanos/assets/index-C7AoTPzR.js:82
[   13466ms] [LOG] [WS] 🗺️ Broadcast recibido. Avatares: 1 [Hijo Test(2)] @ https://jimsimrodev.github.io/pequenos-sanos/assets/index-C7AoTPzR.js:82
[   13486ms] [LOG] [WS] 🗺️ Broadcast recibido. Avatares: 1 [Hijo Test(2)] @ https://jimsimrodev.github.io/pequenos-sanos/assets/index-C7AoTPzR.js:82
[   13533ms] [LOG] [WS] 🗺️ Broadcast recibido. Avatares: 1 [Hijo Test(2)] @ https://jimsimrodev.github.io/pequenos-sanos/assets/index-C7AoTPzR.js:82
[   13558ms] [LOG] [WS] 🗺️ Broadcast recibido. Avatares: 1 [Hijo Test(2)] @ https://jimsimrodev.github.io/pequenos-sanos/assets/index-C7AoTPzR.js:82
[   13603ms] [LOG] [WS] 🗺️ Broadcast recibido. Avatares: 1 [Hijo Test(2)] @ https://jimsimrodev.github.io/pequenos-sanos/assets/index-C7AoTPzR.js:82
[   13623ms] [LOG] [WS] 🗺️ Broadcast recibido. Avatares: 1 [Hijo Test(2)] @ https://jimsimrodev.github.io/pequenos-sanos/assets/index-C7AoTPzR.js:82
[   13668ms] [LOG] [WS] 🗺️ Broadcast recibido. Avatares: 1 [Hijo Test(2)] @ https://jimsimrodev.github.io/pequenos-sanos/assets/index-C7AoTPzR.js:82
[   13691ms] [LOG] [WS] 🗺️ Broadcast recibido. Avatares: 1 [Hijo Test(2)] @ https://jimsimrodev.github.io/pequenos-sanos/assets/index-C7AoTPzR.js:82
[   13723ms] [LOG] [WS] 🗺️ Broadcast recibido. Avatares: 1 [Hijo Test(2)] @ https://jimsimrodev.github.io/pequenos-sanos/assets/index-C7AoTPzR.js:82
[   13765ms] [LOG] [WS] 🗺️ Broadcast recibido. Avatares: 1 [Hijo Test(2)] @ https://jimsimrodev.github.io/pequenos-sanos/assets/index-C7AoTPzR.js:82
[   13796ms] [LOG] [WS] 🗺️ Broadcast recibido. Avatares: 1 [Hijo Test(2)] @ https://jimsimrodev.github.io/pequenos-sanos/assets/index-C7AoTPzR.js:82
[   13841ms] [LOG] [WS] 🗺️ Broadcast recibido. Avatares: 1 [Hijo Test(2)] @ https://jimsimrodev.github.io/pequenos-sanos/assets/index-C7AoTPzR.js:82
[   13873ms] [LOG] [WS] 🗺️ Broadcast recibido. Avatares: 1 [Hijo Test(2)] @ https://jimsimrodev.github.io/pequenos-sanos/assets/index-C7AoTPzR.js:82
[   13918ms] [LOG] [WS] 🗺️ Broadcast recibido. Avatares: 1 [Hijo Test(2)] @ https://jimsimrodev.github.io/pequenos-sanos/assets/index-C7AoTPzR.js:82
[   13948ms] [LOG] [WS] 🗺️ Broadcast recibido. Avatares: 1 [Hijo Test(2)] @ https://jimsimrodev.github.io/pequenos-sanos/assets/index-C7AoTPzR.js:82
[   13977ms] [LOG] [WS] 🗺️ Broadcast recibido. Avatares: 1 [Hijo Test(2)] @ https://jimsimrodev.github.io/pequenos-sanos/assets/index-C7AoTPzR.js:82
[   14007ms] [LOG] [WS] 🗺️ Broadcast recibido. Avatares: 1 [Hijo Test(2)] @ https://jimsimrodev.github.io/pequenos-sanos/assets/index-C7AoTPzR.js:82
[   14036ms] [LOG] [WS] 🗺️ Broadcast recibido. Avatares: 1 [Hijo Test(2)] @ https://jimsimrodev.github.io/pequenos-sanos/assets/index-C7AoTPzR.js:82
[   14064ms] [LOG] [WS] 🗺️ Broadcast recibido. Avatares: 1 [Hijo Test(2)] @ https://jimsimrodev.github.io/pequenos-sanos/assets/index-C7AoTPzR.js:82
[   14091ms] [LOG] [WS] 🗺️ Broadcast recibido. Avatares: 1 [Hijo Test(2)] @ https://jimsimrodev.github.io/pequenos-sanos/assets/index-C7AoTPzR.js:82
[   14113ms] [LOG] [WS] 🗺️ Broadcast recibido. Avatares: 1 [Hijo Test(2)] @ https://jimsimrodev.github.io/pequenos-sanos/assets/index-C7AoTPzR.js:82
[   14169ms] [LOG] [WS] 🗺️ Broadcast recibido. Avatares: 1 [Hijo Test(2)] @ https://jimsimrodev.github.io/pequenos-sanos/assets/index-C7AoTPzR.js:82
[   14200ms] [LOG] [WS] 🗺️ Broadcast recibido. Avatares: 1 [Hijo Test(2)] @ https://jimsimrodev.github.io/pequenos-sanos/assets/index-C7AoTPzR.js:82
[   14217ms] [LOG] [WS] 🗺️ Broadcast recibido. Avatares: 1 [Hijo Test(2)] @ https://jimsimrodev.github.io/pequenos-sanos/assets/index-C7AoTPzR.js:82
[   14243ms] [LOG] [WS] 🗺️ Broadcast recibido. Avatares: 1 [Hijo Test(2)] @ https://jimsimrodev.github.io/pequenos-sanos/assets/index-C7AoTPzR.js:82
[   14291ms] [LOG] [WS] 🗺️ Broadcast recibido. Avatares: 1 [Hijo Test(2)] @ https://jimsimrodev.github.io/pequenos-sanos/assets/index-C7AoTPzR.js:82
[   14319ms] [LOG] [WS] 🗺️ Broadcast recibido. Avatares: 1 [Hijo Test(2)] @ https://jimsimrodev.github.io/pequenos-sanos/assets/index-C7AoTPzR.js:82
[   14342ms] [LOG] [WS] 🗺️ Broadcast recibido. Avatares: 1 [Hijo Test(2)] @ https://jimsimrodev.github.io/pequenos-sanos/assets/index-C7AoTPzR.js:82
[   14396ms] [LOG] [WS] 🗺️ Broadcast recibido. Avatares: 1 [Hijo Test(2)] @ https://jimsimrodev.github.io/pequenos-sanos/assets/index-C7AoTPzR.js:82
[   14421ms] [LOG] [WS] 🗺️ Broadcast recibido. Avatares: 1 [Hijo Test(2)] @ https://jimsimrodev.github.io/pequenos-sanos/assets/index-C7AoTPzR.js:82
[   14441ms] [LOG] [WS] 🗺️ Broadcast recibido. Avatares: 1 [Hijo Test(2)] @ https://jimsimrodev.github.io/pequenos-sanos/assets/index-C7AoTPzR.js:82
[   14488ms] [LOG] [WS] 🗺️ Broadcast recibido. Avatares: 1 [Hijo Test(2)] @ https://jimsimrodev.github.io/pequenos-sanos/assets/index-C7AoTPzR.js:82
[   14510ms] [LOG] [WS] 🗺️ Broadcast recibido. Avatares: 1 [Hijo Test(2)] @ https://jimsimrodev.github.io/pequenos-sanos/assets/index-C7AoTPzR.js:82
[   14552ms] [LOG] [WS] 🗺️ Broadcast recibido. Avatares: 1 [Hijo Test(2)] @ https://jimsimrodev.github.io/pequenos-sanos/assets/index-C7AoTPzR.js:82
[   14577ms] [LOG] [WS] 🗺️ Broadcast recibido. Avatares: 1 [Hijo Test(2)] @ https://jimsimrodev.github.io/pequenos-sanos/assets/index-C7AoTPzR.js:82
[   14623ms] [LOG] [WS] 🗺️ Broadcast recibido. Avatares: 1 [Hijo Test(2)] @ https://jimsimrodev.github.io/pequenos-sanos/assets/index-C7AoTPzR.js:82
[   14645ms] [LOG] [WS] 🗺️ Broadcast recibido. Avatares: 1 [Hijo Test(2)] @ https://jimsimrodev.github.io/pequenos-sanos/assets/index-C7AoTPzR.js:82
[   14689ms] [LOG] [WS] 🗺️ Broadcast recibido. Avatares: 1 [Hijo Test(2)] @ https://jimsimrodev.github.io/pequenos-sanos/assets/index-C7AoTPzR.js:82
[   14724ms] [LOG] [WS] 🗺️ Broadcast recibido. Avatares: 1 [Hijo Test(2)] @ https://jimsimrodev.github.io/pequenos-sanos/assets/index-C7AoTPzR.js:82
[   14757ms] [LOG] [WS] 🗺️ Broadcast recibido. Avatares: 1 [Hijo Test(2)] @ https://jimsimrodev.github.io/pequenos-sanos/assets/index-C7AoTPzR.js:82
[   14786ms] [LOG] [WS] 🗺️ Broadcast recibido. Avatares: 1 [Hijo Test(2)] @ https://jimsimrodev.github.io/pequenos-sanos/assets/index-C7AoTPzR.js:82
[   14817ms] [LOG] [WS] 🗺️ Broadcast recibido. Avatares: 1 [Hijo Test(2)] @ https://jimsimrodev.github.io/pequenos-sanos/assets/index-C7AoTPzR.js:82
[   14848ms] [LOG] [WS] 🗺️ Broadcast recibido. Avatares: 1 [Hijo Test(2)] @ https://jimsimrodev.github.io/pequenos-sanos/assets/index-C7AoTPzR.js:82
[   14873ms] [LOG] [WS] 🗺️ Broadcast recibido. Avatares: 1 [Hijo Test(2)] @ https://jimsimrodev.github.io/pequenos-sanos/assets/index-C7AoTPzR.js:82
[   14919ms] [LOG] [WS] 🗺️ Broadcast recibido. Avatares: 1 [Hijo Test(2)] @ https://jimsimrodev.github.io/pequenos-sanos/assets/index-C7AoTPzR.js:82
[   14943ms] [LOG] [WS] 🗺️ Broadcast recibido. Avatares: 1 [Hijo Test(2)] @ https://jimsimrodev.github.io/pequenos-sanos/assets/index-C7AoTPzR.js:82
[   14975ms] [LOG] [WS] 🗺️ Broadcast recibido. Avatares: 1 [Hijo Test(2)] @ https://jimsimrodev.github.io/pequenos-sanos/assets/index-C7AoTPzR.js:82
[   15021ms] [LOG] [WS] 🗺️ Broadcast recibido. Avatares: 1 [Hijo Test(2)] @ https://jimsimrodev.github.io/pequenos-sanos/assets/index-C7AoTPzR.js:82
[   15052ms] [LOG] [WS] 🗺️ Broadcast recibido. Avatares: 1 [Hijo Test(2)] @ https://jimsimrodev.github.io/pequenos-sanos/assets/index-C7AoTPzR.js:82
[   15078ms] [LOG] [WS] 🗺️ Broadcast recibido. Avatares: 1 [Hijo Test(2)] @ https://jimsimrodev.github.io/pequenos-sanos/assets/index-C7AoTPzR.js:82
[   15107ms] [LOG] [WS] 🗺️ Broadcast recibido. Avatares: 1 [Hijo Test(2)] @ https://jimsimrodev.github.io/pequenos-sanos/assets/index-C7AoTPzR.js:82
[   15139ms] [LOG] [WS] 🗺️ Broadcast recibido. Avatares: 1 [Hijo Test(2)] @ https://jimsimrodev.github.io/pequenos-sanos/assets/index-C7AoTPzR.js:82
[   15173ms] [LOG] [WS] 🗺️ Broadcast recibido. Avatares: 1 [Hijo Test(2)] @ https://jimsimrodev.github.io/pequenos-sanos/assets/index-C7AoTPzR.js:82
[   15201ms] [LOG] [WS] 🗺️ Broadcast recibido. Avatares: 1 [Hijo Test(2)] @ https://jimsimrodev.github.io/pequenos-sanos/assets/index-C7AoTPzR.js:82
[   15254ms] [LOG] [WS] 🗺️ Broadcast recibido. Avatares: 1 [Hijo Test(2)] @ https://jimsimrodev.github.io/pequenos-sanos/assets/index-C7AoTPzR.js:82
[   15286ms] [LOG] [WS] 🗺️ Broadcast recibido. Avatares: 1 [Hijo Test(2)] @ https://jimsimrodev.github.io/pequenos-sanos/assets/index-C7AoTPzR.js:82
[   15321ms] [LOG] [WS] 🗺️ Broadcast recibido. Avatares: 1 [Hijo Test(2)] @ https://jimsimrodev.github.io/pequenos-sanos/assets/index-C7AoTPzR.js:82
[   15351ms] [LOG] [WS] 🗺️ Broadcast recibido. Avatares: 1 [Hijo Test(2)] @ https://jimsimrodev.github.io/pequenos-sanos/assets/index-C7AoTPzR.js:82
[   15374ms] [LOG] [WS] 🗺️ Broadcast recibido. Avatares: 1 [Hijo Test(2)] @ https://jimsimrodev.github.io/pequenos-sanos/assets/index-C7AoTPzR.js:82
[   15397ms] [LOG] [WS] 🗺️ Broadcast recibido. Avatares: 1 [Hijo Test(2)] @ https://jimsimrodev.github.io/pequenos-sanos/assets/index-C7AoTPzR.js:82
[   15440ms] [LOG] [WS] 🗺️ Broadcast recibido. Avatares: 1 [Hijo Test(2)] @ https://jimsimrodev.github.io/pequenos-sanos/assets/index-C7AoTPzR.js:82
[   15467ms] [LOG] [WS] 🗺️ Broadcast recibido. Avatares: 1 [Hijo Test(2)] @ https://jimsimrodev.github.io/pequenos-sanos/assets/index-C7AoTPzR.js:82
[   15510ms] [LOG] [WS] 🗺️ Broadcast recibido. Avatares: 1 [Hijo Test(2)] @ https://jimsimrodev.github.io/pequenos-sanos/assets/index-C7AoTPzR.js:82
[   15547ms] [LOG] [WS] 🗺️ Broadcast recibido. Avatares: 1 [Hijo Test(2)] @ https://jimsimrodev.github.io/pequenos-sanos/assets/index-C7AoTPzR.js:82
[   15583ms] [LOG] [WS] 🗺️ Broadcast recibido. Avatares: 1 [Hijo Test(2)] @ https://jimsimrodev.github.io/pequenos-sanos/assets/index-C7AoTPzR.js:82
[   15627ms] [LOG] [WS] 🗺️ Broadcast recibido. Avatares: 1 [Hijo Test(2)] @ https://jimsimrodev.github.io/pequenos-sanos/assets/index-C7AoTPzR.js:82
[   15655ms] [LOG] [WS] 🗺️ Broadcast recibido. Avatares: 1 [Hijo Test(2)] @ https://jimsimrodev.github.io/pequenos-sanos/assets/index-C7AoTPzR.js:82
[   15692ms] [LOG] [WS] 🗺️ Broadcast recibido. Avatares: 1 [Hijo Test(2)] @ https://jimsimrodev.github.io/pequenos-sanos/assets/index-C7AoTPzR.js:82
[   15722ms] [LOG] [WS] 🗺️ Broadcast recibido. Avatares: 1 [Hijo Test(2)] @ https://jimsimrodev.github.io/pequenos-sanos/assets/index-C7AoTPzR.js:82
[   15758ms] [LOG] [WS] 🗺️ Broadcast recibido. Avatares: 1 [Hijo Test(2)] @ https://jimsimrodev.github.io/pequenos-sanos/assets/index-C7AoTPzR.js:82
[   15794ms] [LOG] [WS] 🗺️ Broadcast recibido. Avatares: 1 [Hijo Test(2)] @ https://jimsimrodev.github.io/pequenos-sanos/assets/index-C7AoTPzR.js:82
[   15833ms] [LOG] [WS] 🗺️ Broadcast recibido. Avatares: 1 [Hijo Test(2)] @ https://jimsimrodev.github.io/pequenos-sanos/assets/index-C7AoTPzR.js:82
[   15855ms] [LOG] [WS] 🗺️ Broadcast recibido. Avatares: 1 [Hijo Test(2)] @ https://jimsimrodev.github.io/pequenos-sanos/assets/index-C7AoTPzR.js:82
[   15885ms] [LOG] [WS] 🗺️ Broadcast recibido. Avatares: 1 [Hijo Test(2)] @ https://jimsimrodev.github.io/pequenos-sanos/assets/index-C7AoTPzR.js:82
[   15911ms] [LOG] [WS] 🗺️ Broadcast recibido. Avatares: 1 [Hijo Test(2)] @ https://jimsimrodev.github.io/pequenos-sanos/assets/index-C7AoTPzR.js:82
[   15939ms] [LOG] [WS] 🗺️ Broadcast recibido. Avatares: 1 [Hijo Test(2)] @ https://jimsimrodev.github.io/pequenos-sanos/assets/index-C7AoTPzR.js:82
[   15967ms] [LOG] [WS] 🗺️ Broadcast recibido. Avatares: 1 [Hijo Test(2)] @ https://jimsimrodev.github.io/pequenos-sanos/assets/index-C7AoTPzR.js:82
[   16006ms] [LOG] [WS] 🗺️ Broadcast recibido. Avatares: 1 [Hijo Test(2)] @ https://jimsimrodev.github.io/pequenos-sanos/assets/index-C7AoTPzR.js:82
[   16033ms] [LOG] [WS] 🗺️ Broadcast recibido. Avatares: 1 [Hijo Test(2)] @ https://jimsimrodev.github.io/pequenos-sanos/assets/index-C7AoTPzR.js:82
[   16062ms] [LOG] [WS] 🗺️ Broadcast recibido. Avatares: 1 [Hijo Test(2)] @ https://jimsimrodev.github.io/pequenos-sanos/assets/index-C7AoTPzR.js:82
[   16110ms] [LOG] [WS] 🗺️ Broadcast recibido. Avatares: 1 [Hijo Test(2)] @ https://jimsimrodev.github.io/pequenos-sanos/assets/index-C7AoTPzR.js:82
[   16136ms] [LOG] [WS] 🗺️ Broadcast recibido. Avatares: 1 [Hijo Test(2)] @ https://jimsimrodev.github.io/pequenos-sanos/assets/index-C7AoTPzR.js:82
[   16164ms] [LOG] [WS] 🗺️ Broadcast recibido. Avatares: 1 [Hijo Test(2)] @ https://jimsimrodev.github.io/pequenos-sanos/assets/index-C7AoTPzR.js:82
[   16211ms] [LOG] [WS] 🗺️ Broadcast recibido. Avatares: 1 [Hijo Test(2)] @ https://jimsimrodev.github.io/pequenos-sanos/assets/index-C7AoTPzR.js:82
[   16241ms] [LOG] [WS] 🗺️ Broadcast recibido. Avatares: 1 [Hijo Test(2)] @ https://jimsimrodev.github.io/pequenos-sanos/assets/index-C7AoTPzR.js:82
[   16269ms] [LOG] [WS] 🗺️ Broadcast recibido. Avatares: 1 [Hijo Test(2)] @ https://jimsimrodev.github.io/pequenos-sanos/assets/index-C7AoTPzR.js:82
[   16291ms] [LOG] [WS] 🗺️ Broadcast recibido. Avatares: 1 [Hijo Test(2)] @ https://jimsimrodev.github.io/pequenos-sanos/assets/index-C7AoTPzR.js:82
[   16333ms] [LOG] [WS] 🗺️ Broadcast recibido. Avatares: 1 [Hijo Test(2)] @ https://jimsimrodev.github.io/pequenos-sanos/assets/index-C7AoTPzR.js:82
[   16390ms] [LOG] [WS] 🗺️ Broadcast recibido. Avatares: 1 [Hijo Test(2)] @ https://jimsimrodev.github.io/pequenos-sanos/assets/index-C7AoTPzR.js:82
[   16415ms] [LOG] [WS] 🗺️ Broadcast recibido. Avatares: 1 [Hijo Test(2)] @ https://jimsimrodev.github.io/pequenos-sanos/assets/index-C7AoTPzR.js:82
[   16495ms] [LOG] [WS] 🗺️ Broadcast recibido. Avatares: 1 [Hijo Test(2)] @ https://jimsimrodev.github.io/pequenos-sanos/assets/index-C7AoTPzR.js:82
[   16523ms] [LOG] [WS] 🗺️ Broadcast recibido. Avatares: 1 [Hijo Test(2)] @ https://jimsimrodev.github.io/pequenos-sanos/assets/index-C7AoTPzR.js:82
[   16524ms] [LOG] [WS] 🗺️ Broadcast recibido. Avatares: 1 [Hijo Test(2)] @ https://jimsimrodev.github.io/pequenos-sanos/assets/index-C7AoTPzR.js:82
[   16546ms] [LOG] [WS] 🗺️ Broadcast recibido. Avatares: 1 [Hijo Test(2)] @ https://jimsimrodev.github.io/pequenos-sanos/assets/index-C7AoTPzR.js:82
[   16619ms] [LOG] [WS] 🗺️ Broadcast recibido. Avatares: 1 [Hijo Test(2)] @ https://jimsimrodev.github.io/pequenos-sanos/assets/index-C7AoTPzR.js:82
[   16639ms] [LOG] [WS] 🗺️ Broadcast recibido. Avatares: 1 [Hijo Test(2)] @ https://jimsimrodev.github.io/pequenos-sanos/assets/index-C7AoTPzR.js:82
[   16639ms] [LOG] [WS] 🗺️ Broadcast recibido. Avatares: 1 [Hijo Test(2)] @ https://jimsimrodev.github.io/pequenos-sanos/assets/index-C7AoTPzR.js:82
[   16674ms] [LOG] [WS] 🗺️ Broadcast recibido. Avatares: 1 [Hijo Test(2)] @ https://jimsimrodev.github.io/pequenos-sanos/assets/index-C7AoTPzR.js:82
[   16698ms] [LOG] [WS] 🗺️ Broadcast recibido. Avatares: 1 [Hijo Test(2)] @ https://jimsimrodev.github.io/pequenos-sanos/assets/index-C7AoTPzR.js:82
[   16743ms] [LOG] [WS] 🗺️ Broadcast recibido. Avatares: 1 [Hijo Test(2)] @ https://jimsimrodev.github.io/pequenos-sanos/assets/index-C7AoTPzR.js:82
[   16805ms] [LOG] [WS] 🗺️ Broadcast recibido. Avatares: 1 [Hijo Test(2)] @ https://jimsimrodev.github.io/pequenos-sanos/assets/index-C7AoTPzR.js:82
[   16831ms] [LOG] [WS] 🗺️ Broadcast recibido. Avatares: 1 [Hijo Test(2)] @ https://jimsimrodev.github.io/pequenos-sanos/assets/index-C7AoTPzR.js:82
[   16862ms] [LOG] [WS] 🗺️ Broadcast recibido. Avatares: 1 [Hijo Test(2)] @ https://jimsimrodev.github.io/pequenos-sanos/assets/index-C7AoTPzR.js:82
[   16890ms] [LOG] [WS] 🗺️ Broadcast recibido. Avatares: 1 [Hijo Test(2)] @ https://jimsimrodev.github.io/pequenos-sanos/assets/index-C7AoTPzR.js:82
[   16891ms] [LOG] [WS] 🗺️ Broadcast recibido. Avatares: 1 [Hijo Test(2)] @ https://jimsimrodev.github.io/pequenos-sanos/assets/index-C7AoTPzR.js:82
[   16923ms] [LOG] [WS] 🗺️ Broadcast recibido. Avatares: 1 [Hijo Test(2)] @ https://jimsimrodev.github.io/pequenos-sanos/assets/index-C7AoTPzR.js:82
[   16953ms] [LOG] [WS] 🗺️ Broadcast recibido. Avatares: 1 [Hijo Test(2)] @ https://jimsimrodev.github.io/pequenos-sanos/assets/index-C7AoTPzR.js:82
[   16984ms] [LOG] [WS] 🗺️ Broadcast recibido. Avatares: 1 [Hijo Test(2)] @ https://jimsimrodev.github.io/pequenos-sanos/assets/index-C7AoTPzR.js:82
[   17038ms] [LOG] [WS] 🗺️ Broadcast recibido. Avatares: 1 [Hijo Test(2)] @ https://jimsimrodev.github.io/pequenos-sanos/assets/index-C7AoTPzR.js:82
[   17068ms] [LOG] [WS] 🗺️ Broadcast recibido. Avatares: 1 [Hijo Test(2)] @ https://jimsimrodev.github.io/pequenos-sanos/assets/index-C7AoTPzR.js:82
[   17101ms] [LOG] [WS] 🗺️ Broadcast recibido. Avatares: 1 [Hijo Test(2)] @ https://jimsimrodev.github.io/pequenos-sanos/assets/index-C7AoTPzR.js:82
[   17130ms] [LOG] [WS] 🗺️ Broadcast recibido. Avatares: 1 [Hijo Test(2)] @ https://jimsimrodev.github.io/pequenos-sanos/assets/index-C7AoTPzR.js:82
[   17157ms] [LOG] [WS] 🗺️ Broadcast recibido. Avatares: 1 [Hijo Test(2)] @ https://jimsimrodev.github.io/pequenos-sanos/assets/index-C7AoTPzR.js:82
[   17185ms] [LOG] [WS] 🗺️ Broadcast recibido. Avatares: 1 [Hijo Test(2)] @ https://jimsimrodev.github.io/pequenos-sanos/assets/index-C7AoTPzR.js:82
[   17211ms] [LOG] [WS] 🗺️ Broadcast recibido. Avatares: 1 [Hijo Test(2)] @ https://jimsimrodev.github.io/pequenos-sanos/assets/index-C7AoTPzR.js:82
[   17267ms] [LOG] [WS] 🗺️ Broadcast recibido. Avatares: 1 [Hijo Test(2)] @ https://jimsimrodev.github.io/pequenos-sanos/assets/index-C7AoTPzR.js:82
[   17298ms] [LOG] [WS] 🗺️ Broadcast recibido. Avatares: 1 [Hijo Test(2)] @ https://jimsimrodev.github.io/pequenos-sanos/assets/index-C7AoTPzR.js:82
[   17325ms] [LOG] [WS] 🗺️ Broadcast recibido. Avatares: 1 [Hijo Test(2)] @ https://jimsimrodev.github.io/pequenos-sanos/assets/index-C7AoTPzR.js:82
[   17404ms] [LOG] [WS] 🗺️ Broadcast recibido. Avatares: 1 [Hijo Test(2)] @ https://jimsimrodev.github.io/pequenos-sanos/assets/index-C7AoTPzR.js:82
[   17428ms] [LOG] [WS] 🗺️ Broadcast recibido. Avatares: 1 [Hijo Test(2)] @ https://jimsimrodev.github.io/pequenos-sanos/assets/index-C7AoTPzR.js:82
[   17458ms] [LOG] [WS] 🗺️ Broadcast recibido. Avatares: 1 [Hijo Test(2)] @ https://jimsimrodev.github.io/pequenos-sanos/assets/index-C7AoTPzR.js:82
[   17486ms] [LOG] [WS] 🗺️ Broadcast recibido. Avatares: 1 [Hijo Test(2)] @ https://jimsimrodev.github.io/pequenos-sanos/assets/index-C7AoTPzR.js:82
[   17520ms] [LOG] [WS] 🗺️ Broadcast recibido. Avatares: 1 [Hijo Test(2)] @ https://jimsimrodev.github.io/pequenos-sanos/assets/index-C7AoTPzR.js:82
[   17521ms] [LOG] [WS] 🗺️ Broadcast recibido. Avatares: 1 [Hijo Test(2)] @ https://jimsimrodev.github.io/pequenos-sanos/assets/index-C7AoTPzR.js:82
[   17553ms] [LOG] [WS] 🗺️ Broadcast recibido. Avatares: 1 [Hijo Test(2)] @ https://jimsimrodev.github.io/pequenos-sanos/assets/index-C7AoTPzR.js:82
[   17603ms] [LOG] [WS] 🗺️ Broadcast recibido. Avatares: 1 [Hijo Test(2)] @ https://jimsimrodev.github.io/pequenos-sanos/assets/index-C7AoTPzR.js:82
[   17637ms] [LOG] [WS] 🗺️ Broadcast recibido. Avatares: 1 [Hijo Test(2)] @ https://jimsimrodev.github.io/pequenos-sanos/assets/index-C7AoTPzR.js:82
[   17714ms] [LOG] [WS] 🗺️ Broadcast recibido. Avatares: 1 [Hijo Test(2)] @ https://jimsimrodev.github.io/pequenos-sanos/assets/index-C7AoTPzR.js:82
[   17753ms] [LOG] [WS] 🗺️ Broadcast recibido. Avatares: 1 [Hijo Test(2)] @ https://jimsimrodev.github.io/pequenos-sanos/assets/index-C7AoTPzR.js:82
[   17812ms] [LOG] [WS] 🗺️ Broadcast recibido. Avatares: 1 [Hijo Test(2)] @ https://jimsimrodev.github.io/pequenos-sanos/assets/index-C7AoTPzR.js:82
[   17854ms] [LOG] [WS] 🗺️ Broadcast recibido. Avatares: 1 [Hijo Test(2)] @ https://jimsimrodev.github.io/pequenos-sanos/assets/index-C7AoTPzR.js:82
[   17855ms] [LOG] [WS] 🗺️ Broadcast recibido. Avatares: 1 [Hijo Test(2)] @ https://jimsimrodev.github.io/pequenos-sanos/assets/index-C7AoTPzR.js:82
[   17856ms] [LOG] [WS] 🗺️ Broadcast recibido. Avatares: 1 [Hijo Test(2)] @ https://jimsimrodev.github.io/pequenos-sanos/assets/index-C7AoTPzR.js:82
[   17903ms] [LOG] [WS] 🗺️ Broadcast recibido. Avatares: 1 [Hijo Test(2)] @ https://jimsimrodev.github.io/pequenos-sanos/assets/index-C7AoTPzR.js:82
[   17938ms] [LOG] [WS] 🗺️ Broadcast recibido. Avatares: 1 [Hijo Test(2)] @ https://jimsimrodev.github.io/pequenos-sanos/assets/index-C7AoTPzR.js:82
[   17970ms] [LOG] [WS] 🗺️ Broadcast recibido. Avatares: 1 [Hijo Test(2)] @ https://jimsimrodev.github.io/pequenos-sanos/assets/index-C7AoTPzR.js:82
[   18003ms] [LOG] [WS] 🗺️ Broadcast recibido. Avatares: 1 [Hijo Test(2)] @ https://jimsimrodev.github.io/pequenos-sanos/assets/index-C7AoTPzR.js:82
[   18030ms] [LOG] [WS] 🗺️ Broadcast recibido. Avatares: 1 [Hijo Test(2)] @ https://jimsimrodev.github.io/pequenos-sanos/assets/index-C7AoTPzR.js:82
[   18063ms] [LOG] [WS] 🗺️ Broadcast recibido. Avatares: 1 [Hijo Test(2)] @ https://jimsimrodev.github.io/pequenos-sanos/assets/index-C7AoTPzR.js:82
[   18088ms] [LOG] [WS] 🗺️ Broadcast recibido. Avatares: 1 [Hijo Test(2)] @ https://jimsimrodev.github.io/pequenos-sanos/assets/index-C7AoTPzR.js:82
[   18114ms] [LOG] [WS] 🗺️ Broadcast recibido. Avatares: 1 [Hijo Test(2)] @ https://jimsimrodev.github.io/pequenos-sanos/assets/index-C7AoTPzR.js:82
[   18141ms] [LOG] [WS] 🗺️ Broadcast recibido. Avatares: 1 [Hijo Test(2)] @ https://jimsimrodev.github.io/pequenos-sanos/assets/index-C7AoTPzR.js:82
[   18172ms] [LOG] [WS] 🗺️ Broadcast recibido. Avatares: 1 [Hijo Test(2)] @ https://jimsimrodev.github.io/pequenos-sanos/assets/index-C7AoTPzR.js:82
[   18199ms] [LOG] [WS] 🗺️ Broadcast recibido. Avatares: 1 [Hijo Test(2)] @ https://jimsimrodev.github.io/pequenos-sanos/assets/index-C7AoTPzR.js:82
[   18231ms] [LOG] [WS] 🗺️ Broadcast recibido. Avatares: 1 [Hijo Test(2)] @ https://jimsimrodev.github.io/pequenos-sanos/assets/index-C7AoTPzR.js:82
[   18271ms] [LOG] [WS] 🗺️ Broadcast recibido. Avatares: 1 [Hijo Test(2)] @ https://jimsimrodev.github.io/pequenos-sanos/assets/index-C7AoTPzR.js:82
[   18300ms] [LOG] [WS] 🗺️ Broadcast recibido. Avatares: 1 [Hijo Test(2)] @ https://jimsimrodev.github.io/pequenos-sanos/assets/index-C7AoTPzR.js:82
[   18323ms] [LOG] [WS] 🗺️ Broadcast recibido. Avatares: 1 [Hijo Test(2)] @ https://jimsimrodev.github.io/pequenos-sanos/assets/index-C7AoTPzR.js:82
[   18347ms] [LOG] [WS] 🗺️ Broadcast recibido. Avatares: 1 [Hijo Test(2)] @ https://jimsimrodev.github.io/pequenos-sanos/assets/index-C7AoTPzR.js:82
[   18373ms] [LOG] [WS] 🗺️ Broadcast recibido. Avatares: 1 [Hijo Test(2)] @ https://jimsimrodev.github.io/pequenos-sanos/assets/index-C7AoTPzR.js:82
[   18402ms] [LOG] [WS] 🗺️ Broadcast recibido. Avatares: 1 [Hijo Test(2)] @ https://jimsimrodev.github.io/pequenos-sanos/assets/index-C7AoTPzR.js:82
[   18433ms] [LOG] [WS] 🗺️ Broadcast recibido. Avatares: 1 [Hijo Test(2)] @ https://jimsimrodev.github.io/pequenos-sanos/assets/index-C7AoTPzR.js:82
[   18490ms] [LOG] [WS] 🗺️ Broadcast recibido. Avatares: 1 [Hijo Test(2)] @ https://jimsimrodev.github.io/pequenos-sanos/assets/index-C7AoTPzR.js:82
[   18714ms] [LOG] [WS] 🗺️ Broadcast recibido. Avatares: 1 [Hijo Test(2)] @ https://jimsimrodev.github.io/pequenos-sanos/assets/index-C7AoTPzR.js:82
[   18739ms] [LOG] [WS] 🗺️ Broadcast recibido. Avatares: 1 [Hijo Test(2)] @ https://jimsimrodev.github.io/pequenos-sanos/assets/index-C7AoTPzR.js:82
[   18740ms] [LOG] [WS] 🗺️ Broadcast recibido. Avatares: 1 [Hijo Test(2)] @ https://jimsimrodev.github.io/pequenos-sanos/assets/index-C7AoTPzR.js:82
[   18741ms] [LOG] [WS] 🗺️ Broadcast recibido. Avatares: 1 [Hijo Test(2)] @ https://jimsimrodev.github.io/pequenos-sanos/assets/index-C7AoTPzR.js:82
[   18767ms] [LOG] [WS] 🗺️ Broadcast recibido. Avatares: 1 [Hijo Test(2)] @ https://jimsimrodev.github.io/pequenos-sanos/assets/index-C7AoTPzR.js:82
[   18768ms] [LOG] [WS] 🗺️ Broadcast recibido. Avatares: 1 [Hijo Test(2)] @ https://jimsimrodev.github.io/pequenos-sanos/assets/index-C7AoTPzR.js:82
[   18768ms] [LOG] [WS] 🗺️ Broadcast recibido. Avatares: 1 [Hijo Test(2)] @ https://jimsimrodev.github.io/pequenos-sanos/assets/index-C7AoTPzR.js:82
[   18768ms] [LOG] [WS] 🗺️ Broadcast recibido. Avatares: 1 [Hijo Test(2)] @ https://jimsimrodev.github.io/pequenos-sanos/assets/index-C7AoTPzR.js:82
[   18795ms] [LOG] [WS] 🗺️ Broadcast recibido. Avatares: 1 [Hijo Test(2)] @ https://jimsimrodev.github.io/pequenos-sanos/assets/index-C7AoTPzR.js:82
[   18826ms] [LOG] [WS] 🗺️ Broadcast recibido. Avatares: 1 [Hijo Test(2)] @ https://jimsimrodev.github.io/pequenos-sanos/assets/index-C7AoTPzR.js:82
[   18855ms] [LOG] [WS] 🗺️ Broadcast recibido. Avatares: 1 [Hijo Test(2)] @ https://jimsimrodev.github.io/pequenos-sanos/assets/index-C7AoTPzR.js:82
[   18881ms] [LOG] [WS] 🗺️ Broadcast recibido. Avatares: 1 [Hijo Test(2)] @ https://jimsimrodev.github.io/pequenos-sanos/assets/index-C7AoTPzR.js:82
[   18907ms] [LOG] [WS] 🗺️ Broadcast recibido. Avatares: 1 [Hijo Test(2)] @ https://jimsimrodev.github.io/pequenos-sanos/assets/index-C7AoTPzR.js:82
[   18936ms] [LOG] [WS] 🗺️ Broadcast recibido. Avatares: 1 [Hijo Test(2)] @ https://jimsimrodev.github.io/pequenos-sanos/assets/index-C7AoTPzR.js:82
[   18983ms] [LOG] [WS] 🗺️ Broadcast recibido. Avatares: 1 [Hijo Test(2)] @ https://jimsimrodev.github.io/pequenos-sanos/assets/index-C7AoTPzR.js:82
[   19010ms] [LOG] [WS] 🗺️ Broadcast recibido. Avatares: 1 [Hijo Test(2)] @ https://jimsimrodev.github.io/pequenos-sanos/assets/index-C7AoTPzR.js:82
[   19034ms] [LOG] [WS] 🗺️ Broadcast recibido. Avatares: 1 [Hijo Test(2)] @ https://jimsimrodev.github.io/pequenos-sanos/assets/index-C7AoTPzR.js:82
[   19059ms] [LOG] [WS] 🗺️ Broadcast recibido. Avatares: 1 [Hijo Test(2)] @ https://jimsimrodev.github.io/pequenos-sanos/assets/index-C7AoTPzR.js:82
[   19105ms] [LOG] [WS] 🗺️ Broadcast recibido. Avatares: 1 [Hijo Test(2)] @ https://jimsimrodev.github.io/pequenos-sanos/assets/index-C7AoTPzR.js:82
[   19127ms] [LOG] [WS] 🗺️ Broadcast recibido. Avatares: 1 [Hijo Test(2)] @ https://jimsimrodev.github.io/pequenos-sanos/assets/index-C7AoTPzR.js:82
[   19175ms] [LOG] [WS] 🗺️ Broadcast recibido. Avatares: 1 [Hijo Test(2)] @ https://jimsimrodev.github.io/pequenos-sanos/assets/index-C7AoTPzR.js:82
[   19199ms] [LOG] [WS] 🗺️ Broadcast recibido. Avatares: 1 [Hijo Test(2)] @ https://jimsimrodev.github.io/pequenos-sanos/assets/index-C7AoTPzR.js:82
[   19226ms] [LOG] [WS] 🗺️ Broadcast recibido. Avatares: 1 [Hijo Test(2)] @ https://jimsimrodev.github.io/pequenos-sanos/assets/index-C7AoTPzR.js:82
[   20803ms] [LOG] [WS] 🗺️ Broadcast recibido. Avatares: 1 [Hijo Test(2)] @ https://jimsimrodev.github.io/pequenos-sanos/assets/index-C7AoTPzR.js:82
[   20830ms] [LOG] [WS] 🗺️ Broadcast recibido. Avatares: 1 [Hijo Test(2)] @ https://jimsimrodev.github.io/pequenos-sanos/assets/index-C7AoTPzR.js:82
[   20832ms] [LOG] [WS] 🗺️ Broadcast recibido. Avatares: 1 [Hijo Test(2)] @ https://jimsimrodev.github.io/pequenos-sanos/assets/index-C7AoTPzR.js:82
[   20833ms] [LOG] [WS] 🗺️ Broadcast recibido. Avatares: 1 [Hijo Test(2)] @ https://jimsimrodev.github.io/pequenos-sanos/assets/index-C7AoTPzR.js:82
[   20855ms] [LOG] [WS] 🗺️ Broadcast recibido. Avatares: 1 [Hijo Test(2)] @ https://jimsimrodev.github.io/pequenos-sanos/assets/index-C7AoTPzR.js:82
[   20878ms] [LOG] [WS] 🗺️ Broadcast recibido. Avatares: 1 [Hijo Test(2)] @ https://jimsimrodev.github.io/pequenos-sanos/assets/index-C7AoTPzR.js:82
[   20879ms] [LOG] [WS] 🗺️ Broadcast recibido. Avatares: 1 [Hijo Test(2)] @ https://jimsimrodev.github.io/pequenos-sanos/assets/index-C7AoTPzR.js:82
[   20881ms] [LOG] [WS] 🗺️ Broadcast recibido. Avatares: 1 [Hijo Test(2)] @ https://jimsimrodev.github.io/pequenos-sanos/assets/index-C7AoTPzR.js:82
[   20923ms] [LOG] [WS] 🗺️ Broadcast recibido. Avatares: 1 [Hijo Test(2)] @ https://jimsimrodev.github.io/pequenos-sanos/assets/index-C7AoTPzR.js:82
[   20956ms] [LOG] [WS] 🗺️ Broadcast recibido. Avatares: 1 [Hijo Test(2)] @ https://jimsimrodev.github.io/pequenos-sanos/assets/index-C7AoTPzR.js:82
[   20957ms] [LOG] [WS] 🗺️ Broadcast recibido. Avatares: 1 [Hijo Test(2)] @ https://jimsimrodev.github.io/pequenos-sanos/assets/index-C7AoTPzR.js:82
[   20958ms] [LOG] [WS] 🗺️ Broadcast recibido. Avatares: 1 [Hijo Test(2)] @ https://jimsimrodev.github.io/pequenos-sanos/assets/index-C7AoTPzR.js:82
[   20959ms] [LOG] [WS] 🗺️ Broadcast recibido. Avatares: 1 [Hijo Test(2)] @ https://jimsimrodev.github.io/pequenos-sanos/assets/index-C7AoTPzR.js:82
[   20989ms] [LOG] [WS] 🗺️ Broadcast recibido. Avatares: 1 [Hijo Test(2)] @ https://jimsimrodev.github.io/pequenos-sanos/assets/index-C7AoTPzR.js:82
[   21025ms] [LOG] [WS] 🗺️ Broadcast recibido. Avatares: 1 [Hijo Test(2)] @ https://jimsimrodev.github.io/pequenos-sanos/assets/index-C7AoTPzR.js:82
[   21026ms] [LOG] [WS] 🗺️ Broadcast recibido. Avatares: 1 [Hijo Test(2)] @ https://jimsimrodev.github.io/pequenos-sanos/assets/index-C7AoTPzR.js:82
[   21027ms] [LOG] [WS] 🗺️ Broadcast recibido. Avatares: 1 [Hijo Test(2)] @ https://jimsimrodev.github.io/pequenos-sanos/assets/index-C7AoTPzR.js:82
[   21283ms] [LOG] [WS] 🗺️ Broadcast recibido. Avatares: 1 [Hijo Test(2)] @ https://jimsimrodev.github.io/pequenos-sanos/assets/index-C7AoTPzR.js:82
[   21313ms] [LOG] [WS] 🗺️ Broadcast recibido. Avatares: 1 [Hijo Test(2)] @ https://jimsimrodev.github.io/pequenos-sanos/assets/index-C7AoTPzR.js:82
[   21313ms] [LOG] [WS] 🗺️ Broadcast recibido. Avatares: 1 [Hijo Test(2)] @ https://jimsimrodev.github.io/pequenos-sanos/assets/index-C7AoTPzR.js:82
[   21314ms] [LOG] [WS] 🗺️ Broadcast recibido. Avatares: 1 [Hijo Test(2)] @ https://jimsimrodev.github.io/pequenos-sanos/assets/index-C7AoTPzR.js:82
[   21314ms] [LOG] [WS] 🗺️ Broadcast recibido. Avatares: 1 [Hijo Test(2)] @ https://jimsimrodev.github.io/pequenos-sanos/assets/index-C7AoTPzR.js:82
[   21315ms] [LOG] [WS] 🗺️ Broadcast recibido. Avatares: 1 [Hijo Test(2)] @ https://jimsimrodev.github.io/pequenos-sanos/assets/index-C7AoTPzR.js:82
[   21315ms] [LOG] [WS] 🗺️ Broadcast recibido. Avatares: 1 [Hijo Test(2)] @ https://jimsimrodev.github.io/pequenos-sanos/assets/index-C7AoTPzR.js:82
[   21315ms] [LOG] [WS] 🗺️ Broadcast recibido. Avatares: 1 [Hijo Test(2)] @ https://jimsimrodev.github.io/pequenos-sanos/assets/index-C7AoTPzR.js:82
[   21315ms] [LOG] [WS] 🗺️ Broadcast recibido. Avatares: 1 [Hijo Test(2)] @ https://jimsimrodev.github.io/pequenos-sanos/assets/index-C7AoTPzR.js:82
[   21316ms] [LOG] [WS] 🗺️ Broadcast recibido. Avatares: 1 [Hijo Test(2)] @ https://jimsimrodev.github.io/pequenos-sanos/assets/index-C7AoTPzR.js:82
[   21316ms] [LOG] [WS] 🗺️ Broadcast recibido. Avatares: 1 [Hijo Test(2)] @ https://jimsimrodev.github.io/pequenos-sanos/assets/index-C7AoTPzR.js:82
[   21317ms] [LOG] [WS] 🗺️ Broadcast recibido. Avatares: 1 [Hijo Test(2)] @ https://jimsimrodev.github.io/pequenos-sanos/assets/index-C7AoTPzR.js:82
[   21317ms] [LOG] [WS] 🗺️ Broadcast recibido. Avatares: 1 [Hijo Test(2)] @ https://jimsimrodev.github.io/pequenos-sanos/assets/index-C7AoTPzR.js:82
[   21318ms] [LOG] [WS] 🗺️ Broadcast recibido. Avatares: 1 [Hijo Test(2)] @ https://jimsimrodev.github.io/pequenos-sanos/assets/index-C7AoTPzR.js:82
[   21318ms] [LOG] [WS] 🗺️ Broadcast recibido. Avatares: 1 [Hijo Test(2)] @ https://jimsimrodev.github.io/pequenos-sanos/assets/index-C7AoTPzR.js:82
[   21319ms] [LOG] [WS] 🗺️ Broadcast recibido. Avatares: 1 [Hijo Test(2)] @ https://jimsimrodev.github.io/pequenos-sanos/assets/index-C7AoTPzR.js:82
[   21319ms] [LOG] [WS] 🗺️ Broadcast recibido. Avatares: 1 [Hijo Test(2)] @ https://jimsimrodev.github.io/pequenos-sanos/assets/index-C7AoTPzR.js:82
[   21320ms] [LOG] [WS] 🗺️ Broadcast recibido. Avatares: 1 [Hijo Test(2)] @ https://jimsimrodev.github.io/pequenos-sanos/assets/index-C7AoTPzR.js:82
[   21321ms] [LOG] [WS] 🗺️ Broadcast recibido. Avatares: 1 [Hijo Test(2)] @ https://jimsimrodev.github.io/pequenos-sanos/assets/index-C7AoTPzR.js:82
[   21323ms] [LOG] [WS] 🗺️ Broadcast recibido. Avatares: 1 [Hijo Test(2)] @ https://jimsimrodev.github.io/pequenos-sanos/assets/index-C7AoTPzR.js:82
[   21324ms] [LOG] [WS] 🗺️ Broadcast recibido. Avatares: 1 [Hijo Test(2)] @ https://jimsimrodev.github.io/pequenos-sanos/assets/index-C7AoTPzR.js:82
[   21325ms] [LOG] [WS] 🗺️ Broadcast recibido. Avatares: 1 [Hijo Test(2)] @ https://jimsimrodev.github.io/pequenos-sanos/assets/index-C7AoTPzR.js:82
[   21326ms] [LOG] [WS] 🗺️ Broadcast recibido. Avatares: 1 [Hijo Test(2)] @ https://jimsimrodev.github.io/pequenos-sanos/assets/index-C7AoTPzR.js:82
[   21327ms] [LOG] [WS] 🗺️ Broadcast recibido. Avatares: 1 [Hijo Test(2)] @ https://jimsimrodev.github.io/pequenos-sanos/assets/index-C7AoTPzR.js:82
[   21328ms] [LOG] [WS] 🗺️ Broadcast recibido. Avatares: 1 [Hijo Test(2)] @ https://jimsimrodev.github.io/pequenos-sanos/assets/index-C7AoTPzR.js:82
[   21329ms] [LOG] [WS] 🗺️ Broadcast recibido. Avatares: 1 [Hijo Test(2)] @ https://jimsimrodev.github.io/pequenos-sanos/assets/index-C7AoTPzR.js:82
[   21329ms] [LOG] [WS] 🗺️ Broadcast recibido. Avatares: 1 [Hijo Test(2)] @ https://jimsimrodev.github.io/pequenos-sanos/assets/index-C7AoTPzR.js:82
[   21330ms] [LOG] [WS] 🗺️ Broadcast recibido. Avatares: 1 [Hijo Test(2)] @ https://jimsimrodev.github.io/pequenos-sanos/assets/index-C7AoTPzR.js:82
[   21331ms] [LOG] [WS] 🗺️ Broadcast recibido. Avatares: 1 [Hijo Test(2)] @ https://jimsimrodev.github.io/pequenos-sanos/assets/index-C7AoTPzR.js:82
[   21331ms] [LOG] [WS] 🗺️ Broadcast recibido. Avatares: 1 [Hijo Test(2)] @ https://jimsimrodev.github.io/pequenos-sanos/assets/index-C7AoTPzR.js:82
[   21369ms] [LOG] [WS] 🗺️ Broadcast recibido. Avatares: 1 [Hijo Test(2)] @ https://jimsimrodev.github.io/pequenos-sanos/assets/index-C7AoTPzR.js:82
[   21371ms] [LOG] [WS] 🗺️ Broadcast recibido. Avatares: 1 [Hijo Test(2)] @ https://jimsimrodev.github.io/pequenos-sanos/assets/index-C7AoTPzR.js:82
[   21373ms] [LOG] [WS] 🗺️ Broadcast recibido. Avatares: 1 [Hijo Test(2)] @ https://jimsimrodev.github.io/pequenos-sanos/assets/index-C7AoTPzR.js:82
[   21375ms] [LOG] [WS] 🗺️ Broadcast recibido. Avatares: 1 [Hijo Test(2)] @ https://jimsimrodev.github.io/pequenos-sanos/assets/index-C7AoTPzR.js:82
[   21375ms] [LOG] [WS] 🗺️ Broadcast recibido. Avatares: 1 [Hijo Test(2)] @ https://jimsimrodev.github.io/pequenos-sanos/assets/index-C7AoTPzR.js:82
[   21377ms] [LOG] [WS] 🗺️ Broadcast recibido. Avatares: 1 [Hijo Test(2)] @ https://jimsimrodev.github.io/pequenos-sanos/assets/index-C7AoTPzR.js:82
[   21378ms] [LOG] [WS] 🗺️ Broadcast recibido. Avatares: 1 [Hijo Test(2)] @ https://jimsimrodev.github.io/pequenos-sanos/assets/index-C7AoTPzR.js:82
[   21380ms] [LOG] [WS] 🗺️ Broadcast recibido. Avatares: 1 [Hijo Test(2)] @ https://jimsimrodev.github.io/pequenos-sanos/assets/index-C7AoTPzR.js:82
[   21381ms] [LOG] [WS] 🗺️ Broadcast recibido. Avatares: 1 [Hijo Test(2)] @ https://jimsimrodev.github.io/pequenos-sanos/assets/index-C7AoTPzR.js:82
[   21383ms] [LOG] [WS] 🗺️ Broadcast recibido. Avatares: 1 [Hijo Test(2)] @ https://jimsimrodev.github.io/pequenos-sanos/assets/index-C7AoTPzR.js:82
[   21384ms] [LOG] [WS] 🗺️ Broadcast recibido. Avatares: 1 [Hijo Test(2)] @ https://jimsimrodev.github.io/pequenos-sanos/assets/index-C7AoTPzR.js:82
[   21385ms] [LOG] [WS] 🗺️ Broadcast recibido. Avatares: 1 [Hijo Test(2)] @ https://jimsimrodev.github.io/pequenos-sanos/assets/index-C7AoTPzR.js:82
[   21386ms] [LOG] [WS] 🗺️ Broadcast recibido. Avatares: 1 [Hijo Test(2)] @ https://jimsimrodev.github.io/pequenos-sanos/assets/index-C7AoTPzR.js:82
[   21386ms] [LOG] [WS] 🗺️ Broadcast recibido. Avatares: 1 [Hijo Test(2)] @ https://jimsimrodev.github.io/pequenos-sanos/assets/index-C7AoTPzR.js:82
[   21387ms] [LOG] [WS] 🗺️ Broadcast recibido. Avatares: 1 [Hijo Test(2)] @ https://jimsimrodev.github.io/pequenos-sanos/assets/index-C7AoTPzR.js:82
[   21387ms] [LOG] [WS] 🗺️ Broadcast recibido. Avatares: 1 [Hijo Test(2)] @ https://jimsimrodev.github.io/pequenos-sanos/assets/index-C7AoTPzR.js:82
[   21423ms] [LOG] [WS] 🗺️ Broadcast recibido. Avatares: 1 [Hijo Test(2)] @ https://jimsimrodev.github.io/pequenos-sanos/assets/index-C7AoTPzR.js:82
[   21424ms] [LOG] [WS] 🗺️ Broadcast recibido. Avatares: 1 [Hijo Test(2)] @ https://jimsimrodev.github.io/pequenos-sanos/assets/index-C7AoTPzR.js:82
[   21460ms] [LOG] [WS] 🗺️ Broadcast recibido. Avatares: 1 [Hijo Test(2)] @ https://jimsimrodev.github.io/pequenos-sanos/assets/index-C7AoTPzR.js:82
[   21500ms] [LOG] [WS] 🗺️ Broadcast recibido. Avatares: 1 [Hijo Test(2)] @ https://jimsimrodev.github.io/pequenos-sanos/assets/index-C7AoTPzR.js:82
[   21539ms] [LOG] [WS] 🗺️ Broadcast recibido. Avatares: 1 [Hijo Test(2)] @ https://jimsimrodev.github.io/pequenos-sanos/assets/index-C7AoTPzR.js:82
[   21540ms] [LOG] [WS] 🗺️ Broadcast recibido. Avatares: 1 [Hijo Test(2)] @ https://jimsimrodev.github.io/pequenos-sanos/assets/index-C7AoTPzR.js:82
[   21593ms] [LOG] [WS] 🗺️ Broadcast recibido. Avatares: 1 [Hijo Test(2)] @ https://jimsimrodev.github.io/pequenos-sanos/assets/index-C7AoTPzR.js:82
[   21635ms] [LOG] [WS] 🗺️ Broadcast recibido. Avatares: 1 [Hijo Test(2)] @ https://jimsimrodev.github.io/pequenos-sanos/assets/index-C7AoTPzR.js:82
[   21640ms] [LOG] [WS] 🗺️ Broadcast recibido. Avatares: 1 [Hijo Test(2)] @ https://jimsimrodev.github.io/pequenos-sanos/assets/index-C7AoTPzR.js:82
[   21692ms] [LOG] [WS] 🗺️ Broadcast recibido. Avatares: 1 [Hijo Test(2)] @ https://jimsimrodev.github.io/pequenos-sanos/assets/index-C7AoTPzR.js:82
[   21736ms] [LOG] [WS] 🗺️ Broadcast recibido. Avatares: 1 [Hijo Test(2)] @ https://jimsimrodev.github.io/pequenos-sanos/assets/index-C7AoTPzR.js:82
[   21776ms] [LOG] [WS] 🗺️ Broadcast recibido. Avatares: 1 [Hijo Test(2)] @ https://jimsimrodev.github.io/pequenos-sanos/assets/index-C7AoTPzR.js:82
[   21778ms] [LOG] [WS] 🗺️ Broadcast recibido. Avatares: 1 [Hijo Test(2)] @ https://jimsimrodev.github.io/pequenos-sanos/assets/index-C7AoTPzR.js:82
[   21830ms] [LOG] [WS] 🗺️ Broadcast recibido. Avatares: 1 [Hijo Test(2)] @ https://jimsimrodev.github.io/pequenos-sanos/assets/index-C7AoTPzR.js:82
[   21867ms] [LOG] [WS] 🗺️ Broadcast recibido. Avatares: 1 [Hijo Test(2)] @ https://jimsimrodev.github.io/pequenos-sanos/assets/index-C7AoTPzR.js:82
[   21907ms] [LOG] [WS] 🗺️ Broadcast recibido. Avatares: 1 [Hijo Test(2)] @ https://jimsimrodev.github.io/pequenos-sanos/assets/index-C7AoTPzR.js:82
[   21908ms] [LOG] [WS] 🗺️ Broadcast recibido. Avatares: 1 [Hijo Test(2)] @ https://jimsimrodev.github.io/pequenos-sanos/assets/index-C7AoTPzR.js:82
[   21941ms] [LOG] [WS] 🗺️ Broadcast recibido. Avatares: 1 [Hijo Test(2)] @ https://jimsimrodev.github.io/pequenos-sanos/assets/index-C7AoTPzR.js:82
[   21982ms] [LOG] [WS] 🗺️ Broadcast recibido. Avatares: 1 [Hijo Test(2)] @ https://jimsimrodev.github.io/pequenos-sanos/assets/index-C7AoTPzR.js:82
[   22017ms] [LOG] [WS] 🗺️ Broadcast recibido. Avatares: 1 [Hijo Test(2)] @ https://jimsimrodev.github.io/pequenos-sanos/assets/index-C7AoTPzR.js:82
[   22042ms] [LOG] [WS] 🗺️ Broadcast recibido. Avatares: 1 [Hijo Test(2)] @ https://jimsimrodev.github.io/pequenos-sanos/assets/index-C7AoTPzR.js:82
[   22044ms] [LOG] [WS] 🗺️ Broadcast recibido. Avatares: 1 [Hijo Test(2)] @ https://jimsimrodev.github.io/pequenos-sanos/assets/index-C7AoTPzR.js:82
[   22068ms] [LOG] [WS] 🗺️ Broadcast recibido. Avatares: 1 [Hijo Test(2)] @ https://jimsimrodev.github.io/pequenos-sanos/assets/index-C7AoTPzR.js:82
[   22116ms] [LOG] [WS] 🗺️ Broadcast recibido. Avatares: 1 [Hijo Test(2)] @ https://jimsimrodev.github.io/pequenos-sanos/assets/index-C7AoTPzR.js:82
[   22146ms] [LOG] [WS] 🗺️ Broadcast recibido. Avatares: 1 [Hijo Test(2)] @ https://jimsimrodev.github.io/pequenos-sanos/assets/index-C7AoTPzR.js:82
[   22169ms] [LOG] [WS] 🗺️ Broadcast recibido. Avatares: 1 [Hijo Test(2)] @ https://jimsimrodev.github.io/pequenos-sanos/assets/index-C7AoTPzR.js:82
[   22199ms] [LOG] [WS] 🗺️ Broadcast recibido. Avatares: 1 [Hijo Test(2)] @ https://jimsimrodev.github.io/pequenos-sanos/assets/index-C7AoTPzR.js:82
[   22238ms] [LOG] [WS] 🗺️ Broadcast recibido. Avatares: 1 [Hijo Test(2)] @ https://jimsimrodev.github.io/pequenos-sanos/assets/index-C7AoTPzR.js:82
[   22261ms] [LOG] [WS] 🗺️ Broadcast recibido. Avatares: 1 [Hijo Test(2)] @ https://jimsimrodev.github.io/pequenos-sanos/assets/index-C7AoTPzR.js:82
[   22300ms] [LOG] [WS] 🗺️ Broadcast recibido. Avatares: 1 [Hijo Test(2)] @ https://jimsimrodev.github.io/pequenos-sanos/assets/index-C7AoTPzR.js:82
[   22324ms] [LOG] [WS] 🗺️ Broadcast recibido. Avatares: 1 [Hijo Test(2)] @ https://jimsimrodev.github.io/pequenos-sanos/assets/index-C7AoTPzR.js:82
[   22368ms] [LOG] [WS] 🗺️ Broadcast recibido. Avatares: 1 [Hijo Test(2)] @ https://jimsimrodev.github.io/pequenos-sanos/assets/index-C7AoTPzR.js:82
[   22396ms] [LOG] [WS] 🗺️ Broadcast recibido. Avatares: 1 [Hijo Test(2)] @ https://jimsimrodev.github.io/pequenos-sanos/assets/index-C7AoTPzR.js:82
[   22427ms] [LOG] [WS] 🗺️ Broadcast recibido. Avatares: 1 [Hijo Test(2)] @ https://jimsimrodev.github.io/pequenos-sanos/assets/index-C7AoTPzR.js:82
[   22457ms] [LOG] [WS] 🗺️ Broadcast recibido. Avatares: 1 [Hijo Test(2)] @ https://jimsimrodev.github.io/pequenos-sanos/assets/index-C7AoTPzR.js:82
[   22497ms] [LOG] [WS] 🗺️ Broadcast recibido. Avatares: 1 [Hijo Test(2)] @ https://jimsimrodev.github.io/pequenos-sanos/assets/index-C7AoTPzR.js:82
[   22532ms] [LOG] [WS] 🗺️ Broadcast recibido. Avatares: 1 [Hijo Test(2)] @ https://jimsimrodev.github.io/pequenos-sanos/assets/index-C7AoTPzR.js:82
[   22563ms] [LOG] [WS] 🗺️ Broadcast recibido. Avatares: 1 [Hijo Test(2)] @ https://jimsimrodev.github.io/pequenos-sanos/assets/index-C7AoTPzR.js:82
[   22595ms] [LOG] [WS] 🗺️ Broadcast recibido. Avatares: 1 [Hijo Test(2)] @ https://jimsimrodev.github.io/pequenos-sanos/assets/index-C7AoTPzR.js:82
[   22620ms] [LOG] [WS] 🗺️ Broadcast recibido. Avatares: 1 [Hijo Test(2)] @ https://jimsimrodev.github.io/pequenos-sanos/assets/index-C7AoTPzR.js:82
[   22656ms] [LOG] [WS] 🗺️ Broadcast recibido. Avatares: 1 [Hijo Test(2)] @ https://jimsimrodev.github.io/pequenos-sanos/assets/index-C7AoTPzR.js:82
[   22690ms] [LOG] [WS] 🗺️ Broadcast recibido. Avatares: 1 [Hijo Test(2)] @ https://jimsimrodev.github.io/pequenos-sanos/assets/index-C7AoTPzR.js:82
[   22729ms] [LOG] [WS] 🗺️ Broadcast recibido. Avatares: 1 [Hijo Test(2)] @ https://jimsimrodev.github.io/pequenos-sanos/assets/index-C7AoTPzR.js:82
[   22761ms] [LOG] [WS] 🗺️ Broadcast recibido. Avatares: 1 [Hijo Test(2)] @ https://jimsimrodev.github.io/pequenos-sanos/assets/index-C7AoTPzR.js:82
[   22785ms] [LOG] [WS] 🗺️ Broadcast recibido. Avatares: 1 [Hijo Test(2)] @ https://jimsimrodev.github.io/pequenos-sanos/assets/index-C7AoTPzR.js:82
[   22839ms] [LOG] [WS] 🗺️ Broadcast recibido. Avatares: 1 [Hijo Test(2)] @ https://jimsimrodev.github.io/pequenos-sanos/assets/index-C7AoTPzR.js:82
[   22873ms] [LOG] [WS] 🗺️ Broadcast recibido. Avatares: 1 [Hijo Test(2)] @ https://jimsimrodev.github.io/pequenos-sanos/assets/index-C7AoTPzR.js:82
[   22911ms] [LOG] [WS] 🗺️ Broadcast recibido. Avatares: 1 [Hijo Test(2)] @ https://jimsimrodev.github.io/pequenos-sanos/assets/index-C7AoTPzR.js:82
[   22944ms] [LOG] [WS] 🗺️ Broadcast recibido. Avatares: 1 [Hijo Test(2)] @ https://jimsimrodev.github.io/pequenos-sanos/assets/index-C7AoTPzR.js:82
[   22973ms] [LOG] [WS] 🗺️ Broadcast recibido. Avatares: 1 [Hijo Test(2)] @ https://jimsimrodev.github.io/pequenos-sanos/assets/index-C7AoTPzR.js:82
[   23002ms] [LOG] [WS] 🗺️ Broadcast recibido. Avatares: 1 [Hijo Test(2)] @ https://jimsimrodev.github.io/pequenos-sanos/assets/index-C7AoTPzR.js:82
[   23040ms] [LOG] [WS] 🗺️ Broadcast recibido. Avatares: 1 [Hijo Test(2)] @ https://jimsimrodev.github.io/pequenos-sanos/assets/index-C7AoTPzR.js:82
[   23088ms] [LOG] [WS] 🗺️ Broadcast recibido. Avatares: 1 [Hijo Test(2)] @ https://jimsimrodev.github.io/pequenos-sanos/assets/index-C7AoTPzR.js:82
[   23116ms] [LOG] [WS] 🗺️ Broadcast recibido. Avatares: 1 [Hijo Test(2)] @ https://jimsimrodev.github.io/pequenos-sanos/assets/index-C7AoTPzR.js:82
[   23147ms] [LOG] [WS] 🗺️ Broadcast recibido. Avatares: 1 [Hijo Test(2)] @ https://jimsimrodev.github.io/pequenos-sanos/assets/index-C7AoTPzR.js:82
[   23182ms] [LOG] [WS] 🗺️ Broadcast recibido. Avatares: 1 [Hijo Test(2)] @ https://jimsimrodev.github.io/pequenos-sanos/assets/index-C7AoTPzR.js:82
[   23220ms] [LOG] [WS] 🗺️ Broadcast recibido. Avatares: 1 [Hijo Test(2)] @ https://jimsimrodev.github.io/pequenos-sanos/assets/index-C7AoTPzR.js:82
[   23257ms] [LOG] [WS] 🗺️ Broadcast recibido. Avatares: 1 [Hijo Test(2)] @ https://jimsimrodev.github.io/pequenos-sanos/assets/index-C7AoTPzR.js:82
[   23284ms] [LOG] [WS] 🗺️ Broadcast recibido. Avatares: 1 [Hijo Test(2)] @ https://jimsimrodev.github.io/pequenos-sanos/assets/index-C7AoTPzR.js:82
[   23314ms] [LOG] [WS] 🗺️ Broadcast recibido. Avatares: 1 [Hijo Test(2)] @ https://jimsimrodev.github.io/pequenos-sanos/assets/index-C7AoTPzR.js:82
[   23350ms] [LOG] [WS] 🗺️ Broadcast recibido. Avatares: 1 [Hijo Test(2)] @ https://jimsimrodev.github.io/pequenos-sanos/assets/index-C7AoTPzR.js:82
[   23380ms] [LOG] [WS] 🗺️ Broadcast recibido. Avatares: 1 [Hijo Test(2)] @ https://jimsimrodev.github.io/pequenos-sanos/assets/index-C7AoTPzR.js:82
[   23381ms] [LOG] [WS] 🗺️ Broadcast recibido. Avatares: 1 [Hijo Test(2)] @ https://jimsimrodev.github.io/pequenos-sanos/assets/index-C7AoTPzR.js:82
[   23435ms] [LOG] [WS] 🗺️ Broadcast recibido. Avatares: 1 [Hijo Test(2)] @ https://jimsimrodev.github.io/pequenos-sanos/assets/index-C7AoTPzR.js:82
[   23467ms] [LOG] [WS] 🗺️ Broadcast recibido. Avatares: 1 [Hijo Test(2)] @ https://jimsimrodev.github.io/pequenos-sanos/assets/index-C7AoTPzR.js:82
[   23494ms] [LOG] [WS] 🗺️ Broadcast recibido. Avatares: 1 [Hijo Test(2)] @ https://jimsimrodev.github.io/pequenos-sanos/assets/index-C7AoTPzR.js:82
[   23517ms] [LOG] [WS] 🗺️ Broadcast recibido. Avatares: 1 [Hijo Test(2)] @ https://jimsimrodev.github.io/pequenos-sanos/assets/index-C7AoTPzR.js:82
[   23550ms] [LOG] [WS] 🗺️ Broadcast recibido. Avatares: 1 [Hijo Test(2)] @ https://jimsimrodev.github.io/pequenos-sanos/assets/index-C7AoTPzR.js:82
[   23583ms] [LOG] [WS] 🗺️ Broadcast recibido. Avatares: 1 [Hijo Test(2)] @ https://jimsimrodev.github.io/pequenos-sanos/assets/index-C7AoTPzR.js:82
[   23616ms] [LOG] [WS] 🗺️ Broadcast recibido. Avatares: 1 [Hijo Test(2)] @ https://jimsimrodev.github.io/pequenos-sanos/assets/index-C7AoTPzR.js:82
[   23644ms] [LOG] [WS] 🗺️ Broadcast recibido. Avatares: 1 [Hijo Test(2)] @ https://jimsimrodev.github.io/pequenos-sanos/assets/index-C7AoTPzR.js:82
[   23686ms] [LOG] [WS] 🗺️ Broadcast recibido. Avatares: 1 [Hijo Test(2)] @ https://jimsimrodev.github.io/pequenos-sanos/assets/index-C7AoTPzR.js:82
[   23717ms] [LOG] [WS] 🗺️ Broadcast recibido. Avatares: 1 [Hijo Test(2)] @ https://jimsimrodev.github.io/pequenos-sanos/assets/index-C7AoTPzR.js:82
[   23743ms] [LOG] [WS] 🗺️ Broadcast recibido. Avatares: 1 [Hijo Test(2)] @ https://jimsimrodev.github.io/pequenos-sanos/assets/index-C7AoTPzR.js:82
[   23791ms] [LOG] [WS] 🗺️ Broadcast recibido. Avatares: 1 [Hijo Test(2)] @ https://jimsimrodev.github.io/pequenos-sanos/assets/index-C7AoTPzR.js:82
[   23816ms] [LOG] [WS] 🗺️ Broadcast recibido. Avatares: 1 [Hijo Test(2)] @ https://jimsimrodev.github.io/pequenos-sanos/assets/index-C7AoTPzR.js:82
[   23859ms] [LOG] [WS] 🗺️ Broadcast recibido. Avatares: 1 [Hijo Test(2)] @ https://jimsimrodev.github.io/pequenos-sanos/assets/index-C7AoTPzR.js:82
[   23898ms] [LOG] [WS] 🗺️ Broadcast recibido. Avatares: 1 [Hijo Test(2)] @ https://jimsimrodev.github.io/pequenos-sanos/assets/index-C7AoTPzR.js:82
[   23928ms] [LOG] [WS] 🗺️ Broadcast recibido. Avatares: 1 [Hijo Test(2)] @ https://jimsimrodev.github.io/pequenos-sanos/assets/index-C7AoTPzR.js:82
[   23957ms] [LOG] [WS] 🗺️ Broadcast recibido. Avatares: 1 [Hijo Test(2)] @ https://jimsimrodev.github.io/pequenos-sanos/assets/index-C7AoTPzR.js:82
[   23986ms] [LOG] [WS] 🗺️ Broadcast recibido. Avatares: 1 [Hijo Test(2)] @ https://jimsimrodev.github.io/pequenos-sanos/assets/index-C7AoTPzR.js:82
[   24020ms] [LOG] [WS] 🗺️ Broadcast recibido. Avatares: 1 [Hijo Test(2)] @ https://jimsimrodev.github.io/pequenos-sanos/assets/index-C7AoTPzR.js:82
[   24048ms] [LOG] [WS] 🗺️ Broadcast recibido. Avatares: 1 [Hijo Test(2)] @ https://jimsimrodev.github.io/pequenos-sanos/assets/index-C7AoTPzR.js:82
[   24076ms] [LOG] [WS] 🗺️ Broadcast recibido. Avatares: 1 [Hijo Test(2)] @ https://jimsimrodev.github.io/pequenos-sanos/assets/index-C7AoTPzR.js:82
[   24120ms] [LOG] [WS] 🗺️ Broadcast recibido. Avatares: 1 [Hijo Test(2)] @ https://jimsimrodev.github.io/pequenos-sanos/assets/index-C7AoTPzR.js:82
[   24158ms] [LOG] [WS] 🗺️ Broadcast recibido. Avatares: 1 [Hijo Test(2)] @ https://jimsimrodev.github.io/pequenos-sanos/assets/index-C7AoTPzR.js:82
[   24198ms] [LOG] [WS] 🗺️ Broadcast recibido. Avatares: 1 [Hijo Test(2)] @ https://jimsimrodev.github.io/pequenos-sanos/assets/index-C7AoTPzR.js:82
[   24227ms] [LOG] [WS] 🗺️ Broadcast recibido. Avatares: 1 [Hijo Test(2)] @ https://jimsimrodev.github.io/pequenos-sanos/assets/index-C7AoTPzR.js:82
[   24252ms] [LOG] [WS] 🗺️ Broadcast recibido. Avatares: 1 [Hijo Test(2)] @ https://jimsimrodev.github.io/pequenos-sanos/assets/index-C7AoTPzR.js:82
[   24300ms] [LOG] [WS] 🗺️ Broadcast recibido. Avatares: 1 [Hijo Test(2)] @ https://jimsimrodev.github.io/pequenos-sanos/assets/index-C7AoTPzR.js:82
[   24336ms] [LOG] [WS] 🗺️ Broadcast recibido. Avatares: 1 [Hijo Test(2)] @ https://jimsimrodev.github.io/pequenos-sanos/assets/index-C7AoTPzR.js:82
[   24360ms] [LOG] [WS] 🗺️ Broadcast recibido. Avatares: 1 [Hijo Test(2)] @ https://jimsimrodev.github.io/pequenos-sanos/assets/index-C7AoTPzR.js:82
[   24383ms] [LOG] [WS] 🗺️ Broadcast recibido. Avatares: 1 [Hijo Test(2)] @ https://jimsimrodev.github.io/pequenos-sanos/assets/index-C7AoTPzR.js:82
[   24404ms] [LOG] [WS] 🗺️ Broadcast recibido. Avatares: 1 [Hijo Test(2)] @ https://jimsimrodev.github.io/pequenos-sanos/assets/index-C7AoTPzR.js:82
[   24446ms] [LOG] [WS] 🗺️ Broadcast recibido. Avatares: 1 [Hijo Test(2)] @ https://jimsimrodev.github.io/pequenos-sanos/assets/index-C7AoTPzR.js:82
[   24467ms] [LOG] [WS] 🗺️ Broadcast recibido. Avatares: 1 [Hijo Test(2)] @ https://jimsimrodev.github.io/pequenos-sanos/assets/index-C7AoTPzR.js:82
[   24520ms] [LOG] [WS] 🗺️ Broadcast recibido. Avatares: 1 [Hijo Test(2)] @ https://jimsimrodev.github.io/pequenos-sanos/assets/index-C7AoTPzR.js:82
[   24550ms] [LOG] [WS] 🗺️ Broadcast recibido. Avatares: 1 [Hijo Test(2)] @ https://jimsimrodev.github.io/pequenos-sanos/assets/index-C7AoTPzR.js:82
[   24574ms] [LOG] [WS] 🗺️ Broadcast recibido. Avatares: 1 [Hijo Test(2)] @ https://jimsimrodev.github.io/pequenos-sanos/assets/index-C7AoTPzR.js:82
[   24598ms] [LOG] [WS] 🗺️ Broadcast recibido. Avatares: 1 [Hijo Test(2)] @ https://jimsimrodev.github.io/pequenos-sanos/assets/index-C7AoTPzR.js:82
[   24639ms] [LOG] [WS] 🗺️ Broadcast recibido. Avatares: 1 [Hijo Test(2)] @ https://jimsimrodev.github.io/pequenos-sanos/assets/index-C7AoTPzR.js:82
[   24665ms] [LOG] [WS] 🗺️ Broadcast recibido. Avatares: 1 [Hijo Test(2)] @ https://jimsimrodev.github.io/pequenos-sanos/assets/index-C7AoTPzR.js:82
[   24716ms] [LOG] [WS] 🗺️ Broadcast recibido. Avatares: 1 [Hijo Test(2)] @ https://jimsimrodev.github.io/pequenos-sanos/assets/index-C7AoTPzR.js:82
[   24739ms] [LOG] [WS] 🗺️ Broadcast recibido. Avatares: 1 [Hijo Test(2)] @ https://jimsimrodev.github.io/pequenos-sanos/assets/index-C7AoTPzR.js:82
[   24779ms] [LOG] [WS] 🗺️ Broadcast recibido. Avatares: 1 [Hijo Test(2)] @ https://jimsimrodev.github.io/pequenos-sanos/assets/index-C7AoTPzR.js:82
[   24800ms] [LOG] [WS] 🗺️ Broadcast recibido. Avatares: 1 [Hijo Test(2)] @ https://jimsimrodev.github.io/pequenos-sanos/assets/index-C7AoTPzR.js:82
[   24842ms] [LOG] [WS] 🗺️ Broadcast recibido. Avatares: 1 [Hijo Test(2)] @ https://jimsimrodev.github.io/pequenos-sanos/assets/index-C7AoTPzR.js:82
[   24867ms] [LOG] [WS] 🗺️ Broadcast recibido. Avatares: 1 [Hijo Test(2)] @ https://jimsimrodev.github.io/pequenos-sanos/assets/index-C7AoTPzR.js:82
[   24894ms] [LOG] [WS] 🗺️ Broadcast recibido. Avatares: 1 [Hijo Test(2)] @ https://jimsimrodev.github.io/pequenos-sanos/assets/index-C7AoTPzR.js:82
[   24939ms] [LOG] [WS] 🗺️ Broadcast recibido. Avatares: 1 [Hijo Test(2)] @ https://jimsimrodev.github.io/pequenos-sanos/assets/index-C7AoTPzR.js:82
[   24964ms] [LOG] [WS] 🗺️ Broadcast recibido. Avatares: 1 [Hijo Test(2)] @ https://jimsimrodev.github.io/pequenos-sanos/assets/index-C7AoTPzR.js:82
[   25001ms] [LOG] [WS] 🗺️ Broadcast recibido. Avatares: 1 [Hijo Test(2)] @ https://jimsimrodev.github.io/pequenos-sanos/assets/index-C7AoTPzR.js:82
[   25044ms] [LOG] [WS] 🗺️ Broadcast recibido. Avatares: 1 [Hijo Test(2)] @ https://jimsimrodev.github.io/pequenos-sanos/assets/index-C7AoTPzR.js:82
[   25071ms] [LOG] [WS] 🗺️ Broadcast recibido. Avatares: 1 [Hijo Test(2)] @ https://jimsimrodev.github.io/pequenos-sanos/assets/index-C7AoTPzR.js:82
[   25098ms] [LOG] [WS] 🗺️ Broadcast recibido. Avatares: 1 [Hijo Test(2)] @ https://jimsimrodev.github.io/pequenos-sanos/assets/index-C7AoTPzR.js:82
[   25146ms] [LOG] [WS] 🗺️ Broadcast recibido. Avatares: 1 [Hijo Test(2)] @ https://jimsimrodev.github.io/pequenos-sanos/assets/index-C7AoTPzR.js:82
[   25168ms] [LOG] [WS] 🗺️ Broadcast recibido. Avatares: 1 [Hijo Test(2)] @ https://jimsimrodev.github.io/pequenos-sanos/assets/index-C7AoTPzR.js:82
[   25216ms] [LOG] [WS] 🗺️ Broadcast recibido. Avatares: 1 [Hijo Test(2)] @ https://jimsimrodev.github.io/pequenos-sanos/assets/index-C7AoTPzR.js:82
[   25239ms] [LOG] [WS] 🗺️ Broadcast recibido. Avatares: 1 [Hijo Test(2)] @ https://jimsimrodev.github.io/pequenos-sanos/assets/index-C7AoTPzR.js:82
[   25267ms] [LOG] [WS] 🗺️ Broadcast recibido. Avatares: 1 [Hijo Test(2)] @ https://jimsimrodev.github.io/pequenos-sanos/assets/index-C7AoTPzR.js:82
[   25295ms] [LOG] [WS] 🗺️ Broadcast recibido. Avatares: 1 [Hijo Test(2)] @ https://jimsimrodev.github.io/pequenos-sanos/assets/index-C7AoTPzR.js:82
[   25345ms] [LOG] [WS] 🗺️ Broadcast recibido. Avatares: 1 [Hijo Test(2)] @ https://jimsimrodev.github.io/pequenos-sanos/assets/index-C7AoTPzR.js:82
[   25368ms] [LOG] [WS] 🗺️ Broadcast recibido. Avatares: 1 [Hijo Test(2)] @ https://jimsimrodev.github.io/pequenos-sanos/assets/index-C7AoTPzR.js:82
[   25392ms] [LOG] [WS] 🗺️ Broadcast recibido. Avatares: 1 [Hijo Test(2)] @ https://jimsimrodev.github.io/pequenos-sanos/assets/index-C7AoTPzR.js:82
[   25438ms] [LOG] [WS] 🗺️ Broadcast recibido. Avatares: 1 [Hijo Test(2)] @ https://jimsimrodev.github.io/pequenos-sanos/assets/index-C7AoTPzR.js:82
[   25479ms] [LOG] [WS] 🗺️ Broadcast recibido. Avatares: 1 [Hijo Test(2)] @ https://jimsimrodev.github.io/pequenos-sanos/assets/index-C7AoTPzR.js:82
[   25503ms] [LOG] [WS] 🗺️ Broadcast recibido. Avatares: 1 [Hijo Test(2)] @ https://jimsimrodev.github.io/pequenos-sanos/assets/index-C7AoTPzR.js:82
[   25527ms] [LOG] [WS] 🗺️ Broadcast recibido. Avatares: 1 [Hijo Test(2)] @ https://jimsimrodev.github.io/pequenos-sanos/assets/index-C7AoTPzR.js:82
[   25576ms] [LOG] [WS] 🗺️ Broadcast recibido. Avatares: 1 [Hijo Test(2)] @ https://jimsimrodev.github.io/pequenos-sanos/assets/index-C7AoTPzR.js:82
[   25601ms] [LOG] [WS] 🗺️ Broadcast recibido. Avatares: 1 [Hijo Test(2)] @ https://jimsimrodev.github.io/pequenos-sanos/assets/index-C7AoTPzR.js:82
[   25623ms] [LOG] [WS] 🗺️ Broadcast recibido. Avatares: 1 [Hijo Test(2)] @ https://jimsimrodev.github.io/pequenos-sanos/assets/index-C7AoTPzR.js:82
[   25676ms] [LOG] [WS] 🗺️ Broadcast recibido. Avatares: 1 [Hijo Test(2)] @ https://jimsimrodev.github.io/pequenos-sanos/assets/index-C7AoTPzR.js:82
[   25704ms] [LOG] [WS] 🗺️ Broadcast recibido. Avatares: 1 [Hijo Test(2)] @ https://jimsimrodev.github.io/pequenos-sanos/assets/index-C7AoTPzR.js:82
[   25729ms] [LOG] [WS] 🗺️ Broadcast recibido. Avatares: 1 [Hijo Test(2)] @ https://jimsimrodev.github.io/pequenos-sanos/assets/index-C7AoTPzR.js:82
[   25773ms] [LOG] [WS] 🗺️ Broadcast recibido. Avatares: 1 [Hijo Test(2)] @ https://jimsimrodev.github.io/pequenos-sanos/assets/index-C7AoTPzR.js:82
[   25794ms] [LOG] [WS] 🗺️ Broadcast recibido. Avatares: 1 [Hijo Test(2)] @ https://jimsimrodev.github.io/pequenos-sanos/assets/index-C7AoTPzR.js:82
[   25826ms] [LOG] [WS] 🗺️ Broadcast recibido. Avatares: 1 [Hijo Test(2)] @ https://jimsimrodev.github.io/pequenos-sanos/assets/index-C7AoTPzR.js:82
[   25867ms] [LOG] [WS] 🗺️ Broadcast recibido. Avatares: 1 [Hijo Test(2)] @ https://jimsimrodev.github.io/pequenos-sanos/assets/index-C7AoTPzR.js:82
[   25891ms] [LOG] [WS] 🗺️ Broadcast recibido. Avatares: 1 [Hijo Test(2)] @ https://jimsimrodev.github.io/pequenos-sanos/assets/index-C7AoTPzR.js:82
[   25944ms] [LOG] [WS] 🗺️ Broadcast recibido. Avatares: 1 [Hijo Test(2)] @ https://jimsimrodev.github.io/pequenos-sanos/assets/index-C7AoTPzR.js:82
[   25965ms] [LOG] [WS] 🗺️ Broadcast recibido. Avatares: 1 [Hijo Test(2)] @ https://jimsimrodev.github.io/pequenos-sanos/assets/index-C7AoTPzR.js:82
[   25987ms] [LOG] [WS] 🗺️ Broadcast recibido. Avatares: 1 [Hijo Test(2)] @ https://jimsimrodev.github.io/pequenos-sanos/assets/index-C7AoTPzR.js:82
[   26024ms] [LOG] [WS] 🗺️ Broadcast recibido. Avatares: 1 [Hijo Test(2)] @ https://jimsimrodev.github.io/pequenos-sanos/assets/index-C7AoTPzR.js:82
[   26065ms] [LOG] [WS] 🗺️ Broadcast recibido. Avatares: 1 [Hijo Test(2)] @ https://jimsimrodev.github.io/pequenos-sanos/assets/index-C7AoTPzR.js:82
[   26088ms] [LOG] [WS] 🗺️ Broadcast recibido. Avatares: 1 [Hijo Test(2)] @ https://jimsimrodev.github.io/pequenos-sanos/assets/index-C7AoTPzR.js:82
[   26135ms] [LOG] [WS] 🗺️ Broadcast recibido. Avatares: 1 [Hijo Test(2)] @ https://jimsimrodev.github.io/pequenos-sanos/assets/index-C7AoTPzR.js:82
[   26157ms] [LOG] [WS] 🗺️ Broadcast recibido. Avatares: 1 [Hijo Test(2)] @ https://jimsimrodev.github.io/pequenos-sanos/assets/index-C7AoTPzR.js:82
[   26197ms] [LOG] [WS] 🗺️ Broadcast recibido. Avatares: 1 [Hijo Test(2)] @ https://jimsimrodev.github.io/pequenos-sanos/assets/index-C7AoTPzR.js:82
[   26220ms] [LOG] [WS] 🗺️ Broadcast recibido. Avatares: 1 [Hijo Test(2)] @ https://jimsimrodev.github.io/pequenos-sanos/assets/index-C7AoTPzR.js:82
[   26262ms] [LOG] [WS] 🗺️ Broadcast recibido. Avatares: 1 [Hijo Test(2)] @ https://jimsimrodev.github.io/pequenos-sanos/assets/index-C7AoTPzR.js:82
[   26286ms] [LOG] [WS] 🗺️ Broadcast recibido. Avatares: 1 [Hijo Test(2)] @ https://jimsimrodev.github.io/pequenos-sanos/assets/index-C7AoTPzR.js:82
[   26329ms] [LOG] [WS] 🗺️ Broadcast recibido. Avatares: 1 [Hijo Test(2)] @ https://jimsimrodev.github.io/pequenos-sanos/assets/index-C7AoTPzR.js:82
[   26359ms] [LOG] [WS] 🗺️ Broadcast recibido. Avatares: 1 [Hijo Test(2)] @ https://jimsimrodev.github.io/pequenos-sanos/assets/index-C7AoTPzR.js:82
[   26399ms] [LOG] [WS] 🗺️ Broadcast recibido. Avatares: 1 [Hijo Test(2)] @ https://jimsimrodev.github.io/pequenos-sanos/assets/index-C7AoTPzR.js:82
[   26423ms] [LOG] [WS] 🗺️ Broadcast recibido. Avatares: 1 [Hijo Test(2)] @ https://jimsimrodev.github.io/pequenos-sanos/assets/index-C7AoTPzR.js:82
[   26462ms] [LOG] [WS] 🗺️ Broadcast recibido. Avatares: 1 [Hijo Test(2)] @ https://jimsimrodev.github.io/pequenos-sanos/assets/index-C7AoTPzR.js:82
[   26485ms] [LOG] [WS] 🗺️ Broadcast recibido. Avatares: 1 [Hijo Test(2)] @ https://jimsimrodev.github.io/pequenos-sanos/assets/index-C7AoTPzR.js:82
[   26527ms] [LOG] [WS] 🗺️ Broadcast recibido. Avatares: 1 [Hijo Test(2)] @ https://jimsimrodev.github.io/pequenos-sanos/assets/index-C7AoTPzR.js:82
[   26548ms] [LOG] [WS] 🗺️ Broadcast recibido. Avatares: 1 [Hijo Test(2)] @ https://jimsimrodev.github.io/pequenos-sanos/assets/index-C7AoTPzR.js:82
[   26583ms] [LOG] [WS] 🗺️ Broadcast recibido. Avatares: 1 [Hijo Test(2)] @ https://jimsimrodev.github.io/pequenos-sanos/assets/index-C7AoTPzR.js:82
[   26643ms] [LOG] [WS] 🗺️ Broadcast recibido. Avatares: 1 [Hijo Test(2)] @ https://jimsimrodev.github.io/pequenos-sanos/assets/index-C7AoTPzR.js:82
[   26678ms] [LOG] [WS] 🗺️ Broadcast recibido. Avatares: 1 [Hijo Test(2)] @ https://jimsimrodev.github.io/pequenos-sanos/assets/index-C7AoTPzR.js:82
[   26704ms] [LOG] [WS] 🗺️ Broadcast recibido. Avatares: 1 [Hijo Test(2)] @ https://jimsimrodev.github.io/pequenos-sanos/assets/index-C7AoTPzR.js:82
[   26734ms] [LOG] [WS] 🗺️ Broadcast recibido. Avatares: 1 [Hijo Test(2)] @ https://jimsimrodev.github.io/pequenos-sanos/assets/index-C7AoTPzR.js:82
[   26760ms] [LOG] [WS] 🗺️ Broadcast recibido. Avatares: 1 [Hijo Test(2)] @ https://jimsimrodev.github.io/pequenos-sanos/assets/index-C7AoTPzR.js:82
[   26789ms] [LOG] [WS] 🗺️ Broadcast recibido. Avatares: 1 [Hijo Test(2)] @ https://jimsimrodev.github.io/pequenos-sanos/assets/index-C7AoTPzR.js:82
[   26813ms] [LOG] [WS] 🗺️ Broadcast recibido. Avatares: 1 [Hijo Test(2)] @ https://jimsimrodev.github.io/pequenos-sanos/assets/index-C7AoTPzR.js:82
[   26845ms] [LOG] [WS] 🗺️ Broadcast recibido. Avatares: 1 [Hijo Test(2)] @ https://jimsimrodev.github.io/pequenos-sanos/assets/index-C7AoTPzR.js:82
[   26877ms] [LOG] [WS] 🗺️ Broadcast recibido. Avatares: 1 [Hijo Test(2)] @ https://jimsimrodev.github.io/pequenos-sanos/assets/index-C7AoTPzR.js:82
[   26934ms] [LOG] [WS] 🗺️ Broadcast recibido. Avatares: 1 [Hijo Test(2)] @ https://jimsimrodev.github.io/pequenos-sanos/assets/index-C7AoTPzR.js:82
[   26964ms] [LOG] [WS] 🗺️ Broadcast recibido. Avatares: 1 [Hijo Test(2)] @ https://jimsimrodev.github.io/pequenos-sanos/assets/index-C7AoTPzR.js:82
[   26994ms] [LOG] [WS] 🗺️ Broadcast recibido. Avatares: 1 [Hijo Test(2)] @ https://jimsimrodev.github.io/pequenos-sanos/assets/index-C7AoTPzR.js:82
[   27023ms] [LOG] [WS] 🗺️ Broadcast recibido. Avatares: 1 [Hijo Test(2)] @ https://jimsimrodev.github.io/pequenos-sanos/assets/index-C7AoTPzR.js:82
[   27051ms] [LOG] [WS] 🗺️ Broadcast recibido. Avatares: 1 [Hijo Test(2)] @ https://jimsimrodev.github.io/pequenos-sanos/assets/index-C7AoTPzR.js:82
[   27085ms] [LOG] [WS] 🗺️ Broadcast recibido. Avatares: 1 [Hijo Test(2)] @ https://jimsimrodev.github.io/pequenos-sanos/assets/index-C7AoTPzR.js:82
[   27107ms] [LOG] [WS] 🗺️ Broadcast recibido. Avatares: 1 [Hijo Test(2)] @ https://jimsimrodev.github.io/pequenos-sanos/assets/index-C7AoTPzR.js:82
[   27154ms] [LOG] [WS] 🗺️ Broadcast recibido. Avatares: 1 [Hijo Test(2)] @ https://jimsimrodev.github.io/pequenos-sanos/assets/index-C7AoTPzR.js:82
[   27175ms] [LOG] [WS] 🗺️ Broadcast recibido. Avatares: 1 [Hijo Test(2)] @ https://jimsimrodev.github.io/pequenos-sanos/assets/index-C7AoTPzR.js:82
[   27219ms] [LOG] [WS] 🗺️ Broadcast recibido. Avatares: 1 [Hijo Test(2)] @ https://jimsimrodev.github.io/pequenos-sanos/assets/index-C7AoTPzR.js:82
[   27259ms] [LOG] [WS] 🗺️ Broadcast recibido. Avatares: 1 [Hijo Test(2)] @ https://jimsimrodev.github.io/pequenos-sanos/assets/index-C7AoTPzR.js:82
[   27279ms] [LOG] [WS] 🗺️ Broadcast recibido. Avatares: 1 [Hijo Test(2)] @ https://jimsimrodev.github.io/pequenos-sanos/assets/index-C7AoTPzR.js:82
[   27329ms] [LOG] [WS] 🗺️ Broadcast recibido. Avatares: 1 [Hijo Test(2)] @ https://jimsimrodev.github.io/pequenos-sanos/assets/index-C7AoTPzR.js:82
[   27350ms] [LOG] [WS] 🗺️ Broadcast recibido. Avatares: 1 [Hijo Test(2)] @ https://jimsimrodev.github.io/pequenos-sanos/assets/index-C7AoTPzR.js:82
[   27371ms] [LOG] [WS] 🗺️ Broadcast recibido. Avatares: 1 [Hijo Test(2)] @ https://jimsimrodev.github.io/pequenos-sanos/assets/index-C7AoTPzR.js:82
[   27417ms] [LOG] [WS] 🗺️ Broadcast recibido. Avatares: 1 [Hijo Test(2)] @ https://jimsimrodev.github.io/pequenos-sanos/assets/index-C7AoTPzR.js:82
[   27443ms] [LOG] [WS] 🗺️ Broadcast recibido. Avatares: 1 [Hijo Test(2)] @ https://jimsimrodev.github.io/pequenos-sanos/assets/index-C7AoTPzR.js:82
[   27487ms] [LOG] [WS] 🗺️ Broadcast recibido. Avatares: 1 [Hijo Test(2)] @ https://jimsimrodev.github.io/pequenos-sanos/assets/index-C7AoTPzR.js:82
[   27514ms] [LOG] [WS] 🗺️ Broadcast recibido. Avatares: 1 [Hijo Test(2)] @ https://jimsimrodev.github.io/pequenos-sanos/assets/index-C7AoTPzR.js:82
[   27560ms] [LOG] [WS] 🗺️ Broadcast recibido. Avatares: 1 [Hijo Test(2)] @ https://jimsimrodev.github.io/pequenos-sanos/assets/index-C7AoTPzR.js:82
[   27593ms] [LOG] [WS] 🗺️ Broadcast recibido. Avatares: 1 [Hijo Test(2)] @ https://jimsimrodev.github.io/pequenos-sanos/assets/index-C7AoTPzR.js:82
[   27617ms] [LOG] [WS] 🗺️ Broadcast recibido. Avatares: 1 [Hijo Test(2)] @ https://jimsimrodev.github.io/pequenos-sanos/assets/index-C7AoTPzR.js:82
[   27644ms] [LOG] [WS] 🗺️ Broadcast recibido. Avatares: 1 [Hijo Test(2)] @ https://jimsimrodev.github.io/pequenos-sanos/assets/index-C7AoTPzR.js:82
[   27694ms] [LOG] [WS] 🗺️ Broadcast recibido. Avatares: 1 [Hijo Test(2)] @ https://jimsimrodev.github.io/pequenos-sanos/assets/index-C7AoTPzR.js:82
[   27725ms] [LOG] [WS] 🗺️ Broadcast recibido. Avatares: 1 [Hijo Test(2)] @ https://jimsimrodev.github.io/pequenos-sanos/assets/index-C7AoTPzR.js:82
[   27752ms] [LOG] [WS] 🗺️ Broadcast recibido. Avatares: 1 [Hijo Test(2)] @ https://jimsimrodev.github.io/pequenos-sanos/assets/index-C7AoTPzR.js:82
[   27781ms] [LOG] [WS] 🗺️ Broadcast recibido. Avatares: 1 [Hijo Test(2)] @ https://jimsimrodev.github.io/pequenos-sanos/assets/index-C7AoTPzR.js:82
[   27806ms] [LOG] [WS] 🗺️ Broadcast recibido. Avatares: 1 [Hijo Test(2)] @ https://jimsimrodev.github.io/pequenos-sanos/assets/index-C7AoTPzR.js:82
[   27836ms] [LOG] [WS] 🗺️ Broadcast recibido. Avatares: 1 [Hijo Test(2)] @ https://jimsimrodev.github.io/pequenos-sanos/assets/index-C7AoTPzR.js:82
[   27883ms] [LOG] [WS] 🗺️ Broadcast recibido. Avatares: 1 [Hijo Test(2)] @ https://jimsimrodev.github.io/pequenos-sanos/assets/index-C7AoTPzR.js:82
[   27911ms] [LOG] [WS] 🗺️ Broadcast recibido. Avatares: 1 [Hijo Test(2)] @ https://jimsimrodev.github.io/pequenos-sanos/assets/index-C7AoTPzR.js:82
[   27955ms] [LOG] [WS] 🗺️ Broadcast recibido. Avatares: 1 [Hijo Test(2)] @ https://jimsimrodev.github.io/pequenos-sanos/assets/index-C7AoTPzR.js:82
[   27989ms] [LOG] [WS] 🗺️ Broadcast recibido. Avatares: 1 [Hijo Test(2)] @ https://jimsimrodev.github.io/pequenos-sanos/assets/index-C7AoTPzR.js:82
[   28012ms] [LOG] [WS] 🗺️ Broadcast recibido. Avatares: 1 [Hijo Test(2)] @ https://jimsimrodev.github.io/pequenos-sanos/assets/index-C7AoTPzR.js:82
[   28033ms] [LOG] [WS] 🗺️ Broadcast recibido. Avatares: 1 [Hijo Test(2)] @ https://jimsimrodev.github.io/pequenos-sanos/assets/index-C7AoTPzR.js:82
[   28086ms] [LOG] [WS] 🗺️ Broadcast recibido. Avatares: 1 [Hijo Test(2)] @ https://jimsimrodev.github.io/pequenos-sanos/assets/index-C7AoTPzR.js:82
[   28112ms] [LOG] [WS] 🗺️ Broadcast recibido. Avatares: 1 [Hijo Test(2)] @ https://jimsimrodev.github.io/pequenos-sanos/assets/index-C7AoTPzR.js:82
[   28138ms] [LOG] [WS] 🗺️ Broadcast recibido. Avatares: 1 [Hijo Test(2)] @ https://jimsimrodev.github.io/pequenos-sanos/assets/index-C7AoTPzR.js:82
[   28166ms] [LOG] [WS] 🗺️ Broadcast recibido. Avatares: 1 [Hijo Test(2)] @ https://jimsimrodev.github.io/pequenos-sanos/assets/index-C7AoTPzR.js:82
[   28211ms] [LOG] [WS] 🗺️ Broadcast recibido. Avatares: 1 [Hijo Test(2)] @ https://jimsimrodev.github.io/pequenos-sanos/assets/index-C7AoTPzR.js:82
[   28233ms] [LOG] [WS] 🗺️ Broadcast recibido. Avatares: 1 [Hijo Test(2)] @ https://jimsimrodev.github.io/pequenos-sanos/assets/index-C7AoTPzR.js:82
[   28264ms] [LOG] [WS] 🗺️ Broadcast recibido. Avatares: 1 [Hijo Test(2)] @ https://jimsimrodev.github.io/pequenos-sanos/assets/index-C7AoTPzR.js:82
[   28308ms] [LOG] [WS] 🗺️ Broadcast recibido. Avatares: 1 [Hijo Test(2)] @ https://jimsimrodev.github.io/pequenos-sanos/assets/index-C7AoTPzR.js:82
[   28346ms] [LOG] [WS] 🗺️ Broadcast recibido. Avatares: 1 [Hijo Test(2)] @ https://jimsimrodev.github.io/pequenos-sanos/assets/index-C7AoTPzR.js:82
[   28371ms] [LOG] [WS] 🗺️ Broadcast recibido. Avatares: 1 [Hijo Test(2)] @ https://jimsimrodev.github.io/pequenos-sanos/assets/index-C7AoTPzR.js:82
[   28404ms] [LOG] [WS] 🗺️ Broadcast recibido. Avatares: 1 [Hijo Test(2)] @ https://jimsimrodev.github.io/pequenos-sanos/assets/index-C7AoTPzR.js:82
[   28429ms] [LOG] [WS] 🗺️ Broadcast recibido. Avatares: 1 [Hijo Test(2)] @ https://jimsimrodev.github.io/pequenos-sanos/assets/index-C7AoTPzR.js:82
[   28472ms] [LOG] [WS] 🗺️ Broadcast recibido. Avatares: 1 [Hijo Test(2)] @ https://jimsimrodev.github.io/pequenos-sanos/assets/index-C7AoTPzR.js:82
[   28494ms] [LOG] [WS] 🗺️ Broadcast recibido. Avatares: 1 [Hijo Test(2)] @ https://jimsimrodev.github.io/pequenos-sanos/assets/index-C7AoTPzR.js:82
[   28531ms] [LOG] [WS] 🗺️ Broadcast recibido. Avatares: 1 [Hijo Test(2)] @ https://jimsimrodev.github.io/pequenos-sanos/assets/index-C7AoTPzR.js:82
[   28572ms] [LOG] [WS] 🗺️ Broadcast recibido. Avatares: 1 [Hijo Test(2)] @ https://jimsimrodev.github.io/pequenos-sanos/assets/index-C7AoTPzR.js:82
[   28599ms] [LOG] [WS] 🗺️ Broadcast recibido. Avatares: 1 [Hijo Test(2)] @ https://jimsimrodev.github.io/pequenos-sanos/assets/index-C7AoTPzR.js:82
[   28635ms] [LOG] [WS] 🗺️ Broadcast recibido. Avatares: 1 [Hijo Test(2)] @ https://jimsimrodev.github.io/pequenos-sanos/assets/index-C7AoTPzR.js:82
[   28680ms] [LOG] [WS] 🗺️ Broadcast recibido. Avatares: 1 [Hijo Test(2)] @ https://jimsimrodev.github.io/pequenos-sanos/assets/index-C7AoTPzR.js:82
[   28704ms] [LOG] [WS] 🗺️ Broadcast recibido. Avatares: 1 [Hijo Test(2)] @ https://jimsimrodev.github.io/pequenos-sanos/assets/index-C7AoTPzR.js:82
[   28728ms] [LOG] [WS] 🗺️ Broadcast recibido. Avatares: 1 [Hijo Test(2)] @ https://jimsimrodev.github.io/pequenos-sanos/assets/index-C7AoTPzR.js:82
[   28774ms] [LOG] [WS] 🗺️ Broadcast recibido. Avatares: 1 [Hijo Test(2)] @ https://jimsimrodev.github.io/pequenos-sanos/assets/index-C7AoTPzR.js:82
[   28795ms] [LOG] [WS] 🗺️ Broadcast recibido. Avatares: 1 [Hijo Test(2)] @ https://jimsimrodev.github.io/pequenos-sanos/assets/index-C7AoTPzR.js:82
[   28834ms] [LOG] [WS] 🗺️ Broadcast recibido. Avatares: 1 [Hijo Test(2)] @ https://jimsimrodev.github.io/pequenos-sanos/assets/index-C7AoTPzR.js:82
[   28861ms] [LOG] [WS] 🗺️ Broadcast recibido. Avatares: 1 [Hijo Test(2)] @ https://jimsimrodev.github.io/pequenos-sanos/assets/index-C7AoTPzR.js:82
[   28907ms] [LOG] [WS] 🗺️ Broadcast recibido. Avatares: 1 [Hijo Test(2)] @ https://jimsimrodev.github.io/pequenos-sanos/assets/index-C7AoTPzR.js:82
[   28933ms] [LOG] [WS] 🗺️ Broadcast recibido. Avatares: 1 [Hijo Test(2)] @ https://jimsimrodev.github.io/pequenos-sanos/assets/index-C7AoTPzR.js:82
[   28973ms] [LOG] [WS] 🗺️ Broadcast recibido. Avatares: 1 [Hijo Test(2)] @ https://jimsimrodev.github.io/pequenos-sanos/assets/index-C7AoTPzR.js:82
[   28993ms] [LOG] [WS] 🗺️ Broadcast recibido. Avatares: 1 [Hijo Test(2)] @ https://jimsimrodev.github.io/pequenos-sanos/assets/index-C7AoTPzR.js:82
[   29038ms] [LOG] [WS] 🗺️ Broadcast recibido. Avatares: 1 [Hijo Test(2)] @ https://jimsimrodev.github.io/pequenos-sanos/assets/index-C7AoTPzR.js:82
[   29063ms] [LOG] [WS] 🗺️ Broadcast recibido. Avatares: 1 [Hijo Test(2)] @ https://jimsimrodev.github.io/pequenos-sanos/assets/index-C7AoTPzR.js:82
[   29107ms] [LOG] [WS] 🗺️ Broadcast recibido. Avatares: 1 [Hijo Test(2)] @ https://jimsimrodev.github.io/pequenos-sanos/assets/index-C7AoTPzR.js:82
[   29134ms] [LOG] [WS] 🗺️ Broadcast recibido. Avatares: 1 [Hijo Test(2)] @ https://jimsimrodev.github.io/pequenos-sanos/assets/index-C7AoTPzR.js:82
[   29160ms] [LOG] [WS] 🗺️ Broadcast recibido. Avatares: 1 [Hijo Test(2)] @ https://jimsimrodev.github.io/pequenos-sanos/assets/index-C7AoTPzR.js:82
[   29200ms] [LOG] [WS] 🗺️ Broadcast recibido. Avatares: 1 [Hijo Test(2)] @ https://jimsimrodev.github.io/pequenos-sanos/assets/index-C7AoTPzR.js:82
[   29224ms] [LOG] [WS] 🗺️ Broadcast recibido. Avatares: 1 [Hijo Test(2)] @ https://jimsimrodev.github.io/pequenos-sanos/assets/index-C7AoTPzR.js:82
[   29269ms] [LOG] [WS] 🗺️ Broadcast recibido. Avatares: 1 [Hijo Test(2)] @ https://jimsimrodev.github.io/pequenos-sanos/assets/index-C7AoTPzR.js:82
[   29285ms] [LOG] [WS] 🗺️ Broadcast recibido. Avatares: 1 [Hijo Test(2)] @ https://jimsimrodev.github.io/pequenos-sanos/assets/index-C7AoTPzR.js:82
[   29327ms] [LOG] [WS] 🗺️ Broadcast recibido. Avatares: 1 [Hijo Test(2)] @ https://jimsimrodev.github.io/pequenos-sanos/assets/index-C7AoTPzR.js:82
[   29350ms] [LOG] [WS] 🗺️ Broadcast recibido. Avatares: 1 [Hijo Test(2)] @ https://jimsimrodev.github.io/pequenos-sanos/assets/index-C7AoTPzR.js:82
[   29404ms] [LOG] [WS] 🗺️ Broadcast recibido. Avatares: 1 [Hijo Test(2)] @ https://jimsimrodev.github.io/pequenos-sanos/assets/index-C7AoTPzR.js:82
[   29429ms] [LOG] [WS] 🗺️ Broadcast recibido. Avatares: 1 [Hijo Test(2)] @ https://jimsimrodev.github.io/pequenos-sanos/assets/index-C7AoTPzR.js:82
[   29452ms] [LOG] [WS] 🗺️ Broadcast recibido. Avatares: 1 [Hijo Test(2)] @ https://jimsimrodev.github.io/pequenos-sanos/assets/index-C7AoTPzR.js:82
[   29493ms] [LOG] [WS] 🗺️ Broadcast recibido. Avatares: 1 [Hijo Test(2)] @ https://jimsimrodev.github.io/pequenos-sanos/assets/index-C7AoTPzR.js:82
[   29515ms] [LOG] [WS] 🗺️ Broadcast recibido. Avatares: 1 [Hijo Test(2)] @ https://jimsimrodev.github.io/pequenos-sanos/assets/index-C7AoTPzR.js:82
[   29568ms] [LOG] [WS] 🗺️ Broadcast recibido. Avatares: 1 [Hijo Test(2)] @ https://jimsimrodev.github.io/pequenos-sanos/assets/index-C7AoTPzR.js:82
[   29593ms] [LOG] [WS] 🗺️ Broadcast recibido. Avatares: 1 [Hijo Test(2)] @ https://jimsimrodev.github.io/pequenos-sanos/assets/index-C7AoTPzR.js:82
[   29617ms] [LOG] [WS] 🗺️ Broadcast recibido. Avatares: 1 [Hijo Test(2)] @ https://jimsimrodev.github.io/pequenos-sanos/assets/index-C7AoTPzR.js:82
[   29682ms] [LOG] [WS] 🗺️ Broadcast recibido. Avatares: 1 [Hijo Test(2)] @ https://jimsimrodev.github.io/pequenos-sanos/assets/index-C7AoTPzR.js:82
[   29731ms] [LOG] [WS] 🗺️ Broadcast recibido. Avatares: 1 [Hijo Test(2)] @ https://jimsimrodev.github.io/pequenos-sanos/assets/index-C7AoTPzR.js:82
[   29732ms] [LOG] [WS] 🗺️ Broadcast recibido. Avatares: 1 [Hijo Test(2)] @ https://jimsimrodev.github.io/pequenos-sanos/assets/index-C7AoTPzR.js:82
[   29767ms] [LOG] [WS] 🗺️ Broadcast recibido. Avatares: 1 [Hijo Test(2)] @ https://jimsimrodev.github.io/pequenos-sanos/assets/index-C7AoTPzR.js:82
[   29805ms] [LOG] [WS] 🗺️ Broadcast recibido. Avatares: 1 [Hijo Test(2)] @ https://jimsimrodev.github.io/pequenos-sanos/assets/index-C7AoTPzR.js:82
[   29847ms] [LOG] [WS] 🗺️ Broadcast recibido. Avatares: 1 [Hijo Test(2)] @ https://jimsimrodev.github.io/pequenos-sanos/assets/index-C7AoTPzR.js:82
[   29904ms] [LOG] [WS] 🗺️ Broadcast recibido. Avatares: 1 [Hijo Test(2)] @ https://jimsimrodev.github.io/pequenos-sanos/assets/index-C7AoTPzR.js:82
[   29954ms] [LOG] [WS] 🗺️ Broadcast recibido. Avatares: 1 [Hijo Test(2)] @ https://jimsimrodev.github.io/pequenos-sanos/assets/index-C7AoTPzR.js:82
[   29987ms] [LOG] [WS] 🗺️ Broadcast recibido. Avatares: 1 [Hijo Test(2)] @ https://jimsimrodev.github.io/pequenos-sanos/assets/index-C7AoTPzR.js:82
[   29991ms] [LOG] [WS] 🗺️ Broadcast recibido. Avatares: 1 [Hijo Test(2)] @ https://jimsimrodev.github.io/pequenos-sanos/assets/index-C7AoTPzR.js:82
[   30040ms] [LOG] [WS] 🗺️ Broadcast recibido. Avatares: 1 [Hijo Test(2)] @ https://jimsimrodev.github.io/pequenos-sanos/assets/index-C7AoTPzR.js:82
[   30086ms] [LOG] [WS] 🗺️ Broadcast recibido. Avatares: 1 [Hijo Test(2)] @ https://jimsimrodev.github.io/pequenos-sanos/assets/index-C7AoTPzR.js:82
[   30120ms] [LOG] [WS] 🗺️ Broadcast recibido. Avatares: 1 [Hijo Test(2)] @ https://jimsimrodev.github.io/pequenos-sanos/assets/index-C7AoTPzR.js:82
[   30121ms] [LOG] [WS] 🗺️ Broadcast recibido. Avatares: 1 [Hijo Test(2)] @ https://jimsimrodev.github.io/pequenos-sanos/assets/index-C7AoTPzR.js:82
[   30174ms] [LOG] [WS] 🗺️ Broadcast recibido. Avatares: 1 [Hijo Test(2)] @ https://jimsimrodev.github.io/pequenos-sanos/assets/index-C7AoTPzR.js:82
[   30205ms] [LOG] [WS] 🗺️ Broadcast recibido. Avatares: 1 [Hijo Test(2)] @ https://jimsimrodev.github.io/pequenos-sanos/assets/index-C7AoTPzR.js:82
[   30206ms] [LOG] [WS] 🗺️ Broadcast recibido. Avatares: 1 [Hijo Test(2)] @ https://jimsimrodev.github.io/pequenos-sanos/assets/index-C7AoTPzR.js:82
[   30233ms] [LOG] [WS] 🗺️ Broadcast recibido. Avatares: 1 [Hijo Test(2)] @ https://jimsimrodev.github.io/pequenos-sanos/assets/index-C7AoTPzR.js:82
[   30261ms] [LOG] [WS] 🗺️ Broadcast recibido. Avatares: 1 [Hijo Test(2)] @ https://jimsimrodev.github.io/pequenos-sanos/assets/index-C7AoTPzR.js:82
[   30291ms] [LOG] [WS] 🗺️ Broadcast recibido. Avatares: 1 [Hijo Test(2)] @ https://jimsimrodev.github.io/pequenos-sanos/assets/index-C7AoTPzR.js:82
[   30328ms] [LOG] [WS] 🗺️ Broadcast recibido. Avatares: 1 [Hijo Test(2)] @ https://jimsimrodev.github.io/pequenos-sanos/assets/index-C7AoTPzR.js:82
[   30362ms] [LOG] [WS] 🗺️ Broadcast recibido. Avatares: 1 [Hijo Test(2)] @ https://jimsimrodev.github.io/pequenos-sanos/assets/index-C7AoTPzR.js:82
[   30409ms] [LOG] [WS] 🗺️ Broadcast recibido. Avatares: 1 [Hijo Test(2)] @ https://jimsimrodev.github.io/pequenos-sanos/assets/index-C7AoTPzR.js:82
[   30445ms] [LOG] [WS] 🗺️ Broadcast recibido. Avatares: 1 [Hijo Test(2)] @ https://jimsimrodev.github.io/pequenos-sanos/assets/index-C7AoTPzR.js:82
[   30487ms] [LOG] [WS] 🗺️ Broadcast recibido. Avatares: 1 [Hijo Test(2)] @ https://jimsimrodev.github.io/pequenos-sanos/assets/index-C7AoTPzR.js:82
[   30536ms] [LOG] [WS] 🗺️ Broadcast recibido. Avatares: 1 [Hijo Test(2)] @ https://jimsimrodev.github.io/pequenos-sanos/assets/index-C7AoTPzR.js:82
[   30564ms] [LOG] [WS] 🗺️ Broadcast recibido. Avatares: 1 [Hijo Test(2)] @ https://jimsimrodev.github.io/pequenos-sanos/assets/index-C7AoTPzR.js:82
[   30597ms] [LOG] [WS] 🗺️ Broadcast recibido. Avatares: 1 [Hijo Test(2)] @ https://jimsimrodev.github.io/pequenos-sanos/assets/index-C7AoTPzR.js:82
[   30630ms] [LOG] [WS] 🗺️ Broadcast recibido. Avatares: 1 [Hijo Test(2)] @ https://jimsimrodev.github.io/pequenos-sanos/assets/index-C7AoTPzR.js:82
[   30660ms] [LOG] [WS] 🗺️ Broadcast recibido. Avatares: 1 [Hijo Test(2)] @ https://jimsimrodev.github.io/pequenos-sanos/assets/index-C7AoTPzR.js:82
[   30700ms] [LOG] [WS] 🗺️ Broadcast recibido. Avatares: 1 [Hijo Test(2)] @ https://jimsimrodev.github.io/pequenos-sanos/assets/index-C7AoTPzR.js:82
[   30739ms] [LOG] [WS] 🗺️ Broadcast recibido. Avatares: 1 [Hijo Test(2)] @ https://jimsimrodev.github.io/pequenos-sanos/assets/index-C7AoTPzR.js:82
[   30770ms] [LOG] [WS] 🗺️ Broadcast recibido. Avatares: 1 [Hijo Test(2)] @ https://jimsimrodev.github.io/pequenos-sanos/assets/index-C7AoTPzR.js:82
[   30771ms] [LOG] [WS] 🗺️ Broadcast recibido. Avatares: 1 [Hijo Test(2)] @ https://jimsimrodev.github.io/pequenos-sanos/assets/index-C7AoTPzR.js:82
[   30806ms] [LOG] [WS] 🗺️ Broadcast recibido. Avatares: 1 [Hijo Test(2)] @ https://jimsimrodev.github.io/pequenos-sanos/assets/index-C7AoTPzR.js:82
[   30841ms] [LOG] [WS] 🗺️ Broadcast recibido. Avatares: 1 [Hijo Test(2)] @ https://jimsimrodev.github.io/pequenos-sanos/assets/index-C7AoTPzR.js:82
[   30890ms] [LOG] [WS] 🗺️ Broadcast recibido. Avatares: 1 [Hijo Test(2)] @ https://jimsimrodev.github.io/pequenos-sanos/assets/index-C7AoTPzR.js:82
[   30920ms] [LOG] [WS] 🗺️ Broadcast recibido. Avatares: 1 [Hijo Test(2)] @ https://jimsimrodev.github.io/pequenos-sanos/assets/index-C7AoTPzR.js:82
[   30964ms] [LOG] [WS] 🗺️ Broadcast recibido. Avatares: 1 [Hijo Test(2)] @ https://jimsimrodev.github.io/pequenos-sanos/assets/index-C7AoTPzR.js:82
[   31005ms] [LOG] [WS] 🗺️ Broadcast recibido. Avatares: 1 [Hijo Test(2)] @ https://jimsimrodev.github.io/pequenos-sanos/assets/index-C7AoTPzR.js:82
[   31038ms] [LOG] [WS] 🗺️ Broadcast recibido. Avatares: 1 [Hijo Test(2)] @ https://jimsimrodev.github.io/pequenos-sanos/assets/index-C7AoTPzR.js:82
[   31040ms] [LOG] [WS] 🗺️ Broadcast recibido. Avatares: 1 [Hijo Test(2)] @ https://jimsimrodev.github.io/pequenos-sanos/assets/index-C7AoTPzR.js:82
[   31073ms] [LOG] [WS] 🗺️ Broadcast recibido. Avatares: 1 [Hijo Test(2)] @ https://jimsimrodev.github.io/pequenos-sanos/assets/index-C7AoTPzR.js:82
[   31103ms] [LOG] [WS] 🗺️ Broadcast recibido. Avatares: 1 [Hijo Test(2)] @ https://jimsimrodev.github.io/pequenos-sanos/assets/index-C7AoTPzR.js:82
[   31130ms] [LOG] [WS] 🗺️ Broadcast recibido. Avatares: 1 [Hijo Test(2)] @ https://jimsimrodev.github.io/pequenos-sanos/assets/index-C7AoTPzR.js:82
[   31163ms] [LOG] [WS] 🗺️ Broadcast recibido. Avatares: 1 [Hijo Test(2)] @ https://jimsimrodev.github.io/pequenos-sanos/assets/index-C7AoTPzR.js:82
[   31199ms] [LOG] [WS] 🗺️ Broadcast recibido. Avatares: 1 [Hijo Test(2)] @ https://jimsimrodev.github.io/pequenos-sanos/assets/index-C7AoTPzR.js:82
[   31227ms] [LOG] [WS] 🗺️ Broadcast recibido. Avatares: 1 [Hijo Test(2)] @ https://jimsimrodev.github.io/pequenos-sanos/assets/index-C7AoTPzR.js:82
[   31270ms] [LOG] [WS] 🗺️ Broadcast recibido. Avatares: 1 [Hijo Test(2)] @ https://jimsimrodev.github.io/pequenos-sanos/assets/index-C7AoTPzR.js:82
[   31302ms] [LOG] [WS] 🗺️ Broadcast recibido. Avatares: 1 [Hijo Test(2)] @ https://jimsimrodev.github.io/pequenos-sanos/assets/index-C7AoTPzR.js:82
[   31335ms] [LOG] [WS] 🗺️ Broadcast recibido. Avatares: 1 [Hijo Test(2)] @ https://jimsimrodev.github.io/pequenos-sanos/assets/index-C7AoTPzR.js:82
[   31397ms] [LOG] [WS] 🗺️ Broadcast recibido. Avatares: 1 [Hijo Test(2)] @ https://jimsimrodev.github.io/pequenos-sanos/assets/index-C7AoTPzR.js:82
[   31441ms] [LOG] [WS] 🗺️ Broadcast recibido. Avatares: 1 [Hijo Test(2)] @ https://jimsimrodev.github.io/pequenos-sanos/assets/index-C7AoTPzR.js:82
[   31442ms] [LOG] [WS] 🗺️ Broadcast recibido. Avatares: 1 [Hijo Test(2)] @ https://jimsimrodev.github.io/pequenos-sanos/assets/index-C7AoTPzR.js:82
[   31494ms] [LOG] [WS] 🗺️ Broadcast recibido. Avatares: 1 [Hijo Test(2)] @ https://jimsimrodev.github.io/pequenos-sanos/assets/index-C7AoTPzR.js:82
[   31530ms] [LOG] [WS] 🗺️ Broadcast recibido. Avatares: 1 [Hijo Test(2)] @ https://jimsimrodev.github.io/pequenos-sanos/assets/index-C7AoTPzR.js:82
[   31570ms] [LOG] [WS] 🗺️ Broadcast recibido. Avatares: 1 [Hijo Test(2)] @ https://jimsimrodev.github.io/pequenos-sanos/assets/index-C7AoTPzR.js:82
[   31611ms] [LOG] [WS] 🗺️ Broadcast recibido. Avatares: 1 [Hijo Test(2)] @ https://jimsimrodev.github.io/pequenos-sanos/assets/index-C7AoTPzR.js:82
[   31612ms] [LOG] [WS] 🗺️ Broadcast recibido. Avatares: 1 [Hijo Test(2)] @ https://jimsimrodev.github.io/pequenos-sanos/assets/index-C7AoTPzR.js:82
[   31648ms] [LOG] [WS] 🗺️ Broadcast recibido. Avatares: 1 [Hijo Test(2)] @ https://jimsimrodev.github.io/pequenos-sanos/assets/index-C7AoTPzR.js:82
[   31689ms] [LOG] [WS] 🗺️ Broadcast recibido. Avatares: 1 [Hijo Test(2)] @ https://jimsimrodev.github.io/pequenos-sanos/assets/index-C7AoTPzR.js:82
[   31739ms] [LOG] [WS] 🗺️ Broadcast recibido. Avatares: 1 [Hijo Test(2)] @ https://jimsimrodev.github.io/pequenos-sanos/assets/index-C7AoTPzR.js:82
[   31775ms] [LOG] [WS] 🗺️ Broadcast recibido. Avatares: 1 [Hijo Test(2)] @ https://jimsimrodev.github.io/pequenos-sanos/assets/index-C7AoTPzR.js:82
[   31776ms] [LOG] [WS] 🗺️ Broadcast recibido. Avatares: 1 [Hijo Test(2)] @ https://jimsimrodev.github.io/pequenos-sanos/assets/index-C7AoTPzR.js:82
[   31815ms] [LOG] [WS] 🗺️ Broadcast recibido. Avatares: 1 [Hijo Test(2)] @ https://jimsimrodev.github.io/pequenos-sanos/assets/index-C7AoTPzR.js:82
[   31850ms] [LOG] [WS] 🗺️ Broadcast recibido. Avatares: 1 [Hijo Test(2)] @ https://jimsimrodev.github.io/pequenos-sanos/assets/index-C7AoTPzR.js:82
[   31903ms] [LOG] [WS] 🗺️ Broadcast recibido. Avatares: 1 [Hijo Test(2)] @ https://jimsimrodev.github.io/pequenos-sanos/assets/index-C7AoTPzR.js:82
[   31951ms] [LOG] [WS] 🗺️ Broadcast recibido. Avatares: 1 [Hijo Test(2)] @ https://jimsimrodev.github.io/pequenos-sanos/assets/index-C7AoTPzR.js:82
[   31952ms] [LOG] [WS] 🗺️ Broadcast recibido. Avatares: 1 [Hijo Test(2)] @ https://jimsimrodev.github.io/pequenos-sanos/assets/index-C7AoTPzR.js:82
[   32003ms] [LOG] [WS] 🗺️ Broadcast recibido. Avatares: 1 [Hijo Test(2)] @ https://jimsimrodev.github.io/pequenos-sanos/assets/index-C7AoTPzR.js:82
[   32051ms] [LOG] [WS] 🗺️ Broadcast recibido. Avatares: 1 [Hijo Test(2)] @ https://jimsimrodev.github.io/pequenos-sanos/assets/index-C7AoTPzR.js:82
[   32052ms] [LOG] [WS] 🗺️ Broadcast recibido. Avatares: 1 [Hijo Test(2)] @ https://jimsimrodev.github.io/pequenos-sanos/assets/index-C7AoTPzR.js:82
[   32090ms] [LOG] [WS] 🗺️ Broadcast recibido. Avatares: 1 [Hijo Test(2)] @ https://jimsimrodev.github.io/pequenos-sanos/assets/index-C7AoTPzR.js:82
[   32125ms] [LOG] [WS] 🗺️ Broadcast recibido. Avatares: 1 [Hijo Test(2)] @ https://jimsimrodev.github.io/pequenos-sanos/assets/index-C7AoTPzR.js:82
[   32127ms] [LOG] [WS] 🗺️ Broadcast recibido. Avatares: 1 [Hijo Test(2)] @ https://jimsimrodev.github.io/pequenos-sanos/assets/index-C7AoTPzR.js:82
[   32158ms] [LOG] [WS] 🗺️ Broadcast recibido. Avatares: 1 [Hijo Test(2)] @ https://jimsimrodev.github.io/pequenos-sanos/assets/index-C7AoTPzR.js:82
[   32195ms] [LOG] [WS] 🗺️ Broadcast recibido. Avatares: 1 [Hijo Test(2)] @ https://jimsimrodev.github.io/pequenos-sanos/assets/index-C7AoTPzR.js:82
[   32219ms] [LOG] [WS] 🗺️ Broadcast recibido. Avatares: 1 [Hijo Test(2)] @ https://jimsimrodev.github.io/pequenos-sanos/assets/index-C7AoTPzR.js:82
[   32260ms] [LOG] [WS] 🗺️ Broadcast recibido. Avatares: 1 [Hijo Test(2)] @ https://jimsimrodev.github.io/pequenos-sanos/assets/index-C7AoTPzR.js:82
[   32290ms] [LOG] [WS] 🗺️ Broadcast recibido. Avatares: 1 [Hijo Test(2)] @ https://jimsimrodev.github.io/pequenos-sanos/assets/index-C7AoTPzR.js:82
[   32325ms] [LOG] [WS] 🗺️ Broadcast recibido. Avatares: 1 [Hijo Test(2)] @ https://jimsimrodev.github.io/pequenos-sanos/assets/index-C7AoTPzR.js:82
[   32367ms] [LOG] [WS] 🗺️ Broadcast recibido. Avatares: 1 [Hijo Test(2)] @ https://jimsimrodev.github.io/pequenos-sanos/assets/index-C7AoTPzR.js:82
[   32407ms] [LOG] [WS] 🗺️ Broadcast recibido. Avatares: 1 [Hijo Test(2)] @ https://jimsimrodev.github.io/pequenos-sanos/assets/index-C7AoTPzR.js:82
[   32440ms] [LOG] [WS] 🗺️ Broadcast recibido. Avatares: 1 [Hijo Test(2)] @ https://jimsimrodev.github.io/pequenos-sanos/assets/index-C7AoTPzR.js:82
[   32471ms] [LOG] [WS] 🗺️ Broadcast recibido. Avatares: 1 [Hijo Test(2)] @ https://jimsimrodev.github.io/pequenos-sanos/assets/index-C7AoTPzR.js:82
[   32510ms] [LOG] [WS] 🗺️ Broadcast recibido. Avatares: 1 [Hijo Test(2)] @ https://jimsimrodev.github.io/pequenos-sanos/assets/index-C7AoTPzR.js:82
[   32556ms] [LOG] [WS] 🗺️ Broadcast recibido. Avatares: 1 [Hijo Test(2)] @ https://jimsimrodev.github.io/pequenos-sanos/assets/index-C7AoTPzR.js:82
[   32592ms] [LOG] [WS] 🗺️ Broadcast recibido. Avatares: 1 [Hijo Test(2)] @ https://jimsimrodev.github.io/pequenos-sanos/assets/index-C7AoTPzR.js:82
[   32593ms] [LOG] [WS] 🗺️ Broadcast recibido. Avatares: 1 [Hijo Test(2)] @ https://jimsimrodev.github.io/pequenos-sanos/assets/index-C7AoTPzR.js:82
[   32624ms] [LOG] [WS] 🗺️ Broadcast recibido. Avatares: 1 [Hijo Test(2)] @ https://jimsimrodev.github.io/pequenos-sanos/assets/index-C7AoTPzR.js:82
[   32661ms] [LOG] [WS] 🗺️ Broadcast recibido. Avatares: 1 [Hijo Test(2)] @ https://jimsimrodev.github.io/pequenos-sanos/assets/index-C7AoTPzR.js:82
[   32698ms] [LOG] [WS] 🗺️ Broadcast recibido. Avatares: 1 [Hijo Test(2)] @ https://jimsimrodev.github.io/pequenos-sanos/assets/index-C7AoTPzR.js:82
[   32737ms] [LOG] [WS] 🗺️ Broadcast recibido. Avatares: 1 [Hijo Test(2)] @ https://jimsimrodev.github.io/pequenos-sanos/assets/index-C7AoTPzR.js:82
[   32770ms] [LOG] [WS] 🗺️ Broadcast recibido. Avatares: 1 [Hijo Test(2)] @ https://jimsimrodev.github.io/pequenos-sanos/assets/index-C7AoTPzR.js:82
[   32820ms] [LOG] [WS] 🗺️ Broadcast recibido. Avatares: 1 [Hijo Test(2)] @ https://jimsimrodev.github.io/pequenos-sanos/assets/index-C7AoTPzR.js:82
[   32860ms] [LOG] [WS] 🗺️ Broadcast recibido. Avatares: 1 [Hijo Test(2)] @ https://jimsimrodev.github.io/pequenos-sanos/assets/index-C7AoTPzR.js:82
[   32861ms] [LOG] [WS] 🗺️ Broadcast recibido. Avatares: 1 [Hijo Test(2)] @ https://jimsimrodev.github.io/pequenos-sanos/assets/index-C7AoTPzR.js:82
[   32898ms] [LOG] [WS] 🗺️ Broadcast recibido. Avatares: 1 [Hijo Test(2)] @ https://jimsimrodev.github.io/pequenos-sanos/assets/index-C7AoTPzR.js:82
[   32933ms] [LOG] [WS] 🗺️ Broadcast recibido. Avatares: 1 [Hijo Test(2)] @ https://jimsimrodev.github.io/pequenos-sanos/assets/index-C7AoTPzR.js:82
[   32980ms] [LOG] [WS] 🗺️ Broadcast recibido. Avatares: 1 [Hijo Test(2)] @ https://jimsimrodev.github.io/pequenos-sanos/assets/index-C7AoTPzR.js:82
[   33012ms] [LOG] [WS] 🗺️ Broadcast recibido. Avatares: 1 [Hijo Test(2)] @ https://jimsimrodev.github.io/pequenos-sanos/assets/index-C7AoTPzR.js:82
[   33014ms] [LOG] [WS] 🗺️ Broadcast recibido. Avatares: 1 [Hijo Test(2)] @ https://jimsimrodev.github.io/pequenos-sanos/assets/index-C7AoTPzR.js:82
[   33071ms] [LOG] [WS] 🗺️ Broadcast recibido. Avatares: 1 [Hijo Test(2)] @ https://jimsimrodev.github.io/pequenos-sanos/assets/index-C7AoTPzR.js:82
[   33114ms] [LOG] [WS] 🗺️ Broadcast recibido. Avatares: 1 [Hijo Test(2)] @ https://jimsimrodev.github.io/pequenos-sanos/assets/index-C7AoTPzR.js:82
[   33169ms] [LOG] [WS] 🗺️ Broadcast recibido. Avatares: 1 [Hijo Test(2)] @ https://jimsimrodev.github.io/pequenos-sanos/assets/index-C7AoTPzR.js:82
[   33219ms] [LOG] [WS] 🗺️ Broadcast recibido. Avatares: 1 [Hijo Test(2)] @ https://jimsimrodev.github.io/pequenos-sanos/assets/index-C7AoTPzR.js:82
[   33222ms] [LOG] [WS] 🗺️ Broadcast recibido. Avatares: 1 [Hijo Test(2)] @ https://jimsimrodev.github.io/pequenos-sanos/assets/index-C7AoTPzR.js:82
[   33273ms] [LOG] [WS] 🗺️ Broadcast recibido. Avatares: 1 [Hijo Test(2)] @ https://jimsimrodev.github.io/pequenos-sanos/assets/index-C7AoTPzR.js:82
[   33276ms] [LOG] [WS] 🗺️ Broadcast recibido. Avatares: 1 [Hijo Test(2)] @ https://jimsimrodev.github.io/pequenos-sanos/assets/index-C7AoTPzR.js:82
[   33309ms] [LOG] [WS] 🗺️ Broadcast recibido. Avatares: 1 [Hijo Test(2)] @ https://jimsimrodev.github.io/pequenos-sanos/assets/index-C7AoTPzR.js:82
[   33362ms] [LOG] [WS] 🗺️ Broadcast recibido. Avatares: 1 [Hijo Test(2)] @ https://jimsimrodev.github.io/pequenos-sanos/assets/index-C7AoTPzR.js:82
[   33401ms] [LOG] [WS] 🗺️ Broadcast recibido. Avatares: 1 [Hijo Test(2)] @ https://jimsimrodev.github.io/pequenos-sanos/assets/index-C7AoTPzR.js:82
[   33404ms] [LOG] [WS] 🗺️ Broadcast recibido. Avatares: 1 [Hijo Test(2)] @ https://jimsimrodev.github.io/pequenos-sanos/assets/index-C7AoTPzR.js:82
[   33435ms] [LOG] [WS] 🗺️ Broadcast recibido. Avatares: 1 [Hijo Test(2)] @ https://jimsimrodev.github.io/pequenos-sanos/assets/index-C7AoTPzR.js:82
[   33483ms] [LOG] [WS] 🗺️ Broadcast recibido. Avatares: 1 [Hijo Test(2)] @ https://jimsimrodev.github.io/pequenos-sanos/assets/index-C7AoTPzR.js:82
[   33526ms] [LOG] [WS] 🗺️ Broadcast recibido. Avatares: 1 [Hijo Test(2)] @ https://jimsimrodev.github.io/pequenos-sanos/assets/index-C7AoTPzR.js:82
[   33527ms] [LOG] [WS] 🗺️ Broadcast recibido. Avatares: 1 [Hijo Test(2)] @ https://jimsimrodev.github.io/pequenos-sanos/assets/index-C7AoTPzR.js:82
[   33564ms] [LOG] [WS] 🗺️ Broadcast recibido. Avatares: 1 [Hijo Test(2)] @ https://jimsimrodev.github.io/pequenos-sanos/assets/index-C7AoTPzR.js:82
[   33600ms] [LOG] [WS] 🗺️ Broadcast recibido. Avatares: 1 [Hijo Test(2)] @ https://jimsimrodev.github.io/pequenos-sanos/assets/index-C7AoTPzR.js:82
[   33634ms] [LOG] [WS] 🗺️ Broadcast recibido. Avatares: 1 [Hijo Test(2)] @ https://jimsimrodev.github.io/pequenos-sanos/assets/index-C7AoTPzR.js:82
[   33676ms] [LOG] [WS] 🗺️ Broadcast recibido. Avatares: 1 [Hijo Test(2)] @ https://jimsimrodev.github.io/pequenos-sanos/assets/index-C7AoTPzR.js:82
[   33722ms] [LOG] [WS] 🗺️ Broadcast recibido. Avatares: 1 [Hijo Test(2)] @ https://jimsimrodev.github.io/pequenos-sanos/assets/index-C7AoTPzR.js:82
[   33766ms] [LOG] [WS] 🗺️ Broadcast recibido. Avatares: 1 [Hijo Test(2)] @ https://jimsimrodev.github.io/pequenos-sanos/assets/index-C7AoTPzR.js:82
[   33770ms] [LOG] [WS] 🗺️ Broadcast recibido. Avatares: 1 [Hijo Test(2)] @ https://jimsimrodev.github.io/pequenos-sanos/assets/index-C7AoTPzR.js:82
[   33807ms] [LOG] [WS] 🗺️ Broadcast recibido. Avatares: 1 [Hijo Test(2)] @ https://jimsimrodev.github.io/pequenos-sanos/assets/index-C7AoTPzR.js:82
[   33838ms] [LOG] [WS] 🗺️ Broadcast recibido. Avatares: 1 [Hijo Test(2)] @ https://jimsimrodev.github.io/pequenos-sanos/assets/index-C7AoTPzR.js:82
[   33839ms] [LOG] [WS] 🗺️ Broadcast recibido. Avatares: 1 [Hijo Test(2)] @ https://jimsimrodev.github.io/pequenos-sanos/assets/index-C7AoTPzR.js:82
[   33872ms] [LOG] [WS] 🗺️ Broadcast recibido. Avatares: 1 [Hijo Test(2)] @ https://jimsimrodev.github.io/pequenos-sanos/assets/index-C7AoTPzR.js:82
[   33899ms] [LOG] [WS] 🗺️ Broadcast recibido. Avatares: 1 [Hijo Test(2)] @ https://jimsimrodev.github.io/pequenos-sanos/assets/index-C7AoTPzR.js:82
[   33936ms] [LOG] [WS] 🗺️ Broadcast recibido. Avatares: 1 [Hijo Test(2)] @ https://jimsimrodev.github.io/pequenos-sanos/assets/index-C7AoTPzR.js:82
[   33963ms] [LOG] [WS] 🗺️ Broadcast recibido. Avatares: 1 [Hijo Test(2)] @ https://jimsimrodev.github.io/pequenos-sanos/assets/index-C7AoTPzR.js:82
[   34002ms] [LOG] [WS] 🗺️ Broadcast recibido. Avatares: 1 [Hijo Test(2)] @ https://jimsimrodev.github.io/pequenos-sanos/assets/index-C7AoTPzR.js:82
[   34034ms] [LOG] [WS] 🗺️ Broadcast recibido. Avatares: 1 [Hijo Test(2)] @ https://jimsimrodev.github.io/pequenos-sanos/assets/index-C7AoTPzR.js:82
[   34081ms] [LOG] [WS] 🗺️ Broadcast recibido. Avatares: 1 [Hijo Test(2)] @ https://jimsimrodev.github.io/pequenos-sanos/assets/index-C7AoTPzR.js:82
[   34133ms] [LOG] [WS] 🗺️ Broadcast recibido. Avatares: 1 [Hijo Test(2)] @ https://jimsimrodev.github.io/pequenos-sanos/assets/index-C7AoTPzR.js:82
[   34174ms] [LOG] [WS] 🗺️ Broadcast recibido. Avatares: 1 [Hijo Test(2)] @ https://jimsimrodev.github.io/pequenos-sanos/assets/index-C7AoTPzR.js:82
[   34208ms] [LOG] [WS] 🗺️ Broadcast recibido. Avatares: 1 [Hijo Test(2)] @ https://jimsimrodev.github.io/pequenos-sanos/assets/index-C7AoTPzR.js:82
[   34211ms] [LOG] [WS] 🗺️ Broadcast recibido. Avatares: 1 [Hijo Test(2)] @ https://jimsimrodev.github.io/pequenos-sanos/assets/index-C7AoTPzR.js:82
[   34241ms] [LOG] [WS] 🗺️ Broadcast recibido. Avatares: 1 [Hijo Test(2)] @ https://jimsimrodev.github.io/pequenos-sanos/assets/index-C7AoTPzR.js:82
[   34274ms] [LOG] [WS] 🗺️ Broadcast recibido. Avatares: 1 [Hijo Test(2)] @ https://jimsimrodev.github.io/pequenos-sanos/assets/index-C7AoTPzR.js:82
[   34315ms] [LOG] [WS] 🗺️ Broadcast recibido. Avatares: 1 [Hijo Test(2)] @ https://jimsimrodev.github.io/pequenos-sanos/assets/index-C7AoTPzR.js:82
[   34362ms] [LOG] [WS] 🗺️ Broadcast recibido. Avatares: 1 [Hijo Test(2)] @ https://jimsimrodev.github.io/pequenos-sanos/assets/index-C7AoTPzR.js:82
[   34392ms] [LOG] [WS] 🗺️ Broadcast recibido. Avatares: 1 [Hijo Test(2)] @ https://jimsimrodev.github.io/pequenos-sanos/assets/index-C7AoTPzR.js:82
[   34440ms] [LOG] [WS] 🗺️ Broadcast recibido. Avatares: 1 [Hijo Test(2)] @ https://jimsimrodev.github.io/pequenos-sanos/assets/index-C7AoTPzR.js:82
[   34481ms] [LOG] [WS] 🗺️ Broadcast recibido. Avatares: 1 [Hijo Test(2)] @ https://jimsimrodev.github.io/pequenos-sanos/assets/index-C7AoTPzR.js:82
[   34482ms] [LOG] [WS] 🗺️ Broadcast recibido. Avatares: 1 [Hijo Test(2)] @ https://jimsimrodev.github.io/pequenos-sanos/assets/index-C7AoTPzR.js:82
[   34529ms] [LOG] [WS] 🗺️ Broadcast recibido. Avatares: 1 [Hijo Test(2)] @ https://jimsimrodev.github.io/pequenos-sanos/assets/index-C7AoTPzR.js:82
[   34565ms] [LOG] [WS] 🗺️ Broadcast recibido. Avatares: 1 [Hijo Test(2)] @ https://jimsimrodev.github.io/pequenos-sanos/assets/index-C7AoTPzR.js:82
[   34605ms] [LOG] [WS] 🗺️ Broadcast recibido. Avatares: 1 [Hijo Test(2)] @ https://jimsimrodev.github.io/pequenos-sanos/assets/index-C7AoTPzR.js:82
[   34606ms] [LOG] [WS] 🗺️ Broadcast recibido. Avatares: 1 [Hijo Test(2)] @ https://jimsimrodev.github.io/pequenos-sanos/assets/index-C7AoTPzR.js:82
[   34656ms] [LOG] [WS] 🗺️ Broadcast recibido. Avatares: 1 [Hijo Test(2)] @ https://jimsimrodev.github.io/pequenos-sanos/assets/index-C7AoTPzR.js:82
[   34714ms] [LOG] [WS] 🗺️ Broadcast recibido. Avatares: 1 [Hijo Test(2)] @ https://jimsimrodev.github.io/pequenos-sanos/assets/index-C7AoTPzR.js:82
[   34773ms] [LOG] [WS] 🗺️ Broadcast recibido. Avatares: 1 [Hijo Test(2)] @ https://jimsimrodev.github.io/pequenos-sanos/assets/index-C7AoTPzR.js:82
[   34776ms] [LOG] [WS] 🗺️ Broadcast recibido. Avatares: 1 [Hijo Test(2)] @ https://jimsimrodev.github.io/pequenos-sanos/assets/index-C7AoTPzR.js:82
[   34818ms] [LOG] [WS] 🗺️ Broadcast recibido. Avatares: 1 [Hijo Test(2)] @ https://jimsimrodev.github.io/pequenos-sanos/assets/index-C7AoTPzR.js:82
[   34820ms] [LOG] [WS] 🗺️ Broadcast recibido. Avatares: 1 [Hijo Test(2)] @ https://jimsimrodev.github.io/pequenos-sanos/assets/index-C7AoTPzR.js:82
[   34863ms] [LOG] [WS] 🗺️ Broadcast recibido. Avatares: 1 [Hijo Test(2)] @ https://jimsimrodev.github.io/pequenos-sanos/assets/index-C7AoTPzR.js:82
[   34894ms] [LOG] [WS] 🗺️ Broadcast recibido. Avatares: 1 [Hijo Test(2)] @ https://jimsimrodev.github.io/pequenos-sanos/assets/index-C7AoTPzR.js:82
[   34920ms] [LOG] [WS] 🗺️ Broadcast recibido. Avatares: 1 [Hijo Test(2)] @ https://jimsimrodev.github.io/pequenos-sanos/assets/index-C7AoTPzR.js:82
[   34923ms] [LOG] [WS] 🗺️ Broadcast recibido. Avatares: 1 [Hijo Test(2)] @ https://jimsimrodev.github.io/pequenos-sanos/assets/index-C7AoTPzR.js:82
[   34951ms] [LOG] [WS] 🗺️ Broadcast recibido. Avatares: 1 [Hijo Test(2)] @ https://jimsimrodev.github.io/pequenos-sanos/assets/index-C7AoTPzR.js:82
[   34982ms] [LOG] [WS] 🗺️ Broadcast recibido. Avatares: 1 [Hijo Test(2)] @ https://jimsimrodev.github.io/pequenos-sanos/assets/index-C7AoTPzR.js:82
[   35027ms] [LOG] [WS] 🗺️ Broadcast recibido. Avatares: 1 [Hijo Test(2)] @ https://jimsimrodev.github.io/pequenos-sanos/assets/index-C7AoTPzR.js:82
[   35063ms] [LOG] [WS] 🗺️ Broadcast recibido. Avatares: 1 [Hijo Test(2)] @ https://jimsimrodev.github.io/pequenos-sanos/assets/index-C7AoTPzR.js:82
[   35104ms] [LOG] [WS] 🗺️ Broadcast recibido. Avatares: 1 [Hijo Test(2)] @ https://jimsimrodev.github.io/pequenos-sanos/assets/index-C7AoTPzR.js:82
[   35137ms] [LOG] [WS] 🗺️ Broadcast recibido. Avatares: 1 [Hijo Test(2)] @ https://jimsimrodev.github.io/pequenos-sanos/assets/index-C7AoTPzR.js:82
[   35177ms] [LOG] [WS] 🗺️ Broadcast recibido. Avatares: 1 [Hijo Test(2)] @ https://jimsimrodev.github.io/pequenos-sanos/assets/index-C7AoTPzR.js:82
[   35222ms] [LOG] [WS] 🗺️ Broadcast recibido. Avatares: 1 [Hijo Test(2)] @ https://jimsimrodev.github.io/pequenos-sanos/assets/index-C7AoTPzR.js:82
[   35267ms] [LOG] [WS] 🗺️ Broadcast recibido. Avatares: 1 [Hijo Test(2)] @ https://jimsimrodev.github.io/pequenos-sanos/assets/index-C7AoTPzR.js:82
[   35307ms] [LOG] [WS] 🗺️ Broadcast recibido. Avatares: 1 [Hijo Test(2)] @ https://jimsimrodev.github.io/pequenos-sanos/assets/index-C7AoTPzR.js:82
[   35309ms] [LOG] [WS] 🗺️ Broadcast recibido. Avatares: 1 [Hijo Test(2)] @ https://jimsimrodev.github.io/pequenos-sanos/assets/index-C7AoTPzR.js:82
[   35334ms] [LOG] [WS] 🗺️ Broadcast recibido. Avatares: 1 [Hijo Test(2)] @ https://jimsimrodev.github.io/pequenos-sanos/assets/index-C7AoTPzR.js:82
[   35417ms] [LOG] [WS] 🗺️ Broadcast recibido. Avatares: 1 [Hijo Test(2)] @ https://jimsimrodev.github.io/pequenos-sanos/assets/index-C7AoTPzR.js:82
[   35456ms] [LOG] [WS] 🗺️ Broadcast recibido. Avatares: 1 [Hijo Test(2)] @ https://jimsimrodev.github.io/pequenos-sanos/assets/index-C7AoTPzR.js:82
[   35458ms] [LOG] [WS] 🗺️ Broadcast recibido. Avatares: 1 [Hijo Test(2)] @ https://jimsimrodev.github.io/pequenos-sanos/assets/index-C7AoTPzR.js:82
[   35492ms] [LOG] [WS] 🗺️ Broadcast recibido. Avatares: 1 [Hijo Test(2)] @ https://jimsimrodev.github.io/pequenos-sanos/assets/index-C7AoTPzR.js:82
[   35494ms] [LOG] [WS] 🗺️ Broadcast recibido. Avatares: 1 [Hijo Test(2)] @ https://jimsimrodev.github.io/pequenos-sanos/assets/index-C7AoTPzR.js:82
[   35530ms] [LOG] [WS] 🗺️ Broadcast recibido. Avatares: 1 [Hijo Test(2)] @ https://jimsimrodev.github.io/pequenos-sanos/assets/index-C7AoTPzR.js:82
[   35568ms] [LOG] [WS] 🗺️ Broadcast recibido. Avatares: 1 [Hijo Test(2)] @ https://jimsimrodev.github.io/pequenos-sanos/assets/index-C7AoTPzR.js:82
[   35612ms] [LOG] [WS] 🗺️ Broadcast recibido. Avatares: 1 [Hijo Test(2)] @ https://jimsimrodev.github.io/pequenos-sanos/assets/index-C7AoTPzR.js:82
[   35648ms] [LOG] [WS] 🗺️ Broadcast recibido. Avatares: 1 [Hijo Test(2)] @ https://jimsimrodev.github.io/pequenos-sanos/assets/index-C7AoTPzR.js:82
[   35686ms] [LOG] [WS] 🗺️ Broadcast recibido. Avatares: 1 [Hijo Test(2)] @ https://jimsimrodev.github.io/pequenos-sanos/assets/index-C7AoTPzR.js:82
[   35727ms] [LOG] [WS] 🗺️ Broadcast recibido. Avatares: 1 [Hijo Test(2)] @ https://jimsimrodev.github.io/pequenos-sanos/assets/index-C7AoTPzR.js:82
[   35728ms] [LOG] [WS] 🗺️ Broadcast recibido. Avatares: 1 [Hijo Test(2)] @ https://jimsimrodev.github.io/pequenos-sanos/assets/index-C7AoTPzR.js:82
[   35771ms] [LOG] [WS] 🗺️ Broadcast recibido. Avatares: 1 [Hijo Test(2)] @ https://jimsimrodev.github.io/pequenos-sanos/assets/index-C7AoTPzR.js:82
[   35806ms] [LOG] [WS] 🗺️ Broadcast recibido. Avatares: 1 [Hijo Test(2)] @ https://jimsimrodev.github.io/pequenos-sanos/assets/index-C7AoTPzR.js:82
[   35860ms] [LOG] [WS] 🗺️ Broadcast recibido. Avatares: 1 [Hijo Test(2)] @ https://jimsimrodev.github.io/pequenos-sanos/assets/index-C7AoTPzR.js:82
[   35907ms] [LOG] [WS] 🗺️ Broadcast recibido. Avatares: 1 [Hijo Test(2)] @ https://jimsimrodev.github.io/pequenos-sanos/assets/index-C7AoTPzR.js:82
[   35958ms] [LOG] [WS] 🗺️ Broadcast recibido. Avatares: 1 [Hijo Test(2)] @ https://jimsimrodev.github.io/pequenos-sanos/assets/index-C7AoTPzR.js:82
[   35959ms] [LOG] [WS] 🗺️ Broadcast recibido. Avatares: 1 [Hijo Test(2)] @ https://jimsimrodev.github.io/pequenos-sanos/assets/index-C7AoTPzR.js:82
[   36009ms] [LOG] [WS] 🗺️ Broadcast recibido. Avatares: 1 [Hijo Test(2)] @ https://jimsimrodev.github.io/pequenos-sanos/assets/index-C7AoTPzR.js:82
[   36010ms] [LOG] [WS] 🗺️ Broadcast recibido. Avatares: 1 [Hijo Test(2)] @ https://jimsimrodev.github.io/pequenos-sanos/assets/index-C7AoTPzR.js:82
[   36057ms] [LOG] [WS] 🗺️ Broadcast recibido. Avatares: 1 [Hijo Test(2)] @ https://jimsimrodev.github.io/pequenos-sanos/assets/index-C7AoTPzR.js:82
[   36093ms] [LOG] [WS] 🗺️ Broadcast recibido. Avatares: 1 [Hijo Test(2)] @ https://jimsimrodev.github.io/pequenos-sanos/assets/index-C7AoTPzR.js:82
[   36125ms] [LOG] [WS] 🗺️ Broadcast recibido. Avatares: 1 [Hijo Test(2)] @ https://jimsimrodev.github.io/pequenos-sanos/assets/index-C7AoTPzR.js:82
[   36126ms] [LOG] [WS] 🗺️ Broadcast recibido. Avatares: 1 [Hijo Test(2)] @ https://jimsimrodev.github.io/pequenos-sanos/assets/index-C7AoTPzR.js:82
[   36174ms] [LOG] [WS] 🗺️ Broadcast recibido. Avatares: 1 [Hijo Test(2)] @ https://jimsimrodev.github.io/pequenos-sanos/assets/index-C7AoTPzR.js:82
[   36215ms] [LOG] [WS] 🗺️ Broadcast recibido. Avatares: 1 [Hijo Test(2)] @ https://jimsimrodev.github.io/pequenos-sanos/assets/index-C7AoTPzR.js:82
[   36251ms] [LOG] [WS] 🗺️ Broadcast recibido. Avatares: 1 [Hijo Test(2)] @ https://jimsimrodev.github.io/pequenos-sanos/assets/index-C7AoTPzR.js:82
[   36296ms] [LOG] [WS] 🗺️ Broadcast recibido. Avatares: 1 [Hijo Test(2)] @ https://jimsimrodev.github.io/pequenos-sanos/assets/index-C7AoTPzR.js:82
[   36337ms] [LOG] [WS] 🗺️ Broadcast recibido. Avatares: 1 [Hijo Test(2)] @ https://jimsimrodev.github.io/pequenos-sanos/assets/index-C7AoTPzR.js:82
[   36471ms] [LOG] [WS] 🗺️ Broadcast recibido. Avatares: 1 [Hijo Test(2)] @ https://jimsimrodev.github.io/pequenos-sanos/assets/index-C7AoTPzR.js:82
[   36513ms] [LOG] [WS] 🗺️ Broadcast recibido. Avatares: 1 [Hijo Test(2)] @ https://jimsimrodev.github.io/pequenos-sanos/assets/index-C7AoTPzR.js:82
[   36514ms] [LOG] [WS] 🗺️ Broadcast recibido. Avatares: 1 [Hijo Test(2)] @ https://jimsimrodev.github.io/pequenos-sanos/assets/index-C7AoTPzR.js:82
[   36515ms] [LOG] [WS] 🗺️ Broadcast recibido. Avatares: 1 [Hijo Test(2)] @ https://jimsimrodev.github.io/pequenos-sanos/assets/index-C7AoTPzR.js:82
[   36517ms] [LOG] [WS] 🗺️ Broadcast recibido. Avatares: 1 [Hijo Test(2)] @ https://jimsimrodev.github.io/pequenos-sanos/assets/index-C7AoTPzR.js:82
[   36520ms] [LOG] [WS] 🗺️ Broadcast recibido. Avatares: 1 [Hijo Test(2)] @ https://jimsimrodev.github.io/pequenos-sanos/assets/index-C7AoTPzR.js:82
[   36614ms] [LOG] [WS] 🗺️ Broadcast recibido. Avatares: 1 [Hijo Test(2)] @ https://jimsimrodev.github.io/pequenos-sanos/assets/index-C7AoTPzR.js:82
[   36616ms] [LOG] [WS] 🗺️ Broadcast recibido. Avatares: 1 [Hijo Test(2)] @ https://jimsimrodev.github.io/pequenos-sanos/assets/index-C7AoTPzR.js:82
[   36658ms] [LOG] [WS] 🗺️ Broadcast recibido. Avatares: 1 [Hijo Test(2)] @ https://jimsimrodev.github.io/pequenos-sanos/assets/index-C7AoTPzR.js:82
[   36659ms] [LOG] [WS] 🗺️ Broadcast recibido. Avatares: 1 [Hijo Test(2)] @ https://jimsimrodev.github.io/pequenos-sanos/assets/index-C7AoTPzR.js:82
[   36660ms] [LOG] [WS] 🗺️ Broadcast recibido. Avatares: 1 [Hijo Test(2)] @ https://jimsimrodev.github.io/pequenos-sanos/assets/index-C7AoTPzR.js:82
[   36740ms] [LOG] [WS] 🗺️ Broadcast recibido. Avatares: 1 [Hijo Test(2)] @ https://jimsimrodev.github.io/pequenos-sanos/assets/index-C7AoTPzR.js:82
[   36787ms] [LOG] [WS] 🗺️ Broadcast recibido. Avatares: 1 [Hijo Test(2)] @ https://jimsimrodev.github.io/pequenos-sanos/assets/index-C7AoTPzR.js:82
[   36788ms] [LOG] [WS] 🗺️ Broadcast recibido. Avatares: 1 [Hijo Test(2)] @ https://jimsimrodev.github.io/pequenos-sanos/assets/index-C7AoTPzR.js:82
[   36832ms] [LOG] [WS] 🗺️ Broadcast recibido. Avatares: 1 [Hijo Test(2)] @ https://jimsimrodev.github.io/pequenos-sanos/assets/index-C7AoTPzR.js:82
[   36833ms] [LOG] [WS] 🗺️ Broadcast recibido. Avatares: 1 [Hijo Test(2)] @ https://jimsimrodev.github.io/pequenos-sanos/assets/index-C7AoTPzR.js:82
[   36871ms] [LOG] [WS] 🗺️ Broadcast recibido. Avatares: 1 [Hijo Test(2)] @ https://jimsimrodev.github.io/pequenos-sanos/assets/index-C7AoTPzR.js:82
[   36917ms] [LOG] [WS] 🗺️ Broadcast recibido. Avatares: 1 [Hijo Test(2)] @ https://jimsimrodev.github.io/pequenos-sanos/assets/index-C7AoTPzR.js:82
[   36958ms] [LOG] [WS] 🗺️ Broadcast recibido. Avatares: 1 [Hijo Test(2)] @ https://jimsimrodev.github.io/pequenos-sanos/assets/index-C7AoTPzR.js:82
[   36993ms] [LOG] [WS] 🗺️ Broadcast recibido. Avatares: 1 [Hijo Test(2)] @ https://jimsimrodev.github.io/pequenos-sanos/assets/index-C7AoTPzR.js:82
[   36995ms] [LOG] [WS] 🗺️ Broadcast recibido. Avatares: 1 [Hijo Test(2)] @ https://jimsimrodev.github.io/pequenos-sanos/assets/index-C7AoTPzR.js:82
[   37026ms] [LOG] [WS] 🗺️ Broadcast recibido. Avatares: 1 [Hijo Test(2)] @ https://jimsimrodev.github.io/pequenos-sanos/assets/index-C7AoTPzR.js:82
[   37058ms] [LOG] [WS] 🗺️ Broadcast recibido. Avatares: 1 [Hijo Test(2)] @ https://jimsimrodev.github.io/pequenos-sanos/assets/index-C7AoTPzR.js:82
[   37099ms] [LOG] [WS] 🗺️ Broadcast recibido. Avatares: 1 [Hijo Test(2)] @ https://jimsimrodev.github.io/pequenos-sanos/assets/index-C7AoTPzR.js:82
[   37125ms] [LOG] [WS] 🗺️ Broadcast recibido. Avatares: 1 [Hijo Test(2)] @ https://jimsimrodev.github.io/pequenos-sanos/assets/index-C7AoTPzR.js:82
[   37159ms] [LOG] [WS] 🗺️ Broadcast recibido. Avatares: 1 [Hijo Test(2)] @ https://jimsimrodev.github.io/pequenos-sanos/assets/index-C7AoTPzR.js:82
[   37194ms] [LOG] [WS] 🗺️ Broadcast recibido. Avatares: 1 [Hijo Test(2)] @ https://jimsimrodev.github.io/pequenos-sanos/assets/index-C7AoTPzR.js:82
[   37227ms] [LOG] [WS] 🗺️ Broadcast recibido. Avatares: 1 [Hijo Test(2)] @ https://jimsimrodev.github.io/pequenos-sanos/assets/index-C7AoTPzR.js:82
[   37268ms] [LOG] [WS] 🗺️ Broadcast recibido. Avatares: 1 [Hijo Test(2)] @ https://jimsimrodev.github.io/pequenos-sanos/assets/index-C7AoTPzR.js:82
[   37303ms] [LOG] [WS] 🗺️ Broadcast recibido. Avatares: 1 [Hijo Test(2)] @ https://jimsimrodev.github.io/pequenos-sanos/assets/index-C7AoTPzR.js:82
[   37349ms] [LOG] [WS] 🗺️ Broadcast recibido. Avatares: 1 [Hijo Test(2)] @ https://jimsimrodev.github.io/pequenos-sanos/assets/index-C7AoTPzR.js:82
[   37400ms] [LOG] [WS] 🗺️ Broadcast recibido. Avatares: 1 [Hijo Test(2)] @ https://jimsimrodev.github.io/pequenos-sanos/assets/index-C7AoTPzR.js:82
[   37403ms] [LOG] [WS] 🗺️ Broadcast recibido. Avatares: 1 [Hijo Test(2)] @ https://jimsimrodev.github.io/pequenos-sanos/assets/index-C7AoTPzR.js:82
[   37436ms] [LOG] [WS] 🗺️ Broadcast recibido. Avatares: 1 [Hijo Test(2)] @ https://jimsimrodev.github.io/pequenos-sanos/assets/index-C7AoTPzR.js:82
[   37475ms] [LOG] [WS] 🗺️ Broadcast recibido. Avatares: 1 [Hijo Test(2)] @ https://jimsimrodev.github.io/pequenos-sanos/assets/index-C7AoTPzR.js:82
[   37507ms] [LOG] [WS] 🗺️ Broadcast recibido. Avatares: 1 [Hijo Test(2)] @ https://jimsimrodev.github.io/pequenos-sanos/assets/index-C7AoTPzR.js:82
[   37508ms] [LOG] [WS] 🗺️ Broadcast recibido. Avatares: 1 [Hijo Test(2)] @ https://jimsimrodev.github.io/pequenos-sanos/assets/index-C7AoTPzR.js:82
[   37557ms] [LOG] [WS] 🗺️ Broadcast recibido. Avatares: 1 [Hijo Test(2)] @ https://jimsimrodev.github.io/pequenos-sanos/assets/index-C7AoTPzR.js:82
[   37598ms] [LOG] [WS] 🗺️ Broadcast recibido. Avatares: 1 [Hijo Test(2)] @ https://jimsimrodev.github.io/pequenos-sanos/assets/index-C7AoTPzR.js:82
[   37633ms] [LOG] [WS] 🗺️ Broadcast recibido. Avatares: 1 [Hijo Test(2)] @ https://jimsimrodev.github.io/pequenos-sanos/assets/index-C7AoTPzR.js:82
[   37670ms] [LOG] [WS] 🗺️ Broadcast recibido. Avatares: 1 [Hijo Test(2)] @ https://jimsimrodev.github.io/pequenos-sanos/assets/index-C7AoTPzR.js:82
[   37671ms] [LOG] [WS] 🗺️ Broadcast recibido. Avatares: 1 [Hijo Test(2)] @ https://jimsimrodev.github.io/pequenos-sanos/assets/index-C7AoTPzR.js:82
[   37714ms] [LOG] [WS] 🗺️ Broadcast recibido. Avatares: 1 [Hijo Test(2)] @ https://jimsimrodev.github.io/pequenos-sanos/assets/index-C7AoTPzR.js:82
[   37743ms] [LOG] [WS] 🗺️ Broadcast recibido. Avatares: 1 [Hijo Test(2)] @ https://jimsimrodev.github.io/pequenos-sanos/assets/index-C7AoTPzR.js:82
[   37786ms] [LOG] [WS] 🗺️ Broadcast recibido. Avatares: 1 [Hijo Test(2)] @ https://jimsimrodev.github.io/pequenos-sanos/assets/index-C7AoTPzR.js:82
[   37834ms] [LOG] [WS] 🗺️ Broadcast recibido. Avatares: 1 [Hijo Test(2)] @ https://jimsimrodev.github.io/pequenos-sanos/assets/index-C7AoTPzR.js:82
[   37874ms] [LOG] [WS] 🗺️ Broadcast recibido. Avatares: 1 [Hijo Test(2)] @ https://jimsimrodev.github.io/pequenos-sanos/assets/index-C7AoTPzR.js:82
[   37876ms] [LOG] [WS] 🗺️ Broadcast recibido. Avatares: 1 [Hijo Test(2)] @ https://jimsimrodev.github.io/pequenos-sanos/assets/index-C7AoTPzR.js:82
[   37920ms] [LOG] [WS] 🗺️ Broadcast recibido. Avatares: 1 [Hijo Test(2)] @ https://jimsimrodev.github.io/pequenos-sanos/assets/index-C7AoTPzR.js:82
[   37949ms] [LOG] [WS] 🗺️ Broadcast recibido. Avatares: 1 [Hijo Test(2)] @ https://jimsimrodev.github.io/pequenos-sanos/assets/index-C7AoTPzR.js:82
[   37976ms] [LOG] [WS] 🗺️ Broadcast recibido. Avatares: 1 [Hijo Test(2)] @ https://jimsimrodev.github.io/pequenos-sanos/assets/index-C7AoTPzR.js:82
[   38001ms] [LOG] [WS] 🗺️ Broadcast recibido. Avatares: 1 [Hijo Test(2)] @ https://jimsimrodev.github.io/pequenos-sanos/assets/index-C7AoTPzR.js:82
[   38029ms] [LOG] [WS] 🗺️ Broadcast recibido. Avatares: 1 [Hijo Test(2)] @ https://jimsimrodev.github.io/pequenos-sanos/assets/index-C7AoTPzR.js:82
[   38052ms] [LOG] [WS] 🗺️ Broadcast recibido. Avatares: 1 [Hijo Test(2)] @ https://jimsimrodev.github.io/pequenos-sanos/assets/index-C7AoTPzR.js:82
[   38081ms] [LOG] [WS] 🗺️ Broadcast recibido. Avatares: 1 [Hijo Test(2)] @ https://jimsimrodev.github.io/pequenos-sanos/assets/index-C7AoTPzR.js:82
[   38107ms] [LOG] [WS] 🗺️ Broadcast recibido. Avatares: 1 [Hijo Test(2)] @ https://jimsimrodev.github.io/pequenos-sanos/assets/index-C7AoTPzR.js:82
[   38134ms] [LOG] [WS] 🗺️ Broadcast recibido. Avatares: 1 [Hijo Test(2)] @ https://jimsimrodev.github.io/pequenos-sanos/assets/index-C7AoTPzR.js:82
[   38188ms] [LOG] [WS] 🗺️ Broadcast recibido. Avatares: 1 [Hijo Test(2)] @ https://jimsimrodev.github.io/pequenos-sanos/assets/index-C7AoTPzR.js:82
[   38215ms] [LOG] [WS] 🗺️ Broadcast recibido. Avatares: 1 [Hijo Test(2)] @ https://jimsimrodev.github.io/pequenos-sanos/assets/index-C7AoTPzR.js:82
[   38244ms] [LOG] [WS] 🗺️ Broadcast recibido. Avatares: 1 [Hijo Test(2)] @ https://jimsimrodev.github.io/pequenos-sanos/assets/index-C7AoTPzR.js:82
[   38273ms] [LOG] [WS] 🗺️ Broadcast recibido. Avatares: 1 [Hijo Test(2)] @ https://jimsimrodev.github.io/pequenos-sanos/assets/index-C7AoTPzR.js:82
[   38295ms] [LOG] [WS] 🗺️ Broadcast recibido. Avatares: 1 [Hijo Test(2)] @ https://jimsimrodev.github.io/pequenos-sanos/assets/index-C7AoTPzR.js:82
[   38348ms] [LOG] [WS] 🗺️ Broadcast recibido. Avatares: 1 [Hijo Test(2)] @ https://jimsimrodev.github.io/pequenos-sanos/assets/index-C7AoTPzR.js:82
[   38372ms] [LOG] [WS] 🗺️ Broadcast recibido. Avatares: 1 [Hijo Test(2)] @ https://jimsimrodev.github.io/pequenos-sanos/assets/index-C7AoTPzR.js:82
[   38425ms] [LOG] [WS] 🗺️ Broadcast recibido. Avatares: 1 [Hijo Test(2)] @ https://jimsimrodev.github.io/pequenos-sanos/assets/index-C7AoTPzR.js:82
[   38466ms] [LOG] [WS] 🗺️ Broadcast recibido. Avatares: 1 [Hijo Test(2)] @ https://jimsimrodev.github.io/pequenos-sanos/assets/index-C7AoTPzR.js:82
[   38495ms] [LOG] [WS] 🗺️ Broadcast recibido. Avatares: 1 [Hijo Test(2)] @ https://jimsimrodev.github.io/pequenos-sanos/assets/index-C7AoTPzR.js:82
[   38527ms] [LOG] [WS] 🗺️ Broadcast recibido. Avatares: 1 [Hijo Test(2)] @ https://jimsimrodev.github.io/pequenos-sanos/assets/index-C7AoTPzR.js:82
[   38575ms] [LOG] [WS] 🗺️ Broadcast recibido. Avatares: 1 [Hijo Test(2)] @ https://jimsimrodev.github.io/pequenos-sanos/assets/index-C7AoTPzR.js:82
[   38605ms] [LOG] [WS] 🗺️ Broadcast recibido. Avatares: 1 [Hijo Test(2)] @ https://jimsimrodev.github.io/pequenos-sanos/assets/index-C7AoTPzR.js:82
[   38625ms] [LOG] [WS] 🗺️ Broadcast recibido. Avatares: 1 [Hijo Test(2)] @ https://jimsimrodev.github.io/pequenos-sanos/assets/index-C7AoTPzR.js:82
[   38649ms] [LOG] [WS] 🗺️ Broadcast recibido. Avatares: 1 [Hijo Test(2)] @ https://jimsimrodev.github.io/pequenos-sanos/assets/index-C7AoTPzR.js:82
[   38711ms] [LOG] [WS] 🗺️ Broadcast recibido. Avatares: 1 [Hijo Test(2)] @ https://jimsimrodev.github.io/pequenos-sanos/assets/index-C7AoTPzR.js:82
[   38742ms] [LOG] [WS] 🗺️ Broadcast recibido. Avatares: 1 [Hijo Test(2)] @ https://jimsimrodev.github.io/pequenos-sanos/assets/index-C7AoTPzR.js:82
[   38773ms] [LOG] [WS] 🗺️ Broadcast recibido. Avatares: 1 [Hijo Test(2)] @ https://jimsimrodev.github.io/pequenos-sanos/assets/index-C7AoTPzR.js:82
[   38806ms] [LOG] [WS] 🗺️ Broadcast recibido. Avatares: 1 [Hijo Test(2)] @ https://jimsimrodev.github.io/pequenos-sanos/assets/index-C7AoTPzR.js:82
[   38843ms] [LOG] [WS] 🗺️ Broadcast recibido. Avatares: 1 [Hijo Test(2)] @ https://jimsimrodev.github.io/pequenos-sanos/assets/index-C7AoTPzR.js:82
[   38888ms] [LOG] [WS] 🗺️ Broadcast recibido. Avatares: 1 [Hijo Test(2)] @ https://jimsimrodev.github.io/pequenos-sanos/assets/index-C7AoTPzR.js:82
[   38919ms] [LOG] [WS] 🗺️ Broadcast recibido. Avatares: 1 [Hijo Test(2)] @ https://jimsimrodev.github.io/pequenos-sanos/assets/index-C7AoTPzR.js:82
[   38960ms] [LOG] [WS] 🗺️ Broadcast recibido. Avatares: 1 [Hijo Test(2)] @ https://jimsimrodev.github.io/pequenos-sanos/assets/index-C7AoTPzR.js:82
[   38996ms] [LOG] [WS] 🗺️ Broadcast recibido. Avatares: 1 [Hijo Test(2)] @ https://jimsimrodev.github.io/pequenos-sanos/assets/index-C7AoTPzR.js:82
[   38997ms] [LOG] [WS] 🗺️ Broadcast recibido. Avatares: 1 [Hijo Test(2)] @ https://jimsimrodev.github.io/pequenos-sanos/assets/index-C7AoTPzR.js:82
[   39034ms] [LOG] [WS] 🗺️ Broadcast recibido. Avatares: 1 [Hijo Test(2)] @ https://jimsimrodev.github.io/pequenos-sanos/assets/index-C7AoTPzR.js:82
[   39068ms] [LOG] [WS] 🗺️ Broadcast recibido. Avatares: 1 [Hijo Test(2)] @ https://jimsimrodev.github.io/pequenos-sanos/assets/index-C7AoTPzR.js:82
[   39106ms] [LOG] [WS] 🗺️ Broadcast recibido. Avatares: 1 [Hijo Test(2)] @ https://jimsimrodev.github.io/pequenos-sanos/assets/index-C7AoTPzR.js:82
[   39142ms] [LOG] [WS] 🗺️ Broadcast recibido. Avatares: 1 [Hijo Test(2)] @ https://jimsimrodev.github.io/pequenos-sanos/assets/index-C7AoTPzR.js:82
[   39170ms] [LOG] [WS] 🗺️ Broadcast recibido. Avatares: 1 [Hijo Test(2)] @ https://jimsimrodev.github.io/pequenos-sanos/assets/index-C7AoTPzR.js:82
[   39195ms] [LOG] [WS] 🗺️ Broadcast recibido. Avatares: 1 [Hijo Test(2)] @ https://jimsimrodev.github.io/pequenos-sanos/assets/index-C7AoTPzR.js:82
[   39226ms] [LOG] [WS] 🗺️ Broadcast recibido. Avatares: 1 [Hijo Test(2)] @ https://jimsimrodev.github.io/pequenos-sanos/assets/index-C7AoTPzR.js:82
[   39253ms] [LOG] [WS] 🗺️ Broadcast recibido. Avatares: 1 [Hijo Test(2)] @ https://jimsimrodev.github.io/pequenos-sanos/assets/index-C7AoTPzR.js:82
[   39277ms] [LOG] [WS] 🗺️ Broadcast recibido. Avatares: 1 [Hijo Test(2)] @ https://jimsimrodev.github.io/pequenos-sanos/assets/index-C7AoTPzR.js:82
[   39307ms] [LOG] [WS] 🗺️ Broadcast recibido. Avatares: 1 [Hijo Test(2)] @ https://jimsimrodev.github.io/pequenos-sanos/assets/index-C7AoTPzR.js:82
[   39339ms] [LOG] [WS] 🗺️ Broadcast recibido. Avatares: 1 [Hijo Test(2)] @ https://jimsimrodev.github.io/pequenos-sanos/assets/index-C7AoTPzR.js:82
[   39364ms] [LOG] [WS] 🗺️ Broadcast recibido. Avatares: 1 [Hijo Test(2)] @ https://jimsimrodev.github.io/pequenos-sanos/assets/index-C7AoTPzR.js:82
[   39393ms] [LOG] [WS] 🗺️ Broadcast recibido. Avatares: 1 [Hijo Test(2)] @ https://jimsimrodev.github.io/pequenos-sanos/assets/index-C7AoTPzR.js:82
[   39437ms] [LOG] [WS] 🗺️ Broadcast recibido. Avatares: 1 [Hijo Test(2)] @ https://jimsimrodev.github.io/pequenos-sanos/assets/index-C7AoTPzR.js:82
[   39460ms] [LOG] [WS] 🗺️ Broadcast recibido. Avatares: 1 [Hijo Test(2)] @ https://jimsimrodev.github.io/pequenos-sanos/assets/index-C7AoTPzR.js:82
[   39488ms] [LOG] [WS] 🗺️ Broadcast recibido. Avatares: 1 [Hijo Test(2)] @ https://jimsimrodev.github.io/pequenos-sanos/assets/index-C7AoTPzR.js:82
[   39534ms] [LOG] [WS] 🗺️ Broadcast recibido. Avatares: 1 [Hijo Test(2)] @ https://jimsimrodev.github.io/pequenos-sanos/assets/index-C7AoTPzR.js:82
[   39561ms] [LOG] [WS] 🗺️ Broadcast recibido. Avatares: 1 [Hijo Test(2)] @ https://jimsimrodev.github.io/pequenos-sanos/assets/index-C7AoTPzR.js:82
[   39587ms] [LOG] [WS] 🗺️ Broadcast recibido. Avatares: 1 [Hijo Test(2)] @ https://jimsimrodev.github.io/pequenos-sanos/assets/index-C7AoTPzR.js:82
[   39621ms] [LOG] [WS] 🗺️ Broadcast recibido. Avatares: 1 [Hijo Test(2)] @ https://jimsimrodev.github.io/pequenos-sanos/assets/index-C7AoTPzR.js:82
[   39649ms] [LOG] [WS] 🗺️ Broadcast recibido. Avatares: 1 [Hijo Test(2)] @ https://jimsimrodev.github.io/pequenos-sanos/assets/index-C7AoTPzR.js:82
[   39710ms] [LOG] [WS] 🗺️ Broadcast recibido. Avatares: 1 [Hijo Test(2)] @ https://jimsimrodev.github.io/pequenos-sanos/assets/index-C7AoTPzR.js:82
[   39732ms] [LOG] [WS] 🗺️ Broadcast recibido. Avatares: 1 [Hijo Test(2)] @ https://jimsimrodev.github.io/pequenos-sanos/assets/index-C7AoTPzR.js:82
[   39755ms] [LOG] [WS] 🗺️ Broadcast recibido. Avatares: 1 [Hijo Test(2)] @ https://jimsimrodev.github.io/pequenos-sanos/assets/index-C7AoTPzR.js:82
[   39788ms] [LOG] [WS] 🗺️ Broadcast recibido. Avatares: 1 [Hijo Test(2)] @ https://jimsimrodev.github.io/pequenos-sanos/assets/index-C7AoTPzR.js:82
[   39822ms] [LOG] [WS] 🗺️ Broadcast recibido. Avatares: 1 [Hijo Test(2)] @ https://jimsimrodev.github.io/pequenos-sanos/assets/index-C7AoTPzR.js:82
[   39846ms] [LOG] [WS] 🗺️ Broadcast recibido. Avatares: 1 [Hijo Test(2)] @ https://jimsimrodev.github.io/pequenos-sanos/assets/index-C7AoTPzR.js:82
[   39895ms] [LOG] [WS] 🗺️ Broadcast recibido. Avatares: 1 [Hijo Test(2)] @ https://jimsimrodev.github.io/pequenos-sanos/assets/index-C7AoTPzR.js:82
[   39917ms] [LOG] [WS] 🗺️ Broadcast recibido. Avatares: 1 [Hijo Test(2)] @ https://jimsimrodev.github.io/pequenos-sanos/assets/index-C7AoTPzR.js:82
[   39969ms] [LOG] [WS] 🗺️ Broadcast recibido. Avatares: 1 [Hijo Test(2)] @ https://jimsimrodev.github.io/pequenos-sanos/assets/index-C7AoTPzR.js:82
[   39992ms] [LOG] [WS] 🗺️ Broadcast recibido. Avatares: 1 [Hijo Test(2)] @ https://jimsimrodev.github.io/pequenos-sanos/assets/index-C7AoTPzR.js:82
[   40019ms] [LOG] [WS] 🗺️ Broadcast recibido. Avatares: 1 [Hijo Test(2)] @ https://jimsimrodev.github.io/pequenos-sanos/assets/index-C7AoTPzR.js:82
[   40068ms] [LOG] [WS] 🗺️ Broadcast recibido. Avatares: 1 [Hijo Test(2)] @ https://jimsimrodev.github.io/pequenos-sanos/assets/index-C7AoTPzR.js:82
[   40096ms] [LOG] [WS] 🗺️ Broadcast recibido. Avatares: 1 [Hijo Test(2)] @ https://jimsimrodev.github.io/pequenos-sanos/assets/index-C7AoTPzR.js:82
[   40127ms] [LOG] [WS] 🗺️ Broadcast recibido. Avatares: 1 [Hijo Test(2)] @ https://jimsimrodev.github.io/pequenos-sanos/assets/index-C7AoTPzR.js:82
[   40153ms] [LOG] [WS] 🗺️ Broadcast recibido. Avatares: 1 [Hijo Test(2)] @ https://jimsimrodev.github.io/pequenos-sanos/assets/index-C7AoTPzR.js:82
[   40203ms] [LOG] [WS] 🗺️ Broadcast recibido. Avatares: 1 [Hijo Test(2)] @ https://jimsimrodev.github.io/pequenos-sanos/assets/index-C7AoTPzR.js:82
[   40230ms] [LOG] [WS] 🗺️ Broadcast recibido. Avatares: 1 [Hijo Test(2)] @ https://jimsimrodev.github.io/pequenos-sanos/assets/index-C7AoTPzR.js:82
[   40260ms] [LOG] [WS] 🗺️ Broadcast recibido. Avatares: 1 [Hijo Test(2)] @ https://jimsimrodev.github.io/pequenos-sanos/assets/index-C7AoTPzR.js:82
[   40286ms] [LOG] [WS] 🗺️ Broadcast recibido. Avatares: 1 [Hijo Test(2)] @ https://jimsimrodev.github.io/pequenos-sanos/assets/index-C7AoTPzR.js:82
[   40314ms] [LOG] [WS] 🗺️ Broadcast recibido. Avatares: 1 [Hijo Test(2)] @ https://jimsimrodev.github.io/pequenos-sanos/assets/index-C7AoTPzR.js:82
[   40358ms] [LOG] [WS] 🗺️ Broadcast recibido. Avatares: 1 [Hijo Test(2)] @ https://jimsimrodev.github.io/pequenos-sanos/assets/index-C7AoTPzR.js:82
[   40384ms] [LOG] [WS] 🗺️ Broadcast recibido. Avatares: 1 [Hijo Test(2)] @ https://jimsimrodev.github.io/pequenos-sanos/assets/index-C7AoTPzR.js:82
[   40418ms] [LOG] [WS] 🗺️ Broadcast recibido. Avatares: 1 [Hijo Test(2)] @ https://jimsimrodev.github.io/pequenos-sanos/assets/index-C7AoTPzR.js:82
[   40450ms] [LOG] [WS] 🗺️ Broadcast recibido. Avatares: 1 [Hijo Test(2)] @ https://jimsimrodev.github.io/pequenos-sanos/assets/index-C7AoTPzR.js:82
[   40486ms] [LOG] [WS] 🗺️ Broadcast recibido. Avatares: 1 [Hijo Test(2)] @ https://jimsimrodev.github.io/pequenos-sanos/assets/index-C7AoTPzR.js:82
[   40522ms] [LOG] [WS] 🗺️ Broadcast recibido. Avatares: 1 [Hijo Test(2)] @ https://jimsimrodev.github.io/pequenos-sanos/assets/index-C7AoTPzR.js:82
[   40551ms] [LOG] [WS] 🗺️ Broadcast recibido. Avatares: 1 [Hijo Test(2)] @ https://jimsimrodev.github.io/pequenos-sanos/assets/index-C7AoTPzR.js:82
[   40581ms] [LOG] [WS] 🗺️ Broadcast recibido. Avatares: 1 [Hijo Test(2)] @ https://jimsimrodev.github.io/pequenos-sanos/assets/index-C7AoTPzR.js:82
[   40609ms] [LOG] [WS] 🗺️ Broadcast recibido. Avatares: 1 [Hijo Test(2)] @ https://jimsimrodev.github.io/pequenos-sanos/assets/index-C7AoTPzR.js:82
[   40661ms] [LOG] [WS] 🗺️ Broadcast recibido. Avatares: 1 [Hijo Test(2)] @ https://jimsimrodev.github.io/pequenos-sanos/assets/index-C7AoTPzR.js:82
[   40694ms] [LOG] [WS] 🗺️ Broadcast recibido. Avatares: 1 [Hijo Test(2)] @ https://jimsimrodev.github.io/pequenos-sanos/assets/index-C7AoTPzR.js:82
[   40725ms] [LOG] [WS] 🗺️ Broadcast recibido. Avatares: 1 [Hijo Test(2)] @ https://jimsimrodev.github.io/pequenos-sanos/assets/index-C7AoTPzR.js:82
[   40756ms] [LOG] [WS] 🗺️ Broadcast recibido. Avatares: 1 [Hijo Test(2)] @ https://jimsimrodev.github.io/pequenos-sanos/assets/index-C7AoTPzR.js:82
[   40791ms] [LOG] [WS] 🗺️ Broadcast recibido. Avatares: 1 [Hijo Test(2)] @ https://jimsimrodev.github.io/pequenos-sanos/assets/index-C7AoTPzR.js:82
[   40822ms] [LOG] [WS] 🗺️ Broadcast recibido. Avatares: 1 [Hijo Test(2)] @ https://jimsimrodev.github.io/pequenos-sanos/assets/index-C7AoTPzR.js:82
[   40859ms] [LOG] [WS] 🗺️ Broadcast recibido. Avatares: 1 [Hijo Test(2)] @ https://jimsimrodev.github.io/pequenos-sanos/assets/index-C7AoTPzR.js:82
[   40885ms] [LOG] [WS] 🗺️ Broadcast recibido. Avatares: 1 [Hijo Test(2)] @ https://jimsimrodev.github.io/pequenos-sanos/assets/index-C7AoTPzR.js:82
[   40924ms] [LOG] [WS] 🗺️ Broadcast recibido. Avatares: 1 [Hijo Test(2)] @ https://jimsimrodev.github.io/pequenos-sanos/assets/index-C7AoTPzR.js:82
[   40954ms] [LOG] [WS] 🗺️ Broadcast recibido. Avatares: 1 [Hijo Test(2)] @ https://jimsimrodev.github.io/pequenos-sanos/assets/index-C7AoTPzR.js:82
[   40982ms] [LOG] [WS] 🗺️ Broadcast recibido. Avatares: 1 [Hijo Test(2)] @ https://jimsimrodev.github.io/pequenos-sanos/assets/index-C7AoTPzR.js:82
[   41018ms] [LOG] [WS] 🗺️ Broadcast recibido. Avatares: 1 [Hijo Test(2)] @ https://jimsimrodev.github.io/pequenos-sanos/assets/index-C7AoTPzR.js:82
[   41045ms] [LOG] [WS] 🗺️ Broadcast recibido. Avatares: 1 [Hijo Test(2)] @ https://jimsimrodev.github.io/pequenos-sanos/assets/index-C7AoTPzR.js:82
[   41075ms] [LOG] [WS] 🗺️ Broadcast recibido. Avatares: 1 [Hijo Test(2)] @ https://jimsimrodev.github.io/pequenos-sanos/assets/index-C7AoTPzR.js:82
[   41111ms] [LOG] [WS] 🗺️ Broadcast recibido. Avatares: 1 [Hijo Test(2)] @ https://jimsimrodev.github.io/pequenos-sanos/assets/index-C7AoTPzR.js:82
[   41142ms] [LOG] [WS] 🗺️ Broadcast recibido. Avatares: 1 [Hijo Test(2)] @ https://jimsimrodev.github.io/pequenos-sanos/assets/index-C7AoTPzR.js:82
[   41178ms] [LOG] [WS] 🗺️ Broadcast recibido. Avatares: 1 [Hijo Test(2)] @ https://jimsimrodev.github.io/pequenos-sanos/assets/index-C7AoTPzR.js:82
[   41206ms] [LOG] [WS] 🗺️ Broadcast recibido. Avatares: 1 [Hijo Test(2)] @ https://jimsimrodev.github.io/pequenos-sanos/assets/index-C7AoTPzR.js:82
[   41241ms] [LOG] [WS] 🗺️ Broadcast recibido. Avatares: 1 [Hijo Test(2)] @ https://jimsimrodev.github.io/pequenos-sanos/assets/index-C7AoTPzR.js:82
[   41271ms] [LOG] [WS] 🗺️ Broadcast recibido. Avatares: 1 [Hijo Test(2)] @ https://jimsimrodev.github.io/pequenos-sanos/assets/index-C7AoTPzR.js:82
[   41298ms] [LOG] [WS] 🗺️ Broadcast recibido. Avatares: 1 [Hijo Test(2)] @ https://jimsimrodev.github.io/pequenos-sanos/assets/index-C7AoTPzR.js:82
[   41336ms] [LOG] [WS] 🗺️ Broadcast recibido. Avatares: 1 [Hijo Test(2)] @ https://jimsimrodev.github.io/pequenos-sanos/assets/index-C7AoTPzR.js:82
[   41372ms] [LOG] [WS] 🗺️ Broadcast recibido. Avatares: 1 [Hijo Test(2)] @ https://jimsimrodev.github.io/pequenos-sanos/assets/index-C7AoTPzR.js:82
[   41417ms] [LOG] [WS] 🗺️ Broadcast recibido. Avatares: 1 [Hijo Test(2)] @ https://jimsimrodev.github.io/pequenos-sanos/assets/index-C7AoTPzR.js:82
[   41460ms] [LOG] [WS] 🗺️ Broadcast recibido. Avatares: 1 [Hijo Test(2)] @ https://jimsimrodev.github.io/pequenos-sanos/assets/index-C7AoTPzR.js:82
[   41508ms] [LOG] [WS] 🗺️ Broadcast recibido. Avatares: 1 [Hijo Test(2)] @ https://jimsimrodev.github.io/pequenos-sanos/assets/index-C7AoTPzR.js:82
[   41543ms] [LOG] [WS] 🗺️ Broadcast recibido. Avatares: 1 [Hijo Test(2)] @ https://jimsimrodev.github.io/pequenos-sanos/assets/index-C7AoTPzR.js:82
[   41590ms] [LOG] [WS] 🗺️ Broadcast recibido. Avatares: 1 [Hijo Test(2)] @ https://jimsimrodev.github.io/pequenos-sanos/assets/index-C7AoTPzR.js:82
[   41643ms] [LOG] [WS] 🗺️ Broadcast recibido. Avatares: 1 [Hijo Test(2)] @ https://jimsimrodev.github.io/pequenos-sanos/assets/index-C7AoTPzR.js:82
[   41695ms] [LOG] [WS] 🗺️ Broadcast recibido. Avatares: 1 [Hijo Test(2)] @ https://jimsimrodev.github.io/pequenos-sanos/assets/index-C7AoTPzR.js:82
[   41696ms] [LOG] [WS] 🗺️ Broadcast recibido. Avatares: 1 [Hijo Test(2)] @ https://jimsimrodev.github.io/pequenos-sanos/assets/index-C7AoTPzR.js:82
[   41750ms] [LOG] [WS] 🗺️ Broadcast recibido. Avatares: 1 [Hijo Test(2)] @ https://jimsimrodev.github.io/pequenos-sanos/assets/index-C7AoTPzR.js:82
[   41788ms] [LOG] [WS] 🗺️ Broadcast recibido. Avatares: 1 [Hijo Test(2)] @ https://jimsimrodev.github.io/pequenos-sanos/assets/index-C7AoTPzR.js:82
[   41790ms] [LOG] [WS] 🗺️ Broadcast recibido. Avatares: 1 [Hijo Test(2)] @ https://jimsimrodev.github.io/pequenos-sanos/assets/index-C7AoTPzR.js:82
[   41822ms] [LOG] [WS] 🗺️ Broadcast recibido. Avatares: 1 [Hijo Test(2)] @ https://jimsimrodev.github.io/pequenos-sanos/assets/index-C7AoTPzR.js:82
[   41870ms] [LOG] [WS] 🗺️ Broadcast recibido. Avatares: 1 [Hijo Test(2)] @ https://jimsimrodev.github.io/pequenos-sanos/assets/index-C7AoTPzR.js:82
[   41918ms] [LOG] [WS] 🗺️ Broadcast recibido. Avatares: 1 [Hijo Test(2)] @ https://jimsimrodev.github.io/pequenos-sanos/assets/index-C7AoTPzR.js:82
[   41919ms] [LOG] [WS] 🗺️ Broadcast recibido. Avatares: 1 [Hijo Test(2)] @ https://jimsimrodev.github.io/pequenos-sanos/assets/index-C7AoTPzR.js:82
[   41953ms] [LOG] [WS] 🗺️ Broadcast recibido. Avatares: 1 [Hijo Test(2)] @ https://jimsimrodev.github.io/pequenos-sanos/assets/index-C7AoTPzR.js:82
[   41992ms] [LOG] [WS] 🗺️ Broadcast recibido. Avatares: 1 [Hijo Test(2)] @ https://jimsimrodev.github.io/pequenos-sanos/assets/index-C7AoTPzR.js:82
[   42024ms] [LOG] [WS] 🗺️ Broadcast recibido. Avatares: 1 [Hijo Test(2)] @ https://jimsimrodev.github.io/pequenos-sanos/assets/index-C7AoTPzR.js:82
[   42025ms] [LOG] [WS] 🗺️ Broadcast recibido. Avatares: 1 [Hijo Test(2)] @ https://jimsimrodev.github.io/pequenos-sanos/assets/index-C7AoTPzR.js:82
[   42065ms] [LOG] [WS] 🗺️ Broadcast recibido. Avatares: 1 [Hijo Test(2)] @ https://jimsimrodev.github.io/pequenos-sanos/assets/index-C7AoTPzR.js:82
[   42102ms] [LOG] [WS] 🗺️ Broadcast recibido. Avatares: 1 [Hijo Test(2)] @ https://jimsimrodev.github.io/pequenos-sanos/assets/index-C7AoTPzR.js:82
[   42136ms] [LOG] [WS] 🗺️ Broadcast recibido. Avatares: 1 [Hijo Test(2)] @ https://jimsimrodev.github.io/pequenos-sanos/assets/index-C7AoTPzR.js:82
[   42160ms] [LOG] [WS] 🗺️ Broadcast recibido. Avatares: 1 [Hijo Test(2)] @ https://jimsimrodev.github.io/pequenos-sanos/assets/index-C7AoTPzR.js:82
[   42195ms] [LOG] [WS] 🗺️ Broadcast recibido. Avatares: 1 [Hijo Test(2)] @ https://jimsimrodev.github.io/pequenos-sanos/assets/index-C7AoTPzR.js:82
[   42232ms] [LOG] [WS] 🗺️ Broadcast recibido. Avatares: 1 [Hijo Test(2)] @ https://jimsimrodev.github.io/pequenos-sanos/assets/index-C7AoTPzR.js:82
[   42272ms] [LOG] [WS] 🗺️ Broadcast recibido. Avatares: 1 [Hijo Test(2)] @ https://jimsimrodev.github.io/pequenos-sanos/assets/index-C7AoTPzR.js:82
[   42318ms] [LOG] [WS] 🗺️ Broadcast recibido. Avatares: 1 [Hijo Test(2)] @ https://jimsimrodev.github.io/pequenos-sanos/assets/index-C7AoTPzR.js:82
[   42357ms] [LOG] [WS] 🗺️ Broadcast recibido. Avatares: 1 [Hijo Test(2)] @ https://jimsimrodev.github.io/pequenos-sanos/assets/index-C7AoTPzR.js:82
[   42396ms] [LOG] [WS] 🗺️ Broadcast recibido. Avatares: 1 [Hijo Test(2)] @ https://jimsimrodev.github.io/pequenos-sanos/assets/index-C7AoTPzR.js:82
[   42397ms] [LOG] [WS] 🗺️ Broadcast recibido. Avatares: 1 [Hijo Test(2)] @ https://jimsimrodev.github.io/pequenos-sanos/assets/index-C7AoTPzR.js:82
[   42427ms] [LOG] [WS] 🗺️ Broadcast recibido. Avatares: 1 [Hijo Test(2)] @ https://jimsimrodev.github.io/pequenos-sanos/assets/index-C7AoTPzR.js:82
[   42457ms] [LOG] [WS] 🗺️ Broadcast recibido. Avatares: 1 [Hijo Test(2)] @ https://jimsimrodev.github.io/pequenos-sanos/assets/index-C7AoTPzR.js:82
[   42490ms] [LOG] [WS] 🗺️ Broadcast recibido. Avatares: 1 [Hijo Test(2)] @ https://jimsimrodev.github.io/pequenos-sanos/assets/index-C7AoTPzR.js:82
[   42520ms] [LOG] [WS] 🗺️ Broadcast recibido. Avatares: 1 [Hijo Test(2)] @ https://jimsimrodev.github.io/pequenos-sanos/assets/index-C7AoTPzR.js:82
[   42564ms] [LOG] [WS] 🗺️ Broadcast recibido. Avatares: 1 [Hijo Test(2)] @ https://jimsimrodev.github.io/pequenos-sanos/assets/index-C7AoTPzR.js:82
[   42592ms] [LOG] [WS] 🗺️ Broadcast recibido. Avatares: 1 [Hijo Test(2)] @ https://jimsimrodev.github.io/pequenos-sanos/assets/index-C7AoTPzR.js:82
[   42628ms] [LOG] [WS] 🗺️ Broadcast recibido. Avatares: 1 [Hijo Test(2)] @ https://jimsimrodev.github.io/pequenos-sanos/assets/index-C7AoTPzR.js:82
[   42666ms] [LOG] [WS] 🗺️ Broadcast recibido. Avatares: 1 [Hijo Test(2)] @ https://jimsimrodev.github.io/pequenos-sanos/assets/index-C7AoTPzR.js:82
[   42700ms] [LOG] [WS] 🗺️ Broadcast recibido. Avatares: 1 [Hijo Test(2)] @ https://jimsimrodev.github.io/pequenos-sanos/assets/index-C7AoTPzR.js:82
[   42731ms] [LOG] [WS] 🗺️ Broadcast recibido. Avatares: 1 [Hijo Test(2)] @ https://jimsimrodev.github.io/pequenos-sanos/assets/index-C7AoTPzR.js:82
[   42761ms] [LOG] [WS] 🗺️ Broadcast recibido. Avatares: 1 [Hijo Test(2)] @ https://jimsimrodev.github.io/pequenos-sanos/assets/index-C7AoTPzR.js:82
[   42800ms] [LOG] [WS] 🗺️ Broadcast recibido. Avatares: 1 [Hijo Test(2)] @ https://jimsimrodev.github.io/pequenos-sanos/assets/index-C7AoTPzR.js:82
[   42824ms] [LOG] [WS] 🗺️ Broadcast recibido. Avatares: 1 [Hijo Test(2)] @ https://jimsimrodev.github.io/pequenos-sanos/assets/index-C7AoTPzR.js:82
[   42847ms] [LOG] [WS] 🗺️ Broadcast recibido. Avatares: 1 [Hijo Test(2)] @ https://jimsimrodev.github.io/pequenos-sanos/assets/index-C7AoTPzR.js:82
[   42883ms] [LOG] [WS] 🗺️ Broadcast recibido. Avatares: 1 [Hijo Test(2)] @ https://jimsimrodev.github.io/pequenos-sanos/assets/index-C7AoTPzR.js:82
[   42920ms] [LOG] [WS] 🗺️ Broadcast recibido. Avatares: 1 [Hijo Test(2)] @ https://jimsimrodev.github.io/pequenos-sanos/assets/index-C7AoTPzR.js:82
[   42970ms] [LOG] [WS] 🗺️ Broadcast recibido. Avatares: 1 [Hijo Test(2)] @ https://jimsimrodev.github.io/pequenos-sanos/assets/index-C7AoTPzR.js:82
[   43001ms] [LOG] [WS] 🗺️ Broadcast recibido. Avatares: 1 [Hijo Test(2)] @ https://jimsimrodev.github.io/pequenos-sanos/assets/index-C7AoTPzR.js:82
[   43030ms] [LOG] [WS] 🗺️ Broadcast recibido. Avatares: 1 [Hijo Test(2)] @ https://jimsimrodev.github.io/pequenos-sanos/assets/index-C7AoTPzR.js:82
[   43053ms] [LOG] [WS] 🗺️ Broadcast recibido. Avatares: 1 [Hijo Test(2)] @ https://jimsimrodev.github.io/pequenos-sanos/assets/index-C7AoTPzR.js:82
[   43088ms] [LOG] [WS] 🗺️ Broadcast recibido. Avatares: 1 [Hijo Test(2)] @ https://jimsimrodev.github.io/pequenos-sanos/assets/index-C7AoTPzR.js:82
[   43119ms] [LOG] [WS] 🗺️ Broadcast recibido. Avatares: 1 [Hijo Test(2)] @ https://jimsimrodev.github.io/pequenos-sanos/assets/index-C7AoTPzR.js:82
[   43150ms] [LOG] [WS] 🗺️ Broadcast recibido. Avatares: 1 [Hijo Test(2)] @ https://jimsimrodev.github.io/pequenos-sanos/assets/index-C7AoTPzR.js:82
[   43179ms] [LOG] [WS] 🗺️ Broadcast recibido. Avatares: 1 [Hijo Test(2)] @ https://jimsimrodev.github.io/pequenos-sanos/assets/index-C7AoTPzR.js:82
[   43213ms] [LOG] [WS] 🗺️ Broadcast recibido. Avatares: 1 [Hijo Test(2)] @ https://jimsimrodev.github.io/pequenos-sanos/assets/index-C7AoTPzR.js:82
[   43242ms] [LOG] [WS] 🗺️ Broadcast recibido. Avatares: 1 [Hijo Test(2)] @ https://jimsimrodev.github.io/pequenos-sanos/assets/index-C7AoTPzR.js:82
[   43269ms] [LOG] [WS] 🗺️ Broadcast recibido. Avatares: 1 [Hijo Test(2)] @ https://jimsimrodev.github.io/pequenos-sanos/assets/index-C7AoTPzR.js:82
[   43303ms] [LOG] [WS] 🗺️ Broadcast recibido. Avatares: 1 [Hijo Test(2)] @ https://jimsimrodev.github.io/pequenos-sanos/assets/index-C7AoTPzR.js:82
[   43332ms] [LOG] [WS] 🗺️ Broadcast recibido. Avatares: 1 [Hijo Test(2)] @ https://jimsimrodev.github.io/pequenos-sanos/assets/index-C7AoTPzR.js:82
[   43360ms] [LOG] [WS] 🗺️ Broadcast recibido. Avatares: 1 [Hijo Test(2)] @ https://jimsimrodev.github.io/pequenos-sanos/assets/index-C7AoTPzR.js:82
[   43387ms] [LOG] [WS] 🗺️ Broadcast recibido. Avatares: 1 [Hijo Test(2)] @ https://jimsimrodev.github.io/pequenos-sanos/assets/index-C7AoTPzR.js:82
[   43418ms] [LOG] [WS] 🗺️ Broadcast recibido. Avatares: 1 [Hijo Test(2)] @ https://jimsimrodev.github.io/pequenos-sanos/assets/index-C7AoTPzR.js:82
[   43448ms] [LOG] [WS] 🗺️ Broadcast recibido. Avatares: 1 [Hijo Test(2)] @ https://jimsimrodev.github.io/pequenos-sanos/assets/index-C7AoTPzR.js:82
[   43478ms] [LOG] [WS] 🗺️ Broadcast recibido. Avatares: 1 [Hijo Test(2)] @ https://jimsimrodev.github.io/pequenos-sanos/assets/index-C7AoTPzR.js:82
[   43529ms] [LOG] [WS] 🗺️ Broadcast recibido. Avatares: 1 [Hijo Test(2)] @ https://jimsimrodev.github.io/pequenos-sanos/assets/index-C7AoTPzR.js:82
[   43556ms] [LOG] [WS] 🗺️ Broadcast recibido. Avatares: 1 [Hijo Test(2)] @ https://jimsimrodev.github.io/pequenos-sanos/assets/index-C7AoTPzR.js:82
[   43587ms] [LOG] [WS] 🗺️ Broadcast recibido. Avatares: 1 [Hijo Test(2)] @ https://jimsimrodev.github.io/pequenos-sanos/assets/index-C7AoTPzR.js:82
[   43618ms] [LOG] [WS] 🗺️ Broadcast recibido. Avatares: 1 [Hijo Test(2)] @ https://jimsimrodev.github.io/pequenos-sanos/assets/index-C7AoTPzR.js:82
[   43670ms] [LOG] [WS] 🗺️ Broadcast recibido. Avatares: 1 [Hijo Test(2)] @ https://jimsimrodev.github.io/pequenos-sanos/assets/index-C7AoTPzR.js:82
[   43711ms] [LOG] [WS] 🗺️ Broadcast recibido. Avatares: 1 [Hijo Test(2)] @ https://jimsimrodev.github.io/pequenos-sanos/assets/index-C7AoTPzR.js:82
[   43733ms] [LOG] [WS] 🗺️ Broadcast recibido. Avatares: 1 [Hijo Test(2)] @ https://jimsimrodev.github.io/pequenos-sanos/assets/index-C7AoTPzR.js:82
[   43769ms] [LOG] [WS] 🗺️ Broadcast recibido. Avatares: 1 [Hijo Test(2)] @ https://jimsimrodev.github.io/pequenos-sanos/assets/index-C7AoTPzR.js:82
[   43790ms] [LOG] [WS] 🗺️ Broadcast recibido. Avatares: 1 [Hijo Test(2)] @ https://jimsimrodev.github.io/pequenos-sanos/assets/index-C7AoTPzR.js:82
[   43814ms] [LOG] [WS] 🗺️ Broadcast recibido. Avatares: 1 [Hijo Test(2)] @ https://jimsimrodev.github.io/pequenos-sanos/assets/index-C7AoTPzR.js:82
[   43844ms] [LOG] [WS] 🗺️ Broadcast recibido. Avatares: 1 [Hijo Test(2)] @ https://jimsimrodev.github.io/pequenos-sanos/assets/index-C7AoTPzR.js:82
[   43901ms] [LOG] [WS] 🗺️ Broadcast recibido. Avatares: 1 [Hijo Test(2)] @ https://jimsimrodev.github.io/pequenos-sanos/assets/index-C7AoTPzR.js:82
[   43927ms] [LOG] [WS] 🗺️ Broadcast recibido. Avatares: 1 [Hijo Test(2)] @ https://jimsimrodev.github.io/pequenos-sanos/assets/index-C7AoTPzR.js:82
[   43954ms] [LOG] [WS] 🗺️ Broadcast recibido. Avatares: 1 [Hijo Test(2)] @ https://jimsimrodev.github.io/pequenos-sanos/assets/index-C7AoTPzR.js:82
[   43977ms] [LOG] [WS] 🗺️ Broadcast recibido. Avatares: 1 [Hijo Test(2)] @ https://jimsimrodev.github.io/pequenos-sanos/assets/index-C7AoTPzR.js:82
[   44023ms] [LOG] [WS] 🗺️ Broadcast recibido. Avatares: 1 [Hijo Test(2)] @ https://jimsimrodev.github.io/pequenos-sanos/assets/index-C7AoTPzR.js:82
[   44054ms] [LOG] [WS] 🗺️ Broadcast recibido. Avatares: 1 [Hijo Test(2)] @ https://jimsimrodev.github.io/pequenos-sanos/assets/index-C7AoTPzR.js:82
[   44076ms] [LOG] [WS] 🗺️ Broadcast recibido. Avatares: 1 [Hijo Test(2)] @ https://jimsimrodev.github.io/pequenos-sanos/assets/index-C7AoTPzR.js:82
[   44104ms] [LOG] [WS] 🗺️ Broadcast recibido. Avatares: 1 [Hijo Test(2)] @ https://jimsimrodev.github.io/pequenos-sanos/assets/index-C7AoTPzR.js:82
[   44159ms] [LOG] [WS] 🗺️ Broadcast recibido. Avatares: 1 [Hijo Test(2)] @ https://jimsimrodev.github.io/pequenos-sanos/assets/index-C7AoTPzR.js:82
[   44189ms] [LOG] [WS] 🗺️ Broadcast recibido. Avatares: 1 [Hijo Test(2)] @ https://jimsimrodev.github.io/pequenos-sanos/assets/index-C7AoTPzR.js:82
[   44220ms] [LOG] [WS] 🗺️ Broadcast recibido. Avatares: 1 [Hijo Test(2)] @ https://jimsimrodev.github.io/pequenos-sanos/assets/index-C7AoTPzR.js:82
[   44247ms] [LOG] [WS] 🗺️ Broadcast recibido. Avatares: 1 [Hijo Test(2)] @ https://jimsimrodev.github.io/pequenos-sanos/assets/index-C7AoTPzR.js:82
[   44276ms] [LOG] [WS] 🗺️ Broadcast recibido. Avatares: 1 [Hijo Test(2)] @ https://jimsimrodev.github.io/pequenos-sanos/assets/index-C7AoTPzR.js:82
[   44308ms] [LOG] [WS] 🗺️ Broadcast recibido. Avatares: 1 [Hijo Test(2)] @ https://jimsimrodev.github.io/pequenos-sanos/assets/index-C7AoTPzR.js:82
[   44366ms] [LOG] [WS] 🗺️ Broadcast recibido. Avatares: 1 [Hijo Test(2)] @ https://jimsimrodev.github.io/pequenos-sanos/assets/index-C7AoTPzR.js:82
[   44393ms] [LOG] [WS] 🗺️ Broadcast recibido. Avatares: 1 [Hijo Test(2)] @ https://jimsimrodev.github.io/pequenos-sanos/assets/index-C7AoTPzR.js:82
[   44417ms] [LOG] [WS] 🗺️ Broadcast recibido. Avatares: 1 [Hijo Test(2)] @ https://jimsimrodev.github.io/pequenos-sanos/assets/index-C7AoTPzR.js:82
[   44448ms] [LOG] [WS] 🗺️ Broadcast recibido. Avatares: 1 [Hijo Test(2)] @ https://jimsimrodev.github.io/pequenos-sanos/assets/index-C7AoTPzR.js:82
[   44481ms] [LOG] [WS] 🗺️ Broadcast recibido. Avatares: 1 [Hijo Test(2)] @ https://jimsimrodev.github.io/pequenos-sanos/assets/index-C7AoTPzR.js:82
[   44508ms] [LOG] [WS] 🗺️ Broadcast recibido. Avatares: 1 [Hijo Test(2)] @ https://jimsimrodev.github.io/pequenos-sanos/assets/index-C7AoTPzR.js:82
[   44560ms] [LOG] [WS] 🗺️ Broadcast recibido. Avatares: 1 [Hijo Test(2)] @ https://jimsimrodev.github.io/pequenos-sanos/assets/index-C7AoTPzR.js:82
[   44591ms] [LOG] [WS] 🗺️ Broadcast recibido. Avatares: 1 [Hijo Test(2)] @ https://jimsimrodev.github.io/pequenos-sanos/assets/index-C7AoTPzR.js:82
[   44627ms] [LOG] [WS] 🗺️ Broadcast recibido. Avatares: 1 [Hijo Test(2)] @ https://jimsimrodev.github.io/pequenos-sanos/assets/index-C7AoTPzR.js:82
[   44661ms] [LOG] [WS] 🗺️ Broadcast recibido. Avatares: 1 [Hijo Test(2)] @ https://jimsimrodev.github.io/pequenos-sanos/assets/index-C7AoTPzR.js:82
[   44688ms] [LOG] [WS] 🗺️ Broadcast recibido. Avatares: 1 [Hijo Test(2)] @ https://jimsimrodev.github.io/pequenos-sanos/assets/index-C7AoTPzR.js:82
[   44721ms] [LOG] [WS] 🗺️ Broadcast recibido. Avatares: 1 [Hijo Test(2)] @ https://jimsimrodev.github.io/pequenos-sanos/assets/index-C7AoTPzR.js:82
[   44744ms] [LOG] [WS] 🗺️ Broadcast recibido. Avatares: 1 [Hijo Test(2)] @ https://jimsimrodev.github.io/pequenos-sanos/assets/index-C7AoTPzR.js:82
[   44774ms] [LOG] [WS] 🗺️ Broadcast recibido. Avatares: 1 [Hijo Test(2)] @ https://jimsimrodev.github.io/pequenos-sanos/assets/index-C7AoTPzR.js:82
[   44796ms] [LOG] [WS] 🗺️ Broadcast recibido. Avatares: 1 [Hijo Test(2)] @ https://jimsimrodev.github.io/pequenos-sanos/assets/index-C7AoTPzR.js:82
[   44847ms] [LOG] [WS] 🗺️ Broadcast recibido. Avatares: 1 [Hijo Test(2)] @ https://jimsimrodev.github.io/pequenos-sanos/assets/index-C7AoTPzR.js:82
[   44872ms] [LOG] [WS] 🗺️ Broadcast recibido. Avatares: 1 [Hijo Test(2)] @ https://jimsimrodev.github.io/pequenos-sanos/assets/index-C7AoTPzR.js:82
[   44901ms] [LOG] [WS] 🗺️ Broadcast recibido. Avatares: 1 [Hijo Test(2)] @ https://jimsimrodev.github.io/pequenos-sanos/assets/index-C7AoTPzR.js:82
[   44934ms] [LOG] [WS] 🗺️ Broadcast recibido. Avatares: 1 [Hijo Test(2)] @ https://jimsimrodev.github.io/pequenos-sanos/assets/index-C7AoTPzR.js:82
[   44982ms] [LOG] [WS] 🗺️ Broadcast recibido. Avatares: 1 [Hijo Test(2)] @ https://jimsimrodev.github.io/pequenos-sanos/assets/index-C7AoTPzR.js:82
[   45010ms] [LOG] [WS] 🗺️ Broadcast recibido. Avatares: 1 [Hijo Test(2)] @ https://jimsimrodev.github.io/pequenos-sanos/assets/index-C7AoTPzR.js:82
[   45033ms] [LOG] [WS] 🗺️ Broadcast recibido. Avatares: 1 [Hijo Test(2)] @ https://jimsimrodev.github.io/pequenos-sanos/assets/index-C7AoTPzR.js:82
[   45063ms] [LOG] [WS] 🗺️ Broadcast recibido. Avatares: 1 [Hijo Test(2)] @ https://jimsimrodev.github.io/pequenos-sanos/assets/index-C7AoTPzR.js:82
[   45092ms] [LOG] [WS] 🗺️ Broadcast recibido. Avatares: 1 [Hijo Test(2)] @ https://jimsimrodev.github.io/pequenos-sanos/assets/index-C7AoTPzR.js:82
[   45146ms] [LOG] [WS] 🗺️ Broadcast recibido. Avatares: 1 [Hijo Test(2)] @ https://jimsimrodev.github.io/pequenos-sanos/assets/index-C7AoTPzR.js:82
[   45169ms] [LOG] [WS] 🗺️ Broadcast recibido. Avatares: 1 [Hijo Test(2)] @ https://jimsimrodev.github.io/pequenos-sanos/assets/index-C7AoTPzR.js:82
[   45196ms] [LOG] [WS] 🗺️ Broadcast recibido. Avatares: 1 [Hijo Test(2)] @ https://jimsimrodev.github.io/pequenos-sanos/assets/index-C7AoTPzR.js:82
[   45225ms] [LOG] [WS] 🗺️ Broadcast recibido. Avatares: 1 [Hijo Test(2)] @ https://jimsimrodev.github.io/pequenos-sanos/assets/index-C7AoTPzR.js:82
[   45277ms] [LOG] [WS] 🗺️ Broadcast recibido. Avatares: 1 [Hijo Test(2)] @ https://jimsimrodev.github.io/pequenos-sanos/assets/index-C7AoTPzR.js:82
[   45302ms] [LOG] [WS] 🗺️ Broadcast recibido. Avatares: 1 [Hijo Test(2)] @ https://jimsimrodev.github.io/pequenos-sanos/assets/index-C7AoTPzR.js:82
[   45333ms] [LOG] [WS] 🗺️ Broadcast recibido. Avatares: 1 [Hijo Test(2)] @ https://jimsimrodev.github.io/pequenos-sanos/assets/index-C7AoTPzR.js:82
[   45362ms] [LOG] [WS] 🗺️ Broadcast recibido. Avatares: 1 [Hijo Test(2)] @ https://jimsimrodev.github.io/pequenos-sanos/assets/index-C7AoTPzR.js:82
[   45403ms] [LOG] [WS] 🗺️ Broadcast recibido. Avatares: 1 [Hijo Test(2)] @ https://jimsimrodev.github.io/pequenos-sanos/assets/index-C7AoTPzR.js:82
[   45434ms] [LOG] [WS] 🗺️ Broadcast recibido. Avatares: 1 [Hijo Test(2)] @ https://jimsimrodev.github.io/pequenos-sanos/assets/index-C7AoTPzR.js:82
[   45474ms] [LOG] [WS] 🗺️ Broadcast recibido. Avatares: 1 [Hijo Test(2)] @ https://jimsimrodev.github.io/pequenos-sanos/assets/index-C7AoTPzR.js:82
[   45504ms] [LOG] [WS] 🗺️ Broadcast recibido. Avatares: 1 [Hijo Test(2)] @ https://jimsimrodev.github.io/pequenos-sanos/assets/index-C7AoTPzR.js:82
[   45526ms] [LOG] [WS] 🗺️ Broadcast recibido. Avatares: 1 [Hijo Test(2)] @ https://jimsimrodev.github.io/pequenos-sanos/assets/index-C7AoTPzR.js:82
[   45581ms] [LOG] [WS] 🗺️ Broadcast recibido. Avatares: 1 [Hijo Test(2)] @ https://jimsimrodev.github.io/pequenos-sanos/assets/index-C7AoTPzR.js:82
[   45612ms] [LOG] [WS] 🗺️ Broadcast recibido. Avatares: 1 [Hijo Test(2)] @ https://jimsimrodev.github.io/pequenos-sanos/assets/index-C7AoTPzR.js:82
[   45654ms] [LOG] [WS] 🗺️ Broadcast recibido. Avatares: 1 [Hijo Test(2)] @ https://jimsimrodev.github.io/pequenos-sanos/assets/index-C7AoTPzR.js:82
[   45680ms] [LOG] [WS] 🗺️ Broadcast recibido. Avatares: 1 [Hijo Test(2)] @ https://jimsimrodev.github.io/pequenos-sanos/assets/index-C7AoTPzR.js:82
[   45714ms] [LOG] [WS] 🗺️ Broadcast recibido. Avatares: 1 [Hijo Test(2)] @ https://jimsimrodev.github.io/pequenos-sanos/assets/index-C7AoTPzR.js:82
[   45752ms] [LOG] [WS] 🗺️ Broadcast recibido. Avatares: 1 [Hijo Test(2)] @ https://jimsimrodev.github.io/pequenos-sanos/assets/index-C7AoTPzR.js:82
[   45785ms] [LOG] [WS] 🗺️ Broadcast recibido. Avatares: 1 [Hijo Test(2)] @ https://jimsimrodev.github.io/pequenos-sanos/assets/index-C7AoTPzR.js:82
[   45821ms] [LOG] [WS] 🗺️ Broadcast recibido. Avatares: 1 [Hijo Test(2)] @ https://jimsimrodev.github.io/pequenos-sanos/assets/index-C7AoTPzR.js:82
[   45850ms] [LOG] [WS] 🗺️ Broadcast recibido. Avatares: 1 [Hijo Test(2)] @ https://jimsimrodev.github.io/pequenos-sanos/assets/index-C7AoTPzR.js:82
[   45881ms] [LOG] [WS] 🗺️ Broadcast recibido. Avatares: 1 [Hijo Test(2)] @ https://jimsimrodev.github.io/pequenos-sanos/assets/index-C7AoTPzR.js:82
[   45908ms] [LOG] [WS] 🗺️ Broadcast recibido. Avatares: 1 [Hijo Test(2)] @ https://jimsimrodev.github.io/pequenos-sanos/assets/index-C7AoTPzR.js:82
[   45948ms] [LOG] [WS] 🗺️ Broadcast recibido. Avatares: 1 [Hijo Test(2)] @ https://jimsimrodev.github.io/pequenos-sanos/assets/index-C7AoTPzR.js:82
[   45974ms] [LOG] [WS] 🗺️ Broadcast recibido. Avatares: 1 [Hijo Test(2)] @ https://jimsimrodev.github.io/pequenos-sanos/assets/index-C7AoTPzR.js:82
[   46003ms] [LOG] [WS] 🗺️ Broadcast recibido. Avatares: 1 [Hijo Test(2)] @ https://jimsimrodev.github.io/pequenos-sanos/assets/index-C7AoTPzR.js:82
[   46035ms] [LOG] [WS] 🗺️ Broadcast recibido. Avatares: 1 [Hijo Test(2)] @ https://jimsimrodev.github.io/pequenos-sanos/assets/index-C7AoTPzR.js:82
[   46066ms] [LOG] [WS] 🗺️ Broadcast recibido. Avatares: 1 [Hijo Test(2)] @ https://jimsimrodev.github.io/pequenos-sanos/assets/index-C7AoTPzR.js:82
[   46101ms] [LOG] [WS] 🗺️ Broadcast recibido. Avatares: 1 [Hijo Test(2)] @ https://jimsimrodev.github.io/pequenos-sanos/assets/index-C7AoTPzR.js:82
[   46133ms] [LOG] [WS] 🗺️ Broadcast recibido. Avatares: 1 [Hijo Test(2)] @ https://jimsimrodev.github.io/pequenos-sanos/assets/index-C7AoTPzR.js:82
[   46164ms] [LOG] [WS] 🗺️ Broadcast recibido. Avatares: 1 [Hijo Test(2)] @ https://jimsimrodev.github.io/pequenos-sanos/assets/index-C7AoTPzR.js:82
[   46193ms] [LOG] [WS] 🗺️ Broadcast recibido. Avatares: 1 [Hijo Test(2)] @ https://jimsimrodev.github.io/pequenos-sanos/assets/index-C7AoTPzR.js:82
[   46218ms] [LOG] [WS] 🗺️ Broadcast recibido. Avatares: 1 [Hijo Test(2)] @ https://jimsimrodev.github.io/pequenos-sanos/assets/index-C7AoTPzR.js:82
[   46257ms] [LOG] [WS] 🗺️ Broadcast recibido. Avatares: 1 [Hijo Test(2)] @ https://jimsimrodev.github.io/pequenos-sanos/assets/index-C7AoTPzR.js:82
[   46286ms] [LOG] [WS] 🗺️ Broadcast recibido. Avatares: 1 [Hijo Test(2)] @ https://jimsimrodev.github.io/pequenos-sanos/assets/index-C7AoTPzR.js:82
[   46341ms] [LOG] [WS] 🗺️ Broadcast recibido. Avatares: 1 [Hijo Test(2)] @ https://jimsimrodev.github.io/pequenos-sanos/assets/index-C7AoTPzR.js:82
[   46376ms] [LOG] [WS] 🗺️ Broadcast recibido. Avatares: 1 [Hijo Test(2)] @ https://jimsimrodev.github.io/pequenos-sanos/assets/index-C7AoTPzR.js:82
[   46413ms] [LOG] [WS] 🗺️ Broadcast recibido. Avatares: 1 [Hijo Test(2)] @ https://jimsimrodev.github.io/pequenos-sanos/assets/index-C7AoTPzR.js:82
[   46451ms] [LOG] [WS] 🗺️ Broadcast recibido. Avatares: 1 [Hijo Test(2)] @ https://jimsimrodev.github.io/pequenos-sanos/assets/index-C7AoTPzR.js:82
[   46479ms] [LOG] [WS] 🗺️ Broadcast recibido. Avatares: 1 [Hijo Test(2)] @ https://jimsimrodev.github.io/pequenos-sanos/assets/index-C7AoTPzR.js:82
[   46506ms] [LOG] [WS] 🗺️ Broadcast recibido. Avatares: 1 [Hijo Test(2)] @ https://jimsimrodev.github.io/pequenos-sanos/assets/index-C7AoTPzR.js:82
[   46531ms] [LOG] [WS] 🗺️ Broadcast recibido. Avatares: 1 [Hijo Test(2)] @ https://jimsimrodev.github.io/pequenos-sanos/assets/index-C7AoTPzR.js:82
[   46557ms] [LOG] [WS] 🗺️ Broadcast recibido. Avatares: 1 [Hijo Test(2)] @ https://jimsimrodev.github.io/pequenos-sanos/assets/index-C7AoTPzR.js:82
[   46589ms] [LOG] [WS] 🗺️ Broadcast recibido. Avatares: 1 [Hijo Test(2)] @ https://jimsimrodev.github.io/pequenos-sanos/assets/index-C7AoTPzR.js:82
[   46626ms] [LOG] [WS] 🗺️ Broadcast recibido. Avatares: 1 [Hijo Test(2)] @ https://jimsimrodev.github.io/pequenos-sanos/assets/index-C7AoTPzR.js:82
[   46658ms] [LOG] [WS] 🗺️ Broadcast recibido. Avatares: 1 [Hijo Test(2)] @ https://jimsimrodev.github.io/pequenos-sanos/assets/index-C7AoTPzR.js:82
[   46689ms] [LOG] [WS] 🗺️ Broadcast recibido. Avatares: 1 [Hijo Test(2)] @ https://jimsimrodev.github.io/pequenos-sanos/assets/index-C7AoTPzR.js:82
[   46720ms] [LOG] [WS] 🗺️ Broadcast recibido. Avatares: 1 [Hijo Test(2)] @ https://jimsimrodev.github.io/pequenos-sanos/assets/index-C7AoTPzR.js:82
[   46750ms] [LOG] [WS] 🗺️ Broadcast recibido. Avatares: 1 [Hijo Test(2)] @ https://jimsimrodev.github.io/pequenos-sanos/assets/index-C7AoTPzR.js:82
[   46781ms] [LOG] [WS] 🗺️ Broadcast recibido. Avatares: 1 [Hijo Test(2)] @ https://jimsimrodev.github.io/pequenos-sanos/assets/index-C7AoTPzR.js:82
[   46815ms] [LOG] [WS] 🗺️ Broadcast recibido. Avatares: 1 [Hijo Test(2)] @ https://jimsimrodev.github.io/pequenos-sanos/assets/index-C7AoTPzR.js:82
[   46855ms] [LOG] [WS] 🗺️ Broadcast recibido. Avatares: 1 [Hijo Test(2)] @ https://jimsimrodev.github.io/pequenos-sanos/assets/index-C7AoTPzR.js:82
[   46880ms] [LOG] [WS] 🗺️ Broadcast recibido. Avatares: 1 [Hijo Test(2)] @ https://jimsimrodev.github.io/pequenos-sanos/assets/index-C7AoTPzR.js:82
[   46907ms] [LOG] [WS] 🗺️ Broadcast recibido. Avatares: 1 [Hijo Test(2)] @ https://jimsimrodev.github.io/pequenos-sanos/assets/index-C7AoTPzR.js:82
[   46972ms] [LOG] [WS] 🗺️ Broadcast recibido. Avatares: 1 [Hijo Test(2)] @ https://jimsimrodev.github.io/pequenos-sanos/assets/index-C7AoTPzR.js:82
[   47002ms] [LOG] [WS] 🗺️ Broadcast recibido. Avatares: 1 [Hijo Test(2)] @ https://jimsimrodev.github.io/pequenos-sanos/assets/index-C7AoTPzR.js:82
[   47027ms] [LOG] [WS] 🗺️ Broadcast recibido. Avatares: 1 [Hijo Test(2)] @ https://jimsimrodev.github.io/pequenos-sanos/assets/index-C7AoTPzR.js:82
[   47061ms] [LOG] [WS] 🗺️ Broadcast recibido. Avatares: 1 [Hijo Test(2)] @ https://jimsimrodev.github.io/pequenos-sanos/assets/index-C7AoTPzR.js:82
[   47087ms] [LOG] [WS] 🗺️ Broadcast recibido. Avatares: 1 [Hijo Test(2)] @ https://jimsimrodev.github.io/pequenos-sanos/assets/index-C7AoTPzR.js:82
[   47114ms] [LOG] [WS] 🗺️ Broadcast recibido. Avatares: 1 [Hijo Test(2)] @ https://jimsimrodev.github.io/pequenos-sanos/assets/index-C7AoTPzR.js:82
[   47139ms] [LOG] [WS] 🗺️ Broadcast recibido. Avatares: 1 [Hijo Test(2)] @ https://jimsimrodev.github.io/pequenos-sanos/assets/index-C7AoTPzR.js:82
[   47189ms] [LOG] [WS] 🗺️ Broadcast recibido. Avatares: 1 [Hijo Test(2)] @ https://jimsimrodev.github.io/pequenos-sanos/assets/index-C7AoTPzR.js:82
[   47214ms] [LOG] [WS] 🗺️ Broadcast recibido. Avatares: 1 [Hijo Test(2)] @ https://jimsimrodev.github.io/pequenos-sanos/assets/index-C7AoTPzR.js:82
[   47261ms] [LOG] [WS] 🗺️ Broadcast recibido. Avatares: 1 [Hijo Test(2)] @ https://jimsimrodev.github.io/pequenos-sanos/assets/index-C7AoTPzR.js:82
[   47283ms] [LOG] [WS] 🗺️ Broadcast recibido. Avatares: 1 [Hijo Test(2)] @ https://jimsimrodev.github.io/pequenos-sanos/assets/index-C7AoTPzR.js:82
[   47330ms] [LOG] [WS] 🗺️ Broadcast recibido. Avatares: 1 [Hijo Test(2)] @ https://jimsimrodev.github.io/pequenos-sanos/assets/index-C7AoTPzR.js:82
[   47359ms] [LOG] [WS] 🗺️ Broadcast recibido. Avatares: 1 [Hijo Test(2)] @ https://jimsimrodev.github.io/pequenos-sanos/assets/index-C7AoTPzR.js:82
[   47387ms] [LOG] [WS] 🗺️ Broadcast recibido. Avatares: 1 [Hijo Test(2)] @ https://jimsimrodev.github.io/pequenos-sanos/assets/index-C7AoTPzR.js:82
[   47418ms] [LOG] [WS] 🗺️ Broadcast recibido. Avatares: 1 [Hijo Test(2)] @ https://jimsimrodev.github.io/pequenos-sanos/assets/index-C7AoTPzR.js:82
[   47454ms] [LOG] [WS] 🗺️ Broadcast recibido. Avatares: 1 [Hijo Test(2)] @ https://jimsimrodev.github.io/pequenos-sanos/assets/index-C7AoTPzR.js:82
[   47479ms] [LOG] [WS] 🗺️ Broadcast recibido. Avatares: 1 [Hijo Test(2)] @ https://jimsimrodev.github.io/pequenos-sanos/assets/index-C7AoTPzR.js:82
[   47507ms] [LOG] [WS] 🗺️ Broadcast recibido. Avatares: 1 [Hijo Test(2)] @ https://jimsimrodev.github.io/pequenos-sanos/assets/index-C7AoTPzR.js:82
[   47561ms] [LOG] [WS] 🗺️ Broadcast recibido. Avatares: 1 [Hijo Test(2)] @ https://jimsimrodev.github.io/pequenos-sanos/assets/index-C7AoTPzR.js:82
[   47584ms] [LOG] [WS] 🗺️ Broadcast recibido. Avatares: 1 [Hijo Test(2)] @ https://jimsimrodev.github.io/pequenos-sanos/assets/index-C7AoTPzR.js:82
[   47608ms] [LOG] [WS] 🗺️ Broadcast recibido. Avatares: 1 [Hijo Test(2)] @ https://jimsimrodev.github.io/pequenos-sanos/assets/index-C7AoTPzR.js:82
[   47638ms] [LOG] [WS] 🗺️ Broadcast recibido. Avatares: 1 [Hijo Test(2)] @ https://jimsimrodev.github.io/pequenos-sanos/assets/index-C7AoTPzR.js:82
[   47690ms] [LOG] [WS] 🗺️ Broadcast recibido. Avatares: 1 [Hijo Test(2)] @ https://jimsimrodev.github.io/pequenos-sanos/assets/index-C7AoTPzR.js:82
[   47720ms] [LOG] [WS] 🗺️ Broadcast recibido. Avatares: 1 [Hijo Test(2)] @ https://jimsimrodev.github.io/pequenos-sanos/assets/index-C7AoTPzR.js:82
[   47757ms] [LOG] [WS] 🗺️ Broadcast recibido. Avatares: 1 [Hijo Test(2)] @ https://jimsimrodev.github.io/pequenos-sanos/assets/index-C7AoTPzR.js:82
[   47793ms] [LOG] [WS] 🗺️ Broadcast recibido. Avatares: 1 [Hijo Test(2)] @ https://jimsimrodev.github.io/pequenos-sanos/assets/index-C7AoTPzR.js:82
[   47834ms] [LOG] [WS] 🗺️ Broadcast recibido. Avatares: 1 [Hijo Test(2)] @ https://jimsimrodev.github.io/pequenos-sanos/assets/index-C7AoTPzR.js:82
[   47859ms] [LOG] [WS] 🗺️ Broadcast recibido. Avatares: 1 [Hijo Test(2)] @ https://jimsimrodev.github.io/pequenos-sanos/assets/index-C7AoTPzR.js:82
[   47888ms] [LOG] [WS] 🗺️ Broadcast recibido. Avatares: 1 [Hijo Test(2)] @ https://jimsimrodev.github.io/pequenos-sanos/assets/index-C7AoTPzR.js:82
[   47908ms] [LOG] [WS] 🗺️ Broadcast recibido. Avatares: 1 [Hijo Test(2)] @ https://jimsimrodev.github.io/pequenos-sanos/assets/index-C7AoTPzR.js:82
[   47938ms] [LOG] [WS] 🗺️ Broadcast recibido. Avatares: 1 [Hijo Test(2)] @ https://jimsimrodev.github.io/pequenos-sanos/assets/index-C7AoTPzR.js:82
[   47984ms] [LOG] [WS] 🗺️ Broadcast recibido. Avatares: 1 [Hijo Test(2)] @ https://jimsimrodev.github.io/pequenos-sanos/assets/index-C7AoTPzR.js:82
[   48012ms] [LOG] [WS] 🗺️ Broadcast recibido. Avatares: 1 [Hijo Test(2)] @ https://jimsimrodev.github.io/pequenos-sanos/assets/index-C7AoTPzR.js:82
[   48040ms] [LOG] [WS] 🗺️ Broadcast recibido. Avatares: 1 [Hijo Test(2)] @ https://jimsimrodev.github.io/pequenos-sanos/assets/index-C7AoTPzR.js:82
[   48067ms] [LOG] [WS] 🗺️ Broadcast recibido. Avatares: 1 [Hijo Test(2)] @ https://jimsimrodev.github.io/pequenos-sanos/assets/index-C7AoTPzR.js:82
[   48138ms] [LOG] [WS] 🗺️ Broadcast recibido. Avatares: 1 [Hijo Test(2)] @ https://jimsimrodev.github.io/pequenos-sanos/assets/index-C7AoTPzR.js:82
[   48175ms] [LOG] [WS] 🗺️ Broadcast recibido. Avatares: 1 [Hijo Test(2)] @ https://jimsimrodev.github.io/pequenos-sanos/assets/index-C7AoTPzR.js:82
[   48205ms] [LOG] [WS] 🗺️ Broadcast recibido. Avatares: 1 [Hijo Test(2)] @ https://jimsimrodev.github.io/pequenos-sanos/assets/index-C7AoTPzR.js:82
[   48233ms] [LOG] [WS] 🗺️ Broadcast recibido. Avatares: 1 [Hijo Test(2)] @ https://jimsimrodev.github.io/pequenos-sanos/assets/index-C7AoTPzR.js:82
[   48263ms] [LOG] [WS] 🗺️ Broadcast recibido. Avatares: 1 [Hijo Test(2)] @ https://jimsimrodev.github.io/pequenos-sanos/assets/index-C7AoTPzR.js:82
[   48301ms] [LOG] [WS] 🗺️ Broadcast recibido. Avatares: 1 [Hijo Test(2)] @ https://jimsimrodev.github.io/pequenos-sanos/assets/index-C7AoTPzR.js:82
[   48329ms] [LOG] [WS] 🗺️ Broadcast recibido. Avatares: 1 [Hijo Test(2)] @ https://jimsimrodev.github.io/pequenos-sanos/assets/index-C7AoTPzR.js:82
[   48357ms] [LOG] [WS] 🗺️ Broadcast recibido. Avatares: 1 [Hijo Test(2)] @ https://jimsimrodev.github.io/pequenos-sanos/assets/index-C7AoTPzR.js:82
[   48389ms] [LOG] [WS] 🗺️ Broadcast recibido. Avatares: 1 [Hijo Test(2)] @ https://jimsimrodev.github.io/pequenos-sanos/assets/index-C7AoTPzR.js:82
[   48417ms] [LOG] [WS] 🗺️ Broadcast recibido. Avatares: 1 [Hijo Test(2)] @ https://jimsimrodev.github.io/pequenos-sanos/assets/index-C7AoTPzR.js:82
[   48450ms] [LOG] [WS] 🗺️ Broadcast recibido. Avatares: 1 [Hijo Test(2)] @ https://jimsimrodev.github.io/pequenos-sanos/assets/index-C7AoTPzR.js:82
[   48479ms] [LOG] [WS] 🗺️ Broadcast recibido. Avatares: 1 [Hijo Test(2)] @ https://jimsimrodev.github.io/pequenos-sanos/assets/index-C7AoTPzR.js:82
[   48520ms] [LOG] [WS] 🗺️ Broadcast recibido. Avatares: 1 [Hijo Test(2)] @ https://jimsimrodev.github.io/pequenos-sanos/assets/index-C7AoTPzR.js:82
[   48549ms] [LOG] [WS] 🗺️ Broadcast recibido. Avatares: 1 [Hijo Test(2)] @ https://jimsimrodev.github.io/pequenos-sanos/assets/index-C7AoTPzR.js:82
[   48579ms] [LOG] [WS] 🗺️ Broadcast recibido. Avatares: 1 [Hijo Test(2)] @ https://jimsimrodev.github.io/pequenos-sanos/assets/index-C7AoTPzR.js:82
[   48613ms] [LOG] [WS] 🗺️ Broadcast recibido. Avatares: 1 [Hijo Test(2)] @ https://jimsimrodev.github.io/pequenos-sanos/assets/index-C7AoTPzR.js:82
[   48640ms] [LOG] [WS] 🗺️ Broadcast recibido. Avatares: 1 [Hijo Test(2)] @ https://jimsimrodev.github.io/pequenos-sanos/assets/index-C7AoTPzR.js:82
[   48670ms] [LOG] [WS] 🗺️ Broadcast recibido. Avatares: 1 [Hijo Test(2)] @ https://jimsimrodev.github.io/pequenos-sanos/assets/index-C7AoTPzR.js:82
[   48703ms] [LOG] [WS] 🗺️ Broadcast recibido. Avatares: 1 [Hijo Test(2)] @ https://jimsimrodev.github.io/pequenos-sanos/assets/index-C7AoTPzR.js:82
[   48737ms] [LOG] [WS] 🗺️ Broadcast recibido. Avatares: 1 [Hijo Test(2)] @ https://jimsimrodev.github.io/pequenos-sanos/assets/index-C7AoTPzR.js:82
[   48772ms] [LOG] [WS] 🗺️ Broadcast recibido. Avatares: 1 [Hijo Test(2)] @ https://jimsimrodev.github.io/pequenos-sanos/assets/index-C7AoTPzR.js:82
[   48800ms] [LOG] [WS] 🗺️ Broadcast recibido. Avatares: 1 [Hijo Test(2)] @ https://jimsimrodev.github.io/pequenos-sanos/assets/index-C7AoTPzR.js:82
[   48830ms] [LOG] [WS] 🗺️ Broadcast recibido. Avatares: 1 [Hijo Test(2)] @ https://jimsimrodev.github.io/pequenos-sanos/assets/index-C7AoTPzR.js:82
[   48889ms] [LOG] [WS] 🗺️ Broadcast recibido. Avatares: 1 [Hijo Test(2)] @ https://jimsimrodev.github.io/pequenos-sanos/assets/index-C7AoTPzR.js:82
[   48919ms] [LOG] [WS] 🗺️ Broadcast recibido. Avatares: 1 [Hijo Test(2)] @ https://jimsimrodev.github.io/pequenos-sanos/assets/index-C7AoTPzR.js:82
[   48947ms] [LOG] [WS] 🗺️ Broadcast recibido. Avatares: 1 [Hijo Test(2)] @ https://jimsimrodev.github.io/pequenos-sanos/assets/index-C7AoTPzR.js:82
[   48977ms] [LOG] [WS] 🗺️ Broadcast recibido. Avatares: 1 [Hijo Test(2)] @ https://jimsimrodev.github.io/pequenos-sanos/assets/index-C7AoTPzR.js:82
[   49006ms] [LOG] [WS] 🗺️ Broadcast recibido. Avatares: 1 [Hijo Test(2)] @ https://jimsimrodev.github.io/pequenos-sanos/assets/index-C7AoTPzR.js:82
[   49030ms] [LOG] [WS] 🗺️ Broadcast recibido. Avatares: 1 [Hijo Test(2)] @ https://jimsimrodev.github.io/pequenos-sanos/assets/index-C7AoTPzR.js:82
[   49058ms] [LOG] [WS] 🗺️ Broadcast recibido. Avatares: 1 [Hijo Test(2)] @ https://jimsimrodev.github.io/pequenos-sanos/assets/index-C7AoTPzR.js:82
[   49110ms] [LOG] [WS] 🗺️ Broadcast recibido. Avatares: 1 [Hijo Test(2)] @ https://jimsimrodev.github.io/pequenos-sanos/assets/index-C7AoTPzR.js:82
[   49139ms] [LOG] [WS] 🗺️ Broadcast recibido. Avatares: 1 [Hijo Test(2)] @ https://jimsimrodev.github.io/pequenos-sanos/assets/index-C7AoTPzR.js:82
[   49167ms] [LOG] [WS] 🗺️ Broadcast recibido. Avatares: 1 [Hijo Test(2)] @ https://jimsimrodev.github.io/pequenos-sanos/assets/index-C7AoTPzR.js:82
[   49195ms] [LOG] [WS] 🗺️ Broadcast recibido. Avatares: 1 [Hijo Test(2)] @ https://jimsimrodev.github.io/pequenos-sanos/assets/index-C7AoTPzR.js:82
[   49244ms] [LOG] [WS] 🗺️ Broadcast recibido. Avatares: 1 [Hijo Test(2)] @ https://jimsimrodev.github.io/pequenos-sanos/assets/index-C7AoTPzR.js:82
[   49275ms] [LOG] [WS] 🗺️ Broadcast recibido. Avatares: 1 [Hijo Test(2)] @ https://jimsimrodev.github.io/pequenos-sanos/assets/index-C7AoTPzR.js:82
[   49301ms] [LOG] [WS] 🗺️ Broadcast recibido. Avatares: 1 [Hijo Test(2)] @ https://jimsimrodev.github.io/pequenos-sanos/assets/index-C7AoTPzR.js:82
[   49328ms] [LOG] [WS] 🗺️ Broadcast recibido. Avatares: 1 [Hijo Test(2)] @ https://jimsimrodev.github.io/pequenos-sanos/assets/index-C7AoTPzR.js:82
[   49356ms] [LOG] [WS] 🗺️ Broadcast recibido. Avatares: 1 [Hijo Test(2)] @ https://jimsimrodev.github.io/pequenos-sanos/assets/index-C7AoTPzR.js:82
[   49415ms] [LOG] [WS] 🗺️ Broadcast recibido. Avatares: 1 [Hijo Test(2)] @ https://jimsimrodev.github.io/pequenos-sanos/assets/index-C7AoTPzR.js:82
[   49443ms] [LOG] [WS] 🗺️ Broadcast recibido. Avatares: 1 [Hijo Test(2)] @ https://jimsimrodev.github.io/pequenos-sanos/assets/index-C7AoTPzR.js:82
[   49481ms] [LOG] [WS] 🗺️ Broadcast recibido. Avatares: 1 [Hijo Test(2)] @ https://jimsimrodev.github.io/pequenos-sanos/assets/index-C7AoTPzR.js:82
[   49504ms] [LOG] [WS] 🗺️ Broadcast recibido. Avatares: 1 [Hijo Test(2)] @ https://jimsimrodev.github.io/pequenos-sanos/assets/index-C7AoTPzR.js:82
[   49533ms] [LOG] [WS] 🗺️ Broadcast recibido. Avatares: 1 [Hijo Test(2)] @ https://jimsimrodev.github.io/pequenos-sanos/assets/index-C7AoTPzR.js:82
[   49563ms] [LOG] [WS] 🗺️ Broadcast recibido. Avatares: 1 [Hijo Test(2)] @ https://jimsimrodev.github.io/pequenos-sanos/assets/index-C7AoTPzR.js:82
[   49596ms] [LOG] [WS] 🗺️ Broadcast recibido. Avatares: 1 [Hijo Test(2)] @ https://jimsimrodev.github.io/pequenos-sanos/assets/index-C7AoTPzR.js:82
[   49625ms] [LOG] [WS] 🗺️ Broadcast recibido. Avatares: 1 [Hijo Test(2)] @ https://jimsimrodev.github.io/pequenos-sanos/assets/index-C7AoTPzR.js:82
[   49674ms] [LOG] [WS] 🗺️ Broadcast recibido. Avatares: 1 [Hijo Test(2)] @ https://jimsimrodev.github.io/pequenos-sanos/assets/index-C7AoTPzR.js:82
[   49700ms] [LOG] [WS] 🗺️ Broadcast recibido. Avatares: 1 [Hijo Test(2)] @ https://jimsimrodev.github.io/pequenos-sanos/assets/index-C7AoTPzR.js:82
[   49730ms] [LOG] [WS] 🗺️ Broadcast recibido. Avatares: 1 [Hijo Test(2)] @ https://jimsimrodev.github.io/pequenos-sanos/assets/index-C7AoTPzR.js:82
[   49757ms] [LOG] [WS] 🗺️ Broadcast recibido. Avatares: 1 [Hijo Test(2)] @ https://jimsimrodev.github.io/pequenos-sanos/assets/index-C7AoTPzR.js:82
[   49791ms] [LOG] [WS] 🗺️ Broadcast recibido. Avatares: 1 [Hijo Test(2)] @ https://jimsimrodev.github.io/pequenos-sanos/assets/index-C7AoTPzR.js:82
[   49816ms] [LOG] [WS] 🗺️ Broadcast recibido. Avatares: 1 [Hijo Test(2)] @ https://jimsimrodev.github.io/pequenos-sanos/assets/index-C7AoTPzR.js:82
[   49870ms] [LOG] [WS] 🗺️ Broadcast recibido. Avatares: 1 [Hijo Test(2)] @ https://jimsimrodev.github.io/pequenos-sanos/assets/index-C7AoTPzR.js:82
[   49905ms] [LOG] [WS] 🗺️ Broadcast recibido. Avatares: 1 [Hijo Test(2)] @ https://jimsimrodev.github.io/pequenos-sanos/assets/index-C7AoTPzR.js:82
[   49942ms] [LOG] [WS] 🗺️ Broadcast recibido. Avatares: 1 [Hijo Test(2)] @ https://jimsimrodev.github.io/pequenos-sanos/assets/index-C7AoTPzR.js:82
[   49967ms] [LOG] [WS] 🗺️ Broadcast recibido. Avatares: 1 [Hijo Test(2)] @ https://jimsimrodev.github.io/pequenos-sanos/assets/index-C7AoTPzR.js:82
[   49996ms] [LOG] [WS] 🗺️ Broadcast recibido. Avatares: 1 [Hijo Test(2)] @ https://jimsimrodev.github.io/pequenos-sanos/assets/index-C7AoTPzR.js:82
[   50025ms] [LOG] [WS] 🗺️ Broadcast recibido. Avatares: 1 [Hijo Test(2)] @ https://jimsimrodev.github.io/pequenos-sanos/assets/index-C7AoTPzR.js:82
[   50051ms] [LOG] [WS] 🗺️ Broadcast recibido. Avatares: 1 [Hijo Test(2)] @ https://jimsimrodev.github.io/pequenos-sanos/assets/index-C7AoTPzR.js:82
[   50078ms] [LOG] [WS] 🗺️ Broadcast recibido. Avatares: 1 [Hijo Test(2)] @ https://jimsimrodev.github.io/pequenos-sanos/assets/index-C7AoTPzR.js:82
[   50124ms] [LOG] [WS] 🗺️ Broadcast recibido. Avatares: 1 [Hijo Test(2)] @ https://jimsimrodev.github.io/pequenos-sanos/assets/index-C7AoTPzR.js:82
[   50149ms] [LOG] [WS] 🗺️ Broadcast recibido. Avatares: 1 [Hijo Test(2)] @ https://jimsimrodev.github.io/pequenos-sanos/assets/index-C7AoTPzR.js:82
[   50196ms] [LOG] [WS] 🗺️ Broadcast recibido. Avatares: 1 [Hijo Test(2)] @ https://jimsimrodev.github.io/pequenos-sanos/assets/index-C7AoTPzR.js:82
[   50222ms] [LOG] [WS] 🗺️ Broadcast recibido. Avatares: 1 [Hijo Test(2)] @ https://jimsimrodev.github.io/pequenos-sanos/assets/index-C7AoTPzR.js:82
[   50292ms] [LOG] [WS] 🗺️ Broadcast recibido. Avatares: 1 [Hijo Test(2)] @ https://jimsimrodev.github.io/pequenos-sanos/assets/index-C7AoTPzR.js:82
[   50315ms] [LOG] [WS] 🗺️ Broadcast recibido. Avatares: 1 [Hijo Test(2)] @ https://jimsimrodev.github.io/pequenos-sanos/assets/index-C7AoTPzR.js:82
[   50341ms] [LOG] [WS] 🗺️ Broadcast recibido. Avatares: 1 [Hijo Test(2)] @ https://jimsimrodev.github.io/pequenos-sanos/assets/index-C7AoTPzR.js:82
[   50367ms] [LOG] [WS] 🗺️ Broadcast recibido. Avatares: 1 [Hijo Test(2)] @ https://jimsimrodev.github.io/pequenos-sanos/assets/index-C7AoTPzR.js:82
[   50395ms] [LOG] [WS] 🗺️ Broadcast recibido. Avatares: 1 [Hijo Test(2)] @ https://jimsimrodev.github.io/pequenos-sanos/assets/index-C7AoTPzR.js:82
[   50432ms] [LOG] [WS] 🗺️ Broadcast recibido. Avatares: 1 [Hijo Test(2)] @ https://jimsimrodev.github.io/pequenos-sanos/assets/index-C7AoTPzR.js:82
[   50458ms] [LOG] [WS] 🗺️ Broadcast recibido. Avatares: 1 [Hijo Test(2)] @ https://jimsimrodev.github.io/pequenos-sanos/assets/index-C7AoTPzR.js:82
[   50493ms] [LOG] [WS] 🗺️ Broadcast recibido. Avatares: 1 [Hijo Test(2)] @ https://jimsimrodev.github.io/pequenos-sanos/assets/index-C7AoTPzR.js:82
[   50518ms] [LOG] [WS] 🗺️ Broadcast recibido. Avatares: 1 [Hijo Test(2)] @ https://jimsimrodev.github.io/pequenos-sanos/assets/index-C7AoTPzR.js:82
[   50547ms] [LOG] [WS] 🗺️ Broadcast recibido. Avatares: 1 [Hijo Test(2)] @ https://jimsimrodev.github.io/pequenos-sanos/assets/index-C7AoTPzR.js:82
[   50600ms] [LOG] [WS] 🗺️ Broadcast recibido. Avatares: 1 [Hijo Test(2)] @ https://jimsimrodev.github.io/pequenos-sanos/assets/index-C7AoTPzR.js:82
[   50635ms] [LOG] [WS] 🗺️ Broadcast recibido. Avatares: 1 [Hijo Test(2)] @ https://jimsimrodev.github.io/pequenos-sanos/assets/index-C7AoTPzR.js:82
[   50669ms] [LOG] [WS] 🗺️ Broadcast recibido. Avatares: 1 [Hijo Test(2)] @ https://jimsimrodev.github.io/pequenos-sanos/assets/index-C7AoTPzR.js:82
[   50694ms] [LOG] [WS] 🗺️ Broadcast recibido. Avatares: 1 [Hijo Test(2)] @ https://jimsimrodev.github.io/pequenos-sanos/assets/index-C7AoTPzR.js:82
[   50731ms] [LOG] [WS] 🗺️ Broadcast recibido. Avatares: 1 [Hijo Test(2)] @ https://jimsimrodev.github.io/pequenos-sanos/assets/index-C7AoTPzR.js:82
[   50766ms] [LOG] [WS] 🗺️ Broadcast recibido. Avatares: 1 [Hijo Test(2)] @ https://jimsimrodev.github.io/pequenos-sanos/assets/index-C7AoTPzR.js:82
[   50789ms] [LOG] [WS] 🗺️ Broadcast recibido. Avatares: 1 [Hijo Test(2)] @ https://jimsimrodev.github.io/pequenos-sanos/assets/index-C7AoTPzR.js:82
[   50815ms] [LOG] [WS] 🗺️ Broadcast recibido. Avatares: 1 [Hijo Test(2)] @ https://jimsimrodev.github.io/pequenos-sanos/assets/index-C7AoTPzR.js:82
[   50843ms] [LOG] [WS] 🗺️ Broadcast recibido. Avatares: 1 [Hijo Test(2)] @ https://jimsimrodev.github.io/pequenos-sanos/assets/index-C7AoTPzR.js:82
[   50872ms] [LOG] [WS] 🗺️ Broadcast recibido. Avatares: 1 [Hijo Test(2)] @ https://jimsimrodev.github.io/pequenos-sanos/assets/index-C7AoTPzR.js:82
[   50905ms] [LOG] [WS] 🗺️ Broadcast recibido. Avatares: 1 [Hijo Test(2)] @ https://jimsimrodev.github.io/pequenos-sanos/assets/index-C7AoTPzR.js:82
[   50936ms] [LOG] [WS] 🗺️ Broadcast recibido. Avatares: 1 [Hijo Test(2)] @ https://jimsimrodev.github.io/pequenos-sanos/assets/index-C7AoTPzR.js:82
[   51002ms] [LOG] [WS] 🗺️ Broadcast recibido. Avatares: 1 [Hijo Test(2)] @ https://jimsimrodev.github.io/pequenos-sanos/assets/index-C7AoTPzR.js:82
[   51032ms] [LOG] [WS] 🗺️ Broadcast recibido. Avatares: 1 [Hijo Test(2)] @ https://jimsimrodev.github.io/pequenos-sanos/assets/index-C7AoTPzR.js:82
[   51059ms] [LOG] [WS] 🗺️ Broadcast recibido. Avatares: 1 [Hijo Test(2)] @ https://jimsimrodev.github.io/pequenos-sanos/assets/index-C7AoTPzR.js:82
[   51090ms] [LOG] [WS] 🗺️ Broadcast recibido. Avatares: 1 [Hijo Test(2)] @ https://jimsimrodev.github.io/pequenos-sanos/assets/index-C7AoTPzR.js:82
[   51120ms] [LOG] [WS] 🗺️ Broadcast recibido. Avatares: 1 [Hijo Test(2)] @ https://jimsimrodev.github.io/pequenos-sanos/assets/index-C7AoTPzR.js:82
[   51148ms] [LOG] [WS] 🗺️ Broadcast recibido. Avatares: 1 [Hijo Test(2)] @ https://jimsimrodev.github.io/pequenos-sanos/assets/index-C7AoTPzR.js:82
[   51177ms] [LOG] [WS] 🗺️ Broadcast recibido. Avatares: 1 [Hijo Test(2)] @ https://jimsimrodev.github.io/pequenos-sanos/assets/index-C7AoTPzR.js:82
[   51206ms] [LOG] [WS] 🗺️ Broadcast recibido. Avatares: 1 [Hijo Test(2)] @ https://jimsimrodev.github.io/pequenos-sanos/assets/index-C7AoTPzR.js:82
[   51238ms] [LOG] [WS] 🗺️ Broadcast recibido. Avatares: 1 [Hijo Test(2)] @ https://jimsimrodev.github.io/pequenos-sanos/assets/index-C7AoTPzR.js:82
[   51265ms] [LOG] [WS] 🗺️ Broadcast recibido. Avatares: 1 [Hijo Test(2)] @ https://jimsimrodev.github.io/pequenos-sanos/assets/index-C7AoTPzR.js:82
[   51300ms] [LOG] [WS] 🗺️ Broadcast recibido. Avatares: 1 [Hijo Test(2)] @ https://jimsimrodev.github.io/pequenos-sanos/assets/index-C7AoTPzR.js:82
[   51351ms] [LOG] [WS] 🗺️ Broadcast recibido. Avatares: 1 [Hijo Test(2)] @ https://jimsimrodev.github.io/pequenos-sanos/assets/index-C7AoTPzR.js:82
[   51383ms] [LOG] [WS] 🗺️ Broadcast recibido. Avatares: 1 [Hijo Test(2)] @ https://jimsimrodev.github.io/pequenos-sanos/assets/index-C7AoTPzR.js:82
[   51420ms] [LOG] [WS] 🗺️ Broadcast recibido. Avatares: 1 [Hijo Test(2)] @ https://jimsimrodev.github.io/pequenos-sanos/assets/index-C7AoTPzR.js:82
[   51472ms] [LOG] [WS] 🗺️ Broadcast recibido. Avatares: 1 [Hijo Test(2)] @ https://jimsimrodev.github.io/pequenos-sanos/assets/index-C7AoTPzR.js:82
[   51509ms] [LOG] [WS] 🗺️ Broadcast recibido. Avatares: 1 [Hijo Test(2)] @ https://jimsimrodev.github.io/pequenos-sanos/assets/index-C7AoTPzR.js:82
[   51541ms] [LOG] [WS] 🗺️ Broadcast recibido. Avatares: 1 [Hijo Test(2)] @ https://jimsimrodev.github.io/pequenos-sanos/assets/index-C7AoTPzR.js:82
[   51574ms] [LOG] [WS] 🗺️ Broadcast recibido. Avatares: 1 [Hijo Test(2)] @ https://jimsimrodev.github.io/pequenos-sanos/assets/index-C7AoTPzR.js:82
[   51576ms] [LOG] [WS] 🗺️ Broadcast recibido. Avatares: 1 [Hijo Test(2)] @ https://jimsimrodev.github.io/pequenos-sanos/assets/index-C7AoTPzR.js:82
[   51614ms] [LOG] [WS] 🗺️ Broadcast recibido. Avatares: 1 [Hijo Test(2)] @ https://jimsimrodev.github.io/pequenos-sanos/assets/index-C7AoTPzR.js:82
[   51649ms] [LOG] [WS] 🗺️ Broadcast recibido. Avatares: 1 [Hijo Test(2)] @ https://jimsimrodev.github.io/pequenos-sanos/assets/index-C7AoTPzR.js:82
[   51688ms] [LOG] [WS] 🗺️ Broadcast recibido. Avatares: 1 [Hijo Test(2)] @ https://jimsimrodev.github.io/pequenos-sanos/assets/index-C7AoTPzR.js:82
[   51725ms] [LOG] [WS] 🗺️ Broadcast recibido. Avatares: 1 [Hijo Test(2)] @ https://jimsimrodev.github.io/pequenos-sanos/assets/index-C7AoTPzR.js:82
[   51767ms] [LOG] [WS] 🗺️ Broadcast recibido. Avatares: 1 [Hijo Test(2)] @ https://jimsimrodev.github.io/pequenos-sanos/assets/index-C7AoTPzR.js:82
[   51799ms] [LOG] [WS] 🗺️ Broadcast recibido. Avatares: 1 [Hijo Test(2)] @ https://jimsimrodev.github.io/pequenos-sanos/assets/index-C7AoTPzR.js:82
[   51833ms] [LOG] [WS] 🗺️ Broadcast recibido. Avatares: 1 [Hijo Test(2)] @ https://jimsimrodev.github.io/pequenos-sanos/assets/index-C7AoTPzR.js:82
[   51870ms] [LOG] [WS] 🗺️ Broadcast recibido. Avatares: 1 [Hijo Test(2)] @ https://jimsimrodev.github.io/pequenos-sanos/assets/index-C7AoTPzR.js:82
[   51922ms] [LOG] [WS] 🗺️ Broadcast recibido. Avatares: 1 [Hijo Test(2)] @ https://jimsimrodev.github.io/pequenos-sanos/assets/index-C7AoTPzR.js:82
[   51923ms] [LOG] [WS] 🗺️ Broadcast recibido. Avatares: 1 [Hijo Test(2)] @ https://jimsimrodev.github.io/pequenos-sanos/assets/index-C7AoTPzR.js:82
[   51924ms] [LOG] [WS] 🗺️ Broadcast recibido. Avatares: 1 [Hijo Test(2)] @ https://jimsimrodev.github.io/pequenos-sanos/assets/index-C7AoTPzR.js:82
[   51967ms] [LOG] [WS] 🗺️ Broadcast recibido. Avatares: 1 [Hijo Test(2)] @ https://jimsimrodev.github.io/pequenos-sanos/assets/index-C7AoTPzR.js:82
[   52001ms] [LOG] [WS] 🗺️ Broadcast recibido. Avatares: 1 [Hijo Test(2)] @ https://jimsimrodev.github.io/pequenos-sanos/assets/index-C7AoTPzR.js:82
[   52033ms] [LOG] [WS] 🗺️ Broadcast recibido. Avatares: 1 [Hijo Test(2)] @ https://jimsimrodev.github.io/pequenos-sanos/assets/index-C7AoTPzR.js:82
[   52067ms] [LOG] [WS] 🗺️ Broadcast recibido. Avatares: 1 [Hijo Test(2)] @ https://jimsimrodev.github.io/pequenos-sanos/assets/index-C7AoTPzR.js:82
[   52099ms] [LOG] [WS] 🗺️ Broadcast recibido. Avatares: 1 [Hijo Test(2)] @ https://jimsimrodev.github.io/pequenos-sanos/assets/index-C7AoTPzR.js:82
[   52136ms] [LOG] [WS] 🗺️ Broadcast recibido. Avatares: 1 [Hijo Test(2)] @ https://jimsimrodev.github.io/pequenos-sanos/assets/index-C7AoTPzR.js:82
[   52172ms] [LOG] [WS] 🗺️ Broadcast recibido. Avatares: 1 [Hijo Test(2)] @ https://jimsimrodev.github.io/pequenos-sanos/assets/index-C7AoTPzR.js:82
[   52210ms] [LOG] [WS] 🗺️ Broadcast recibido. Avatares: 1 [Hijo Test(2)] @ https://jimsimrodev.github.io/pequenos-sanos/assets/index-C7AoTPzR.js:82
[   52254ms] [LOG] [WS] 🗺️ Broadcast recibido. Avatares: 1 [Hijo Test(2)] @ https://jimsimrodev.github.io/pequenos-sanos/assets/index-C7AoTPzR.js:82
[   52286ms] [LOG] [WS] 🗺️ Broadcast recibido. Avatares: 1 [Hijo Test(2)] @ https://jimsimrodev.github.io/pequenos-sanos/assets/index-C7AoTPzR.js:82
[   52326ms] [LOG] [WS] 🗺️ Broadcast recibido. Avatares: 1 [Hijo Test(2)] @ https://jimsimrodev.github.io/pequenos-sanos/assets/index-C7AoTPzR.js:82
[   52350ms] [LOG] [WS] 🗺️ Broadcast recibido. Avatares: 1 [Hijo Test(2)] @ https://jimsimrodev.github.io/pequenos-sanos/assets/index-C7AoTPzR.js:82
[   52386ms] [LOG] [WS] 🗺️ Broadcast recibido. Avatares: 1 [Hijo Test(2)] @ https://jimsimrodev.github.io/pequenos-sanos/assets/index-C7AoTPzR.js:82
[   52418ms] [LOG] [WS] 🗺️ Broadcast recibido. Avatares: 1 [Hijo Test(2)] @ https://jimsimrodev.github.io/pequenos-sanos/assets/index-C7AoTPzR.js:82
[   52457ms] [LOG] [WS] 🗺️ Broadcast recibido. Avatares: 1 [Hijo Test(2)] @ https://jimsimrodev.github.io/pequenos-sanos/assets/index-C7AoTPzR.js:82
[   52495ms] [LOG] [WS] 🗺️ Broadcast recibido. Avatares: 1 [Hijo Test(2)] @ https://jimsimrodev.github.io/pequenos-sanos/assets/index-C7AoTPzR.js:82
[   52528ms] [LOG] [WS] 🗺️ Broadcast recibido. Avatares: 1 [Hijo Test(2)] @ https://jimsimrodev.github.io/pequenos-sanos/assets/index-C7AoTPzR.js:82
[   52559ms] [LOG] [WS] 🗺️ Broadcast recibido. Avatares: 1 [Hijo Test(2)] @ https://jimsimrodev.github.io/pequenos-sanos/assets/index-C7AoTPzR.js:82
[   52598ms] [LOG] [WS] 🗺️ Broadcast recibido. Avatares: 1 [Hijo Test(2)] @ https://jimsimrodev.github.io/pequenos-sanos/assets/index-C7AoTPzR.js:82
[   52632ms] [LOG] [WS] 🗺️ Broadcast recibido. Avatares: 1 [Hijo Test(2)] @ https://jimsimrodev.github.io/pequenos-sanos/assets/index-C7AoTPzR.js:82
[   52669ms] [LOG] [WS] 🗺️ Broadcast recibido. Avatares: 1 [Hijo Test(2)] @ https://jimsimrodev.github.io/pequenos-sanos/assets/index-C7AoTPzR.js:82
[   52695ms] [LOG] [WS] 🗺️ Broadcast recibido. Avatares: 1 [Hijo Test(2)] @ https://jimsimrodev.github.io/pequenos-sanos/assets/index-C7AoTPzR.js:82
[   52726ms] [LOG] [WS] 🗺️ Broadcast recibido. Avatares: 1 [Hijo Test(2)] @ https://jimsimrodev.github.io/pequenos-sanos/assets/index-C7AoTPzR.js:82
[   52756ms] [LOG] [WS] 🗺️ Broadcast recibido. Avatares: 1 [Hijo Test(2)] @ https://jimsimrodev.github.io/pequenos-sanos/assets/index-C7AoTPzR.js:82
[   52788ms] [LOG] [WS] 🗺️ Broadcast recibido. Avatares: 1 [Hijo Test(2)] @ https://jimsimrodev.github.io/pequenos-sanos/assets/index-C7AoTPzR.js:82
[   52829ms] [LOG] [WS] 🗺️ Broadcast recibido. Avatares: 1 [Hijo Test(2)] @ https://jimsimrodev.github.io/pequenos-sanos/assets/index-C7AoTPzR.js:82
[   52871ms] [LOG] [WS] 🗺️ Broadcast recibido. Avatares: 1 [Hijo Test(2)] @ https://jimsimrodev.github.io/pequenos-sanos/assets/index-C7AoTPzR.js:82
[   52903ms] [LOG] [WS] 🗺️ Broadcast recibido. Avatares: 1 [Hijo Test(2)] @ https://jimsimrodev.github.io/pequenos-sanos/assets/index-C7AoTPzR.js:82
[   53941ms] [LOG] [WS] 🗺️ Broadcast recibido. Avatares: 1 [Hijo Test(2)] @ https://jimsimrodev.github.io/pequenos-sanos/assets/index-C7AoTPzR.js:82
[   53965ms] [LOG] [WS] 🗺️ Broadcast recibido. Avatares: 1 [Hijo Test(2)] @ https://jimsimrodev.github.io/pequenos-sanos/assets/index-C7AoTPzR.js:82
[   53965ms] [LOG] [WS] 🗺️ Broadcast recibido. Avatares: 1 [Hijo Test(2)] @ https://jimsimrodev.github.io/pequenos-sanos/assets/index-C7AoTPzR.js:82
[   53966ms] [LOG] [WS] 🗺️ Broadcast recibido. Avatares: 1 [Hijo Test(2)] @ https://jimsimrodev.github.io/pequenos-sanos/assets/index-C7AoTPzR.js:82
[   53966ms] [LOG] [WS] 🗺️ Broadcast recibido. Avatares: 1 [Hijo Test(2)] @ https://jimsimrodev.github.io/pequenos-sanos/assets/index-C7AoTPzR.js:82
[   53967ms] [LOG] [WS] 🗺️ Broadcast recibido. Avatares: 1 [Hijo Test(2)] @ https://jimsimrodev.github.io/pequenos-sanos/assets/index-C7AoTPzR.js:82
[   53967ms] [LOG] [WS] 🗺️ Broadcast recibido. Avatares: 1 [Hijo Test(2)] @ https://jimsimrodev.github.io/pequenos-sanos/assets/index-C7AoTPzR.js:82
[   53967ms] [LOG] [WS] 🗺️ Broadcast recibido. Avatares: 1 [Hijo Test(2)] @ https://jimsimrodev.github.io/pequenos-sanos/assets/index-C7AoTPzR.js:82
[   53989ms] [LOG] [WS] 🗺️ Broadcast recibido. Avatares: 1 [Hijo Test(2)] @ https://jimsimrodev.github.io/pequenos-sanos/assets/index-C7AoTPzR.js:82
[   54019ms] [LOG] [WS] 🗺️ Broadcast recibido. Avatares: 1 [Hijo Test(2)] @ https://jimsimrodev.github.io/pequenos-sanos/assets/index-C7AoTPzR.js:82
[   54021ms] [LOG] [WS] 🗺️ Broadcast recibido. Avatares: 1 [Hijo Test(2)] @ https://jimsimrodev.github.io/pequenos-sanos/assets/index-C7AoTPzR.js:82
[   54022ms] [LOG] [WS] 🗺️ Broadcast recibido. Avatares: 1 [Hijo Test(2)] @ https://jimsimrodev.github.io/pequenos-sanos/assets/index-C7AoTPzR.js:82
[   54023ms] [LOG] [WS] 🗺️ Broadcast recibido. Avatares: 1 [Hijo Test(2)] @ https://jimsimrodev.github.io/pequenos-sanos/assets/index-C7AoTPzR.js:82
[   54060ms] [LOG] [WS] 🗺️ Broadcast recibido. Avatares: 1 [Hijo Test(2)] @ https://jimsimrodev.github.io/pequenos-sanos/assets/index-C7AoTPzR.js:82
[   54096ms] [LOG] [WS] 🗺️ Broadcast recibido. Avatares: 1 [Hijo Test(2)] @ https://jimsimrodev.github.io/pequenos-sanos/assets/index-C7AoTPzR.js:82
[   54098ms] [LOG] [WS] 🗺️ Broadcast recibido. Avatares: 1 [Hijo Test(2)] @ https://jimsimrodev.github.io/pequenos-sanos/assets/index-C7AoTPzR.js:82
[   54099ms] [LOG] [WS] 🗺️ Broadcast recibido. Avatares: 1 [Hijo Test(2)] @ https://jimsimrodev.github.io/pequenos-sanos/assets/index-C7AoTPzR.js:82
[   55402ms] [LOG] [WS] 🗺️ Broadcast recibido. Avatares: 1 [Hijo Test(2)] @ https://jimsimrodev.github.io/pequenos-sanos/assets/index-C7AoTPzR.js:82
[   55460ms] [LOG] [WS] 🗺️ Broadcast recibido. Avatares: 1 [Hijo Test(2)] @ https://jimsimrodev.github.io/pequenos-sanos/assets/index-C7AoTPzR.js:82
[   55462ms] [LOG] [WS] 🗺️ Broadcast recibido. Avatares: 1 [Hijo Test(2)] @ https://jimsimrodev.github.io/pequenos-sanos/assets/index-C7AoTPzR.js:82
[   55462ms] [LOG] [WS] 🗺️ Broadcast recibido. Avatares: 1 [Hijo Test(2)] @ https://jimsimrodev.github.io/pequenos-sanos/assets/index-C7AoTPzR.js:82
[   55463ms] [LOG] [WS] 🗺️ Broadcast recibido. Avatares: 1 [Hijo Test(2)] @ https://jimsimrodev.github.io/pequenos-sanos/assets/index-C7AoTPzR.js:82
[   55464ms] [LOG] [WS] 🗺️ Broadcast recibido. Avatares: 1 [Hijo Test(2)] @ https://jimsimrodev.github.io/pequenos-sanos/assets/index-C7AoTPzR.js:82
[   55465ms] [LOG] [WS] 🗺️ Broadcast recibido. Avatares: 1 [Hijo Test(2)] @ https://jimsimrodev.github.io/pequenos-sanos/assets/index-C7AoTPzR.js:82
[   55467ms] [LOG] [WS] 🗺️ Broadcast recibido. Avatares: 1 [Hijo Test(2)] @ https://jimsimrodev.github.io/pequenos-sanos/assets/index-C7AoTPzR.js:82
[   55469ms] [LOG] [WS] 🗺️ Broadcast recibido. Avatares: 1 [Hijo Test(2)] @ https://jimsimrodev.github.io/pequenos-sanos/assets/index-C7AoTPzR.js:82
[   55472ms] [LOG] [WS] 🗺️ Broadcast recibido. Avatares: 1 [Hijo Test(2)] @ https://jimsimrodev.github.io/pequenos-sanos/assets/index-C7AoTPzR.js:82
[   55473ms] [LOG] [WS] 🗺️ Broadcast recibido. Avatares: 1 [Hijo Test(2)] @ https://jimsimrodev.github.io/pequenos-sanos/assets/index-C7AoTPzR.js:82
[   55475ms] [LOG] [WS] 🗺️ Broadcast recibido. Avatares: 1 [Hijo Test(2)] @ https://jimsimrodev.github.io/pequenos-sanos/assets/index-C7AoTPzR.js:82
[   55475ms] [LOG] [WS] 🗺️ Broadcast recibido. Avatares: 1 [Hijo Test(2)] @ https://jimsimrodev.github.io/pequenos-sanos/assets/index-C7AoTPzR.js:82
[   55476ms] [LOG] [WS] 🗺️ Broadcast recibido. Avatares: 1 [Hijo Test(2)] @ https://jimsimrodev.github.io/pequenos-sanos/assets/index-C7AoTPzR.js:82
[   55478ms] [LOG] [WS] 🗺️ Broadcast recibido. Avatares: 1 [Hijo Test(2)] @ https://jimsimrodev.github.io/pequenos-sanos/assets/index-C7AoTPzR.js:82
[   55478ms] [LOG] [WS] 🗺️ Broadcast recibido. Avatares: 1 [Hijo Test(2)] @ https://jimsimrodev.github.io/pequenos-sanos/assets/index-C7AoTPzR.js:82
[   55479ms] [LOG] [WS] 🗺️ Broadcast recibido. Avatares: 1 [Hijo Test(2)] @ https://jimsimrodev.github.io/pequenos-sanos/assets/index-C7AoTPzR.js:82
[   55481ms] [LOG] [WS] 🗺️ Broadcast recibido. Avatares: 1 [Hijo Test(2)] @ https://jimsimrodev.github.io/pequenos-sanos/assets/index-C7AoTPzR.js:82
[   55482ms] [LOG] [WS] 🗺️ Broadcast recibido. Avatares: 1 [Hijo Test(2)] @ https://jimsimrodev.github.io/pequenos-sanos/assets/index-C7AoTPzR.js:82
[   55484ms] [LOG] [WS] 🗺️ Broadcast recibido. Avatares: 1 [Hijo Test(2)] @ https://jimsimrodev.github.io/pequenos-sanos/assets/index-C7AoTPzR.js:82
[   55487ms] [LOG] [WS] 🗺️ Broadcast recibido. Avatares: 1 [Hijo Test(2)] @ https://jimsimrodev.github.io/pequenos-sanos/assets/index-C7AoTPzR.js:82
[   55491ms] [LOG] [WS] 🗺️ Broadcast recibido. Avatares: 1 [Hijo Test(2)] @ https://jimsimrodev.github.io/pequenos-sanos/assets/index-C7AoTPzR.js:82
[   55494ms] [LOG] [WS] 🗺️ Broadcast recibido. Avatares: 1 [Hijo Test(2)] @ https://jimsimrodev.github.io/pequenos-sanos/assets/index-C7AoTPzR.js:82
[   55495ms] [LOG] [WS] 🗺️ Broadcast recibido. Avatares: 1 [Hijo Test(2)] @ https://jimsimrodev.github.io/pequenos-sanos/assets/index-C7AoTPzR.js:82
[   55497ms] [LOG] [WS] 🗺️ Broadcast recibido. Avatares: 1 [Hijo Test(2)] @ https://jimsimrodev.github.io/pequenos-sanos/assets/index-C7AoTPzR.js:82
[   55499ms] [LOG] [WS] 🗺️ Broadcast recibido. Avatares: 1 [Hijo Test(2)] @ https://jimsimrodev.github.io/pequenos-sanos/assets/index-C7AoTPzR.js:82
[   55502ms] [LOG] [WS] 🗺️ Broadcast recibido. Avatares: 1 [Hijo Test(2)] @ https://jimsimrodev.github.io/pequenos-sanos/assets/index-C7AoTPzR.js:82
[   55504ms] [LOG] [WS] 🗺️ Broadcast recibido. Avatares: 1 [Hijo Test(2)] @ https://jimsimrodev.github.io/pequenos-sanos/assets/index-C7AoTPzR.js:82
[   55505ms] [LOG] [WS] 🗺️ Broadcast recibido. Avatares: 1 [Hijo Test(2)] @ https://jimsimrodev.github.io/pequenos-sanos/assets/index-C7AoTPzR.js:82
[   55508ms] [LOG] [WS] 🗺️ Broadcast recibido. Avatares: 1 [Hijo Test(2)] @ https://jimsimrodev.github.io/pequenos-sanos/assets/index-C7AoTPzR.js:82
[   55511ms] [LOG] [WS] 🗺️ Broadcast recibido. Avatares: 1 [Hijo Test(2)] @ https://jimsimrodev.github.io/pequenos-sanos/assets/index-C7AoTPzR.js:82
[   55513ms] [LOG] [WS] 🗺️ Broadcast recibido. Avatares: 1 [Hijo Test(2)] @ https://jimsimrodev.github.io/pequenos-sanos/assets/index-C7AoTPzR.js:82
[   55515ms] [LOG] [WS] 🗺️ Broadcast recibido. Avatares: 1 [Hijo Test(2)] @ https://jimsimrodev.github.io/pequenos-sanos/assets/index-C7AoTPzR.js:82
[   55516ms] [LOG] [WS] 🗺️ Broadcast recibido. Avatares: 1 [Hijo Test(2)] @ https://jimsimrodev.github.io/pequenos-sanos/assets/index-C7AoTPzR.js:82
[   55516ms] [LOG] [WS] 🗺️ Broadcast recibido. Avatares: 1 [Hijo Test(2)] @ https://jimsimrodev.github.io/pequenos-sanos/assets/index-C7AoTPzR.js:82
[   55517ms] [LOG] [WS] 🗺️ Broadcast recibido. Avatares: 1 [Hijo Test(2)] @ https://jimsimrodev.github.io/pequenos-sanos/assets/index-C7AoTPzR.js:82
[   55517ms] [LOG] [WS] 🗺️ Broadcast recibido. Avatares: 1 [Hijo Test(2)] @ https://jimsimrodev.github.io/pequenos-sanos/assets/index-C7AoTPzR.js:82
[   55518ms] [LOG] [WS] 🗺️ Broadcast recibido. Avatares: 1 [Hijo Test(2)] @ https://jimsimrodev.github.io/pequenos-sanos/assets/index-C7AoTPzR.js:82
[   55518ms] [LOG] [WS] 🗺️ Broadcast recibido. Avatares: 1 [Hijo Test(2)] @ https://jimsimrodev.github.io/pequenos-sanos/assets/index-C7AoTPzR.js:82
[   55518ms] [LOG] [WS] 🗺️ Broadcast recibido. Avatares: 1 [Hijo Test(2)] @ https://jimsimrodev.github.io/pequenos-sanos/assets/index-C7AoTPzR.js:82
[   55519ms] [LOG] [WS] 🗺️ Broadcast recibido. Avatares: 1 [Hijo Test(2)] @ https://jimsimrodev.github.io/pequenos-sanos/assets/index-C7AoTPzR.js:82
[   55519ms] [LOG] [WS] 🗺️ Broadcast recibido. Avatares: 1 [Hijo Test(2)] @ https://jimsimrodev.github.io/pequenos-sanos/assets/index-C7AoTPzR.js:82
[   55520ms] [LOG] [WS] 🗺️ Broadcast recibido. Avatares: 1 [Hijo Test(2)] @ https://jimsimrodev.github.io/pequenos-sanos/assets/index-C7AoTPzR.js:82
[   55521ms] [LOG] [WS] 🗺️ Broadcast recibido. Avatares: 1 [Hijo Test(2)] @ https://jimsimrodev.github.io/pequenos-sanos/assets/index-C7AoTPzR.js:82
[   55522ms] [LOG] [WS] 🗺️ Broadcast recibido. Avatares: 1 [Hijo Test(2)] @ https://jimsimrodev.github.io/pequenos-sanos/assets/index-C7AoTPzR.js:82
[   55523ms] [LOG] [WS] 🗺️ Broadcast recibido. Avatares: 1 [Hijo Test(2)] @ https://jimsimrodev.github.io/pequenos-sanos/assets/index-C7AoTPzR.js:82
[   55524ms] [LOG] [WS] 🗺️ Broadcast recibido. Avatares: 1 [Hijo Test(2)] @ https://jimsimrodev.github.io/pequenos-sanos/assets/index-C7AoTPzR.js:82
[   55528ms] [LOG] [WS] 🗺️ Broadcast recibido. Avatares: 1 [Hijo Test(2)] @ https://jimsimrodev.github.io/pequenos-sanos/assets/index-C7AoTPzR.js:82
[   55530ms] [LOG] [WS] 🗺️ Broadcast recibido. Avatares: 1 [Hijo Test(2)] @ https://jimsimrodev.github.io/pequenos-sanos/assets/index-C7AoTPzR.js:82
[   55532ms] [LOG] [WS] 🗺️ Broadcast recibido. Avatares: 1 [Hijo Test(2)] @ https://jimsimrodev.github.io/pequenos-sanos/assets/index-C7AoTPzR.js:82
[   55534ms] [LOG] [WS] 🗺️ Broadcast recibido. Avatares: 1 [Hijo Test(2)] @ https://jimsimrodev.github.io/pequenos-sanos/assets/index-C7AoTPzR.js:82
[   55537ms] [LOG] [WS] 🗺️ Broadcast recibido. Avatares: 1 [Hijo Test(2)] @ https://jimsimrodev.github.io/pequenos-sanos/assets/index-C7AoTPzR.js:82
[   55538ms] [LOG] [WS] 🗺️ Broadcast recibido. Avatares: 1 [Hijo Test(2)] @ https://jimsimrodev.github.io/pequenos-sanos/assets/index-C7AoTPzR.js:82
[   55539ms] [LOG] [WS] 🗺️ Broadcast recibido. Avatares: 1 [Hijo Test(2)] @ https://jimsimrodev.github.io/pequenos-sanos/assets/index-C7AoTPzR.js:82
[   55541ms] [LOG] [WS] 🗺️ Broadcast recibido. Avatares: 1 [Hijo Test(2)] @ https://jimsimrodev.github.io/pequenos-sanos/assets/index-C7AoTPzR.js:82
[   55543ms] [LOG] [WS] 🗺️ Broadcast recibido. Avatares: 1 [Hijo Test(2)] @ https://jimsimrodev.github.io/pequenos-sanos/assets/index-C7AoTPzR.js:82
[   55547ms] [LOG] [WS] 🗺️ Broadcast recibido. Avatares: 1 [Hijo Test(2)] @ https://jimsimrodev.github.io/pequenos-sanos/assets/index-C7AoTPzR.js:82
[   55551ms] [LOG] [WS] 🗺️ Broadcast recibido. Avatares: 1 [Hijo Test(2)] @ https://jimsimrodev.github.io/pequenos-sanos/assets/index-C7AoTPzR.js:82
[   55552ms] [LOG] [WS] 🗺️ Broadcast recibido. Avatares: 1 [Hijo Test(2)] @ https://jimsimrodev.github.io/pequenos-sanos/assets/index-C7AoTPzR.js:82
[   55552ms] [LOG] [WS] 🗺️ Broadcast recibido. Avatares: 1 [Hijo Test(2)] @ https://jimsimrodev.github.io/pequenos-sanos/assets/index-C7AoTPzR.js:82
[   55595ms] [LOG] [WS] 🗺️ Broadcast recibido. Avatares: 1 [Hijo Test(2)] @ https://jimsimrodev.github.io/pequenos-sanos/assets/index-C7AoTPzR.js:82
[   55596ms] [LOG] [WS] 🗺️ Broadcast recibido. Avatares: 1 [Hijo Test(2)] @ https://jimsimrodev.github.io/pequenos-sanos/assets/index-C7AoTPzR.js:82
[   55597ms] [LOG] [WS] 🗺️ Broadcast recibido. Avatares: 1 [Hijo Test(2)] @ https://jimsimrodev.github.io/pequenos-sanos/assets/index-C7AoTPzR.js:82
[   55599ms] [LOG] [WS] 🗺️ Broadcast recibido. Avatares: 1 [Hijo Test(2)] @ https://jimsimrodev.github.io/pequenos-sanos/assets/index-C7AoTPzR.js:82
[   55638ms] [LOG] [WS] 🗺️ Broadcast recibido. Avatares: 1 [Hijo Test(2)] @ https://jimsimrodev.github.io/pequenos-sanos/assets/index-C7AoTPzR.js:82
[   55640ms] [LOG] [WS] 🗺️ Broadcast recibido. Avatares: 1 [Hijo Test(2)] @ https://jimsimrodev.github.io/pequenos-sanos/assets/index-C7AoTPzR.js:82
[   55689ms] [LOG] [WS] 🗺️ Broadcast recibido. Avatares: 1 [Hijo Test(2)] @ https://jimsimrodev.github.io/pequenos-sanos/assets/index-C7AoTPzR.js:82
[   55726ms] [LOG] [WS] 🗺️ Broadcast recibido. Avatares: 1 [Hijo Test(2)] @ https://jimsimrodev.github.io/pequenos-sanos/assets/index-C7AoTPzR.js:82
[   55765ms] [LOG] [WS] 🗺️ Broadcast recibido. Avatares: 1 [Hijo Test(2)] @ https://jimsimrodev.github.io/pequenos-sanos/assets/index-C7AoTPzR.js:82
[   55766ms] [LOG] [WS] 🗺️ Broadcast recibido. Avatares: 1 [Hijo Test(2)] @ https://jimsimrodev.github.io/pequenos-sanos/assets/index-C7AoTPzR.js:82
[   55814ms] [LOG] [WS] 🗺️ Broadcast recibido. Avatares: 1 [Hijo Test(2)] @ https://jimsimrodev.github.io/pequenos-sanos/assets/index-C7AoTPzR.js:82
[   55856ms] [LOG] [WS] 🗺️ Broadcast recibido. Avatares: 1 [Hijo Test(2)] @ https://jimsimrodev.github.io/pequenos-sanos/assets/index-C7AoTPzR.js:82
[   55895ms] [LOG] [WS] 🗺️ Broadcast recibido. Avatares: 1 [Hijo Test(2)] @ https://jimsimrodev.github.io/pequenos-sanos/assets/index-C7AoTPzR.js:82
[   55897ms] [LOG] [WS] 🗺️ Broadcast recibido. Avatares: 1 [Hijo Test(2)] @ https://jimsimrodev.github.io/pequenos-sanos/assets/index-C7AoTPzR.js:82
[   55945ms] [LOG] [WS] 🗺️ Broadcast recibido. Avatares: 1 [Hijo Test(2)] @ https://jimsimrodev.github.io/pequenos-sanos/assets/index-C7AoTPzR.js:82
[   55982ms] [LOG] [WS] 🗺️ Broadcast recibido. Avatares: 1 [Hijo Test(2)] @ https://jimsimrodev.github.io/pequenos-sanos/assets/index-C7AoTPzR.js:82
[   56037ms] [LOG] [WS] 🗺️ Broadcast recibido. Avatares: 1 [Hijo Test(2)] @ https://jimsimrodev.github.io/pequenos-sanos/assets/index-C7AoTPzR.js:82
[   56043ms] [LOG] [WS] 🗺️ Broadcast recibido. Avatares: 1 [Hijo Test(2)] @ https://jimsimrodev.github.io/pequenos-sanos/assets/index-C7AoTPzR.js:82
[   56086ms] [LOG] [WS] 🗺️ Broadcast recibido. Avatares: 1 [Hijo Test(2)] @ https://jimsimrodev.github.io/pequenos-sanos/assets/index-C7AoTPzR.js:82
[   56135ms] [LOG] [WS] 🗺️ Broadcast recibido. Avatares: 1 [Hijo Test(2)] @ https://jimsimrodev.github.io/pequenos-sanos/assets/index-C7AoTPzR.js:82
[   56138ms] [LOG] [WS] 🗺️ Broadcast recibido. Avatares: 1 [Hijo Test(2)] @ https://jimsimrodev.github.io/pequenos-sanos/assets/index-C7AoTPzR.js:82
[   56177ms] [LOG] [WS] 🗺️ Broadcast recibido. Avatares: 1 [Hijo Test(2)] @ https://jimsimrodev.github.io/pequenos-sanos/assets/index-C7AoTPzR.js:82
[   56219ms] [LOG] [WS] 🗺️ Broadcast recibido. Avatares: 1 [Hijo Test(2)] @ https://jimsimrodev.github.io/pequenos-sanos/assets/index-C7AoTPzR.js:82
[   56272ms] [LOG] [WS] 🗺️ Broadcast recibido. Avatares: 1 [Hijo Test(2)] @ https://jimsimrodev.github.io/pequenos-sanos/assets/index-C7AoTPzR.js:82
[   56274ms] [LOG] [WS] 🗺️ Broadcast recibido. Avatares: 1 [Hijo Test(2)] @ https://jimsimrodev.github.io/pequenos-sanos/assets/index-C7AoTPzR.js:82
[   56314ms] [LOG] [WS] 🗺️ Broadcast recibido. Avatares: 1 [Hijo Test(2)] @ https://jimsimrodev.github.io/pequenos-sanos/assets/index-C7AoTPzR.js:82
[   56355ms] [LOG] [WS] 🗺️ Broadcast recibido. Avatares: 1 [Hijo Test(2)] @ https://jimsimrodev.github.io/pequenos-sanos/assets/index-C7AoTPzR.js:82
[   56357ms] [LOG] [WS] 🗺️ Broadcast recibido. Avatares: 1 [Hijo Test(2)] @ https://jimsimrodev.github.io/pequenos-sanos/assets/index-C7AoTPzR.js:82
[   56421ms] [LOG] [WS] 🗺️ Broadcast recibido. Avatares: 1 [Hijo Test(2)] @ https://jimsimrodev.github.io/pequenos-sanos/assets/index-C7AoTPzR.js:82
[   56463ms] [LOG] [WS] 🗺️ Broadcast recibido. Avatares: 1 [Hijo Test(2)] @ https://jimsimrodev.github.io/pequenos-sanos/assets/index-C7AoTPzR.js:82
[   56464ms] [LOG] [WS] 🗺️ Broadcast recibido. Avatares: 1 [Hijo Test(2)] @ https://jimsimrodev.github.io/pequenos-sanos/assets/index-C7AoTPzR.js:82
[   56513ms] [LOG] [WS] 🗺️ Broadcast recibido. Avatares: 1 [Hijo Test(2)] @ https://jimsimrodev.github.io/pequenos-sanos/assets/index-C7AoTPzR.js:82
[   56572ms] [LOG] [WS] 🗺️ Broadcast recibido. Avatares: 1 [Hijo Test(2)] @ https://jimsimrodev.github.io/pequenos-sanos/assets/index-C7AoTPzR.js:82
[   56573ms] [LOG] [WS] 🗺️ Broadcast recibido. Avatares: 1 [Hijo Test(2)] @ https://jimsimrodev.github.io/pequenos-sanos/assets/index-C7AoTPzR.js:82
[   56617ms] [LOG] [WS] 🗺️ Broadcast recibido. Avatares: 1 [Hijo Test(2)] @ https://jimsimrodev.github.io/pequenos-sanos/assets/index-C7AoTPzR.js:82
[   56665ms] [LOG] [WS] 🗺️ Broadcast recibido. Avatares: 1 [Hijo Test(2)] @ https://jimsimrodev.github.io/pequenos-sanos/assets/index-C7AoTPzR.js:82
[   56666ms] [LOG] [WS] 🗺️ Broadcast recibido. Avatares: 1 [Hijo Test(2)] @ https://jimsimrodev.github.io/pequenos-sanos/assets/index-C7AoTPzR.js:82
[   56710ms] [LOG] [WS] 🗺️ Broadcast recibido. Avatares: 1 [Hijo Test(2)] @ https://jimsimrodev.github.io/pequenos-sanos/assets/index-C7AoTPzR.js:82
[   56742ms] [LOG] [WS] 🗺️ Broadcast recibido. Avatares: 1 [Hijo Test(2)] @ https://jimsimrodev.github.io/pequenos-sanos/assets/index-C7AoTPzR.js:82
[   56796ms] [LOG] [WS] 🗺️ Broadcast recibido. Avatares: 1 [Hijo Test(2)] @ https://jimsimrodev.github.io/pequenos-sanos/assets/index-C7AoTPzR.js:82
[   56833ms] [LOG] [WS] 🗺️ Broadcast recibido. Avatares: 1 [Hijo Test(2)] @ https://jimsimrodev.github.io/pequenos-sanos/assets/index-C7AoTPzR.js:82
[   56835ms] [LOG] [WS] 🗺️ Broadcast recibido. Avatares: 1 [Hijo Test(2)] @ https://jimsimrodev.github.io/pequenos-sanos/assets/index-C7AoTPzR.js:82
[   56896ms] [LOG] [WS] 🗺️ Broadcast recibido. Avatares: 1 [Hijo Test(2)] @ https://jimsimrodev.github.io/pequenos-sanos/assets/index-C7AoTPzR.js:82
[   56936ms] [LOG] [WS] 🗺️ Broadcast recibido. Avatares: 1 [Hijo Test(2)] @ https://jimsimrodev.github.io/pequenos-sanos/assets/index-C7AoTPzR.js:82
[   56941ms] [LOG] [WS] 🗺️ Broadcast recibido. Avatares: 1 [Hijo Test(2)] @ https://jimsimrodev.github.io/pequenos-sanos/assets/index-C7AoTPzR.js:82
[   56996ms] [LOG] [WS] 🗺️ Broadcast recibido. Avatares: 1 [Hijo Test(2)] @ https://jimsimrodev.github.io/pequenos-sanos/assets/index-C7AoTPzR.js:82
[   56997ms] [LOG] [WS] 🗺️ Broadcast recibido. Avatares: 1 [Hijo Test(2)] @ https://jimsimrodev.github.io/pequenos-sanos/assets/index-C7AoTPzR.js:82
[   57046ms] [LOG] [WS] 🗺️ Broadcast recibido. Avatares: 1 [Hijo Test(2)] @ https://jimsimrodev.github.io/pequenos-sanos/assets/index-C7AoTPzR.js:82
[   57077ms] [LOG] [WS] 🗺️ Broadcast recibido. Avatares: 1 [Hijo Test(2)] @ https://jimsimrodev.github.io/pequenos-sanos/assets/index-C7AoTPzR.js:82
[   57079ms] [LOG] [WS] 🗺️ Broadcast recibido. Avatares: 1 [Hijo Test(2)] @ https://jimsimrodev.github.io/pequenos-sanos/assets/index-C7AoTPzR.js:82
[   57122ms] [LOG] [WS] 🗺️ Broadcast recibido. Avatares: 1 [Hijo Test(2)] @ https://jimsimrodev.github.io/pequenos-sanos/assets/index-C7AoTPzR.js:82
[   57162ms] [LOG] [WS] 🗺️ Broadcast recibido. Avatares: 1 [Hijo Test(2)] @ https://jimsimrodev.github.io/pequenos-sanos/assets/index-C7AoTPzR.js:82
[   57197ms] [LOG] [WS] 🗺️ Broadcast recibido. Avatares: 1 [Hijo Test(2)] @ https://jimsimrodev.github.io/pequenos-sanos/assets/index-C7AoTPzR.js:82
[   57236ms] [LOG] [WS] 🗺️ Broadcast recibido. Avatares: 1 [Hijo Test(2)] @ https://jimsimrodev.github.io/pequenos-sanos/assets/index-C7AoTPzR.js:82
[   57277ms] [LOG] [WS] 🗺️ Broadcast recibido. Avatares: 1 [Hijo Test(2)] @ https://jimsimrodev.github.io/pequenos-sanos/assets/index-C7AoTPzR.js:82
[   57314ms] [LOG] [WS] 🗺️ Broadcast recibido. Avatares: 1 [Hijo Test(2)] @ https://jimsimrodev.github.io/pequenos-sanos/assets/index-C7AoTPzR.js:82
[   57353ms] [LOG] [WS] 🗺️ Broadcast recibido. Avatares: 1 [Hijo Test(2)] @ https://jimsimrodev.github.io/pequenos-sanos/assets/index-C7AoTPzR.js:82
[   57354ms] [LOG] [WS] 🗺️ Broadcast recibido. Avatares: 1 [Hijo Test(2)] @ https://jimsimrodev.github.io/pequenos-sanos/assets/index-C7AoTPzR.js:82
[   57387ms] [LOG] [WS] 🗺️ Broadcast recibido. Avatares: 1 [Hijo Test(2)] @ https://jimsimrodev.github.io/pequenos-sanos/assets/index-C7AoTPzR.js:82
[   57421ms] [LOG] [WS] 🗺️ Broadcast recibido. Avatares: 1 [Hijo Test(2)] @ https://jimsimrodev.github.io/pequenos-sanos/assets/index-C7AoTPzR.js:82
[   57458ms] [LOG] [WS] 🗺️ Broadcast recibido. Avatares: 1 [Hijo Test(2)] @ https://jimsimrodev.github.io/pequenos-sanos/assets/index-C7AoTPzR.js:82
[   57521ms] [LOG] [WS] 🗺️ Broadcast recibido. Avatares: 1 [Hijo Test(2)] @ https://jimsimrodev.github.io/pequenos-sanos/assets/index-C7AoTPzR.js:82
[   57554ms] [LOG] [WS] 🗺️ Broadcast recibido. Avatares: 1 [Hijo Test(2)] @ https://jimsimrodev.github.io/pequenos-sanos/assets/index-C7AoTPzR.js:82
[   57557ms] [LOG] [WS] 🗺️ Broadcast recibido. Avatares: 1 [Hijo Test(2)] @ https://jimsimrodev.github.io/pequenos-sanos/assets/index-C7AoTPzR.js:82
[   57612ms] [LOG] [WS] 🗺️ Broadcast recibido. Avatares: 1 [Hijo Test(2)] @ https://jimsimrodev.github.io/pequenos-sanos/assets/index-C7AoTPzR.js:82
[   57645ms] [LOG] [WS] 🗺️ Broadcast recibido. Avatares: 1 [Hijo Test(2)] @ https://jimsimrodev.github.io/pequenos-sanos/assets/index-C7AoTPzR.js:82
[   57647ms] [LOG] [WS] 🗺️ Broadcast recibido. Avatares: 1 [Hijo Test(2)] @ https://jimsimrodev.github.io/pequenos-sanos/assets/index-C7AoTPzR.js:82
[   57692ms] [LOG] [WS] 🗺️ Broadcast recibido. Avatares: 1 [Hijo Test(2)] @ https://jimsimrodev.github.io/pequenos-sanos/assets/index-C7AoTPzR.js:82
[   57738ms] [LOG] [WS] 🗺️ Broadcast recibido. Avatares: 1 [Hijo Test(2)] @ https://jimsimrodev.github.io/pequenos-sanos/assets/index-C7AoTPzR.js:82
[   57792ms] [LOG] [WS] 🗺️ Broadcast recibido. Avatares: 1 [Hijo Test(2)] @ https://jimsimrodev.github.io/pequenos-sanos/assets/index-C7AoTPzR.js:82
[   57841ms] [LOG] [WS] 🗺️ Broadcast recibido. Avatares: 1 [Hijo Test(2)] @ https://jimsimrodev.github.io/pequenos-sanos/assets/index-C7AoTPzR.js:82
[   57842ms] [LOG] [WS] 🗺️ Broadcast recibido. Avatares: 1 [Hijo Test(2)] @ https://jimsimrodev.github.io/pequenos-sanos/assets/index-C7AoTPzR.js:82
[   57883ms] [LOG] [WS] 🗺️ Broadcast recibido. Avatares: 1 [Hijo Test(2)] @ https://jimsimrodev.github.io/pequenos-sanos/assets/index-C7AoTPzR.js:82
[   57884ms] [LOG] [WS] 🗺️ Broadcast recibido. Avatares: 1 [Hijo Test(2)] @ https://jimsimrodev.github.io/pequenos-sanos/assets/index-C7AoTPzR.js:82
[   57918ms] [LOG] [WS] 🗺️ Broadcast recibido. Avatares: 1 [Hijo Test(2)] @ https://jimsimrodev.github.io/pequenos-sanos/assets/index-C7AoTPzR.js:82
[   57954ms] [LOG] [WS] 🗺️ Broadcast recibido. Avatares: 1 [Hijo Test(2)] @ https://jimsimrodev.github.io/pequenos-sanos/assets/index-C7AoTPzR.js:82
[   58002ms] [LOG] [WS] 🗺️ Broadcast recibido. Avatares: 1 [Hijo Test(2)] @ https://jimsimrodev.github.io/pequenos-sanos/assets/index-C7AoTPzR.js:82
[   58040ms] [LOG] [WS] 🗺️ Broadcast recibido. Avatares: 1 [Hijo Test(2)] @ https://jimsimrodev.github.io/pequenos-sanos/assets/index-C7AoTPzR.js:82
[   58042ms] [LOG] [WS] 🗺️ Broadcast recibido. Avatares: 1 [Hijo Test(2)] @ https://jimsimrodev.github.io/pequenos-sanos/assets/index-C7AoTPzR.js:82
[   58080ms] [LOG] [WS] 🗺️ Broadcast recibido. Avatares: 1 [Hijo Test(2)] @ https://jimsimrodev.github.io/pequenos-sanos/assets/index-C7AoTPzR.js:82
[   58120ms] [LOG] [WS] 🗺️ Broadcast recibido. Avatares: 1 [Hijo Test(2)] @ https://jimsimrodev.github.io/pequenos-sanos/assets/index-C7AoTPzR.js:82
[   58154ms] [LOG] [WS] 🗺️ Broadcast recibido. Avatares: 1 [Hijo Test(2)] @ https://jimsimrodev.github.io/pequenos-sanos/assets/index-C7AoTPzR.js:82
[   58189ms] [LOG] [WS] 🗺️ Broadcast recibido. Avatares: 1 [Hijo Test(2)] @ https://jimsimrodev.github.io/pequenos-sanos/assets/index-C7AoTPzR.js:82
[   58229ms] [LOG] [WS] 🗺️ Broadcast recibido. Avatares: 1 [Hijo Test(2)] @ https://jimsimrodev.github.io/pequenos-sanos/assets/index-C7AoTPzR.js:82
[   58292ms] [LOG] [WS] 🗺️ Broadcast recibido. Avatares: 1 [Hijo Test(2)] @ https://jimsimrodev.github.io/pequenos-sanos/assets/index-C7AoTPzR.js:82
[   58294ms] [LOG] [WS] 🗺️ Broadcast recibido. Avatares: 1 [Hijo Test(2)] @ https://jimsimrodev.github.io/pequenos-sanos/assets/index-C7AoTPzR.js:82
[   58337ms] [LOG] [WS] 🗺️ Broadcast recibido. Avatares: 1 [Hijo Test(2)] @ https://jimsimrodev.github.io/pequenos-sanos/assets/index-C7AoTPzR.js:82
[   58379ms] [LOG] [WS] 🗺️ Broadcast recibido. Avatares: 1 [Hijo Test(2)] @ https://jimsimrodev.github.io/pequenos-sanos/assets/index-C7AoTPzR.js:82
[   58380ms] [LOG] [WS] 🗺️ Broadcast recibido. Avatares: 1 [Hijo Test(2)] @ https://jimsimrodev.github.io/pequenos-sanos/assets/index-C7AoTPzR.js:82
[   58425ms] [LOG] [WS] 🗺️ Broadcast recibido. Avatares: 1 [Hijo Test(2)] @ https://jimsimrodev.github.io/pequenos-sanos/assets/index-C7AoTPzR.js:82
[   58458ms] [LOG] [WS] 🗺️ Broadcast recibido. Avatares: 1 [Hijo Test(2)] @ https://jimsimrodev.github.io/pequenos-sanos/assets/index-C7AoTPzR.js:82
[   58499ms] [LOG] [WS] 🗺️ Broadcast recibido. Avatares: 1 [Hijo Test(2)] @ https://jimsimrodev.github.io/pequenos-sanos/assets/index-C7AoTPzR.js:82
[   58500ms] [LOG] [WS] 🗺️ Broadcast recibido. Avatares: 1 [Hijo Test(2)] @ https://jimsimrodev.github.io/pequenos-sanos/assets/index-C7AoTPzR.js:82
[   58544ms] [LOG] [WS] 🗺️ Broadcast recibido. Avatares: 1 [Hijo Test(2)] @ https://jimsimrodev.github.io/pequenos-sanos/assets/index-C7AoTPzR.js:82
[   58590ms] [LOG] [WS] 🗺️ Broadcast recibido. Avatares: 1 [Hijo Test(2)] @ https://jimsimrodev.github.io/pequenos-sanos/assets/index-C7AoTPzR.js:82
[   58628ms] [LOG] [WS] 🗺️ Broadcast recibido. Avatares: 1 [Hijo Test(2)] @ https://jimsimrodev.github.io/pequenos-sanos/assets/index-C7AoTPzR.js:82
[   58661ms] [LOG] [WS] 🗺️ Broadcast recibido. Avatares: 1 [Hijo Test(2)] @ https://jimsimrodev.github.io/pequenos-sanos/assets/index-C7AoTPzR.js:82
[   58661ms] [LOG] [WS] 🗺️ Broadcast recibido. Avatares: 1 [Hijo Test(2)] @ https://jimsimrodev.github.io/pequenos-sanos/assets/index-C7AoTPzR.js:82
[   58662ms] [LOG] [WS] 🗺️ Broadcast recibido. Avatares: 1 [Hijo Test(2)] @ https://jimsimrodev.github.io/pequenos-sanos/assets/index-C7AoTPzR.js:82
[   58721ms] [LOG] [WS] 🗺️ Broadcast recibido. Avatares: 1 [Hijo Test(2)] @ https://jimsimrodev.github.io/pequenos-sanos/assets/index-C7AoTPzR.js:82
[   58753ms] [LOG] [WS] 🗺️ Broadcast recibido. Avatares: 1 [Hijo Test(2)] @ https://jimsimrodev.github.io/pequenos-sanos/assets/index-C7AoTPzR.js:82
[   58790ms] [LOG] [WS] 🗺️ Broadcast recibido. Avatares: 1 [Hijo Test(2)] @ https://jimsimrodev.github.io/pequenos-sanos/assets/index-C7AoTPzR.js:82
[   58833ms] [LOG] [WS] 🗺️ Broadcast recibido. Avatares: 1 [Hijo Test(2)] @ https://jimsimrodev.github.io/pequenos-sanos/assets/index-C7AoTPzR.js:82
[   58869ms] [LOG] [WS] 🗺️ Broadcast recibido. Avatares: 1 [Hijo Test(2)] @ https://jimsimrodev.github.io/pequenos-sanos/assets/index-C7AoTPzR.js:82
[   58904ms] [LOG] [WS] 🗺️ Broadcast recibido. Avatares: 1 [Hijo Test(2)] @ https://jimsimrodev.github.io/pequenos-sanos/assets/index-C7AoTPzR.js:82
[   58953ms] [LOG] [WS] 🗺️ Broadcast recibido. Avatares: 1 [Hijo Test(2)] @ https://jimsimrodev.github.io/pequenos-sanos/assets/index-C7AoTPzR.js:82
[   59006ms] [LOG] [WS] 🗺️ Broadcast recibido. Avatares: 1 [Hijo Test(2)] @ https://jimsimrodev.github.io/pequenos-sanos/assets/index-C7AoTPzR.js:82
[   59007ms] [LOG] [WS] 🗺️ Broadcast recibido. Avatares: 1 [Hijo Test(2)] @ https://jimsimrodev.github.io/pequenos-sanos/assets/index-C7AoTPzR.js:82
[   59036ms] [LOG] [WS] 🗺️ Broadcast recibido. Avatares: 1 [Hijo Test(2)] @ https://jimsimrodev.github.io/pequenos-sanos/assets/index-C7AoTPzR.js:82
[   59075ms] [LOG] [WS] 🗺️ Broadcast recibido. Avatares: 1 [Hijo Test(2)] @ https://jimsimrodev.github.io/pequenos-sanos/assets/index-C7AoTPzR.js:82
[   59118ms] [LOG] [WS] 🗺️ Broadcast recibido. Avatares: 1 [Hijo Test(2)] @ https://jimsimrodev.github.io/pequenos-sanos/assets/index-C7AoTPzR.js:82
[   59119ms] [LOG] [WS] 🗺️ Broadcast recibido. Avatares: 1 [Hijo Test(2)] @ https://jimsimrodev.github.io/pequenos-sanos/assets/index-C7AoTPzR.js:82
[   59158ms] [LOG] [WS] 🗺️ Broadcast recibido. Avatares: 1 [Hijo Test(2)] @ https://jimsimrodev.github.io/pequenos-sanos/assets/index-C7AoTPzR.js:82
[   59193ms] [LOG] [WS] 🗺️ Broadcast recibido. Avatares: 1 [Hijo Test(2)] @ https://jimsimrodev.github.io/pequenos-sanos/assets/index-C7AoTPzR.js:82
[   59237ms] [LOG] [WS] 🗺️ Broadcast recibido. Avatares: 1 [Hijo Test(2)] @ https://jimsimrodev.github.io/pequenos-sanos/assets/index-C7AoTPzR.js:82
[   59285ms] [LOG] [WS] 🗺️ Broadcast recibido. Avatares: 1 [Hijo Test(2)] @ https://jimsimrodev.github.io/pequenos-sanos/assets/index-C7AoTPzR.js:82
[   59324ms] [LOG] [WS] 🗺️ Broadcast recibido. Avatares: 1 [Hijo Test(2)] @ https://jimsimrodev.github.io/pequenos-sanos/assets/index-C7AoTPzR.js:82
[   59325ms] [LOG] [WS] 🗺️ Broadcast recibido. Avatares: 1 [Hijo Test(2)] @ https://jimsimrodev.github.io/pequenos-sanos/assets/index-C7AoTPzR.js:82
[   59360ms] [LOG] [WS] 🗺️ Broadcast recibido. Avatares: 1 [Hijo Test(2)] @ https://jimsimrodev.github.io/pequenos-sanos/assets/index-C7AoTPzR.js:82
[   59400ms] [LOG] [WS] 🗺️ Broadcast recibido. Avatares: 1 [Hijo Test(2)] @ https://jimsimrodev.github.io/pequenos-sanos/assets/index-C7AoTPzR.js:82
[   59451ms] [LOG] [WS] 🗺️ Broadcast recibido. Avatares: 1 [Hijo Test(2)] @ https://jimsimrodev.github.io/pequenos-sanos/assets/index-C7AoTPzR.js:82
[   59486ms] [LOG] [WS] 🗺️ Broadcast recibido. Avatares: 1 [Hijo Test(2)] @ https://jimsimrodev.github.io/pequenos-sanos/assets/index-C7AoTPzR.js:82
[   59487ms] [LOG] [WS] 🗺️ Broadcast recibido. Avatares: 1 [Hijo Test(2)] @ https://jimsimrodev.github.io/pequenos-sanos/assets/index-C7AoTPzR.js:82
[   59537ms] [LOG] [WS] 🗺️ Broadcast recibido. Avatares: 1 [Hijo Test(2)] @ https://jimsimrodev.github.io/pequenos-sanos/assets/index-C7AoTPzR.js:82
[   59538ms] [LOG] [WS] 🗺️ Broadcast recibido. Avatares: 1 [Hijo Test(2)] @ https://jimsimrodev.github.io/pequenos-sanos/assets/index-C7AoTPzR.js:82
[   59595ms] [LOG] [WS] 🗺️ Broadcast recibido. Avatares: 1 [Hijo Test(2)] @ https://jimsimrodev.github.io/pequenos-sanos/assets/index-C7AoTPzR.js:82
[   59630ms] [LOG] [WS] 🗺️ Broadcast recibido. Avatares: 1 [Hijo Test(2)] @ https://jimsimrodev.github.io/pequenos-sanos/assets/index-C7AoTPzR.js:82
[   59650ms] [LOG] [WS] 🗺️ Broadcast recibido. Avatares: 1 [Hijo Test(2)] @ https://jimsimrodev.github.io/pequenos-sanos/assets/index-C7AoTPzR.js:82
[   59691ms] [LOG] [WS] 🗺️ Broadcast recibido. Avatares: 1 [Hijo Test(2)] @ https://jimsimrodev.github.io/pequenos-sanos/assets/index-C7AoTPzR.js:82
[   59731ms] [LOG] [WS] 🗺️ Broadcast recibido. Avatares: 1 [Hijo Test(2)] @ https://jimsimrodev.github.io/pequenos-sanos/assets/index-C7AoTPzR.js:82
[   59771ms] [LOG] [WS] 🗺️ Broadcast recibido. Avatares: 1 [Hijo Test(2)] @ https://jimsimrodev.github.io/pequenos-sanos/assets/index-C7AoTPzR.js:82
[   59807ms] [LOG] [WS] 🗺️ Broadcast recibido. Avatares: 1 [Hijo Test(2)] @ https://jimsimrodev.github.io/pequenos-sanos/assets/index-C7AoTPzR.js:82
[   59839ms] [LOG] [WS] 🗺️ Broadcast recibido. Avatares: 1 [Hijo Test(2)] @ https://jimsimrodev.github.io/pequenos-sanos/assets/index-C7AoTPzR.js:82
[   59870ms] [LOG] [WS] 🗺️ Broadcast recibido. Avatares: 1 [Hijo Test(2)] @ https://jimsimrodev.github.io/pequenos-sanos/assets/index-C7AoTPzR.js:82
[   59901ms] [LOG] [WS] 🗺️ Broadcast recibido. Avatares: 1 [Hijo Test(2)] @ https://jimsimrodev.github.io/pequenos-sanos/assets/index-C7AoTPzR.js:82
[   59931ms] [LOG] [WS] 🗺️ Broadcast recibido. Avatares: 1 [Hijo Test(2)] @ https://jimsimrodev.github.io/pequenos-sanos/assets/index-C7AoTPzR.js:82
[   59962ms] [LOG] [WS] 🗺️ Broadcast recibido. Avatares: 1 [Hijo Test(2)] @ https://jimsimrodev.github.io/pequenos-sanos/assets/index-C7AoTPzR.js:82
[   59989ms] [LOG] [WS] 🗺️ Broadcast recibido. Avatares: 1 [Hijo Test(2)] @ https://jimsimrodev.github.io/pequenos-sanos/assets/index-C7AoTPzR.js:82
[   60017ms] [LOG] [WS] 🗺️ Broadcast recibido. Avatares: 1 [Hijo Test(2)] @ https://jimsimrodev.github.io/pequenos-sanos/assets/index-C7AoTPzR.js:82
[   60039ms] [LOG] [WS] 🗺️ Broadcast recibido. Avatares: 1 [Hijo Test(2)] @ https://jimsimrodev.github.io/pequenos-sanos/assets/index-C7AoTPzR.js:82
[   60073ms] [LOG] [WS] 🗺️ Broadcast recibido. Avatares: 1 [Hijo Test(2)] @ https://jimsimrodev.github.io/pequenos-sanos/assets/index-C7AoTPzR.js:82
[   60110ms] [LOG] [WS] 🗺️ Broadcast recibido. Avatares: 1 [Hijo Test(2)] @ https://jimsimrodev.github.io/pequenos-sanos/assets/index-C7AoTPzR.js:82
[   60142ms] [LOG] [WS] 🗺️ Broadcast recibido. Avatares: 1 [Hijo Test(2)] @ https://jimsimrodev.github.io/pequenos-sanos/assets/index-C7AoTPzR.js:82
[   60176ms] [LOG] [WS] 🗺️ Broadcast recibido. Avatares: 1 [Hijo Test(2)] @ https://jimsimrodev.github.io/pequenos-sanos/assets/index-C7AoTPzR.js:82
[   60211ms] [LOG] [WS] 🗺️ Broadcast recibido. Avatares: 1 [Hijo Test(2)] @ https://jimsimrodev.github.io/pequenos-sanos/assets/index-C7AoTPzR.js:82
[   60248ms] [LOG] [WS] 🗺️ Broadcast recibido. Avatares: 1 [Hijo Test(2)] @ https://jimsimrodev.github.io/pequenos-sanos/assets/index-C7AoTPzR.js:82
[   60279ms] [LOG] [WS] 🗺️ Broadcast recibido. Avatares: 1 [Hijo Test(2)] @ https://jimsimrodev.github.io/pequenos-sanos/assets/index-C7AoTPzR.js:82
[   60322ms] [LOG] [WS] 🗺️ Broadcast recibido. Avatares: 1 [Hijo Test(2)] @ https://jimsimrodev.github.io/pequenos-sanos/assets/index-C7AoTPzR.js:82
[   60354ms] [LOG] [WS] 🗺️ Broadcast recibido. Avatares: 1 [Hijo Test(2)] @ https://jimsimrodev.github.io/pequenos-sanos/assets/index-C7AoTPzR.js:82
[   60399ms] [LOG] [WS] 🗺️ Broadcast recibido. Avatares: 1 [Hijo Test(2)] @ https://jimsimrodev.github.io/pequenos-sanos/assets/index-C7AoTPzR.js:82
[   60431ms] [LOG] [WS] 🗺️ Broadcast recibido. Avatares: 1 [Hijo Test(2)] @ https://jimsimrodev.github.io/pequenos-sanos/assets/index-C7AoTPzR.js:82
[   60472ms] [LOG] [WS] 🗺️ Broadcast recibido. Avatares: 1 [Hijo Test(2)] @ https://jimsimrodev.github.io/pequenos-sanos/assets/index-C7AoTPzR.js:82
[   60507ms] [LOG] [WS] 🗺️ Broadcast recibido. Avatares: 1 [Hijo Test(2)] @ https://jimsimrodev.github.io/pequenos-sanos/assets/index-C7AoTPzR.js:82
[   60509ms] [LOG] [WS] 🗺️ Broadcast recibido. Avatares: 1 [Hijo Test(2)] @ https://jimsimrodev.github.io/pequenos-sanos/assets/index-C7AoTPzR.js:82
[   60511ms] [LOG] [WS] 🗺️ Broadcast recibido. Avatares: 1 [Hijo Test(2)] @ https://jimsimrodev.github.io/pequenos-sanos/assets/index-C7AoTPzR.js:82
[   60544ms] [LOG] [WS] 🗺️ Broadcast recibido. Avatares: 1 [Hijo Test(2)] @ https://jimsimrodev.github.io/pequenos-sanos/assets/index-C7AoTPzR.js:82
[   60574ms] [LOG] [WS] 🗺️ Broadcast recibido. Avatares: 1 [Hijo Test(2)] @ https://jimsimrodev.github.io/pequenos-sanos/assets/index-C7AoTPzR.js:82
[   60636ms] [LOG] [WS] 🗺️ Broadcast recibido. Avatares: 1 [Hijo Test(2)] @ https://jimsimrodev.github.io/pequenos-sanos/assets/index-C7AoTPzR.js:82
[   60668ms] [LOG] [WS] 🗺️ Broadcast recibido. Avatares: 1 [Hijo Test(2)] @ https://jimsimrodev.github.io/pequenos-sanos/assets/index-C7AoTPzR.js:82
[   60700ms] [LOG] [WS] 🗺️ Broadcast recibido. Avatares: 1 [Hijo Test(2)] @ https://jimsimrodev.github.io/pequenos-sanos/assets/index-C7AoTPzR.js:82
[   60739ms] [LOG] [WS] 🗺️ Broadcast recibido. Avatares: 1 [Hijo Test(2)] @ https://jimsimrodev.github.io/pequenos-sanos/assets/index-C7AoTPzR.js:82
[   60763ms] [LOG] [WS] 🗺️ Broadcast recibido. Avatares: 1 [Hijo Test(2)] @ https://jimsimrodev.github.io/pequenos-sanos/assets/index-C7AoTPzR.js:82
[   60789ms] [LOG] [WS] 🗺️ Broadcast recibido. Avatares: 1 [Hijo Test(2)] @ https://jimsimrodev.github.io/pequenos-sanos/assets/index-C7AoTPzR.js:82
[   60811ms] [LOG] [WS] 🗺️ Broadcast recibido. Avatares: 1 [Hijo Test(2)] @ https://jimsimrodev.github.io/pequenos-sanos/assets/index-C7AoTPzR.js:82
[   60840ms] [LOG] [WS] 🗺️ Broadcast recibido. Avatares: 1 [Hijo Test(2)] @ https://jimsimrodev.github.io/pequenos-sanos/assets/index-C7AoTPzR.js:82
[   60877ms] [LOG] [WS] 🗺️ Broadcast recibido. Avatares: 1 [Hijo Test(2)] @ https://jimsimrodev.github.io/pequenos-sanos/assets/index-C7AoTPzR.js:82
[   60922ms] [LOG] [WS] 🗺️ Broadcast recibido. Avatares: 1 [Hijo Test(2)] @ https://jimsimrodev.github.io/pequenos-sanos/assets/index-C7AoTPzR.js:82
[   60952ms] [LOG] [WS] 🗺️ Broadcast recibido. Avatares: 1 [Hijo Test(2)] @ https://jimsimrodev.github.io/pequenos-sanos/assets/index-C7AoTPzR.js:82
[   60991ms] [LOG] [WS] 🗺️ Broadcast recibido. Avatares: 1 [Hijo Test(2)] @ https://jimsimrodev.github.io/pequenos-sanos/assets/index-C7AoTPzR.js:82
[   61021ms] [LOG] [WS] 🗺️ Broadcast recibido. Avatares: 1 [Hijo Test(2)] @ https://jimsimrodev.github.io/pequenos-sanos/assets/index-C7AoTPzR.js:82
[   61057ms] [LOG] [WS] 🗺️ Broadcast recibido. Avatares: 1 [Hijo Test(2)] @ https://jimsimrodev.github.io/pequenos-sanos/assets/index-C7AoTPzR.js:82
[   61086ms] [LOG] [WS] 🗺️ Broadcast recibido. Avatares: 1 [Hijo Test(2)] @ https://jimsimrodev.github.io/pequenos-sanos/assets/index-C7AoTPzR.js:82
[   61123ms] [LOG] [WS] 🗺️ Broadcast recibido. Avatares: 1 [Hijo Test(2)] @ https://jimsimrodev.github.io/pequenos-sanos/assets/index-C7AoTPzR.js:82
[   61164ms] [LOG] [WS] 🗺️ Broadcast recibido. Avatares: 1 [Hijo Test(2)] @ https://jimsimrodev.github.io/pequenos-sanos/assets/index-C7AoTPzR.js:82
[   61207ms] [LOG] [WS] 🗺️ Broadcast recibido. Avatares: 1 [Hijo Test(2)] @ https://jimsimrodev.github.io/pequenos-sanos/assets/index-C7AoTPzR.js:82
[   61258ms] [LOG] [WS] 🗺️ Broadcast recibido. Avatares: 1 [Hijo Test(2)] @ https://jimsimrodev.github.io/pequenos-sanos/assets/index-C7AoTPzR.js:82
[   61292ms] [LOG] [WS] 🗺️ Broadcast recibido. Avatares: 1 [Hijo Test(2)] @ https://jimsimrodev.github.io/pequenos-sanos/assets/index-C7AoTPzR.js:82
[   61330ms] [LOG] [WS] 🗺️ Broadcast recibido. Avatares: 1 [Hijo Test(2)] @ https://jimsimrodev.github.io/pequenos-sanos/assets/index-C7AoTPzR.js:82
[   61371ms] [LOG] [WS] 🗺️ Broadcast recibido. Avatares: 1 [Hijo Test(2)] @ https://jimsimrodev.github.io/pequenos-sanos/assets/index-C7AoTPzR.js:82
[   61372ms] [LOG] [WS] 🗺️ Broadcast recibido. Avatares: 1 [Hijo Test(2)] @ https://jimsimrodev.github.io/pequenos-sanos/assets/index-C7AoTPzR.js:82
[   61410ms] [LOG] [WS] 🗺️ Broadcast recibido. Avatares: 1 [Hijo Test(2)] @ https://jimsimrodev.github.io/pequenos-sanos/assets/index-C7AoTPzR.js:82
[   61446ms] [LOG] [WS] 🗺️ Broadcast recibido. Avatares: 1 [Hijo Test(2)] @ https://jimsimrodev.github.io/pequenos-sanos/assets/index-C7AoTPzR.js:82
[   61489ms] [LOG] [WS] 🗺️ Broadcast recibido. Avatares: 1 [Hijo Test(2)] @ https://jimsimrodev.github.io/pequenos-sanos/assets/index-C7AoTPzR.js:82
[   61528ms] [LOG] [WS] 🗺️ Broadcast recibido. Avatares: 1 [Hijo Test(2)] @ https://jimsimrodev.github.io/pequenos-sanos/assets/index-C7AoTPzR.js:82
[   61558ms] [LOG] [WS] 🗺️ Broadcast recibido. Avatares: 1 [Hijo Test(2)] @ https://jimsimrodev.github.io/pequenos-sanos/assets/index-C7AoTPzR.js:82
[   61559ms] [LOG] [WS] 🗺️ Broadcast recibido. Avatares: 1 [Hijo Test(2)] @ https://jimsimrodev.github.io/pequenos-sanos/assets/index-C7AoTPzR.js:82
[   61605ms] [LOG] [WS] 🗺️ Broadcast recibido. Avatares: 1 [Hijo Test(2)] @ https://jimsimrodev.github.io/pequenos-sanos/assets/index-C7AoTPzR.js:82
[   61636ms] [LOG] [WS] 🗺️ Broadcast recibido. Avatares: 1 [Hijo Test(2)] @ https://jimsimrodev.github.io/pequenos-sanos/assets/index-C7AoTPzR.js:82
[   61666ms] [LOG] [WS] 🗺️ Broadcast recibido. Avatares: 1 [Hijo Test(2)] @ https://jimsimrodev.github.io/pequenos-sanos/assets/index-C7AoTPzR.js:82
[   61703ms] [LOG] [WS] 🗺️ Broadcast recibido. Avatares: 1 [Hijo Test(2)] @ https://jimsimrodev.github.io/pequenos-sanos/assets/index-C7AoTPzR.js:82
[   61750ms] [LOG] [WS] 🗺️ Broadcast recibido. Avatares: 1 [Hijo Test(2)] @ https://jimsimrodev.github.io/pequenos-sanos/assets/index-C7AoTPzR.js:82
[   61790ms] [LOG] [WS] 🗺️ Broadcast recibido. Avatares: 1 [Hijo Test(2)] @ https://jimsimrodev.github.io/pequenos-sanos/assets/index-C7AoTPzR.js:82
[   61833ms] [LOG] [WS] 🗺️ Broadcast recibido. Avatares: 1 [Hijo Test(2)] @ https://jimsimrodev.github.io/pequenos-sanos/assets/index-C7AoTPzR.js:82
[   61863ms] [LOG] [WS] 🗺️ Broadcast recibido. Avatares: 1 [Hijo Test(2)] @ https://jimsimrodev.github.io/pequenos-sanos/assets/index-C7AoTPzR.js:82
[   61864ms] [LOG] [WS] 🗺️ Broadcast recibido. Avatares: 1 [Hijo Test(2)] @ https://jimsimrodev.github.io/pequenos-sanos/assets/index-C7AoTPzR.js:82
[   61899ms] [LOG] [WS] 🗺️ Broadcast recibido. Avatares: 1 [Hijo Test(2)] @ https://jimsimrodev.github.io/pequenos-sanos/assets/index-C7AoTPzR.js:82
[   61939ms] [LOG] [WS] 🗺️ Broadcast recibido. Avatares: 1 [Hijo Test(2)] @ https://jimsimrodev.github.io/pequenos-sanos/assets/index-C7AoTPzR.js:82
[   61973ms] [LOG] [WS] 🗺️ Broadcast recibido. Avatares: 1 [Hijo Test(2)] @ https://jimsimrodev.github.io/pequenos-sanos/assets/index-C7AoTPzR.js:82
[   62004ms] [LOG] [WS] 🗺️ Broadcast recibido. Avatares: 1 [Hijo Test(2)] @ https://jimsimrodev.github.io/pequenos-sanos/assets/index-C7AoTPzR.js:82
[   62030ms] [LOG] [WS] 🗺️ Broadcast recibido. Avatares: 1 [Hijo Test(2)] @ https://jimsimrodev.github.io/pequenos-sanos/assets/index-C7AoTPzR.js:82
[   62064ms] [LOG] [WS] 🗺️ Broadcast recibido. Avatares: 1 [Hijo Test(2)] @ https://jimsimrodev.github.io/pequenos-sanos/assets/index-C7AoTPzR.js:82
[   62096ms] [LOG] [WS] 🗺️ Broadcast recibido. Avatares: 1 [Hijo Test(2)] @ https://jimsimrodev.github.io/pequenos-sanos/assets/index-C7AoTPzR.js:82
[   62122ms] [LOG] [WS] 🗺️ Broadcast recibido. Avatares: 1 [Hijo Test(2)] @ https://jimsimrodev.github.io/pequenos-sanos/assets/index-C7AoTPzR.js:82
[   62153ms] [LOG] [WS] 🗺️ Broadcast recibido. Avatares: 1 [Hijo Test(2)] @ https://jimsimrodev.github.io/pequenos-sanos/assets/index-C7AoTPzR.js:82
[   62186ms] [LOG] [WS] 🗺️ Broadcast recibido. Avatares: 1 [Hijo Test(2)] @ https://jimsimrodev.github.io/pequenos-sanos/assets/index-C7AoTPzR.js:82
[   62216ms] [LOG] [WS] 🗺️ Broadcast recibido. Avatares: 1 [Hijo Test(2)] @ https://jimsimrodev.github.io/pequenos-sanos/assets/index-C7AoTPzR.js:82
[   62243ms] [LOG] [WS] 🗺️ Broadcast recibido. Avatares: 1 [Hijo Test(2)] @ https://jimsimrodev.github.io/pequenos-sanos/assets/index-C7AoTPzR.js:82
[   62275ms] [LOG] [WS] 🗺️ Broadcast recibido. Avatares: 1 [Hijo Test(2)] @ https://jimsimrodev.github.io/pequenos-sanos/assets/index-C7AoTPzR.js:82
[   62308ms] [LOG] [WS] 🗺️ Broadcast recibido. Avatares: 1 [Hijo Test(2)] @ https://jimsimrodev.github.io/pequenos-sanos/assets/index-C7AoTPzR.js:82
[   62340ms] [LOG] [WS] 🗺️ Broadcast recibido. Avatares: 1 [Hijo Test(2)] @ https://jimsimrodev.github.io/pequenos-sanos/assets/index-C7AoTPzR.js:82
[   62376ms] [LOG] [WS] 🗺️ Broadcast recibido. Avatares: 1 [Hijo Test(2)] @ https://jimsimrodev.github.io/pequenos-sanos/assets/index-C7AoTPzR.js:82
[   62409ms] [LOG] [WS] 🗺️ Broadcast recibido. Avatares: 1 [Hijo Test(2)] @ https://jimsimrodev.github.io/pequenos-sanos/assets/index-C7AoTPzR.js:82
[   62446ms] [LOG] [WS] 🗺️ Broadcast recibido. Avatares: 1 [Hijo Test(2)] @ https://jimsimrodev.github.io/pequenos-sanos/assets/index-C7AoTPzR.js:82
[   62483ms] [LOG] [WS] 🗺️ Broadcast recibido. Avatares: 1 [Hijo Test(2)] @ https://jimsimrodev.github.io/pequenos-sanos/assets/index-C7AoTPzR.js:82
[   62503ms] [LOG] [WS] 🗺️ Broadcast recibido. Avatares: 1 [Hijo Test(2)] @ https://jimsimrodev.github.io/pequenos-sanos/assets/index-C7AoTPzR.js:82
[   62526ms] [LOG] [WS] 🗺️ Broadcast recibido. Avatares: 1 [Hijo Test(2)] @ https://jimsimrodev.github.io/pequenos-sanos/assets/index-C7AoTPzR.js:82
[   62554ms] [LOG] [WS] 🗺️ Broadcast recibido. Avatares: 1 [Hijo Test(2)] @ https://jimsimrodev.github.io/pequenos-sanos/assets/index-C7AoTPzR.js:82
[   62590ms] [LOG] [WS] 🗺️ Broadcast recibido. Avatares: 1 [Hijo Test(2)] @ https://jimsimrodev.github.io/pequenos-sanos/assets/index-C7AoTPzR.js:82
[   62618ms] [LOG] [WS] 🗺️ Broadcast recibido. Avatares: 1 [Hijo Test(2)] @ https://jimsimrodev.github.io/pequenos-sanos/assets/index-C7AoTPzR.js:82
[   62656ms] [LOG] [WS] 🗺️ Broadcast recibido. Avatares: 1 [Hijo Test(2)] @ https://jimsimrodev.github.io/pequenos-sanos/assets/index-C7AoTPzR.js:82
[   62691ms] [LOG] [WS] 🗺️ Broadcast recibido. Avatares: 1 [Hijo Test(2)] @ https://jimsimrodev.github.io/pequenos-sanos/assets/index-C7AoTPzR.js:82
[   62724ms] [LOG] [WS] 🗺️ Broadcast recibido. Avatares: 1 [Hijo Test(2)] @ https://jimsimrodev.github.io/pequenos-sanos/assets/index-C7AoTPzR.js:82
[   62753ms] [LOG] [WS] 🗺️ Broadcast recibido. Avatares: 1 [Hijo Test(2)] @ https://jimsimrodev.github.io/pequenos-sanos/assets/index-C7AoTPzR.js:82
[   62793ms] [LOG] [WS] 🗺️ Broadcast recibido. Avatares: 1 [Hijo Test(2)] @ https://jimsimrodev.github.io/pequenos-sanos/assets/index-C7AoTPzR.js:82
[   62826ms] [LOG] [WS] 🗺️ Broadcast recibido. Avatares: 1 [Hijo Test(2)] @ https://jimsimrodev.github.io/pequenos-sanos/assets/index-C7AoTPzR.js:82
[   62869ms] [LOG] [WS] 🗺️ Broadcast recibido. Avatares: 1 [Hijo Test(2)] @ https://jimsimrodev.github.io/pequenos-sanos/assets/index-C7AoTPzR.js:82
[   62906ms] [LOG] [WS] 🗺️ Broadcast recibido. Avatares: 1 [Hijo Test(2)] @ https://jimsimrodev.github.io/pequenos-sanos/assets/index-C7AoTPzR.js:82
[   62935ms] [LOG] [WS] 🗺️ Broadcast recibido. Avatares: 1 [Hijo Test(2)] @ https://jimsimrodev.github.io/pequenos-sanos/assets/index-C7AoTPzR.js:82
[   62958ms] [LOG] [WS] 🗺️ Broadcast recibido. Avatares: 1 [Hijo Test(2)] @ https://jimsimrodev.github.io/pequenos-sanos/assets/index-C7AoTPzR.js:82
[   62987ms] [LOG] [WS] 🗺️ Broadcast recibido. Avatares: 1 [Hijo Test(2)] @ https://jimsimrodev.github.io/pequenos-sanos/assets/index-C7AoTPzR.js:82
[   63020ms] [LOG] [WS] 🗺️ Broadcast recibido. Avatares: 1 [Hijo Test(2)] @ https://jimsimrodev.github.io/pequenos-sanos/assets/index-C7AoTPzR.js:82
[   63052ms] [LOG] [WS] 🗺️ Broadcast recibido. Avatares: 1 [Hijo Test(2)] @ https://jimsimrodev.github.io/pequenos-sanos/assets/index-C7AoTPzR.js:82
[   63084ms] [LOG] [WS] 🗺️ Broadcast recibido. Avatares: 1 [Hijo Test(2)] @ https://jimsimrodev.github.io/pequenos-sanos/assets/index-C7AoTPzR.js:82
[   63115ms] [LOG] [WS] 🗺️ Broadcast recibido. Avatares: 1 [Hijo Test(2)] @ https://jimsimrodev.github.io/pequenos-sanos/assets/index-C7AoTPzR.js:82
[   63167ms] [LOG] [WS] 🗺️ Broadcast recibido. Avatares: 1 [Hijo Test(2)] @ https://jimsimrodev.github.io/pequenos-sanos/assets/index-C7AoTPzR.js:82
[   63214ms] [LOG] [WS] 🗺️ Broadcast recibido. Avatares: 1 [Hijo Test(2)] @ https://jimsimrodev.github.io/pequenos-sanos/assets/index-C7AoTPzR.js:82
[   63271ms] [LOG] [WS] 🗺️ Broadcast recibido. Avatares: 1 [Hijo Test(2)] @ https://jimsimrodev.github.io/pequenos-sanos/assets/index-C7AoTPzR.js:82
[   63312ms] [LOG] [WS] 🗺️ Broadcast recibido. Avatares: 1 [Hijo Test(2)] @ https://jimsimrodev.github.io/pequenos-sanos/assets/index-C7AoTPzR.js:82
[   63341ms] [LOG] [WS] 🗺️ Broadcast recibido. Avatares: 1 [Hijo Test(2)] @ https://jimsimrodev.github.io/pequenos-sanos/assets/index-C7AoTPzR.js:82
[   63343ms] [LOG] [WS] 🗺️ Broadcast recibido. Avatares: 1 [Hijo Test(2)] @ https://jimsimrodev.github.io/pequenos-sanos/assets/index-C7AoTPzR.js:82
[   63371ms] [LOG] [WS] 🗺️ Broadcast recibido. Avatares: 1 [Hijo Test(2)] @ https://jimsimrodev.github.io/pequenos-sanos/assets/index-C7AoTPzR.js:82
[   63411ms] [LOG] [WS] 🗺️ Broadcast recibido. Avatares: 1 [Hijo Test(2)] @ https://jimsimrodev.github.io/pequenos-sanos/assets/index-C7AoTPzR.js:82
[   63441ms] [LOG] [WS] 🗺️ Broadcast recibido. Avatares: 1 [Hijo Test(2)] @ https://jimsimrodev.github.io/pequenos-sanos/assets/index-C7AoTPzR.js:82
[   63473ms] [LOG] [WS] 🗺️ Broadcast recibido. Avatares: 1 [Hijo Test(2)] @ https://jimsimrodev.github.io/pequenos-sanos/assets/index-C7AoTPzR.js:82
[   63501ms] [LOG] [WS] 🗺️ Broadcast recibido. Avatares: 1 [Hijo Test(2)] @ https://jimsimrodev.github.io/pequenos-sanos/assets/index-C7AoTPzR.js:82
[   63533ms] [LOG] [WS] 🗺️ Broadcast recibido. Avatares: 1 [Hijo Test(2)] @ https://jimsimrodev.github.io/pequenos-sanos/assets/index-C7AoTPzR.js:82
[   63566ms] [LOG] [WS] 🗺️ Broadcast recibido. Avatares: 1 [Hijo Test(2)] @ https://jimsimrodev.github.io/pequenos-sanos/assets/index-C7AoTPzR.js:82
[   63597ms] [LOG] [WS] 🗺️ Broadcast recibido. Avatares: 1 [Hijo Test(2)] @ https://jimsimrodev.github.io/pequenos-sanos/assets/index-C7AoTPzR.js:82
[   63622ms] [LOG] [WS] 🗺️ Broadcast recibido. Avatares: 1 [Hijo Test(2)] @ https://jimsimrodev.github.io/pequenos-sanos/assets/index-C7AoTPzR.js:82
[   63665ms] [LOG] [WS] 🗺️ Broadcast recibido. Avatares: 1 [Hijo Test(2)] @ https://jimsimrodev.github.io/pequenos-sanos/assets/index-C7AoTPzR.js:82
[   63705ms] [LOG] [WS] 🗺️ Broadcast recibido. Avatares: 1 [Hijo Test(2)] @ https://jimsimrodev.github.io/pequenos-sanos/assets/index-C7AoTPzR.js:82
[   63738ms] [LOG] [WS] 🗺️ Broadcast recibido. Avatares: 1 [Hijo Test(2)] @ https://jimsimrodev.github.io/pequenos-sanos/assets/index-C7AoTPzR.js:82
[   63763ms] [LOG] [WS] 🗺️ Broadcast recibido. Avatares: 1 [Hijo Test(2)] @ https://jimsimrodev.github.io/pequenos-sanos/assets/index-C7AoTPzR.js:82
[   63800ms] [LOG] [WS] 🗺️ Broadcast recibido. Avatares: 1 [Hijo Test(2)] @ https://jimsimrodev.github.io/pequenos-sanos/assets/index-C7AoTPzR.js:82
[   63831ms] [LOG] [WS] 🗺️ Broadcast recibido. Avatares: 1 [Hijo Test(2)] @ https://jimsimrodev.github.io/pequenos-sanos/assets/index-C7AoTPzR.js:82
[   63860ms] [LOG] [WS] 🗺️ Broadcast recibido. Avatares: 1 [Hijo Test(2)] @ https://jimsimrodev.github.io/pequenos-sanos/assets/index-C7AoTPzR.js:82
[   63886ms] [LOG] [WS] 🗺️ Broadcast recibido. Avatares: 1 [Hijo Test(2)] @ https://jimsimrodev.github.io/pequenos-sanos/assets/index-C7AoTPzR.js:82
[   63914ms] [LOG] [WS] 🗺️ Broadcast recibido. Avatares: 1 [Hijo Test(2)] @ https://jimsimrodev.github.io/pequenos-sanos/assets/index-C7AoTPzR.js:82
[   63943ms] [LOG] [WS] 🗺️ Broadcast recibido. Avatares: 1 [Hijo Test(2)] @ https://jimsimrodev.github.io/pequenos-sanos/assets/index-C7AoTPzR.js:82
[   63993ms] [LOG] [WS] 🗺️ Broadcast recibido. Avatares: 1 [Hijo Test(2)] @ https://jimsimrodev.github.io/pequenos-sanos/assets/index-C7AoTPzR.js:82
[   64019ms] [LOG] [WS] 🗺️ Broadcast recibido. Avatares: 1 [Hijo Test(2)] @ https://jimsimrodev.github.io/pequenos-sanos/assets/index-C7AoTPzR.js:82
[   64050ms] [LOG] [WS] 🗺️ Broadcast recibido. Avatares: 1 [Hijo Test(2)] @ https://jimsimrodev.github.io/pequenos-sanos/assets/index-C7AoTPzR.js:82
[   64082ms] [LOG] [WS] 🗺️ Broadcast recibido. Avatares: 1 [Hijo Test(2)] @ https://jimsimrodev.github.io/pequenos-sanos/assets/index-C7AoTPzR.js:82
[   64112ms] [LOG] [WS] 🗺️ Broadcast recibido. Avatares: 1 [Hijo Test(2)] @ https://jimsimrodev.github.io/pequenos-sanos/assets/index-C7AoTPzR.js:82
[   64142ms] [LOG] [WS] 🗺️ Broadcast recibido. Avatares: 1 [Hijo Test(2)] @ https://jimsimrodev.github.io/pequenos-sanos/assets/index-C7AoTPzR.js:82
[   64182ms] [LOG] [WS] 🗺️ Broadcast recibido. Avatares: 1 [Hijo Test(2)] @ https://jimsimrodev.github.io/pequenos-sanos/assets/index-C7AoTPzR.js:82
[   64207ms] [LOG] [WS] 🗺️ Broadcast recibido. Avatares: 1 [Hijo Test(2)] @ https://jimsimrodev.github.io/pequenos-sanos/assets/index-C7AoTPzR.js:82
[   64269ms] [LOG] [WS] 🗺️ Broadcast recibido. Avatares: 1 [Hijo Test(2)] @ https://jimsimrodev.github.io/pequenos-sanos/assets/index-C7AoTPzR.js:82
[   64297ms] [LOG] [WS] 🗺️ Broadcast recibido. Avatares: 1 [Hijo Test(2)] @ https://jimsimrodev.github.io/pequenos-sanos/assets/index-C7AoTPzR.js:82
[   64325ms] [LOG] [WS] 🗺️ Broadcast recibido. Avatares: 1 [Hijo Test(2)] @ https://jimsimrodev.github.io/pequenos-sanos/assets/index-C7AoTPzR.js:82
[   64352ms] [LOG] [WS] 🗺️ Broadcast recibido. Avatares: 1 [Hijo Test(2)] @ https://jimsimrodev.github.io/pequenos-sanos/assets/index-C7AoTPzR.js:82
[   64386ms] [LOG] [WS] 🗺️ Broadcast recibido. Avatares: 1 [Hijo Test(2)] @ https://jimsimrodev.github.io/pequenos-sanos/assets/index-C7AoTPzR.js:82
[   64410ms] [LOG] [WS] 🗺️ Broadcast recibido. Avatares: 1 [Hijo Test(2)] @ https://jimsimrodev.github.io/pequenos-sanos/assets/index-C7AoTPzR.js:82
[   64437ms] [LOG] [WS] 🗺️ Broadcast recibido. Avatares: 1 [Hijo Test(2)] @ https://jimsimrodev.github.io/pequenos-sanos/assets/index-C7AoTPzR.js:82
[   64489ms] [LOG] [WS] 🗺️ Broadcast recibido. Avatares: 1 [Hijo Test(2)] @ https://jimsimrodev.github.io/pequenos-sanos/assets/index-C7AoTPzR.js:82
[   64525ms] [LOG] [WS] 🗺️ Broadcast recibido. Avatares: 1 [Hijo Test(2)] @ https://jimsimrodev.github.io/pequenos-sanos/assets/index-C7AoTPzR.js:82
[   64557ms] [LOG] [WS] 🗺️ Broadcast recibido. Avatares: 1 [Hijo Test(2)] @ https://jimsimrodev.github.io/pequenos-sanos/assets/index-C7AoTPzR.js:82
[   64586ms] [LOG] [WS] 🗺️ Broadcast recibido. Avatares: 1 [Hijo Test(2)] @ https://jimsimrodev.github.io/pequenos-sanos/assets/index-C7AoTPzR.js:82
[   64614ms] [LOG] [WS] 🗺️ Broadcast recibido. Avatares: 1 [Hijo Test(2)] @ https://jimsimrodev.github.io/pequenos-sanos/assets/index-C7AoTPzR.js:82
[   64647ms] [LOG] [WS] 🗺️ Broadcast recibido. Avatares: 1 [Hijo Test(2)] @ https://jimsimrodev.github.io/pequenos-sanos/assets/index-C7AoTPzR.js:82
[   64689ms] [LOG] [WS] 🗺️ Broadcast recibido. Avatares: 1 [Hijo Test(2)] @ https://jimsimrodev.github.io/pequenos-sanos/assets/index-C7AoTPzR.js:82
[   64724ms] [LOG] [WS] 🗺️ Broadcast recibido. Avatares: 1 [Hijo Test(2)] @ https://jimsimrodev.github.io/pequenos-sanos/assets/index-C7AoTPzR.js:82
[   64758ms] [LOG] [WS] 🗺️ Broadcast recibido. Avatares: 1 [Hijo Test(2)] @ https://jimsimrodev.github.io/pequenos-sanos/assets/index-C7AoTPzR.js:82
[   64798ms] [LOG] [WS] 🗺️ Broadcast recibido. Avatares: 1 [Hijo Test(2)] @ https://jimsimrodev.github.io/pequenos-sanos/assets/index-C7AoTPzR.js:82
[   64828ms] [LOG] [WS] 🗺️ Broadcast recibido. Avatares: 1 [Hijo Test(2)] @ https://jimsimrodev.github.io/pequenos-sanos/assets/index-C7AoTPzR.js:82
[   64866ms] [LOG] [WS] 🗺️ Broadcast recibido. Avatares: 1 [Hijo Test(2)] @ https://jimsimrodev.github.io/pequenos-sanos/assets/index-C7AoTPzR.js:82
[   64896ms] [LOG] [WS] 🗺️ Broadcast recibido. Avatares: 1 [Hijo Test(2)] @ https://jimsimrodev.github.io/pequenos-sanos/assets/index-C7AoTPzR.js:82
[   64927ms] [LOG] [WS] 🗺️ Broadcast recibido. Avatares: 1 [Hijo Test(2)] @ https://jimsimrodev.github.io/pequenos-sanos/assets/index-C7AoTPzR.js:82
[   64952ms] [LOG] [WS] 🗺️ Broadcast recibido. Avatares: 1 [Hijo Test(2)] @ https://jimsimrodev.github.io/pequenos-sanos/assets/index-C7AoTPzR.js:82
[   64982ms] [LOG] [WS] 🗺️ Broadcast recibido. Avatares: 1 [Hijo Test(2)] @ https://jimsimrodev.github.io/pequenos-sanos/assets/index-C7AoTPzR.js:82
[   65021ms] [LOG] [WS] 🗺️ Broadcast recibido. Avatares: 1 [Hijo Test(2)] @ https://jimsimrodev.github.io/pequenos-sanos/assets/index-C7AoTPzR.js:82
[   65054ms] [LOG] [WS] 🗺️ Broadcast recibido. Avatares: 1 [Hijo Test(2)] @ https://jimsimrodev.github.io/pequenos-sanos/assets/index-C7AoTPzR.js:82
[   65081ms] [LOG] [WS] 🗺️ Broadcast recibido. Avatares: 1 [Hijo Test(2)] @ https://jimsimrodev.github.io/pequenos-sanos/assets/index-C7AoTPzR.js:82
[   65112ms] [LOG] [WS] 🗺️ Broadcast recibido. Avatares: 1 [Hijo Test(2)] @ https://jimsimrodev.github.io/pequenos-sanos/assets/index-C7AoTPzR.js:82
[   65134ms] [LOG] [WS] 🗺️ Broadcast recibido. Avatares: 1 [Hijo Test(2)] @ https://jimsimrodev.github.io/pequenos-sanos/assets/index-C7AoTPzR.js:82
[   65162ms] [LOG] [WS] 🗺️ Broadcast recibido. Avatares: 1 [Hijo Test(2)] @ https://jimsimrodev.github.io/pequenos-sanos/assets/index-C7AoTPzR.js:82
[   65195ms] [LOG] [WS] 🗺️ Broadcast recibido. Avatares: 1 [Hijo Test(2)] @ https://jimsimrodev.github.io/pequenos-sanos/assets/index-C7AoTPzR.js:82
[   65254ms] [LOG] [WS] 🗺️ Broadcast recibido. Avatares: 1 [Hijo Test(2)] @ https://jimsimrodev.github.io/pequenos-sanos/assets/index-C7AoTPzR.js:82
[   65291ms] [LOG] [WS] 🗺️ Broadcast recibido. Avatares: 1 [Hijo Test(2)] @ https://jimsimrodev.github.io/pequenos-sanos/assets/index-C7AoTPzR.js:82
[   65319ms] [LOG] [WS] 🗺️ Broadcast recibido. Avatares: 1 [Hijo Test(2)] @ https://jimsimrodev.github.io/pequenos-sanos/assets/index-C7AoTPzR.js:82
[   65350ms] [LOG] [WS] 🗺️ Broadcast recibido. Avatares: 1 [Hijo Test(2)] @ https://jimsimrodev.github.io/pequenos-sanos/assets/index-C7AoTPzR.js:82
[   65386ms] [LOG] [WS] 🗺️ Broadcast recibido. Avatares: 1 [Hijo Test(2)] @ https://jimsimrodev.github.io/pequenos-sanos/assets/index-C7AoTPzR.js:82
[   65420ms] [LOG] [WS] 🗺️ Broadcast recibido. Avatares: 1 [Hijo Test(2)] @ https://jimsimrodev.github.io/pequenos-sanos/assets/index-C7AoTPzR.js:82
[   65445ms] [LOG] [WS] 🗺️ Broadcast recibido. Avatares: 1 [Hijo Test(2)] @ https://jimsimrodev.github.io/pequenos-sanos/assets/index-C7AoTPzR.js:82
[   65471ms] [LOG] [WS] 🗺️ Broadcast recibido. Avatares: 1 [Hijo Test(2)] @ https://jimsimrodev.github.io/pequenos-sanos/assets/index-C7AoTPzR.js:82
[   65499ms] [LOG] [WS] 🗺️ Broadcast recibido. Avatares: 1 [Hijo Test(2)] @ https://jimsimrodev.github.io/pequenos-sanos/assets/index-C7AoTPzR.js:82
[   65532ms] [LOG] [WS] 🗺️ Broadcast recibido. Avatares: 1 [Hijo Test(2)] @ https://jimsimrodev.github.io/pequenos-sanos/assets/index-C7AoTPzR.js:82
[   65570ms] [LOG] [WS] 🗺️ Broadcast recibido. Avatares: 1 [Hijo Test(2)] @ https://jimsimrodev.github.io/pequenos-sanos/assets/index-C7AoTPzR.js:82
[   65602ms] [LOG] [WS] 🗺️ Broadcast recibido. Avatares: 1 [Hijo Test(2)] @ https://jimsimrodev.github.io/pequenos-sanos/assets/index-C7AoTPzR.js:82
[   65639ms] [LOG] [WS] 🗺️ Broadcast recibido. Avatares: 1 [Hijo Test(2)] @ https://jimsimrodev.github.io/pequenos-sanos/assets/index-C7AoTPzR.js:82
[   65674ms] [LOG] [WS] 🗺️ Broadcast recibido. Avatares: 1 [Hijo Test(2)] @ https://jimsimrodev.github.io/pequenos-sanos/assets/index-C7AoTPzR.js:82
[   65710ms] [LOG] [WS] 🗺️ Broadcast recibido. Avatares: 1 [Hijo Test(2)] @ https://jimsimrodev.github.io/pequenos-sanos/assets/index-C7AoTPzR.js:82
[   65744ms] [LOG] [WS] 🗺️ Broadcast recibido. Avatares: 1 [Hijo Test(2)] @ https://jimsimrodev.github.io/pequenos-sanos/assets/index-C7AoTPzR.js:82
[   65778ms] [LOG] [WS] 🗺️ Broadcast recibido. Avatares: 1 [Hijo Test(2)] @ https://jimsimrodev.github.io/pequenos-sanos/assets/index-C7AoTPzR.js:82
[   65821ms] [LOG] [WS] 🗺️ Broadcast recibido. Avatares: 1 [Hijo Test(2)] @ https://jimsimrodev.github.io/pequenos-sanos/assets/index-C7AoTPzR.js:82
[   65859ms] [LOG] [WS] 🗺️ Broadcast recibido. Avatares: 1 [Hijo Test(2)] @ https://jimsimrodev.github.io/pequenos-sanos/assets/index-C7AoTPzR.js:82
[   65897ms] [LOG] [WS] 🗺️ Broadcast recibido. Avatares: 1 [Hijo Test(2)] @ https://jimsimrodev.github.io/pequenos-sanos/assets/index-C7AoTPzR.js:82
[   65928ms] [LOG] [WS] 🗺️ Broadcast recibido. Avatares: 1 [Hijo Test(2)] @ https://jimsimrodev.github.io/pequenos-sanos/assets/index-C7AoTPzR.js:82
[   65960ms] [LOG] [WS] 🗺️ Broadcast recibido. Avatares: 1 [Hijo Test(2)] @ https://jimsimrodev.github.io/pequenos-sanos/assets/index-C7AoTPzR.js:82
[   65987ms] [LOG] [WS] 🗺️ Broadcast recibido. Avatares: 1 [Hijo Test(2)] @ https://jimsimrodev.github.io/pequenos-sanos/assets/index-C7AoTPzR.js:82
[   66039ms] [LOG] [WS] 🗺️ Broadcast recibido. Avatares: 1 [Hijo Test(2)] @ https://jimsimrodev.github.io/pequenos-sanos/assets/index-C7AoTPzR.js:82
[   66067ms] [LOG] [WS] 🗺️ Broadcast recibido. Avatares: 1 [Hijo Test(2)] @ https://jimsimrodev.github.io/pequenos-sanos/assets/index-C7AoTPzR.js:82
[   66094ms] [LOG] [WS] 🗺️ Broadcast recibido. Avatares: 1 [Hijo Test(2)] @ https://jimsimrodev.github.io/pequenos-sanos/assets/index-C7AoTPzR.js:82
[   66116ms] [LOG] [WS] 🗺️ Broadcast recibido. Avatares: 1 [Hijo Test(2)] @ https://jimsimrodev.github.io/pequenos-sanos/assets/index-C7AoTPzR.js:82
[   66172ms] [LOG] [WS] 🗺️ Broadcast recibido. Avatares: 1 [Hijo Test(2)] @ https://jimsimrodev.github.io/pequenos-sanos/assets/index-C7AoTPzR.js:82
[   66198ms] [LOG] [WS] 🗺️ Broadcast recibido. Avatares: 1 [Hijo Test(2)] @ https://jimsimrodev.github.io/pequenos-sanos/assets/index-C7AoTPzR.js:82
[   66238ms] [LOG] [WS] 🗺️ Broadcast recibido. Avatares: 1 [Hijo Test(2)] @ https://jimsimrodev.github.io/pequenos-sanos/assets/index-C7AoTPzR.js:82
[   66270ms] [LOG] [WS] 🗺️ Broadcast recibido. Avatares: 1 [Hijo Test(2)] @ https://jimsimrodev.github.io/pequenos-sanos/assets/index-C7AoTPzR.js:82
[   66306ms] [LOG] [WS] 🗺️ Broadcast recibido. Avatares: 1 [Hijo Test(2)] @ https://jimsimrodev.github.io/pequenos-sanos/assets/index-C7AoTPzR.js:82
[   66329ms] [LOG] [WS] 🗺️ Broadcast recibido. Avatares: 1 [Hijo Test(2)] @ https://jimsimrodev.github.io/pequenos-sanos/assets/index-C7AoTPzR.js:82
[   66357ms] [LOG] [WS] 🗺️ Broadcast recibido. Avatares: 1 [Hijo Test(2)] @ https://jimsimrodev.github.io/pequenos-sanos/assets/index-C7AoTPzR.js:82
[   66393ms] [LOG] [WS] 🗺️ Broadcast recibido. Avatares: 1 [Hijo Test(2)] @ https://jimsimrodev.github.io/pequenos-sanos/assets/index-C7AoTPzR.js:82
[   66415ms] [LOG] [WS] 🗺️ Broadcast recibido. Avatares: 1 [Hijo Test(2)] @ https://jimsimrodev.github.io/pequenos-sanos/assets/index-C7AoTPzR.js:82
[   66465ms] [LOG] [WS] 🗺️ Broadcast recibido. Avatares: 1 [Hijo Test(2)] @ https://jimsimrodev.github.io/pequenos-sanos/assets/index-C7AoTPzR.js:82
[   66492ms] [LOG] [WS] 🗺️ Broadcast recibido. Avatares: 1 [Hijo Test(2)] @ https://jimsimrodev.github.io/pequenos-sanos/assets/index-C7AoTPzR.js:82
[   66518ms] [LOG] [WS] 🗺️ Broadcast recibido. Avatares: 1 [Hijo Test(2)] @ https://jimsimrodev.github.io/pequenos-sanos/assets/index-C7AoTPzR.js:82
[   66576ms] [LOG] [WS] 🗺️ Broadcast recibido. Avatares: 1 [Hijo Test(2)] @ https://jimsimrodev.github.io/pequenos-sanos/assets/index-C7AoTPzR.js:82
[   66613ms] [LOG] [WS] 🗺️ Broadcast recibido. Avatares: 1 [Hijo Test(2)] @ https://jimsimrodev.github.io/pequenos-sanos/assets/index-C7AoTPzR.js:82
[   66644ms] [LOG] [WS] 🗺️ Broadcast recibido. Avatares: 1 [Hijo Test(2)] @ https://jimsimrodev.github.io/pequenos-sanos/assets/index-C7AoTPzR.js:82
[   66681ms] [LOG] [WS] 🗺️ Broadcast recibido. Avatares: 1 [Hijo Test(2)] @ https://jimsimrodev.github.io/pequenos-sanos/assets/index-C7AoTPzR.js:82
[   66709ms] [LOG] [WS] 🗺️ Broadcast recibido. Avatares: 1 [Hijo Test(2)] @ https://jimsimrodev.github.io/pequenos-sanos/assets/index-C7AoTPzR.js:82
[   66738ms] [LOG] [WS] 🗺️ Broadcast recibido. Avatares: 1 [Hijo Test(2)] @ https://jimsimrodev.github.io/pequenos-sanos/assets/index-C7AoTPzR.js:82
[   66771ms] [LOG] [WS] 🗺️ Broadcast recibido. Avatares: 1 [Hijo Test(2)] @ https://jimsimrodev.github.io/pequenos-sanos/assets/index-C7AoTPzR.js:82
[   66804ms] [LOG] [WS] 🗺️ Broadcast recibido. Avatares: 1 [Hijo Test(2)] @ https://jimsimrodev.github.io/pequenos-sanos/assets/index-C7AoTPzR.js:82
[   66833ms] [LOG] [WS] 🗺️ Broadcast recibido. Avatares: 1 [Hijo Test(2)] @ https://jimsimrodev.github.io/pequenos-sanos/assets/index-C7AoTPzR.js:82
[   66868ms] [LOG] [WS] 🗺️ Broadcast recibido. Avatares: 1 [Hijo Test(2)] @ https://jimsimrodev.github.io/pequenos-sanos/assets/index-C7AoTPzR.js:82
[   66896ms] [LOG] [WS] 🗺️ Broadcast recibido. Avatares: 1 [Hijo Test(2)] @ https://jimsimrodev.github.io/pequenos-sanos/assets/index-C7AoTPzR.js:82
[   66928ms] [LOG] [WS] 🗺️ Broadcast recibido. Avatares: 1 [Hijo Test(2)] @ https://jimsimrodev.github.io/pequenos-sanos/assets/index-C7AoTPzR.js:82
[   66971ms] [LOG] [WS] 🗺️ Broadcast recibido. Avatares: 1 [Hijo Test(2)] @ https://jimsimrodev.github.io/pequenos-sanos/assets/index-C7AoTPzR.js:82
[   67007ms] [LOG] [WS] 🗺️ Broadcast recibido. Avatares: 1 [Hijo Test(2)] @ https://jimsimrodev.github.io/pequenos-sanos/assets/index-C7AoTPzR.js:82
[   67037ms] [LOG] [WS] 🗺️ Broadcast recibido. Avatares: 1 [Hijo Test(2)] @ https://jimsimrodev.github.io/pequenos-sanos/assets/index-C7AoTPzR.js:82
[   67064ms] [LOG] [WS] 🗺️ Broadcast recibido. Avatares: 1 [Hijo Test(2)] @ https://jimsimrodev.github.io/pequenos-sanos/assets/index-C7AoTPzR.js:82
[   67093ms] [LOG] [WS] 🗺️ Broadcast recibido. Avatares: 1 [Hijo Test(2)] @ https://jimsimrodev.github.io/pequenos-sanos/assets/index-C7AoTPzR.js:82
[   67123ms] [LOG] [WS] 🗺️ Broadcast recibido. Avatares: 1 [Hijo Test(2)] @ https://jimsimrodev.github.io/pequenos-sanos/assets/index-C7AoTPzR.js:82
[   67157ms] [LOG] [WS] 🗺️ Broadcast recibido. Avatares: 1 [Hijo Test(2)] @ https://jimsimrodev.github.io/pequenos-sanos/assets/index-C7AoTPzR.js:82
[   67190ms] [LOG] [WS] 🗺️ Broadcast recibido. Avatares: 1 [Hijo Test(2)] @ https://jimsimrodev.github.io/pequenos-sanos/assets/index-C7AoTPzR.js:82
[   67224ms] [LOG] [WS] 🗺️ Broadcast recibido. Avatares: 1 [Hijo Test(2)] @ https://jimsimrodev.github.io/pequenos-sanos/assets/index-C7AoTPzR.js:82
[   67255ms] [LOG] [WS] 🗺️ Broadcast recibido. Avatares: 1 [Hijo Test(2)] @ https://jimsimrodev.github.io/pequenos-sanos/assets/index-C7AoTPzR.js:82
[   67288ms] [LOG] [WS] 🗺️ Broadcast recibido. Avatares: 1 [Hijo Test(2)] @ https://jimsimrodev.github.io/pequenos-sanos/assets/index-C7AoTPzR.js:82
[   67318ms] [LOG] [WS] 🗺️ Broadcast recibido. Avatares: 1 [Hijo Test(2)] @ https://jimsimrodev.github.io/pequenos-sanos/assets/index-C7AoTPzR.js:82
[   67345ms] [LOG] [WS] 🗺️ Broadcast recibido. Avatares: 1 [Hijo Test(2)] @ https://jimsimrodev.github.io/pequenos-sanos/assets/index-C7AoTPzR.js:82
[   67375ms] [LOG] [WS] 🗺️ Broadcast recibido. Avatares: 1 [Hijo Test(2)] @ https://jimsimrodev.github.io/pequenos-sanos/assets/index-C7AoTPzR.js:82
[   67406ms] [LOG] [WS] 🗺️ Broadcast recibido. Avatares: 1 [Hijo Test(2)] @ https://jimsimrodev.github.io/pequenos-sanos/assets/index-C7AoTPzR.js:82
[   67459ms] [LOG] [WS] 🗺️ Broadcast recibido. Avatares: 1 [Hijo Test(2)] @ https://jimsimrodev.github.io/pequenos-sanos/assets/index-C7AoTPzR.js:82
[   67488ms] [LOG] [WS] 🗺️ Broadcast recibido. Avatares: 1 [Hijo Test(2)] @ https://jimsimrodev.github.io/pequenos-sanos/assets/index-C7AoTPzR.js:82
[   67519ms] [LOG] [WS] 🗺️ Broadcast recibido. Avatares: 1 [Hijo Test(2)] @ https://jimsimrodev.github.io/pequenos-sanos/assets/index-C7AoTPzR.js:82
[   67546ms] [LOG] [WS] 🗺️ Broadcast recibido. Avatares: 1 [Hijo Test(2)] @ https://jimsimrodev.github.io/pequenos-sanos/assets/index-C7AoTPzR.js:82
[   67578ms] [LOG] [WS] 🗺️ Broadcast recibido. Avatares: 1 [Hijo Test(2)] @ https://jimsimrodev.github.io/pequenos-sanos/assets/index-C7AoTPzR.js:82
[   67607ms] [LOG] [WS] 🗺️ Broadcast recibido. Avatares: 1 [Hijo Test(2)] @ https://jimsimrodev.github.io/pequenos-sanos/assets/index-C7AoTPzR.js:82
[   67655ms] [LOG] [WS] 🗺️ Broadcast recibido. Avatares: 1 [Hijo Test(2)] @ https://jimsimrodev.github.io/pequenos-sanos/assets/index-C7AoTPzR.js:82
[   67682ms] [LOG] [WS] 🗺️ Broadcast recibido. Avatares: 1 [Hijo Test(2)] @ https://jimsimrodev.github.io/pequenos-sanos/assets/index-C7AoTPzR.js:82
[   67713ms] [LOG] [WS] 🗺️ Broadcast recibido. Avatares: 1 [Hijo Test(2)] @ https://jimsimrodev.github.io/pequenos-sanos/assets/index-C7AoTPzR.js:82
[   67742ms] [LOG] [WS] 🗺️ Broadcast recibido. Avatares: 1 [Hijo Test(2)] @ https://jimsimrodev.github.io/pequenos-sanos/assets/index-C7AoTPzR.js:82
[   67779ms] [LOG] [WS] 🗺️ Broadcast recibido. Avatares: 1 [Hijo Test(2)] @ https://jimsimrodev.github.io/pequenos-sanos/assets/index-C7AoTPzR.js:82
[   67812ms] [LOG] [WS] 🗺️ Broadcast recibido. Avatares: 1 [Hijo Test(2)] @ https://jimsimrodev.github.io/pequenos-sanos/assets/index-C7AoTPzR.js:82
[   67837ms] [LOG] [WS] 🗺️ Broadcast recibido. Avatares: 1 [Hijo Test(2)] @ https://jimsimrodev.github.io/pequenos-sanos/assets/index-C7AoTPzR.js:82
[   67874ms] [LOG] [WS] 🗺️ Broadcast recibido. Avatares: 1 [Hijo Test(2)] @ https://jimsimrodev.github.io/pequenos-sanos/assets/index-C7AoTPzR.js:82
[   67904ms] [LOG] [WS] 🗺️ Broadcast recibido. Avatares: 1 [Hijo Test(2)] @ https://jimsimrodev.github.io/pequenos-sanos/assets/index-C7AoTPzR.js:82
[   67932ms] [LOG] [WS] 🗺️ Broadcast recibido. Avatares: 1 [Hijo Test(2)] @ https://jimsimrodev.github.io/pequenos-sanos/assets/index-C7AoTPzR.js:82
[   67985ms] [LOG] [WS] 🗺️ Broadcast recibido. Avatares: 1 [Hijo Test(2)] @ https://jimsimrodev.github.io/pequenos-sanos/assets/index-C7AoTPzR.js:82
[   68010ms] [LOG] [WS] 🗺️ Broadcast recibido. Avatares: 1 [Hijo Test(2)] @ https://jimsimrodev.github.io/pequenos-sanos/assets/index-C7AoTPzR.js:82
[   68045ms] [LOG] [WS] 🗺️ Broadcast recibido. Avatares: 1 [Hijo Test(2)] @ https://jimsimrodev.github.io/pequenos-sanos/assets/index-C7AoTPzR.js:82
[   68071ms] [LOG] [WS] 🗺️ Broadcast recibido. Avatares: 1 [Hijo Test(2)] @ https://jimsimrodev.github.io/pequenos-sanos/assets/index-C7AoTPzR.js:82
[   68097ms] [LOG] [WS] 🗺️ Broadcast recibido. Avatares: 1 [Hijo Test(2)] @ https://jimsimrodev.github.io/pequenos-sanos/assets/index-C7AoTPzR.js:82
[   68146ms] [LOG] [WS] 🗺️ Broadcast recibido. Avatares: 1 [Hijo Test(2)] @ https://jimsimrodev.github.io/pequenos-sanos/assets/index-C7AoTPzR.js:82
[   68172ms] [LOG] [WS] 🗺️ Broadcast recibido. Avatares: 1 [Hijo Test(2)] @ https://jimsimrodev.github.io/pequenos-sanos/assets/index-C7AoTPzR.js:82
[   68199ms] [LOG] [WS] 🗺️ Broadcast recibido. Avatares: 1 [Hijo Test(2)] @ https://jimsimrodev.github.io/pequenos-sanos/assets/index-C7AoTPzR.js:82
[   68252ms] [LOG] [WS] 🗺️ Broadcast recibido. Avatares: 1 [Hijo Test(2)] @ https://jimsimrodev.github.io/pequenos-sanos/assets/index-C7AoTPzR.js:82
[   68283ms] [LOG] [WS] 🗺️ Broadcast recibido. Avatares: 1 [Hijo Test(2)] @ https://jimsimrodev.github.io/pequenos-sanos/assets/index-C7AoTPzR.js:82
[   68314ms] [LOG] [WS] 🗺️ Broadcast recibido. Avatares: 1 [Hijo Test(2)] @ https://jimsimrodev.github.io/pequenos-sanos/assets/index-C7AoTPzR.js:82
[   68347ms] [LOG] [WS] 🗺️ Broadcast recibido. Avatares: 1 [Hijo Test(2)] @ https://jimsimrodev.github.io/pequenos-sanos/assets/index-C7AoTPzR.js:82
[   68372ms] [LOG] [WS] 🗺️ Broadcast recibido. Avatares: 1 [Hijo Test(2)] @ https://jimsimrodev.github.io/pequenos-sanos/assets/index-C7AoTPzR.js:82
[   68398ms] [LOG] [WS] 🗺️ Broadcast recibido. Avatares: 1 [Hijo Test(2)] @ https://jimsimrodev.github.io/pequenos-sanos/assets/index-C7AoTPzR.js:82
[   68451ms] [LOG] [WS] 🗺️ Broadcast recibido. Avatares: 1 [Hijo Test(2)] @ https://jimsimrodev.github.io/pequenos-sanos/assets/index-C7AoTPzR.js:82
[   68479ms] [LOG] [WS] 🗺️ Broadcast recibido. Avatares: 1 [Hijo Test(2)] @ https://jimsimrodev.github.io/pequenos-sanos/assets/index-C7AoTPzR.js:82
[   68509ms] [LOG] [WS] 🗺️ Broadcast recibido. Avatares: 1 [Hijo Test(2)] @ https://jimsimrodev.github.io/pequenos-sanos/assets/index-C7AoTPzR.js:82
[   68529ms] [LOG] [WS] 🗺️ Broadcast recibido. Avatares: 1 [Hijo Test(2)] @ https://jimsimrodev.github.io/pequenos-sanos/assets/index-C7AoTPzR.js:82
[   68565ms] [LOG] [WS] 🗺️ Broadcast recibido. Avatares: 1 [Hijo Test(2)] @ https://jimsimrodev.github.io/pequenos-sanos/assets/index-C7AoTPzR.js:82
[   68616ms] [LOG] [WS] 🗺️ Broadcast recibido. Avatares: 1 [Hijo Test(2)] @ https://jimsimrodev.github.io/pequenos-sanos/assets/index-C7AoTPzR.js:82
[   68646ms] [LOG] [WS] 🗺️ Broadcast recibido. Avatares: 1 [Hijo Test(2)] @ https://jimsimrodev.github.io/pequenos-sanos/assets/index-C7AoTPzR.js:82
[   68684ms] [LOG] [WS] 🗺️ Broadcast recibido. Avatares: 1 [Hijo Test(2)] @ https://jimsimrodev.github.io/pequenos-sanos/assets/index-C7AoTPzR.js:82
[   68724ms] [LOG] [WS] 🗺️ Broadcast recibido. Avatares: 1 [Hijo Test(2)] @ https://jimsimrodev.github.io/pequenos-sanos/assets/index-C7AoTPzR.js:82
[   68754ms] [LOG] [WS] 🗺️ Broadcast recibido. Avatares: 1 [Hijo Test(2)] @ https://jimsimrodev.github.io/pequenos-sanos/assets/index-C7AoTPzR.js:82
[   68780ms] [LOG] [WS] 🗺️ Broadcast recibido. Avatares: 1 [Hijo Test(2)] @ https://jimsimrodev.github.io/pequenos-sanos/assets/index-C7AoTPzR.js:82
[   68808ms] [LOG] [WS] 🗺️ Broadcast recibido. Avatares: 1 [Hijo Test(2)] @ https://jimsimrodev.github.io/pequenos-sanos/assets/index-C7AoTPzR.js:82
[   68834ms] [LOG] [WS] 🗺️ Broadcast recibido. Avatares: 1 [Hijo Test(2)] @ https://jimsimrodev.github.io/pequenos-sanos/assets/index-C7AoTPzR.js:82
[   68863ms] [LOG] [WS] 🗺️ Broadcast recibido. Avatares: 1 [Hijo Test(2)] @ https://jimsimrodev.github.io/pequenos-sanos/assets/index-C7AoTPzR.js:82
[   68893ms] [LOG] [WS] 🗺️ Broadcast recibido. Avatares: 1 [Hijo Test(2)] @ https://jimsimrodev.github.io/pequenos-sanos/assets/index-C7AoTPzR.js:82
[   68945ms] [LOG] [WS] 🗺️ Broadcast recibido. Avatares: 1 [Hijo Test(2)] @ https://jimsimrodev.github.io/pequenos-sanos/assets/index-C7AoTPzR.js:82
[   68975ms] [LOG] [WS] 🗺️ Broadcast recibido. Avatares: 1 [Hijo Test(2)] @ https://jimsimrodev.github.io/pequenos-sanos/assets/index-C7AoTPzR.js:82
[   69003ms] [LOG] [WS] 🗺️ Broadcast recibido. Avatares: 1 [Hijo Test(2)] @ https://jimsimrodev.github.io/pequenos-sanos/assets/index-C7AoTPzR.js:82
[   69037ms] [LOG] [WS] 🗺️ Broadcast recibido. Avatares: 1 [Hijo Test(2)] @ https://jimsimrodev.github.io/pequenos-sanos/assets/index-C7AoTPzR.js:82
[   69091ms] [LOG] [WS] 🗺️ Broadcast recibido. Avatares: 1 [Hijo Test(2)] @ https://jimsimrodev.github.io/pequenos-sanos/assets/index-C7AoTPzR.js:82
[   69120ms] [LOG] [WS] 🗺️ Broadcast recibido. Avatares: 1 [Hijo Test(2)] @ https://jimsimrodev.github.io/pequenos-sanos/assets/index-C7AoTPzR.js:82
[   69152ms] [LOG] [WS] 🗺️ Broadcast recibido. Avatares: 1 [Hijo Test(2)] @ https://jimsimrodev.github.io/pequenos-sanos/assets/index-C7AoTPzR.js:82
[   69153ms] [LOG] [WS] 🗺️ Broadcast recibido. Avatares: 1 [Hijo Test(2)] @ https://jimsimrodev.github.io/pequenos-sanos/assets/index-C7AoTPzR.js:82
[   69215ms] [LOG] [WS] 🗺️ Broadcast recibido. Avatares: 1 [Hijo Test(2)] @ https://jimsimrodev.github.io/pequenos-sanos/assets/index-C7AoTPzR.js:82
[   69245ms] [LOG] [WS] 🗺️ Broadcast recibido. Avatares: 1 [Hijo Test(2)] @ https://jimsimrodev.github.io/pequenos-sanos/assets/index-C7AoTPzR.js:82
[   69275ms] [LOG] [WS] 🗺️ Broadcast recibido. Avatares: 1 [Hijo Test(2)] @ https://jimsimrodev.github.io/pequenos-sanos/assets/index-C7AoTPzR.js:82
[   69303ms] [LOG] [WS] 🗺️ Broadcast recibido. Avatares: 1 [Hijo Test(2)] @ https://jimsimrodev.github.io/pequenos-sanos/assets/index-C7AoTPzR.js:82
[   69404ms] [LOG] [WS] 🗺️ Broadcast recibido. Avatares: 1 [Hijo Test(2)] @ https://jimsimrodev.github.io/pequenos-sanos/assets/index-C7AoTPzR.js:82
[   69427ms] [LOG] [WS] 🗺️ Broadcast recibido. Avatares: 1 [Hijo Test(2)] @ https://jimsimrodev.github.io/pequenos-sanos/assets/index-C7AoTPzR.js:82
[   69429ms] [LOG] [WS] 🗺️ Broadcast recibido. Avatares: 1 [Hijo Test(2)] @ https://jimsimrodev.github.io/pequenos-sanos/assets/index-C7AoTPzR.js:82
[   69460ms] [LOG] [WS] 🗺️ Broadcast recibido. Avatares: 1 [Hijo Test(2)] @ https://jimsimrodev.github.io/pequenos-sanos/assets/index-C7AoTPzR.js:82
[   69489ms] [LOG] [WS] 🗺️ Broadcast recibido. Avatares: 1 [Hijo Test(2)] @ https://jimsimrodev.github.io/pequenos-sanos/assets/index-C7AoTPzR.js:82
[   69513ms] [LOG] [WS] 🗺️ Broadcast recibido. Avatares: 1 [Hijo Test(2)] @ https://jimsimrodev.github.io/pequenos-sanos/assets/index-C7AoTPzR.js:82
[   69537ms] [LOG] [WS] 🗺️ Broadcast recibido. Avatares: 1 [Hijo Test(2)] @ https://jimsimrodev.github.io/pequenos-sanos/assets/index-C7AoTPzR.js:82
[   69600ms] [LOG] [WS] 🗺️ Broadcast recibido. Avatares: 1 [Hijo Test(2)] @ https://jimsimrodev.github.io/pequenos-sanos/assets/index-C7AoTPzR.js:82
[   69638ms] [LOG] [WS] 🗺️ Broadcast recibido. Avatares: 1 [Hijo Test(2)] @ https://jimsimrodev.github.io/pequenos-sanos/assets/index-C7AoTPzR.js:82
[   69638ms] [LOG] [WS] 🗺️ Broadcast recibido. Avatares: 1 [Hijo Test(2)] @ https://jimsimrodev.github.io/pequenos-sanos/assets/index-C7AoTPzR.js:82
[   69672ms] [LOG] [WS] 🗺️ Broadcast recibido. Avatares: 1 [Hijo Test(2)] @ https://jimsimrodev.github.io/pequenos-sanos/assets/index-C7AoTPzR.js:82
[   69711ms] [LOG] [WS] 🗺️ Broadcast recibido. Avatares: 1 [Hijo Test(2)] @ https://jimsimrodev.github.io/pequenos-sanos/assets/index-C7AoTPzR.js:82
[   69739ms] [LOG] [WS] 🗺️ Broadcast recibido. Avatares: 1 [Hijo Test(2)] @ https://jimsimrodev.github.io/pequenos-sanos/assets/index-C7AoTPzR.js:82
[   69774ms] [LOG] [WS] 🗺️ Broadcast recibido. Avatares: 1 [Hijo Test(2)] @ https://jimsimrodev.github.io/pequenos-sanos/assets/index-C7AoTPzR.js:82
[   69806ms] [LOG] [WS] 🗺️ Broadcast recibido. Avatares: 1 [Hijo Test(2)] @ https://jimsimrodev.github.io/pequenos-sanos/assets/index-C7AoTPzR.js:82
[   69831ms] [LOG] [WS] 🗺️ Broadcast recibido. Avatares: 1 [Hijo Test(2)] @ https://jimsimrodev.github.io/pequenos-sanos/assets/index-C7AoTPzR.js:82
[   69857ms] [LOG] [WS] 🗺️ Broadcast recibido. Avatares: 1 [Hijo Test(2)] @ https://jimsimrodev.github.io/pequenos-sanos/assets/index-C7AoTPzR.js:82
[   69889ms] [LOG] [WS] 🗺️ Broadcast recibido. Avatares: 1 [Hijo Test(2)] @ https://jimsimrodev.github.io/pequenos-sanos/assets/index-C7AoTPzR.js:82
[   69926ms] [LOG] [WS] 🗺️ Broadcast recibido. Avatares: 1 [Hijo Test(2)] @ https://jimsimrodev.github.io/pequenos-sanos/assets/index-C7AoTPzR.js:82
[   69958ms] [LOG] [WS] 🗺️ Broadcast recibido. Avatares: 1 [Hijo Test(2)] @ https://jimsimrodev.github.io/pequenos-sanos/assets/index-C7AoTPzR.js:82
[   69989ms] [LOG] [WS] 🗺️ Broadcast recibido. Avatares: 1 [Hijo Test(2)] @ https://jimsimrodev.github.io/pequenos-sanos/assets/index-C7AoTPzR.js:82
[   70030ms] [LOG] [WS] 🗺️ Broadcast recibido. Avatares: 1 [Hijo Test(2)] @ https://jimsimrodev.github.io/pequenos-sanos/assets/index-C7AoTPzR.js:82
[   70064ms] [LOG] [WS] 🗺️ Broadcast recibido. Avatares: 1 [Hijo Test(2)] @ https://jimsimrodev.github.io/pequenos-sanos/assets/index-C7AoTPzR.js:82
[   70089ms] [LOG] [WS] 🗺️ Broadcast recibido. Avatares: 1 [Hijo Test(2)] @ https://jimsimrodev.github.io/pequenos-sanos/assets/index-C7AoTPzR.js:82
[   70114ms] [LOG] [WS] 🗺️ Broadcast recibido. Avatares: 1 [Hijo Test(2)] @ https://jimsimrodev.github.io/pequenos-sanos/assets/index-C7AoTPzR.js:82
[   70158ms] [LOG] [WS] 🗺️ Broadcast recibido. Avatares: 1 [Hijo Test(2)] @ https://jimsimrodev.github.io/pequenos-sanos/assets/index-C7AoTPzR.js:82
[   70186ms] [LOG] [WS] 🗺️ Broadcast recibido. Avatares: 1 [Hijo Test(2)] @ https://jimsimrodev.github.io/pequenos-sanos/assets/index-C7AoTPzR.js:82
[   70224ms] [LOG] [WS] 🗺️ Broadcast recibido. Avatares: 1 [Hijo Test(2)] @ https://jimsimrodev.github.io/pequenos-sanos/assets/index-C7AoTPzR.js:82
[   70258ms] [LOG] [WS] 🗺️ Broadcast recibido. Avatares: 1 [Hijo Test(2)] @ https://jimsimrodev.github.io/pequenos-sanos/assets/index-C7AoTPzR.js:82
[   70290ms] [LOG] [WS] 🗺️ Broadcast recibido. Avatares: 1 [Hijo Test(2)] @ https://jimsimrodev.github.io/pequenos-sanos/assets/index-C7AoTPzR.js:82
[   70316ms] [LOG] [WS] 🗺️ Broadcast recibido. Avatares: 1 [Hijo Test(2)] @ https://jimsimrodev.github.io/pequenos-sanos/assets/index-C7AoTPzR.js:82
[   70351ms] [LOG] [WS] 🗺️ Broadcast recibido. Avatares: 1 [Hijo Test(2)] @ https://jimsimrodev.github.io/pequenos-sanos/assets/index-C7AoTPzR.js:82
[   70383ms] [LOG] [WS] 🗺️ Broadcast recibido. Avatares: 1 [Hijo Test(2)] @ https://jimsimrodev.github.io/pequenos-sanos/assets/index-C7AoTPzR.js:82
[   70412ms] [LOG] [WS] 🗺️ Broadcast recibido. Avatares: 1 [Hijo Test(2)] @ https://jimsimrodev.github.io/pequenos-sanos/assets/index-C7AoTPzR.js:82
[   70443ms] [LOG] [WS] 🗺️ Broadcast recibido. Avatares: 1 [Hijo Test(2)] @ https://jimsimrodev.github.io/pequenos-sanos/assets/index-C7AoTPzR.js:82
[   70488ms] [LOG] [WS] 🗺️ Broadcast recibido. Avatares: 1 [Hijo Test(2)] @ https://jimsimrodev.github.io/pequenos-sanos/assets/index-C7AoTPzR.js:82
[   70514ms] [LOG] [WS] 🗺️ Broadcast recibido. Avatares: 1 [Hijo Test(2)] @ https://jimsimrodev.github.io/pequenos-sanos/assets/index-C7AoTPzR.js:82
[   70549ms] [LOG] [WS] 🗺️ Broadcast recibido. Avatares: 1 [Hijo Test(2)] @ https://jimsimrodev.github.io/pequenos-sanos/assets/index-C7AoTPzR.js:82
[   70580ms] [LOG] [WS] 🗺️ Broadcast recibido. Avatares: 1 [Hijo Test(2)] @ https://jimsimrodev.github.io/pequenos-sanos/assets/index-C7AoTPzR.js:82
[   70612ms] [LOG] [WS] 🗺️ Broadcast recibido. Avatares: 1 [Hijo Test(2)] @ https://jimsimrodev.github.io/pequenos-sanos/assets/index-C7AoTPzR.js:82
[   70666ms] [LOG] [WS] 🗺️ Broadcast recibido. Avatares: 1 [Hijo Test(2)] @ https://jimsimrodev.github.io/pequenos-sanos/assets/index-C7AoTPzR.js:82
[   70693ms] [LOG] [WS] 🗺️ Broadcast recibido. Avatares: 1 [Hijo Test(2)] @ https://jimsimrodev.github.io/pequenos-sanos/assets/index-C7AoTPzR.js:82
[   70715ms] [LOG] [WS] 🗺️ Broadcast recibido. Avatares: 1 [Hijo Test(2)] @ https://jimsimrodev.github.io/pequenos-sanos/assets/index-C7AoTPzR.js:82
[   70738ms] [LOG] [WS] 🗺️ Broadcast recibido. Avatares: 1 [Hijo Test(2)] @ https://jimsimrodev.github.io/pequenos-sanos/assets/index-C7AoTPzR.js:82
[   70773ms] [LOG] [WS] 🗺️ Broadcast recibido. Avatares: 1 [Hijo Test(2)] @ https://jimsimrodev.github.io/pequenos-sanos/assets/index-C7AoTPzR.js:82
[   70833ms] [LOG] [WS] 🗺️ Broadcast recibido. Avatares: 1 [Hijo Test(2)] @ https://jimsimrodev.github.io/pequenos-sanos/assets/index-C7AoTPzR.js:82
[   70868ms] [LOG] [WS] 🗺️ Broadcast recibido. Avatares: 1 [Hijo Test(2)] @ https://jimsimrodev.github.io/pequenos-sanos/assets/index-C7AoTPzR.js:82
[   70899ms] [LOG] [WS] 🗺️ Broadcast recibido. Avatares: 1 [Hijo Test(2)] @ https://jimsimrodev.github.io/pequenos-sanos/assets/index-C7AoTPzR.js:82
[   70925ms] [LOG] [WS] 🗺️ Broadcast recibido. Avatares: 1 [Hijo Test(2)] @ https://jimsimrodev.github.io/pequenos-sanos/assets/index-C7AoTPzR.js:82
[   70959ms] [LOG] [WS] 🗺️ Broadcast recibido. Avatares: 1 [Hijo Test(2)] @ https://jimsimrodev.github.io/pequenos-sanos/assets/index-C7AoTPzR.js:82
[   70988ms] [LOG] [WS] 🗺️ Broadcast recibido. Avatares: 1 [Hijo Test(2)] @ https://jimsimrodev.github.io/pequenos-sanos/assets/index-C7AoTPzR.js:82
[   71008ms] [LOG] [WS] 🗺️ Broadcast recibido. Avatares: 1 [Hijo Test(2)] @ https://jimsimrodev.github.io/pequenos-sanos/assets/index-C7AoTPzR.js:82
[   71042ms] [LOG] [WS] 🗺️ Broadcast recibido. Avatares: 1 [Hijo Test(2)] @ https://jimsimrodev.github.io/pequenos-sanos/assets/index-C7AoTPzR.js:82
[   71067ms] [LOG] [WS] 🗺️ Broadcast recibido. Avatares: 1 [Hijo Test(2)] @ https://jimsimrodev.github.io/pequenos-sanos/assets/index-C7AoTPzR.js:82
[   71112ms] [LOG] [WS] 🗺️ Broadcast recibido. Avatares: 1 [Hijo Test(2)] @ https://jimsimrodev.github.io/pequenos-sanos/assets/index-C7AoTPzR.js:82
[   71152ms] [LOG] [WS] 🗺️ Broadcast recibido. Avatares: 1 [Hijo Test(2)] @ https://jimsimrodev.github.io/pequenos-sanos/assets/index-C7AoTPzR.js:82
[   71178ms] [LOG] [WS] 🗺️ Broadcast recibido. Avatares: 1 [Hijo Test(2)] @ https://jimsimrodev.github.io/pequenos-sanos/assets/index-C7AoTPzR.js:82
[   71206ms] [LOG] [WS] 🗺️ Broadcast recibido. Avatares: 1 [Hijo Test(2)] @ https://jimsimrodev.github.io/pequenos-sanos/assets/index-C7AoTPzR.js:82
[   71251ms] [LOG] [WS] 🗺️ Broadcast recibido. Avatares: 1 [Hijo Test(2)] @ https://jimsimrodev.github.io/pequenos-sanos/assets/index-C7AoTPzR.js:82
[   71276ms] [LOG] [WS] 🗺️ Broadcast recibido. Avatares: 1 [Hijo Test(2)] @ https://jimsimrodev.github.io/pequenos-sanos/assets/index-C7AoTPzR.js:82
[   71301ms] [LOG] [WS] 🗺️ Broadcast recibido. Avatares: 1 [Hijo Test(2)] @ https://jimsimrodev.github.io/pequenos-sanos/assets/index-C7AoTPzR.js:82
[   71348ms] [LOG] [WS] 🗺️ Broadcast recibido. Avatares: 1 [Hijo Test(2)] @ https://jimsimrodev.github.io/pequenos-sanos/assets/index-C7AoTPzR.js:82
[   71376ms] [LOG] [WS] 🗺️ Broadcast recibido. Avatares: 1 [Hijo Test(2)] @ https://jimsimrodev.github.io/pequenos-sanos/assets/index-C7AoTPzR.js:82
[   71405ms] [LOG] [WS] 🗺️ Broadcast recibido. Avatares: 1 [Hijo Test(2)] @ https://jimsimrodev.github.io/pequenos-sanos/assets/index-C7AoTPzR.js:82
[   71438ms] [LOG] [WS] 🗺️ Broadcast recibido. Avatares: 1 [Hijo Test(2)] @ https://jimsimrodev.github.io/pequenos-sanos/assets/index-C7AoTPzR.js:82
[   71474ms] [LOG] [WS] 🗺️ Broadcast recibido. Avatares: 1 [Hijo Test(2)] @ https://jimsimrodev.github.io/pequenos-sanos/assets/index-C7AoTPzR.js:82
[   71511ms] [LOG] [WS] 🗺️ Broadcast recibido. Avatares: 1 [Hijo Test(2)] @ https://jimsimrodev.github.io/pequenos-sanos/assets/index-C7AoTPzR.js:82
[   71539ms] [LOG] [WS] 🗺️ Broadcast recibido. Avatares: 1 [Hijo Test(2)] @ https://jimsimrodev.github.io/pequenos-sanos/assets/index-C7AoTPzR.js:82
[   71573ms] [LOG] [WS] 🗺️ Broadcast recibido. Avatares: 1 [Hijo Test(2)] @ https://jimsimrodev.github.io/pequenos-sanos/assets/index-C7AoTPzR.js:82
[   71601ms] [LOG] [WS] 🗺️ Broadcast recibido. Avatares: 1 [Hijo Test(2)] @ https://jimsimrodev.github.io/pequenos-sanos/assets/index-C7AoTPzR.js:82
[   71632ms] [LOG] [WS] 🗺️ Broadcast recibido. Avatares: 1 [Hijo Test(2)] @ https://jimsimrodev.github.io/pequenos-sanos/assets/index-C7AoTPzR.js:82
[   71689ms] [LOG] [WS] 🗺️ Broadcast recibido. Avatares: 1 [Hijo Test(2)] @ https://jimsimrodev.github.io/pequenos-sanos/assets/index-C7AoTPzR.js:82
[   71723ms] [LOG] [WS] 🗺️ Broadcast recibido. Avatares: 1 [Hijo Test(2)] @ https://jimsimrodev.github.io/pequenos-sanos/assets/index-C7AoTPzR.js:82
[   71761ms] [LOG] [WS] 🗺️ Broadcast recibido. Avatares: 1 [Hijo Test(2)] @ https://jimsimrodev.github.io/pequenos-sanos/assets/index-C7AoTPzR.js:82
[   71788ms] [LOG] [WS] 🗺️ Broadcast recibido. Avatares: 1 [Hijo Test(2)] @ https://jimsimrodev.github.io/pequenos-sanos/assets/index-C7AoTPzR.js:82
[   71828ms] [LOG] [WS] 🗺️ Broadcast recibido. Avatares: 1 [Hijo Test(2)] @ https://jimsimrodev.github.io/pequenos-sanos/assets/index-C7AoTPzR.js:82
[   71858ms] [LOG] [WS] 🗺️ Broadcast recibido. Avatares: 1 [Hijo Test(2)] @ https://jimsimrodev.github.io/pequenos-sanos/assets/index-C7AoTPzR.js:82
[   71892ms] [LOG] [WS] 🗺️ Broadcast recibido. Avatares: 1 [Hijo Test(2)] @ https://jimsimrodev.github.io/pequenos-sanos/assets/index-C7AoTPzR.js:82
[   71932ms] [LOG] [WS] 🗺️ Broadcast recibido. Avatares: 1 [Hijo Test(2)] @ https://jimsimrodev.github.io/pequenos-sanos/assets/index-C7AoTPzR.js:82
[   71967ms] [LOG] [WS] 🗺️ Broadcast recibido. Avatares: 1 [Hijo Test(2)] @ https://jimsimrodev.github.io/pequenos-sanos/assets/index-C7AoTPzR.js:82
[   71998ms] [LOG] [WS] 🗺️ Broadcast recibido. Avatares: 1 [Hijo Test(2)] @ https://jimsimrodev.github.io/pequenos-sanos/assets/index-C7AoTPzR.js:82
[   72027ms] [LOG] [WS] 🗺️ Broadcast recibido. Avatares: 1 [Hijo Test(2)] @ https://jimsimrodev.github.io/pequenos-sanos/assets/index-C7AoTPzR.js:82
[   72049ms] [LOG] [WS] 🗺️ Broadcast recibido. Avatares: 1 [Hijo Test(2)] @ https://jimsimrodev.github.io/pequenos-sanos/assets/index-C7AoTPzR.js:82
[   72076ms] [LOG] [WS] 🗺️ Broadcast recibido. Avatares: 1 [Hijo Test(2)] @ https://jimsimrodev.github.io/pequenos-sanos/assets/index-C7AoTPzR.js:82
[   72106ms] [LOG] [WS] 🗺️ Broadcast recibido. Avatares: 1 [Hijo Test(2)] @ https://jimsimrodev.github.io/pequenos-sanos/assets/index-C7AoTPzR.js:82
[   72138ms] [LOG] [WS] 🗺️ Broadcast recibido. Avatares: 1 [Hijo Test(2)] @ https://jimsimrodev.github.io/pequenos-sanos/assets/index-C7AoTPzR.js:82
[   72159ms] [LOG] [WS] 🗺️ Broadcast recibido. Avatares: 1 [Hijo Test(2)] @ https://jimsimrodev.github.io/pequenos-sanos/assets/index-C7AoTPzR.js:82
[   72188ms] [LOG] [WS] 🗺️ Broadcast recibido. Avatares: 1 [Hijo Test(2)] @ https://jimsimrodev.github.io/pequenos-sanos/assets/index-C7AoTPzR.js:82
[   72245ms] [LOG] [WS] 🗺️ Broadcast recibido. Avatares: 1 [Hijo Test(2)] @ https://jimsimrodev.github.io/pequenos-sanos/assets/index-C7AoTPzR.js:82
[   72268ms] [LOG] [WS] 🗺️ Broadcast recibido. Avatares: 1 [Hijo Test(2)] @ https://jimsimrodev.github.io/pequenos-sanos/assets/index-C7AoTPzR.js:82
[   72299ms] [LOG] [WS] 🗺️ Broadcast recibido. Avatares: 1 [Hijo Test(2)] @ https://jimsimrodev.github.io/pequenos-sanos/assets/index-C7AoTPzR.js:82
[   72322ms] [LOG] [WS] 🗺️ Broadcast recibido. Avatares: 1 [Hijo Test(2)] @ https://jimsimrodev.github.io/pequenos-sanos/assets/index-C7AoTPzR.js:82
[   72365ms] [LOG] [WS] 🗺️ Broadcast recibido. Avatares: 1 [Hijo Test(2)] @ https://jimsimrodev.github.io/pequenos-sanos/assets/index-C7AoTPzR.js:82
[   72391ms] [LOG] [WS] 🗺️ Broadcast recibido. Avatares: 1 [Hijo Test(2)] @ https://jimsimrodev.github.io/pequenos-sanos/assets/index-C7AoTPzR.js:82
[   72440ms] [LOG] [WS] 🗺️ Broadcast recibido. Avatares: 1 [Hijo Test(2)] @ https://jimsimrodev.github.io/pequenos-sanos/assets/index-C7AoTPzR.js:82
[   72460ms] [LOG] [WS] 🗺️ Broadcast recibido. Avatares: 1 [Hijo Test(2)] @ https://jimsimrodev.github.io/pequenos-sanos/assets/index-C7AoTPzR.js:82
[   72487ms] [LOG] [WS] 🗺️ Broadcast recibido. Avatares: 1 [Hijo Test(2)] @ https://jimsimrodev.github.io/pequenos-sanos/assets/index-C7AoTPzR.js:82
[   72542ms] [LOG] [WS] 🗺️ Broadcast recibido. Avatares: 1 [Hijo Test(2)] @ https://jimsimrodev.github.io/pequenos-sanos/assets/index-C7AoTPzR.js:82
[   72571ms] [LOG] [WS] 🗺️ Broadcast recibido. Avatares: 1 [Hijo Test(2)] @ https://jimsimrodev.github.io/pequenos-sanos/assets/index-C7AoTPzR.js:82
[   72595ms] [LOG] [WS] 🗺️ Broadcast recibido. Avatares: 1 [Hijo Test(2)] @ https://jimsimrodev.github.io/pequenos-sanos/assets/index-C7AoTPzR.js:82
[   72622ms] [LOG] [WS] 🗺️ Broadcast recibido. Avatares: 1 [Hijo Test(2)] @ https://jimsimrodev.github.io/pequenos-sanos/assets/index-C7AoTPzR.js:82
[   72665ms] [LOG] [WS] 🗺️ Broadcast recibido. Avatares: 1 [Hijo Test(2)] @ https://jimsimrodev.github.io/pequenos-sanos/assets/index-C7AoTPzR.js:82
[   72690ms] [LOG] [WS] 🗺️ Broadcast recibido. Avatares: 1 [Hijo Test(2)] @ https://jimsimrodev.github.io/pequenos-sanos/assets/index-C7AoTPzR.js:82
[   72741ms] [LOG] [WS] 🗺️ Broadcast recibido. Avatares: 1 [Hijo Test(2)] @ https://jimsimrodev.github.io/pequenos-sanos/assets/index-C7AoTPzR.js:82
[   72767ms] [LOG] [WS] 🗺️ Broadcast recibido. Avatares: 1 [Hijo Test(2)] @ https://jimsimrodev.github.io/pequenos-sanos/assets/index-C7AoTPzR.js:82
[   72805ms] [LOG] [WS] 🗺️ Broadcast recibido. Avatares: 1 [Hijo Test(2)] @ https://jimsimrodev.github.io/pequenos-sanos/assets/index-C7AoTPzR.js:82
[   72831ms] [LOG] [WS] 🗺️ Broadcast recibido. Avatares: 1 [Hijo Test(2)] @ https://jimsimrodev.github.io/pequenos-sanos/assets/index-C7AoTPzR.js:82
[   72857ms] [LOG] [WS] 🗺️ Broadcast recibido. Avatares: 1 [Hijo Test(2)] @ https://jimsimrodev.github.io/pequenos-sanos/assets/index-C7AoTPzR.js:82
[   72887ms] [LOG] [WS] 🗺️ Broadcast recibido. Avatares: 1 [Hijo Test(2)] @ https://jimsimrodev.github.io/pequenos-sanos/assets/index-C7AoTPzR.js:82
[   72916ms] [LOG] [WS] 🗺️ Broadcast recibido. Avatares: 1 [Hijo Test(2)] @ https://jimsimrodev.github.io/pequenos-sanos/assets/index-C7AoTPzR.js:82
[   72969ms] [LOG] [WS] 🗺️ Broadcast recibido. Avatares: 1 [Hijo Test(2)] @ https://jimsimrodev.github.io/pequenos-sanos/assets/index-C7AoTPzR.js:82
[   72997ms] [LOG] [WS] 🗺️ Broadcast recibido. Avatares: 1 [Hijo Test(2)] @ https://jimsimrodev.github.io/pequenos-sanos/assets/index-C7AoTPzR.js:82
[   73030ms] [LOG] [WS] 🗺️ Broadcast recibido. Avatares: 1 [Hijo Test(2)] @ https://jimsimrodev.github.io/pequenos-sanos/assets/index-C7AoTPzR.js:82
[   73082ms] [LOG] [WS] 🗺️ Broadcast recibido. Avatares: 1 [Hijo Test(2)] @ https://jimsimrodev.github.io/pequenos-sanos/assets/index-C7AoTPzR.js:82
[   73123ms] [LOG] [WS] 🗺️ Broadcast recibido. Avatares: 1 [Hijo Test(2)] @ https://jimsimrodev.github.io/pequenos-sanos/assets/index-C7AoTPzR.js:82
[   73145ms] [LOG] [WS] 🗺️ Broadcast recibido. Avatares: 1 [Hijo Test(2)] @ https://jimsimrodev.github.io/pequenos-sanos/assets/index-C7AoTPzR.js:82
[   73176ms] [LOG] [WS] 🗺️ Broadcast recibido. Avatares: 1 [Hijo Test(2)] @ https://jimsimrodev.github.io/pequenos-sanos/assets/index-C7AoTPzR.js:82
[   73199ms] [LOG] [WS] 🗺️ Broadcast recibido. Avatares: 1 [Hijo Test(2)] @ https://jimsimrodev.github.io/pequenos-sanos/assets/index-C7AoTPzR.js:82
[   73223ms] [LOG] [WS] 🗺️ Broadcast recibido. Avatares: 1 [Hijo Test(2)] @ https://jimsimrodev.github.io/pequenos-sanos/assets/index-C7AoTPzR.js:82
[   73267ms] [LOG] [WS] 🗺️ Broadcast recibido. Avatares: 1 [Hijo Test(2)] @ https://jimsimrodev.github.io/pequenos-sanos/assets/index-C7AoTPzR.js:82
[   73291ms] [LOG] [WS] 🗺️ Broadcast recibido. Avatares: 1 [Hijo Test(2)] @ https://jimsimrodev.github.io/pequenos-sanos/assets/index-C7AoTPzR.js:82
[   73318ms] [LOG] [WS] 🗺️ Broadcast recibido. Avatares: 1 [Hijo Test(2)] @ https://jimsimrodev.github.io/pequenos-sanos/assets/index-C7AoTPzR.js:82
[   73358ms] [LOG] [WS] 🗺️ Broadcast recibido. Avatares: 1 [Hijo Test(2)] @ https://jimsimrodev.github.io/pequenos-sanos/assets/index-C7AoTPzR.js:82
[   73384ms] [LOG] [WS] 🗺️ Broadcast recibido. Avatares: 1 [Hijo Test(2)] @ https://jimsimrodev.github.io/pequenos-sanos/assets/index-C7AoTPzR.js:82
[   73411ms] [LOG] [WS] 🗺️ Broadcast recibido. Avatares: 1 [Hijo Test(2)] @ https://jimsimrodev.github.io/pequenos-sanos/assets/index-C7AoTPzR.js:82
[   73456ms] [LOG] [WS] 🗺️ Broadcast recibido. Avatares: 1 [Hijo Test(2)] @ https://jimsimrodev.github.io/pequenos-sanos/assets/index-C7AoTPzR.js:82
[   73477ms] [LOG] [WS] 🗺️ Broadcast recibido. Avatares: 1 [Hijo Test(2)] @ https://jimsimrodev.github.io/pequenos-sanos/assets/index-C7AoTPzR.js:82
[   73519ms] [LOG] [WS] 🗺️ Broadcast recibido. Avatares: 1 [Hijo Test(2)] @ https://jimsimrodev.github.io/pequenos-sanos/assets/index-C7AoTPzR.js:82
[   73544ms] [LOG] [WS] 🗺️ Broadcast recibido. Avatares: 1 [Hijo Test(2)] @ https://jimsimrodev.github.io/pequenos-sanos/assets/index-C7AoTPzR.js:82
[   73592ms] [LOG] [WS] 🗺️ Broadcast recibido. Avatares: 1 [Hijo Test(2)] @ https://jimsimrodev.github.io/pequenos-sanos/assets/index-C7AoTPzR.js:82
[   73613ms] [LOG] [WS] 🗺️ Broadcast recibido. Avatares: 1 [Hijo Test(2)] @ https://jimsimrodev.github.io/pequenos-sanos/assets/index-C7AoTPzR.js:82
[   73664ms] [LOG] [WS] 🗺️ Broadcast recibido. Avatares: 1 [Hijo Test(2)] @ https://jimsimrodev.github.io/pequenos-sanos/assets/index-C7AoTPzR.js:82
[   73692ms] [LOG] [WS] 🗺️ Broadcast recibido. Avatares: 1 [Hijo Test(2)] @ https://jimsimrodev.github.io/pequenos-sanos/assets/index-C7AoTPzR.js:82
[   73726ms] [LOG] [WS] 🗺️ Broadcast recibido. Avatares: 1 [Hijo Test(2)] @ https://jimsimrodev.github.io/pequenos-sanos/assets/index-C7AoTPzR.js:82
[   73750ms] [LOG] [WS] 🗺️ Broadcast recibido. Avatares: 1 [Hijo Test(2)] @ https://jimsimrodev.github.io/pequenos-sanos/assets/index-C7AoTPzR.js:82
[   73777ms] [LOG] [WS] 🗺️ Broadcast recibido. Avatares: 1 [Hijo Test(2)] @ https://jimsimrodev.github.io/pequenos-sanos/assets/index-C7AoTPzR.js:82
[   73809ms] [LOG] [WS] 🗺️ Broadcast recibido. Avatares: 1 [Hijo Test(2)] @ https://jimsimrodev.github.io/pequenos-sanos/assets/index-C7AoTPzR.js:82
[   73854ms] [LOG] [WS] 🗺️ Broadcast recibido. Avatares: 1 [Hijo Test(2)] @ https://jimsimrodev.github.io/pequenos-sanos/assets/index-C7AoTPzR.js:82
[   73878ms] [LOG] [WS] 🗺️ Broadcast recibido. Avatares: 1 [Hijo Test(2)] @ https://jimsimrodev.github.io/pequenos-sanos/assets/index-C7AoTPzR.js:82
[   73920ms] [LOG] [WS] 🗺️ Broadcast recibido. Avatares: 1 [Hijo Test(2)] @ https://jimsimrodev.github.io/pequenos-sanos/assets/index-C7AoTPzR.js:82
[   73949ms] [LOG] [WS] 🗺️ Broadcast recibido. Avatares: 1 [Hijo Test(2)] @ https://jimsimrodev.github.io/pequenos-sanos/assets/index-C7AoTPzR.js:82
[   73978ms] [LOG] [WS] 🗺️ Broadcast recibido. Avatares: 1 [Hijo Test(2)] @ https://jimsimrodev.github.io/pequenos-sanos/assets/index-C7AoTPzR.js:82
[   74016ms] [LOG] [WS] 🗺️ Broadcast recibido. Avatares: 1 [Hijo Test(2)] @ https://jimsimrodev.github.io/pequenos-sanos/assets/index-C7AoTPzR.js:82
[   74043ms] [LOG] [WS] 🗺️ Broadcast recibido. Avatares: 1 [Hijo Test(2)] @ https://jimsimrodev.github.io/pequenos-sanos/assets/index-C7AoTPzR.js:82
[   74070ms] [LOG] [WS] 🗺️ Broadcast recibido. Avatares: 1 [Hijo Test(2)] @ https://jimsimrodev.github.io/pequenos-sanos/assets/index-C7AoTPzR.js:82
[   74122ms] [LOG] [WS] 🗺️ Broadcast recibido. Avatares: 1 [Hijo Test(2)] @ https://jimsimrodev.github.io/pequenos-sanos/assets/index-C7AoTPzR.js:82
[   74159ms] [LOG] [WS] 🗺️ Broadcast recibido. Avatares: 1 [Hijo Test(2)] @ https://jimsimrodev.github.io/pequenos-sanos/assets/index-C7AoTPzR.js:82
[   74188ms] [LOG] [WS] 🗺️ Broadcast recibido. Avatares: 1 [Hijo Test(2)] @ https://jimsimrodev.github.io/pequenos-sanos/assets/index-C7AoTPzR.js:82
[   74210ms] [LOG] [WS] 🗺️ Broadcast recibido. Avatares: 1 [Hijo Test(2)] @ https://jimsimrodev.github.io/pequenos-sanos/assets/index-C7AoTPzR.js:82
[   74237ms] [LOG] [WS] 🗺️ Broadcast recibido. Avatares: 1 [Hijo Test(2)] @ https://jimsimrodev.github.io/pequenos-sanos/assets/index-C7AoTPzR.js:82
[   74281ms] [LOG] [WS] 🗺️ Broadcast recibido. Avatares: 1 [Hijo Test(2)] @ https://jimsimrodev.github.io/pequenos-sanos/assets/index-C7AoTPzR.js:82
[   74304ms] [LOG] [WS] 🗺️ Broadcast recibido. Avatares: 1 [Hijo Test(2)] @ https://jimsimrodev.github.io/pequenos-sanos/assets/index-C7AoTPzR.js:82
[   74364ms] [LOG] [WS] 🗺️ Broadcast recibido. Avatares: 1 [Hijo Test(2)] @ https://jimsimrodev.github.io/pequenos-sanos/assets/index-C7AoTPzR.js:82
[   74384ms] [LOG] [WS] 🗺️ Broadcast recibido. Avatares: 1 [Hijo Test(2)] @ https://jimsimrodev.github.io/pequenos-sanos/assets/index-C7AoTPzR.js:82
[   74408ms] [LOG] [WS] 🗺️ Broadcast recibido. Avatares: 1 [Hijo Test(2)] @ https://jimsimrodev.github.io/pequenos-sanos/assets/index-C7AoTPzR.js:82
[   74432ms] [LOG] [WS] 🗺️ Broadcast recibido. Avatares: 1 [Hijo Test(2)] @ https://jimsimrodev.github.io/pequenos-sanos/assets/index-C7AoTPzR.js:82
[   74481ms] [LOG] [WS] 🗺️ Broadcast recibido. Avatares: 1 [Hijo Test(2)] @ https://jimsimrodev.github.io/pequenos-sanos/assets/index-C7AoTPzR.js:82
[   74507ms] [LOG] [WS] 🗺️ Broadcast recibido. Avatares: 1 [Hijo Test(2)] @ https://jimsimrodev.github.io/pequenos-sanos/assets/index-C7AoTPzR.js:82
[   74538ms] [LOG] [WS] 🗺️ Broadcast recibido. Avatares: 1 [Hijo Test(2)] @ https://jimsimrodev.github.io/pequenos-sanos/assets/index-C7AoTPzR.js:82
[   74570ms] [LOG] [WS] 🗺️ Broadcast recibido. Avatares: 1 [Hijo Test(2)] @ https://jimsimrodev.github.io/pequenos-sanos/assets/index-C7AoTPzR.js:82
[   74601ms] [LOG] [WS] 🗺️ Broadcast recibido. Avatares: 1 [Hijo Test(2)] @ https://jimsimrodev.github.io/pequenos-sanos/assets/index-C7AoTPzR.js:82
[   74656ms] [LOG] [WS] 🗺️ Broadcast recibido. Avatares: 1 [Hijo Test(2)] @ https://jimsimrodev.github.io/pequenos-sanos/assets/index-C7AoTPzR.js:82
[   74686ms] [LOG] [WS] 🗺️ Broadcast recibido. Avatares: 1 [Hijo Test(2)] @ https://jimsimrodev.github.io/pequenos-sanos/assets/index-C7AoTPzR.js:82
[   74715ms] [LOG] [WS] 🗺️ Broadcast recibido. Avatares: 1 [Hijo Test(2)] @ https://jimsimrodev.github.io/pequenos-sanos/assets/index-C7AoTPzR.js:82
[   74743ms] [LOG] [WS] 🗺️ Broadcast recibido. Avatares: 1 [Hijo Test(2)] @ https://jimsimrodev.github.io/pequenos-sanos/assets/index-C7AoTPzR.js:82
[   74766ms] [LOG] [WS] 🗺️ Broadcast recibido. Avatares: 1 [Hijo Test(2)] @ https://jimsimrodev.github.io/pequenos-sanos/assets/index-C7AoTPzR.js:82
[   74810ms] [LOG] [WS] 🗺️ Broadcast recibido. Avatares: 1 [Hijo Test(2)] @ https://jimsimrodev.github.io/pequenos-sanos/assets/index-C7AoTPzR.js:82
[   74837ms] [LOG] [WS] 🗺️ Broadcast recibido. Avatares: 1 [Hijo Test(2)] @ https://jimsimrodev.github.io/pequenos-sanos/assets/index-C7AoTPzR.js:82
[   74861ms] [LOG] [WS] 🗺️ Broadcast recibido. Avatares: 1 [Hijo Test(2)] @ https://jimsimrodev.github.io/pequenos-sanos/assets/index-C7AoTPzR.js:82
[   74912ms] [LOG] [WS] 🗺️ Broadcast recibido. Avatares: 1 [Hijo Test(2)] @ https://jimsimrodev.github.io/pequenos-sanos/assets/index-C7AoTPzR.js:82
[   74940ms] [LOG] [WS] 🗺️ Broadcast recibido. Avatares: 1 [Hijo Test(2)] @ https://jimsimrodev.github.io/pequenos-sanos/assets/index-C7AoTPzR.js:82
[   74969ms] [LOG] [WS] 🗺️ Broadcast recibido. Avatares: 1 [Hijo Test(2)] @ https://jimsimrodev.github.io/pequenos-sanos/assets/index-C7AoTPzR.js:82
[   75019ms] [LOG] [WS] 🗺️ Broadcast recibido. Avatares: 1 [Hijo Test(2)] @ https://jimsimrodev.github.io/pequenos-sanos/assets/index-C7AoTPzR.js:82
[   75044ms] [LOG] [WS] 🗺️ Broadcast recibido. Avatares: 1 [Hijo Test(2)] @ https://jimsimrodev.github.io/pequenos-sanos/assets/index-C7AoTPzR.js:82
[   75074ms] [LOG] [WS] 🗺️ Broadcast recibido. Avatares: 1 [Hijo Test(2)] @ https://jimsimrodev.github.io/pequenos-sanos/assets/index-C7AoTPzR.js:82
[   75108ms] [LOG] [WS] 🗺️ Broadcast recibido. Avatares: 1 [Hijo Test(2)] @ https://jimsimrodev.github.io/pequenos-sanos/assets/index-C7AoTPzR.js:82
[   75143ms] [LOG] [WS] 🗺️ Broadcast recibido. Avatares: 1 [Hijo Test(2)] @ https://jimsimrodev.github.io/pequenos-sanos/assets/index-C7AoTPzR.js:82
[   75171ms] [LOG] [WS] 🗺️ Broadcast recibido. Avatares: 1 [Hijo Test(2)] @ https://jimsimrodev.github.io/pequenos-sanos/assets/index-C7AoTPzR.js:82
[   75202ms] [LOG] [WS] 🗺️ Broadcast recibido. Avatares: 1 [Hijo Test(2)] @ https://jimsimrodev.github.io/pequenos-sanos/assets/index-C7AoTPzR.js:82
[   75236ms] [LOG] [WS] 🗺️ Broadcast recibido. Avatares: 1 [Hijo Test(2)] @ https://jimsimrodev.github.io/pequenos-sanos/assets/index-C7AoTPzR.js:82
[   75262ms] [LOG] [WS] 🗺️ Broadcast recibido. Avatares: 1 [Hijo Test(2)] @ https://jimsimrodev.github.io/pequenos-sanos/assets/index-C7AoTPzR.js:82
[   75311ms] [LOG] [WS] 🗺️ Broadcast recibido. Avatares: 1 [Hijo Test(2)] @ https://jimsimrodev.github.io/pequenos-sanos/assets/index-C7AoTPzR.js:82
[   75343ms] [LOG] [WS] 🗺️ Broadcast recibido. Avatares: 1 [Hijo Test(2)] @ https://jimsimrodev.github.io/pequenos-sanos/assets/index-C7AoTPzR.js:82
[   75370ms] [LOG] [WS] 🗺️ Broadcast recibido. Avatares: 1 [Hijo Test(2)] @ https://jimsimrodev.github.io/pequenos-sanos/assets/index-C7AoTPzR.js:82
[   75391ms] [LOG] [WS] 🗺️ Broadcast recibido. Avatares: 1 [Hijo Test(2)] @ https://jimsimrodev.github.io/pequenos-sanos/assets/index-C7AoTPzR.js:82
[   75441ms] [LOG] [WS] 🗺️ Broadcast recibido. Avatares: 1 [Hijo Test(2)] @ https://jimsimrodev.github.io/pequenos-sanos/assets/index-C7AoTPzR.js:82
[   75474ms] [LOG] [WS] 🗺️ Broadcast recibido. Avatares: 1 [Hijo Test(2)] @ https://jimsimrodev.github.io/pequenos-sanos/assets/index-C7AoTPzR.js:82
[   75504ms] [LOG] [WS] 🗺️ Broadcast recibido. Avatares: 1 [Hijo Test(2)] @ https://jimsimrodev.github.io/pequenos-sanos/assets/index-C7AoTPzR.js:82
[   75541ms] [LOG] [WS] 🗺️ Broadcast recibido. Avatares: 1 [Hijo Test(2)] @ https://jimsimrodev.github.io/pequenos-sanos/assets/index-C7AoTPzR.js:82
[   75574ms] [LOG] [WS] 🗺️ Broadcast recibido. Avatares: 1 [Hijo Test(2)] @ https://jimsimrodev.github.io/pequenos-sanos/assets/index-C7AoTPzR.js:82
[   75610ms] [LOG] [WS] 🗺️ Broadcast recibido. Avatares: 1 [Hijo Test(2)] @ https://jimsimrodev.github.io/pequenos-sanos/assets/index-C7AoTPzR.js:82
[   75642ms] [LOG] [WS] 🗺️ Broadcast recibido. Avatares: 1 [Hijo Test(2)] @ https://jimsimrodev.github.io/pequenos-sanos/assets/index-C7AoTPzR.js:82
[   75668ms] [LOG] [WS] 🗺️ Broadcast recibido. Avatares: 1 [Hijo Test(2)] @ https://jimsimrodev.github.io/pequenos-sanos/assets/index-C7AoTPzR.js:82
[   75703ms] [LOG] [WS] 🗺️ Broadcast recibido. Avatares: 1 [Hijo Test(2)] @ https://jimsimrodev.github.io/pequenos-sanos/assets/index-C7AoTPzR.js:82
[   75738ms] [LOG] [WS] 🗺️ Broadcast recibido. Avatares: 1 [Hijo Test(2)] @ https://jimsimrodev.github.io/pequenos-sanos/assets/index-C7AoTPzR.js:82
[   75777ms] [LOG] [WS] 🗺️ Broadcast recibido. Avatares: 1 [Hijo Test(2)] @ https://jimsimrodev.github.io/pequenos-sanos/assets/index-C7AoTPzR.js:82
[   75816ms] [LOG] [WS] 🗺️ Broadcast recibido. Avatares: 1 [Hijo Test(2)] @ https://jimsimrodev.github.io/pequenos-sanos/assets/index-C7AoTPzR.js:82
[   75840ms] [LOG] [WS] 🗺️ Broadcast recibido. Avatares: 1 [Hijo Test(2)] @ https://jimsimrodev.github.io/pequenos-sanos/assets/index-C7AoTPzR.js:82
[   75871ms] [LOG] [WS] 🗺️ Broadcast recibido. Avatares: 1 [Hijo Test(2)] @ https://jimsimrodev.github.io/pequenos-sanos/assets/index-C7AoTPzR.js:82
[   75906ms] [LOG] [WS] 🗺️ Broadcast recibido. Avatares: 1 [Hijo Test(2)] @ https://jimsimrodev.github.io/pequenos-sanos/assets/index-C7AoTPzR.js:82
[   75928ms] [LOG] [WS] 🗺️ Broadcast recibido. Avatares: 1 [Hijo Test(2)] @ https://jimsimrodev.github.io/pequenos-sanos/assets/index-C7AoTPzR.js:82
[   75954ms] [LOG] [WS] 🗺️ Broadcast recibido. Avatares: 1 [Hijo Test(2)] @ https://jimsimrodev.github.io/pequenos-sanos/assets/index-C7AoTPzR.js:82
[   75989ms] [LOG] [WS] 🗺️ Broadcast recibido. Avatares: 1 [Hijo Test(2)] @ https://jimsimrodev.github.io/pequenos-sanos/assets/index-C7AoTPzR.js:82
[   76037ms] [LOG] [WS] 🗺️ Broadcast recibido. Avatares: 1 [Hijo Test(2)] @ https://jimsimrodev.github.io/pequenos-sanos/assets/index-C7AoTPzR.js:82
[   76063ms] [LOG] [WS] 🗺️ Broadcast recibido. Avatares: 1 [Hijo Test(2)] @ https://jimsimrodev.github.io/pequenos-sanos/assets/index-C7AoTPzR.js:82
[   76091ms] [LOG] [WS] 🗺️ Broadcast recibido. Avatares: 1 [Hijo Test(2)] @ https://jimsimrodev.github.io/pequenos-sanos/assets/index-C7AoTPzR.js:82
[   76119ms] [LOG] [WS] 🗺️ Broadcast recibido. Avatares: 1 [Hijo Test(2)] @ https://jimsimrodev.github.io/pequenos-sanos/assets/index-C7AoTPzR.js:82
[   76168ms] [LOG] [WS] 🗺️ Broadcast recibido. Avatares: 1 [Hijo Test(2)] @ https://jimsimrodev.github.io/pequenos-sanos/assets/index-C7AoTPzR.js:82
[   76193ms] [LOG] [WS] 🗺️ Broadcast recibido. Avatares: 1 [Hijo Test(2)] @ https://jimsimrodev.github.io/pequenos-sanos/assets/index-C7AoTPzR.js:82
[   76218ms] [LOG] [WS] 🗺️ Broadcast recibido. Avatares: 1 [Hijo Test(2)] @ https://jimsimrodev.github.io/pequenos-sanos/assets/index-C7AoTPzR.js:82
[   76271ms] [LOG] [WS] 🗺️ Broadcast recibido. Avatares: 1 [Hijo Test(2)] @ https://jimsimrodev.github.io/pequenos-sanos/assets/index-C7AoTPzR.js:82
[   76302ms] [LOG] [WS] 🗺️ Broadcast recibido. Avatares: 1 [Hijo Test(2)] @ https://jimsimrodev.github.io/pequenos-sanos/assets/index-C7AoTPzR.js:82
[   76333ms] [LOG] [WS] 🗺️ Broadcast recibido. Avatares: 1 [Hijo Test(2)] @ https://jimsimrodev.github.io/pequenos-sanos/assets/index-C7AoTPzR.js:82
[   76366ms] [LOG] [WS] 🗺️ Broadcast recibido. Avatares: 1 [Hijo Test(2)] @ https://jimsimrodev.github.io/pequenos-sanos/assets/index-C7AoTPzR.js:82
[   76398ms] [LOG] [WS] 🗺️ Broadcast recibido. Avatares: 1 [Hijo Test(2)] @ https://jimsimrodev.github.io/pequenos-sanos/assets/index-C7AoTPzR.js:82
[   76425ms] [LOG] [WS] 🗺️ Broadcast recibido. Avatares: 1 [Hijo Test(2)] @ https://jimsimrodev.github.io/pequenos-sanos/assets/index-C7AoTPzR.js:82
[   76451ms] [LOG] [WS] 🗺️ Broadcast recibido. Avatares: 1 [Hijo Test(2)] @ https://jimsimrodev.github.io/pequenos-sanos/assets/index-C7AoTPzR.js:82
[   76488ms] [LOG] [WS] 🗺️ Broadcast recibido. Avatares: 1 [Hijo Test(2)] @ https://jimsimrodev.github.io/pequenos-sanos/assets/index-C7AoTPzR.js:82
[   76520ms] [LOG] [WS] 🗺️ Broadcast recibido. Avatares: 1 [Hijo Test(2)] @ https://jimsimrodev.github.io/pequenos-sanos/assets/index-C7AoTPzR.js:82
[   76555ms] [LOG] [WS] 🗺️ Broadcast recibido. Avatares: 1 [Hijo Test(2)] @ https://jimsimrodev.github.io/pequenos-sanos/assets/index-C7AoTPzR.js:82
[   76587ms] [LOG] [WS] 🗺️ Broadcast recibido. Avatares: 1 [Hijo Test(2)] @ https://jimsimrodev.github.io/pequenos-sanos/assets/index-C7AoTPzR.js:82
[   76625ms] [LOG] [WS] 🗺️ Broadcast recibido. Avatares: 1 [Hijo Test(2)] @ https://jimsimrodev.github.io/pequenos-sanos/assets/index-C7AoTPzR.js:82
[   76665ms] [LOG] [WS] 🗺️ Broadcast recibido. Avatares: 1 [Hijo Test(2)] @ https://jimsimrodev.github.io/pequenos-sanos/assets/index-C7AoTPzR.js:82
[   76691ms] [LOG] [WS] 🗺️ Broadcast recibido. Avatares: 1 [Hijo Test(2)] @ https://jimsimrodev.github.io/pequenos-sanos/assets/index-C7AoTPzR.js:82
[   76723ms] [LOG] [WS] 🗺️ Broadcast recibido. Avatares: 1 [Hijo Test(2)] @ https://jimsimrodev.github.io/pequenos-sanos/assets/index-C7AoTPzR.js:82
[   76750ms] [LOG] [WS] 🗺️ Broadcast recibido. Avatares: 1 [Hijo Test(2)] @ https://jimsimrodev.github.io/pequenos-sanos/assets/index-C7AoTPzR.js:82
[   76787ms] [LOG] [WS] 🗺️ Broadcast recibido. Avatares: 1 [Hijo Test(2)] @ https://jimsimrodev.github.io/pequenos-sanos/assets/index-C7AoTPzR.js:82
[   76824ms] [LOG] [WS] 🗺️ Broadcast recibido. Avatares: 1 [Hijo Test(2)] @ https://jimsimrodev.github.io/pequenos-sanos/assets/index-C7AoTPzR.js:82
[   76851ms] [LOG] [WS] 🗺️ Broadcast recibido. Avatares: 1 [Hijo Test(2)] @ https://jimsimrodev.github.io/pequenos-sanos/assets/index-C7AoTPzR.js:82
[   76883ms] [LOG] [WS] 🗺️ Broadcast recibido. Avatares: 1 [Hijo Test(2)] @ https://jimsimrodev.github.io/pequenos-sanos/assets/index-C7AoTPzR.js:82
[   76937ms] [LOG] [WS] 🗺️ Broadcast recibido. Avatares: 1 [Hijo Test(2)] @ https://jimsimrodev.github.io/pequenos-sanos/assets/index-C7AoTPzR.js:82
[   76968ms] [LOG] [WS] 🗺️ Broadcast recibido. Avatares: 1 [Hijo Test(2)] @ https://jimsimrodev.github.io/pequenos-sanos/assets/index-C7AoTPzR.js:82
[   76995ms] [LOG] [WS] 🗺️ Broadcast recibido. Avatares: 1 [Hijo Test(2)] @ https://jimsimrodev.github.io/pequenos-sanos/assets/index-C7AoTPzR.js:82
[   77024ms] [LOG] [WS] 🗺️ Broadcast recibido. Avatares: 1 [Hijo Test(2)] @ https://jimsimrodev.github.io/pequenos-sanos/assets/index-C7AoTPzR.js:82
[   77052ms] [LOG] [WS] 🗺️ Broadcast recibido. Avatares: 1 [Hijo Test(2)] @ https://jimsimrodev.github.io/pequenos-sanos/assets/index-C7AoTPzR.js:82
[   77086ms] [LOG] [WS] 🗺️ Broadcast recibido. Avatares: 1 [Hijo Test(2)] @ https://jimsimrodev.github.io/pequenos-sanos/assets/index-C7AoTPzR.js:82
[   77124ms] [LOG] [WS] 🗺️ Broadcast recibido. Avatares: 1 [Hijo Test(2)] @ https://jimsimrodev.github.io/pequenos-sanos/assets/index-C7AoTPzR.js:82
[   77163ms] [LOG] [WS] 🗺️ Broadcast recibido. Avatares: 1 [Hijo Test(2)] @ https://jimsimrodev.github.io/pequenos-sanos/assets/index-C7AoTPzR.js:82
[   77194ms] [LOG] [WS] 🗺️ Broadcast recibido. Avatares: 1 [Hijo Test(2)] @ https://jimsimrodev.github.io/pequenos-sanos/assets/index-C7AoTPzR.js:82
[   77239ms] [LOG] [WS] 🗺️ Broadcast recibido. Avatares: 1 [Hijo Test(2)] @ https://jimsimrodev.github.io/pequenos-sanos/assets/index-C7AoTPzR.js:82
[   77268ms] [LOG] [WS] 🗺️ Broadcast recibido. Avatares: 1 [Hijo Test(2)] @ https://jimsimrodev.github.io/pequenos-sanos/assets/index-C7AoTPzR.js:82
[   77306ms] [LOG] [WS] 🗺️ Broadcast recibido. Avatares: 1 [Hijo Test(2)] @ https://jimsimrodev.github.io/pequenos-sanos/assets/index-C7AoTPzR.js:82
[   77336ms] [LOG] [WS] 🗺️ Broadcast recibido. Avatares: 1 [Hijo Test(2)] @ https://jimsimrodev.github.io/pequenos-sanos/assets/index-C7AoTPzR.js:82
[   77358ms] [LOG] [WS] 🗺️ Broadcast recibido. Avatares: 1 [Hijo Test(2)] @ https://jimsimrodev.github.io/pequenos-sanos/assets/index-C7AoTPzR.js:82
[   77385ms] [LOG] [WS] 🗺️ Broadcast recibido. Avatares: 1 [Hijo Test(2)] @ https://jimsimrodev.github.io/pequenos-sanos/assets/index-C7AoTPzR.js:82
