[    2044ms] [VERBOSE] [DOM] Input elements should have autocomplete attributes (suggested: "current-password"): (More info: https://goo.gl/9p2vKq) %o @ https://jimsimrodev.github.io/pequenos-sanos/#/login:0
[    2091ms] [ERROR] Failed to load resource: the server responded with a status of 404 () @ https://jimsimrodev.github.io/pequenos-sanos/favicon.svg:0
[   68115ms] [LOG] %c %c %c %c %c Phaser v3.90.0 (WebGL | Web Audio) %c https://phaser.io/v390 background: #ff0000 background: #ffff00 background: #00ff00 background: #00ffff color: #ffffff; background: #000000 background: transparent @ https://jimsimrodev.github.io/pequenos-sanos/assets/index-C7AoTPzR.js:543
[   68351ms] [WARNING] [.WebGL-0x36c40014d000]GL Driver Message (OpenGL, Performance, GL_CLOSE_PATH_NV, High): GPU stall due to ReadPixels @ https://jimsimrodev.github.io/pequenos-sanos/#/game/2:0
[   68420ms] [WARNING] [.WebGL-0x36c40014d000]GL Driver Message (OpenGL, Performance, GL_CLOSE_PATH_NV, High): GPU stall due to ReadPixels @ https://jimsimrodev.github.io/pequenos-sanos/#/game/2:0
[   68450ms] [WARNING] [.WebGL-0x36c40014d000]GL Driver Message (OpenGL, Performance, GL_CLOSE_PATH_NV, High): GPU stall due to ReadPixels @ https://jimsimrodev.github.io/pequenos-sanos/#/game/2:0
[   68473ms] [WARNING] [.WebGL-0x36c40014d000]GL Driver Message (OpenGL, Performance, GL_CLOSE_PATH_NV, High): GPU stall due to ReadPixels (this message will no longer repeat) @ https://jimsimrodev.github.io/pequenos-sanos/#/game/2:0
[   69310ms] [LOG] [WS] ✅ Conectado al servidor. perfilId= 2 @ https://jimsimrodev.github.io/pequenos-sanos/assets/index-C7AoTPzR.js:82
[   69312ms] [LOG] [WS] 📍 Enviando posición inicial: {perfilId: 2, nombre: Hijo Test, x: 600, y: 480, direccion: idle} @ https://jimsimrodev.github.io/pequenos-sanos/assets/index-C7AoTPzR.js:82
[   69471ms] [LOG] [WS] 🗺️ Broadcast recibido. Avatares: 1 [Hijo Test(2)] @ https://jimsimrodev.github.io/pequenos-sanos/assets/index-C7AoTPzR.js:82
[   69496ms] [LOG] [WS] 🗺️ Broadcast recibido. Avatares: 1 [Hijo Test(2)] @ https://jimsimrodev.github.io/pequenos-sanos/assets/index-C7AoTPzR.js:82
[   69538ms] [LOG] [WS] 🗺️ Broadcast recibido. Avatares: 1 [Hijo Test(2)] @ https://jimsimrodev.github.io/pequenos-sanos/assets/index-C7AoTPzR.js:82
[   69577ms] [LOG] [WS] 🗺️ Broadcast recibido. Avatares: 1 [Hijo Test(2)] @ https://jimsimrodev.github.io/pequenos-sanos/assets/index-C7AoTPzR.js:82
[   69605ms] [LOG] [WS] 🗺️ Broadcast recibido. Avatares: 1 [Hijo Test(2)] @ https://jimsimrodev.github.io/pequenos-sanos/assets/index-C7AoTPzR.js:82
[   69712ms] [LOG] [WS] 🗺️ Broadcast recibido. Avatares: 1 [Hijo Test(2)] @ https://jimsimrodev.github.io/pequenos-sanos/assets/index-C7AoTPzR.js:82
[   69736ms] [LOG] [WS] 🗺️ Broadcast recibido. Avatares: 1 [Hijo Test(2)] @ https://jimsimrodev.github.io/pequenos-sanos/assets/index-C7AoTPzR.js:82
[   69754ms] [LOG] [WS] 🗺️ Broadcast recibido. Avatares: 1 [Hijo Test(2)] @ https://jimsimrodev.github.io/pequenos-sanos/assets/index-C7AoTPzR.js:82
[   69755ms] [LOG] [WS] 🗺️ Broadcast recibido. Avatares: 1 [Hijo Test(2)] @ https://jimsimrodev.github.io/pequenos-sanos/assets/index-C7AoTPzR.js:82
[   69806ms] [LOG] [WS] 🗺️ Broadcast recibido. Avatares: 1 [Hijo Test(2)] @ https://jimsimrodev.github.io/pequenos-sanos/assets/index-C7AoTPzR.js:82
[   69830ms] [LOG] [WS] 🗺️ Broadcast recibido. Avatares: 1 [Hijo Test(2)] @ https://jimsimrodev.github.io/pequenos-sanos/assets/index-C7AoTPzR.js:82
[   69848ms] [LOG] [WS] 🗺️ Broadcast recibido. Avatares: 1 [Hijo Test(2)] @ https://jimsimrodev.github.io/pequenos-sanos/assets/index-C7AoTPzR.js:82
[   69866ms] [LOG] [WS] 🗺️ Broadcast recibido. Avatares: 1 [Hijo Test(2)] @ https://jimsimrodev.github.io/pequenos-sanos/assets/index-C7AoTPzR.js:82
[   69900ms] [LOG] [WS] 🗺️ Broadcast recibido. Avatares: 1 [Hijo Test(2)] @ https://jimsimrodev.github.io/pequenos-sanos/assets/index-C7AoTPzR.js:82
[   69921ms] [LOG] [WS] 🗺️ Broadcast recibido. Avatares: 1 [Hijo Test(2)] @ https://jimsimrodev.github.io/pequenos-sanos/assets/index-C7AoTPzR.js:82
[   69955ms] [LOG] [WS] 🗺️ Broadcast recibido. Avatares: 1 [Hijo Test(2)] @ https://jimsimrodev.github.io/pequenos-sanos/assets/index-C7AoTPzR.js:82
[   69988ms] [LOG] [WS] 🗺️ Broadcast recibido. Avatares: 1 [Hijo Test(2)] @ https://jimsimrodev.github.io/pequenos-sanos/assets/index-C7AoTPzR.js:82
[   70051ms] [LOG] [WS] 🗺️ Broadcast recibido. Avatares: 1 [Hijo Test(2)] @ https://jimsimrodev.github.io/pequenos-sanos/assets/index-C7AoTPzR.js:82
[   70070ms] [LOG] [WS] 🗺️ Broadcast recibido. Avatares: 1 [Hijo Test(2)] @ https://jimsimrodev.github.io/pequenos-sanos/assets/index-C7AoTPzR.js:82
[   70105ms] [LOG] [WS] 🗺️ Broadcast recibido. Avatares: 1 [Hijo Test(2)] @ https://jimsimrodev.github.io/pequenos-sanos/assets/index-C7AoTPzR.js:82
[   70128ms] [LOG] [WS] 🗺️ Broadcast recibido. Avatares: 1 [Hijo Test(2)] @ https://jimsimrodev.github.io/pequenos-sanos/assets/index-C7AoTPzR.js:82
[   70175ms] [LOG] [WS] 🗺️ Broadcast recibido. Avatares: 1 [Hijo Test(2)] @ https://jimsimrodev.github.io/pequenos-sanos/assets/index-C7AoTPzR.js:82
[   70211ms] [LOG] [WS] 🗺️ Broadcast recibido. Avatares: 1 [Hijo Test(2)] @ https://jimsimrodev.github.io/pequenos-sanos/assets/index-C7AoTPzR.js:82
[   70233ms] [LOG] [WS] 🗺️ Broadcast recibido. Avatares: 1 [Hijo Test(2)] @ https://jimsimrodev.github.io/pequenos-sanos/assets/index-C7AoTPzR.js:82
[   70255ms] [LOG] [WS] 🗺️ Broadcast recibido. Avatares: 1 [Hijo Test(2)] @ https://jimsimrodev.github.io/pequenos-sanos/assets/index-C7AoTPzR.js:82
[   70292ms] [LOG] [WS] 🗺️ Broadcast recibido. Avatares: 1 [Hijo Test(2)] @ https://jimsimrodev.github.io/pequenos-sanos/assets/index-C7AoTPzR.js:82
[   70330ms] [LOG] [WS] 🗺️ Broadcast recibido. Avatares: 1 [Hijo Test(2)] @ https://jimsimrodev.github.io/pequenos-sanos/assets/index-C7AoTPzR.js:82
[   70351ms] [LOG] [WS] 🗺️ Broadcast recibido. Avatares: 1 [Hijo Test(2)] @ https://jimsimrodev.github.io/pequenos-sanos/assets/index-C7AoTPzR.js:82
[   70392ms] [LOG] [WS] 🗺️ Broadcast recibido. Avatares: 1 [Hijo Test(2)] @ https://jimsimrodev.github.io/pequenos-sanos/assets/index-C7AoTPzR.js:82
[   70425ms] [LOG] [WS] 🗺️ Broadcast recibido. Avatares: 1 [Hijo Test(2)] @ https://jimsimrodev.github.io/pequenos-sanos/assets/index-C7AoTPzR.js:82
[   70476ms] [LOG] [WS] 🗺️ Broadcast recibido. Avatares: 1 [Hijo Test(2)] @ https://jimsimrodev.github.io/pequenos-sanos/assets/index-C7AoTPzR.js:82
[   70515ms] [LOG] [WS] 🗺️ Broadcast recibido. Avatares: 1 [Hijo Test(2)] @ https://jimsimrodev.github.io/pequenos-sanos/assets/index-C7AoTPzR.js:82
[   70535ms] [LOG] [WS] 🗺️ Broadcast recibido. Avatares: 1 [Hijo Test(2)] @ https://jimsimrodev.github.io/pequenos-sanos/assets/index-C7AoTPzR.js:82
[   70554ms] [LOG] [WS] 🗺️ Broadcast recibido. Avatares: 1 [Hijo Test(2)] @ https://jimsimrodev.github.io/pequenos-sanos/assets/index-C7AoTPzR.js:82
[   70604ms] [LOG] [WS] 🗺️ Broadcast recibido. Avatares: 1 [Hijo Test(2)] @ https://jimsimrodev.github.io/pequenos-sanos/assets/index-C7AoTPzR.js:82
[   70636ms] [LOG] [WS] 🗺️ Broadcast recibido. Avatares: 1 [Hijo Test(2)] @ https://jimsimrodev.github.io/pequenos-sanos/assets/index-C7AoTPzR.js:82
[   70684ms] [LOG] [WS] 🗺️ Broadcast recibido. Avatares: 1 [Hijo Test(2)] @ https://jimsimrodev.github.io/pequenos-sanos/assets/index-C7AoTPzR.js:82
[   70710ms] [LOG] [WS] 🗺️ Broadcast recibido. Avatares: 1 [Hijo Test(2)] @ https://jimsimrodev.github.io/pequenos-sanos/assets/index-C7AoTPzR.js:82
[   70739ms] [LOG] [WS] 🗺️ Broadcast recibido. Avatares: 1 [Hijo Test(2)] @ https://jimsimrodev.github.io/pequenos-sanos/assets/index-C7AoTPzR.js:82
[   70782ms] [LOG] [WS] 🗺️ Broadcast recibido. Avatares: 1 [Hijo Test(2)] @ https://jimsimrodev.github.io/pequenos-sanos/assets/index-C7AoTPzR.js:82
[   70802ms] [LOG] [WS] 🗺️ Broadcast recibido. Avatares: 1 [Hijo Test(2)] @ https://jimsimrodev.github.io/pequenos-sanos/assets/index-C7AoTPzR.js:82
[   70831ms] [LOG] [WS] 🗺️ Broadcast recibido. Avatares: 1 [Hijo Test(2)] @ https://jimsimrodev.github.io/pequenos-sanos/assets/index-C7AoTPzR.js:82
[   70854ms] [LOG] [WS] 🗺️ Broadcast recibido. Avatares: 1 [Hijo Test(2)] @ https://jimsimrodev.github.io/pequenos-sanos/assets/index-C7AoTPzR.js:82
[   70902ms] [LOG] [WS] 🗺️ Broadcast recibido. Avatares: 1 [Hijo Test(2)] @ https://jimsimrodev.github.io/pequenos-sanos/assets/index-C7AoTPzR.js:82
[   71018ms] [LOG] [WS] 🗺️ Broadcast recibido. Avatares: 1 [Hijo Test(2)] @ https://jimsimrodev.github.io/pequenos-sanos/assets/index-C7AoTPzR.js:82
[   71046ms] [LOG] [WS] 🗺️ Broadcast recibido. Avatares: 1 [Hijo Test(2)] @ https://jimsimrodev.github.io/pequenos-sanos/assets/index-C7AoTPzR.js:82
[   71047ms] [LOG] [WS] 🗺️ Broadcast recibido. Avatares: 1 [Hijo Test(2)] @ https://jimsimrodev.github.io/pequenos-sanos/assets/index-C7AoTPzR.js:82
[   71080ms] [LOG] [WS] 🗺️ Broadcast recibido. Avatares: 1 [Hijo Test(2)] @ https://jimsimrodev.github.io/pequenos-sanos/assets/index-C7AoTPzR.js:82
[   71105ms] [LOG] [WS] 🗺️ Broadcast recibido. Avatares: 1 [Hijo Test(2)] @ https://jimsimrodev.github.io/pequenos-sanos/assets/index-C7AoTPzR.js:82
[   71124ms] [LOG] [WS] 🗺️ Broadcast recibido. Avatares: 1 [Hijo Test(2)] @ https://jimsimrodev.github.io/pequenos-sanos/assets/index-C7AoTPzR.js:82
[   71125ms] [LOG] [WS] 🗺️ Broadcast recibido. Avatares: 1 [Hijo Test(2)] @ https://jimsimrodev.github.io/pequenos-sanos/assets/index-C7AoTPzR.js:82
[   71179ms] [LOG] [WS] 🗺️ Broadcast recibido. Avatares: 1 [Hijo Test(2)] @ https://jimsimrodev.github.io/pequenos-sanos/assets/index-C7AoTPzR.js:82
[   71222ms] [LOG] [WS] 🗺️ Broadcast recibido. Avatares: 1 [Hijo Test(2)] @ https://jimsimrodev.github.io/pequenos-sanos/assets/index-C7AoTPzR.js:82
[   71242ms] [LOG] [WS] 🗺️ Broadcast recibido. Avatares: 1 [Hijo Test(2)] @ https://jimsimrodev.github.io/pequenos-sanos/assets/index-C7AoTPzR.js:82
[   71281ms] [LOG] [WS] 🗺️ Broadcast recibido. Avatares: 1 [Hijo Test(2)] @ https://jimsimrodev.github.io/pequenos-sanos/assets/index-C7AoTPzR.js:82
[   71319ms] [LOG] [WS] 🗺️ Broadcast recibido. Avatares: 1 [Hijo Test(2)] @ https://jimsimrodev.github.io/pequenos-sanos/assets/index-C7AoTPzR.js:82
[   71338ms] [LOG] [WS] 🗺️ Broadcast recibido. Avatares: 1 [Hijo Test(2)] @ https://jimsimrodev.github.io/pequenos-sanos/assets/index-C7AoTPzR.js:82
[   71393ms] [LOG] [WS] 🗺️ Broadcast recibido. Avatares: 1 [Hijo Test(2)] @ https://jimsimrodev.github.io/pequenos-sanos/assets/index-C7AoTPzR.js:82
[   71450ms] [LOG] [WS] 🗺️ Broadcast recibido. Avatares: 1 [Hijo Test(2)] @ https://jimsimrodev.github.io/pequenos-sanos/assets/index-C7AoTPzR.js:82
[   71469ms] [LOG] [WS] 🗺️ Broadcast recibido. Avatares: 1 [Hijo Test(2)] @ https://jimsimrodev.github.io/pequenos-sanos/assets/index-C7AoTPzR.js:82
[   71488ms] [LOG] [WS] 🗺️ Broadcast recibido. Avatares: 1 [Hijo Test(2)] @ https://jimsimrodev.github.io/pequenos-sanos/assets/index-C7AoTPzR.js:82
[   71506ms] [LOG] [WS] 🗺️ Broadcast recibido. Avatares: 1 [Hijo Test(2)] @ https://jimsimrodev.github.io/pequenos-sanos/assets/index-C7AoTPzR.js:82
[   71528ms] [LOG] [WS] 🗺️ Broadcast recibido. Avatares: 1 [Hijo Test(2)] @ https://jimsimrodev.github.io/pequenos-sanos/assets/index-C7AoTPzR.js:82
[   71551ms] [LOG] [WS] 🗺️ Broadcast recibido. Avatares: 1 [Hijo Test(2)] @ https://jimsimrodev.github.io/pequenos-sanos/assets/index-C7AoTPzR.js:82
[   71592ms] [LOG] [WS] 🗺️ Broadcast recibido. Avatares: 1 [Hijo Test(2)] @ https://jimsimrodev.github.io/pequenos-sanos/assets/index-C7AoTPzR.js:82
[   71626ms] [LOG] [WS] 🗺️ Broadcast recibido. Avatares: 1 [Hijo Test(2)] @ https://jimsimrodev.github.io/pequenos-sanos/assets/index-C7AoTPzR.js:82
[   71646ms] [LOG] [WS] 🗺️ Broadcast recibido. Avatares: 1 [Hijo Test(2)] @ https://jimsimrodev.github.io/pequenos-sanos/assets/index-C7AoTPzR.js:82
[   71693ms] [LOG] [WS] 🗺️ Broadcast recibido. Avatares: 1 [Hijo Test(2)] @ https://jimsimrodev.github.io/pequenos-sanos/assets/index-C7AoTPzR.js:82
[   71714ms] [LOG] [WS] 🗺️ Broadcast recibido. Avatares: 1 [Hijo Test(2)] @ https://jimsimrodev.github.io/pequenos-sanos/assets/index-C7AoTPzR.js:82
[   71770ms] [LOG] [WS] 🗺️ Broadcast recibido. Avatares: 1 [Hijo Test(2)] @ https://jimsimrodev.github.io/pequenos-sanos/assets/index-C7AoTPzR.js:82
[   71790ms] [LOG] [WS] 🗺️ Broadcast recibido. Avatares: 1 [Hijo Test(2)] @ https://jimsimrodev.github.io/pequenos-sanos/assets/index-C7AoTPzR.js:82
[   71812ms] [LOG] [WS] 🗺️ Broadcast recibido. Avatares: 1 [Hijo Test(2)] @ https://jimsimrodev.github.io/pequenos-sanos/assets/index-C7AoTPzR.js:82
[   71847ms] [LOG] [WS] 🗺️ Broadcast recibido. Avatares: 1 [Hijo Test(2)] @ https://jimsimrodev.github.io/pequenos-sanos/assets/index-C7AoTPzR.js:82
[   71875ms] [LOG] [WS] 🗺️ Broadcast recibido. Avatares: 1 [Hijo Test(2)] @ https://jimsimrodev.github.io/pequenos-sanos/assets/index-C7AoTPzR.js:82
[   71902ms] [LOG] [WS] 🗺️ Broadcast recibido. Avatares: 1 [Hijo Test(2)] @ https://jimsimrodev.github.io/pequenos-sanos/assets/index-C7AoTPzR.js:82
[   71939ms] [LOG] [WS] 🗺️ Broadcast recibido. Avatares: 1 [Hijo Test(2)] @ https://jimsimrodev.github.io/pequenos-sanos/assets/index-C7AoTPzR.js:82
[   71990ms] [LOG] [WS] 🗺️ Broadcast recibido. Avatares: 1 [Hijo Test(2)] @ https://jimsimrodev.github.io/pequenos-sanos/assets/index-C7AoTPzR.js:82
[   72053ms] [LOG] [WS] 🗺️ Broadcast recibido. Avatares: 1 [Hijo Test(2)] @ https://jimsimrodev.github.io/pequenos-sanos/assets/index-C7AoTPzR.js:82
[   72074ms] [LOG] [WS] 🗺️ Broadcast recibido. Avatares: 1 [Hijo Test(2)] @ https://jimsimrodev.github.io/pequenos-sanos/assets/index-C7AoTPzR.js:82
[   72102ms] [LOG] [WS] 🗺️ Broadcast recibido. Avatares: 1 [Hijo Test(2)] @ https://jimsimrodev.github.io/pequenos-sanos/assets/index-C7AoTPzR.js:82
[   72124ms] [LOG] [WS] 🗺️ Broadcast recibido. Avatares: 1 [Hijo Test(2)] @ https://jimsimrodev.github.io/pequenos-sanos/assets/index-C7AoTPzR.js:82
[   72155ms] [LOG] [WS] 🗺️ Broadcast recibido. Avatares: 1 [Hijo Test(2)] @ https://jimsimrodev.github.io/pequenos-sanos/assets/index-C7AoTPzR.js:82
[   72201ms] [LOG] [WS] 🗺️ Broadcast recibido. Avatares: 1 [Hijo Test(2)] @ https://jimsimrodev.github.io/pequenos-sanos/assets/index-C7AoTPzR.js:82
[   72230ms] [LOG] [WS] 🗺️ Broadcast recibido. Avatares: 1 [Hijo Test(2)] @ https://jimsimrodev.github.io/pequenos-sanos/assets/index-C7AoTPzR.js:82
[   72270ms] [LOG] [WS] 🗺️ Broadcast recibido. Avatares: 1 [Hijo Test(2)] @ https://jimsimrodev.github.io/pequenos-sanos/assets/index-C7AoTPzR.js:82
[   72294ms] [LOG] [WS] 🗺️ Broadcast recibido. Avatares: 1 [Hijo Test(2)] @ https://jimsimrodev.github.io/pequenos-sanos/assets/index-C7AoTPzR.js:82
[   72311ms] [LOG] [WS] 🗺️ Broadcast recibido. Avatares: 1 [Hijo Test(2)] @ https://jimsimrodev.github.io/pequenos-sanos/assets/index-C7AoTPzR.js:82
[   72337ms] [LOG] [WS] 🗺️ Broadcast recibido. Avatares: 1 [Hijo Test(2)] @ https://jimsimrodev.github.io/pequenos-sanos/assets/index-C7AoTPzR.js:82
[   72363ms] [LOG] [WS] 🗺️ Broadcast recibido. Avatares: 1 [Hijo Test(2)] @ https://jimsimrodev.github.io/pequenos-sanos/assets/index-C7AoTPzR.js:82
[   72411ms] [LOG] [WS] 🗺️ Broadcast recibido. Avatares: 1 [Hijo Test(2)] @ https://jimsimrodev.github.io/pequenos-sanos/assets/index-C7AoTPzR.js:82
[   72435ms] [LOG] [WS] 🗺️ Broadcast recibido. Avatares: 1 [Hijo Test(2)] @ https://jimsimrodev.github.io/pequenos-sanos/assets/index-C7AoTPzR.js:82
[   72471ms] [LOG] [WS] 🗺️ Broadcast recibido. Avatares: 1 [Hijo Test(2)] @ https://jimsimrodev.github.io/pequenos-sanos/assets/index-C7AoTPzR.js:82
[   72512ms] [LOG] [WS] 🗺️ Broadcast recibido. Avatares: 1 [Hijo Test(2)] @ https://jimsimrodev.github.io/pequenos-sanos/assets/index-C7AoTPzR.js:82
[   72532ms] [LOG] [WS] 🗺️ Broadcast recibido. Avatares: 1 [Hijo Test(2)] @ https://jimsimrodev.github.io/pequenos-sanos/assets/index-C7AoTPzR.js:82
[   72573ms] [LOG] [WS] 🗺️ Broadcast recibido. Avatares: 1 [Hijo Test(2)] @ https://jimsimrodev.github.io/pequenos-sanos/assets/index-C7AoTPzR.js:82
[   72638ms] [LOG] [WS] 🗺️ Broadcast recibido. Avatares: 1 [Hijo Test(2)] @ https://jimsimrodev.github.io/pequenos-sanos/assets/index-C7AoTPzR.js:82
[   72674ms] [LOG] [WS] 🗺️ Broadcast recibido. Avatares: 1 [Hijo Test(2)] @ https://jimsimrodev.github.io/pequenos-sanos/assets/index-C7AoTPzR.js:82
[   72700ms] [LOG] [WS] 🗺️ Broadcast recibido. Avatares: 1 [Hijo Test(2)] @ https://jimsimrodev.github.io/pequenos-sanos/assets/index-C7AoTPzR.js:82
[   72725ms] [LOG] [WS] 🗺️ Broadcast recibido. Avatares: 1 [Hijo Test(2)] @ https://jimsimrodev.github.io/pequenos-sanos/assets/index-C7AoTPzR.js:82
[   72747ms] [LOG] [WS] 🗺️ Broadcast recibido. Avatares: 1 [Hijo Test(2)] @ https://jimsimrodev.github.io/pequenos-sanos/assets/index-C7AoTPzR.js:82
[   72774ms] [LOG] [WS] 🗺️ Broadcast recibido. Avatares: 1 [Hijo Test(2)] @ https://jimsimrodev.github.io/pequenos-sanos/assets/index-C7AoTPzR.js:82
[   72801ms] [LOG] [WS] 🗺️ Broadcast recibido. Avatares: 1 [Hijo Test(2)] @ https://jimsimrodev.github.io/pequenos-sanos/assets/index-C7AoTPzR.js:82
[   72850ms] [LOG] [WS] 🗺️ Broadcast recibido. Avatares: 1 [Hijo Test(2)] @ https://jimsimrodev.github.io/pequenos-sanos/assets/index-C7AoTPzR.js:82
[   72881ms] [LOG] [WS] 🗺️ Broadcast recibido. Avatares: 1 [Hijo Test(2)] @ https://jimsimrodev.github.io/pequenos-sanos/assets/index-C7AoTPzR.js:82
[   72930ms] [LOG] [WS] 🗺️ Broadcast recibido. Avatares: 1 [Hijo Test(2)] @ https://jimsimrodev.github.io/pequenos-sanos/assets/index-C7AoTPzR.js:82
[   72957ms] [LOG] [WS] 🗺️ Broadcast recibido. Avatares: 1 [Hijo Test(2)] @ https://jimsimrodev.github.io/pequenos-sanos/assets/index-C7AoTPzR.js:82
[   72983ms] [LOG] [WS] 🗺️ Broadcast recibido. Avatares: 1 [Hijo Test(2)] @ https://jimsimrodev.github.io/pequenos-sanos/assets/index-C7AoTPzR.js:82
[   73005ms] [LOG] [WS] 🗺️ Broadcast recibido. Avatares: 1 [Hijo Test(2)] @ https://jimsimrodev.github.io/pequenos-sanos/assets/index-C7AoTPzR.js:82
[   73033ms] [LOG] [WS] 🗺️ Broadcast recibido. Avatares: 1 [Hijo Test(2)] @ https://jimsimrodev.github.io/pequenos-sanos/assets/index-C7AoTPzR.js:82
[   73063ms] [LOG] [WS] 🗺️ Broadcast recibido. Avatares: 1 [Hijo Test(2)] @ https://jimsimrodev.github.io/pequenos-sanos/assets/index-C7AoTPzR.js:82
[   73087ms] [LOG] [WS] 🗺️ Broadcast recibido. Avatares: 1 [Hijo Test(2)] @ https://jimsimrodev.github.io/pequenos-sanos/assets/index-C7AoTPzR.js:82
[   73132ms] [LOG] [WS] 🗺️ Broadcast recibido. Avatares: 1 [Hijo Test(2)] @ https://jimsimrodev.github.io/pequenos-sanos/assets/index-C7AoTPzR.js:82
[   73251ms] [LOG] [WS] 🗺️ Broadcast recibido. Avatares: 1 [Hijo Test(2)] @ https://jimsimrodev.github.io/pequenos-sanos/assets/index-C7AoTPzR.js:82
[   73646ms] [LOG] [WS] 🗺️ Broadcast recibido. Avatares: 1 [Hijo Test(2)] @ https://jimsimrodev.github.io/pequenos-sanos/assets/index-C7AoTPzR.js:82
[   73676ms] [LOG] [WS] 🗺️ Broadcast recibido. Avatares: 1 [Hijo Test(2)] @ https://jimsimrodev.github.io/pequenos-sanos/assets/index-C7AoTPzR.js:82
[   73677ms] [LOG] [WS] 🗺️ Broadcast recibido. Avatares: 1 [Hijo Test(2)] @ https://jimsimrodev.github.io/pequenos-sanos/assets/index-C7AoTPzR.js:82
[   73678ms] [LOG] [WS] 🗺️ Broadcast recibido. Avatares: 1 [Hijo Test(2)] @ https://jimsimrodev.github.io/pequenos-sanos/assets/index-C7AoTPzR.js:82
[   73679ms] [LOG] [WS] 🗺️ Broadcast recibido. Avatares: 1 [Hijo Test(2)] @ https://jimsimrodev.github.io/pequenos-sanos/assets/index-C7AoTPzR.js:82
[   73680ms] [LOG] [WS] 🗺️ Broadcast recibido. Avatares: 1 [Hijo Test(2)] @ https://jimsimrodev.github.io/pequenos-sanos/assets/index-C7AoTPzR.js:82
[   73681ms] [LOG] [WS] 🗺️ Broadcast recibido. Avatares: 1 [Hijo Test(2)] @ https://jimsimrodev.github.io/pequenos-sanos/assets/index-C7AoTPzR.js:82
[   73683ms] [LOG] [WS] 🗺️ Broadcast recibido. Avatares: 1 [Hijo Test(2)] @ https://jimsimrodev.github.io/pequenos-sanos/assets/index-C7AoTPzR.js:82
[   73685ms] [LOG] [WS] 🗺️ Broadcast recibido. Avatares: 1 [Hijo Test(2)] @ https://jimsimrodev.github.io/pequenos-sanos/assets/index-C7AoTPzR.js:82
[   73687ms] [LOG] [WS] 🗺️ Broadcast recibido. Avatares: 1 [Hijo Test(2)] @ https://jimsimrodev.github.io/pequenos-sanos/assets/index-C7AoTPzR.js:82
[   73689ms] [LOG] [WS] 🗺️ Broadcast recibido. Avatares: 1 [Hijo Test(2)] @ https://jimsimrodev.github.io/pequenos-sanos/assets/index-C7AoTPzR.js:82
[   73690ms] [LOG] [WS] 🗺️ Broadcast recibido. Avatares: 1 [Hijo Test(2)] @ https://jimsimrodev.github.io/pequenos-sanos/assets/index-C7AoTPzR.js:82
[   73691ms] [LOG] [WS] 🗺️ Broadcast recibido. Avatares: 1 [Hijo Test(2)] @ https://jimsimrodev.github.io/pequenos-sanos/assets/index-C7AoTPzR.js:82
[   73692ms] [LOG] [WS] 🗺️ Broadcast recibido. Avatares: 1 [Hijo Test(2)] @ https://jimsimrodev.github.io/pequenos-sanos/assets/index-C7AoTPzR.js:82
[   73723ms] [LOG] [WS] 🗺️ Broadcast recibido. Avatares: 1 [Hijo Test(2)] @ https://jimsimrodev.github.io/pequenos-sanos/assets/index-C7AoTPzR.js:82
[   73724ms] [LOG] [WS] 🗺️ Broadcast recibido. Avatares: 1 [Hijo Test(2)] @ https://jimsimrodev.github.io/pequenos-sanos/assets/index-C7AoTPzR.js:82
[   73752ms] [LOG] [WS] 🗺️ Broadcast recibido. Avatares: 1 [Hijo Test(2)] @ https://jimsimrodev.github.io/pequenos-sanos/assets/index-C7AoTPzR.js:82
[   73779ms] [LOG] [WS] 🗺️ Broadcast recibido. Avatares: 1 [Hijo Test(2)] @ https://jimsimrodev.github.io/pequenos-sanos/assets/index-C7AoTPzR.js:82
[   73808ms] [LOG] [WS] 🗺️ Broadcast recibido. Avatares: 1 [Hijo Test(2)] @ https://jimsimrodev.github.io/pequenos-sanos/assets/index-C7AoTPzR.js:82
[   73832ms] [LOG] [WS] 🗺️ Broadcast recibido. Avatares: 1 [Hijo Test(2)] @ https://jimsimrodev.github.io/pequenos-sanos/assets/index-C7AoTPzR.js:82
[   73885ms] [LOG] [WS] 🗺️ Broadcast recibido. Avatares: 1 [Hijo Test(2)] @ https://jimsimrodev.github.io/pequenos-sanos/assets/index-C7AoTPzR.js:82
[   73947ms] [LOG] [WS] 🗺️ Broadcast recibido. Avatares: 1 [Hijo Test(2)] @ https://jimsimrodev.github.io/pequenos-sanos/assets/index-C7AoTPzR.js:82
[   73999ms] [LOG] [WS] 🗺️ Broadcast recibido. Avatares: 1 [Hijo Test(2)] @ https://jimsimrodev.github.io/pequenos-sanos/assets/index-C7AoTPzR.js:82
[   74023ms] [LOG] [WS] 🗺️ Broadcast recibido. Avatares: 1 [Hijo Test(2)] @ https://jimsimrodev.github.io/pequenos-sanos/assets/index-C7AoTPzR.js:82
[   74023ms] [LOG] [WS] 🗺️ Broadcast recibido. Avatares: 1 [Hijo Test(2)] @ https://jimsimrodev.github.io/pequenos-sanos/assets/index-C7AoTPzR.js:82
[   74050ms] [LOG] [WS] 🗺️ Broadcast recibido. Avatares: 1 [Hijo Test(2)] @ https://jimsimrodev.github.io/pequenos-sanos/assets/index-C7AoTPzR.js:82
[   74072ms] [LOG] [WS] 🗺️ Broadcast recibido. Avatares: 1 [Hijo Test(2)] @ https://jimsimrodev.github.io/pequenos-sanos/assets/index-C7AoTPzR.js:82
[   74094ms] [LOG] [WS] 🗺️ Broadcast recibido. Avatares: 1 [Hijo Test(2)] @ https://jimsimrodev.github.io/pequenos-sanos/assets/index-C7AoTPzR.js:82
[   74114ms] [LOG] [WS] 🗺️ Broadcast recibido. Avatares: 1 [Hijo Test(2)] @ https://jimsimrodev.github.io/pequenos-sanos/assets/index-C7AoTPzR.js:82
[   74156ms] [LOG] [WS] 🗺️ Broadcast recibido. Avatares: 1 [Hijo Test(2)] @ https://jimsimrodev.github.io/pequenos-sanos/assets/index-C7AoTPzR.js:82
[   74196ms] [LOG] [WS] 🗺️ Broadcast recibido. Avatares: 1 [Hijo Test(2)] @ https://jimsimrodev.github.io/pequenos-sanos/assets/index-C7AoTPzR.js:82
[   74218ms] [LOG] [WS] 🗺️ Broadcast recibido. Avatares: 1 [Hijo Test(2)] @ https://jimsimrodev.github.io/pequenos-sanos/assets/index-C7AoTPzR.js:82
[   74259ms] [LOG] [WS] 🗺️ Broadcast recibido. Avatares: 1 [Hijo Test(2)] @ https://jimsimrodev.github.io/pequenos-sanos/assets/index-C7AoTPzR.js:82
[   74303ms] [LOG] [WS] 🗺️ Broadcast recibido. Avatares: 1 [Hijo Test(2)] @ https://jimsimrodev.github.io/pequenos-sanos/assets/index-C7AoTPzR.js:82
[   74324ms] [LOG] [WS] 🗺️ Broadcast recibido. Avatares: 1 [Hijo Test(2)] @ https://jimsimrodev.github.io/pequenos-sanos/assets/index-C7AoTPzR.js:82
[   74345ms] [LOG] [WS] 🗺️ Broadcast recibido. Avatares: 1 [Hijo Test(2)] @ https://jimsimrodev.github.io/pequenos-sanos/assets/index-C7AoTPzR.js:82
[   74402ms] [LOG] [WS] 🗺️ Broadcast recibido. Avatares: 1 [Hijo Test(2)] @ https://jimsimrodev.github.io/pequenos-sanos/assets/index-C7AoTPzR.js:82
[   74426ms] [LOG] [WS] 🗺️ Broadcast recibido. Avatares: 1 [Hijo Test(2)] @ https://jimsimrodev.github.io/pequenos-sanos/assets/index-C7AoTPzR.js:82
[   74449ms] [LOG] [WS] 🗺️ Broadcast recibido. Avatares: 1 [Hijo Test(2)] @ https://jimsimrodev.github.io/pequenos-sanos/assets/index-C7AoTPzR.js:82
[   74502ms] [LOG] [WS] 🗺️ Broadcast recibido. Avatares: 1 [Hijo Test(2)] @ https://jimsimrodev.github.io/pequenos-sanos/assets/index-C7AoTPzR.js:82
[   74555ms] [LOG] [WS] 🗺️ Broadcast recibido. Avatares: 1 [Hijo Test(2)] @ https://jimsimrodev.github.io/pequenos-sanos/assets/index-C7AoTPzR.js:82
[   74578ms] [LOG] [WS] 🗺️ Broadcast recibido. Avatares: 1 [Hijo Test(2)] @ https://jimsimrodev.github.io/pequenos-sanos/assets/index-C7AoTPzR.js:82
[   74613ms] [LOG] [WS] 🗺️ Broadcast recibido. Avatares: 1 [Hijo Test(2)] @ https://jimsimrodev.github.io/pequenos-sanos/assets/index-C7AoTPzR.js:82
[   74641ms] [LOG] [WS] 🗺️ Broadcast recibido. Avatares: 1 [Hijo Test(2)] @ https://jimsimrodev.github.io/pequenos-sanos/assets/index-C7AoTPzR.js:82
[   74666ms] [LOG] [WS] 🗺️ Broadcast recibido. Avatares: 1 [Hijo Test(2)] @ https://jimsimrodev.github.io/pequenos-sanos/assets/index-C7AoTPzR.js:82
[   74698ms] [LOG] [WS] 🗺️ Broadcast recibido. Avatares: 1 [Hijo Test(2)] @ https://jimsimrodev.github.io/pequenos-sanos/assets/index-C7AoTPzR.js:82
[   74733ms] [LOG] [WS] 🗺️ Broadcast recibido. Avatares: 1 [Hijo Test(2)] @ https://jimsimrodev.github.io/pequenos-sanos/assets/index-C7AoTPzR.js:82
[   74765ms] [LOG] [WS] 🗺️ Broadcast recibido. Avatares: 1 [Hijo Test(2)] @ https://jimsimrodev.github.io/pequenos-sanos/assets/index-C7AoTPzR.js:82
[   74829ms] [LOG] [WS] 🗺️ Broadcast recibido. Avatares: 1 [Hijo Test(2)] @ https://jimsimrodev.github.io/pequenos-sanos/assets/index-C7AoTPzR.js:82
[   74859ms] [LOG] [WS] 🗺️ Broadcast recibido. Avatares: 1 [Hijo Test(2)] @ https://jimsimrodev.github.io/pequenos-sanos/assets/index-C7AoTPzR.js:82
[   74898ms] [LOG] [WS] 🗺️ Broadcast recibido. Avatares: 1 [Hijo Test(2)] @ https://jimsimrodev.github.io/pequenos-sanos/assets/index-C7AoTPzR.js:82
[   74924ms] [LOG] [WS] 🗺️ Broadcast recibido. Avatares: 1 [Hijo Test(2)] @ https://jimsimrodev.github.io/pequenos-sanos/assets/index-C7AoTPzR.js:82
[   74948ms] [LOG] [WS] 🗺️ Broadcast recibido. Avatares: 1 [Hijo Test(2)] @ https://jimsimrodev.github.io/pequenos-sanos/assets/index-C7AoTPzR.js:82
[   74976ms] [LOG] [WS] 🗺️ Broadcast recibido. Avatares: 1 [Hijo Test(2)] @ https://jimsimrodev.github.io/pequenos-sanos/assets/index-C7AoTPzR.js:82
[   75001ms] [LOG] [WS] 🗺️ Broadcast recibido. Avatares: 1 [Hijo Test(2)] @ https://jimsimrodev.github.io/pequenos-sanos/assets/index-C7AoTPzR.js:82
[   75025ms] [LOG] [WS] 🗺️ Broadcast recibido. Avatares: 1 [Hijo Test(2)] @ https://jimsimrodev.github.io/pequenos-sanos/assets/index-C7AoTPzR.js:82
[   75068ms] [LOG] [WS] 🗺️ Broadcast recibido. Avatares: 1 [Hijo Test(2)] @ https://jimsimrodev.github.io/pequenos-sanos/assets/index-C7AoTPzR.js:82
[   75090ms] [LOG] [WS] 🗺️ Broadcast recibido. Avatares: 1 [Hijo Test(2)] @ https://jimsimrodev.github.io/pequenos-sanos/assets/index-C7AoTPzR.js:82
[   75116ms] [LOG] [WS] 🗺️ Broadcast recibido. Avatares: 1 [Hijo Test(2)] @ https://jimsimrodev.github.io/pequenos-sanos/assets/index-C7AoTPzR.js:82
[   75142ms] [LOG] [WS] 🗺️ Broadcast recibido. Avatares: 1 [Hijo Test(2)] @ https://jimsimrodev.github.io/pequenos-sanos/assets/index-C7AoTPzR.js:82
[   75171ms] [LOG] [WS] 🗺️ Broadcast recibido. Avatares: 1 [Hijo Test(2)] @ https://jimsimrodev.github.io/pequenos-sanos/assets/index-C7AoTPzR.js:82
[   75226ms] [LOG] [WS] 🗺️ Broadcast recibido. Avatares: 1 [Hijo Test(2)] @ https://jimsimrodev.github.io/pequenos-sanos/assets/index-C7AoTPzR.js:82
[   75246ms] [LOG] [WS] 🗺️ Broadcast recibido. Avatares: 1 [Hijo Test(2)] @ https://jimsimrodev.github.io/pequenos-sanos/assets/index-C7AoTPzR.js:82
[   75271ms] [LOG] [WS] 🗺️ Broadcast recibido. Avatares: 1 [Hijo Test(2)] @ https://jimsimrodev.github.io/pequenos-sanos/assets/index-C7AoTPzR.js:82
[   75295ms] [LOG] [WS] 🗺️ Broadcast recibido. Avatares: 1 [Hijo Test(2)] @ https://jimsimrodev.github.io/pequenos-sanos/assets/index-C7AoTPzR.js:82
[   75344ms] [LOG] [WS] 🗺️ Broadcast recibido. Avatares: 1 [Hijo Test(2)] @ https://jimsimrodev.github.io/pequenos-sanos/assets/index-C7AoTPzR.js:82
[   75388ms] [LOG] [WS] 🗺️ Broadcast recibido. Avatares: 1 [Hijo Test(2)] @ https://jimsimrodev.github.io/pequenos-sanos/assets/index-C7AoTPzR.js:82
[   75414ms] [LOG] [WS] 🗺️ Broadcast recibido. Avatares: 1 [Hijo Test(2)] @ https://jimsimrodev.github.io/pequenos-sanos/assets/index-C7AoTPzR.js:82
[   75441ms] [LOG] [WS] 🗺️ Broadcast recibido. Avatares: 1 [Hijo Test(2)] @ https://jimsimrodev.github.io/pequenos-sanos/assets/index-C7AoTPzR.js:82
[   75469ms] [LOG] [WS] 🗺️ Broadcast recibido. Avatares: 1 [Hijo Test(2)] @ https://jimsimrodev.github.io/pequenos-sanos/assets/index-C7AoTPzR.js:82
[   75520ms] [LOG] [WS] 🗺️ Broadcast recibido. Avatares: 1 [Hijo Test(2)] @ https://jimsimrodev.github.io/pequenos-sanos/assets/index-C7AoTPzR.js:82
[   75544ms] [LOG] [WS] 🗺️ Broadcast recibido. Avatares: 1 [Hijo Test(2)] @ https://jimsimrodev.github.io/pequenos-sanos/assets/index-C7AoTPzR.js:82
[   75567ms] [LOG] [WS] 🗺️ Broadcast recibido. Avatares: 1 [Hijo Test(2)] @ https://jimsimrodev.github.io/pequenos-sanos/assets/index-C7AoTPzR.js:82
[   75599ms] [LOG] [WS] 🗺️ Broadcast recibido. Avatares: 1 [Hijo Test(2)] @ https://jimsimrodev.github.io/pequenos-sanos/assets/index-C7AoTPzR.js:82
[   75644ms] [LOG] [WS] 🗺️ Broadcast recibido. Avatares: 1 [Hijo Test(2)] @ https://jimsimrodev.github.io/pequenos-sanos/assets/index-C7AoTPzR.js:82
[   75674ms] [LOG] [WS] 🗺️ Broadcast recibido. Avatares: 1 [Hijo Test(2)] @ https://jimsimrodev.github.io/pequenos-sanos/assets/index-C7AoTPzR.js:82
[   75701ms] [LOG] [WS] 🗺️ Broadcast recibido. Avatares: 1 [Hijo Test(2)] @ https://jimsimrodev.github.io/pequenos-sanos/assets/index-C7AoTPzR.js:82
[   75754ms] [LOG] [WS] 🗺️ Broadcast recibido. Avatares: 1 [Hijo Test(2)] @ https://jimsimrodev.github.io/pequenos-sanos/assets/index-C7AoTPzR.js:82
[   75773ms] [LOG] [WS] 🗺️ Broadcast recibido. Avatares: 1 [Hijo Test(2)] @ https://jimsimrodev.github.io/pequenos-sanos/assets/index-C7AoTPzR.js:82
[   75820ms] [LOG] [WS] 🗺️ Broadcast recibido. Avatares: 1 [Hijo Test(2)] @ https://jimsimrodev.github.io/pequenos-sanos/assets/index-C7AoTPzR.js:82
[   75848ms] [LOG] [WS] 🗺️ Broadcast recibido. Avatares: 1 [Hijo Test(2)] @ https://jimsimrodev.github.io/pequenos-sanos/assets/index-C7AoTPzR.js:82
[   75871ms] [LOG] [WS] 🗺️ Broadcast recibido. Avatares: 1 [Hijo Test(2)] @ https://jimsimrodev.github.io/pequenos-sanos/assets/index-C7AoTPzR.js:82
[   75891ms] [LOG] [WS] 🗺️ Broadcast recibido. Avatares: 1 [Hijo Test(2)] @ https://jimsimrodev.github.io/pequenos-sanos/assets/index-C7AoTPzR.js:82
[   75942ms] [LOG] [WS] 🗺️ Broadcast recibido. Avatares: 1 [Hijo Test(2)] @ https://jimsimrodev.github.io/pequenos-sanos/assets/index-C7AoTPzR.js:82
[   75960ms] [LOG] [WS] 🗺️ Broadcast recibido. Avatares: 1 [Hijo Test(2)] @ https://jimsimrodev.github.io/pequenos-sanos/assets/index-C7AoTPzR.js:82
[   76012ms] [LOG] [WS] 🗺️ Broadcast recibido. Avatares: 1 [Hijo Test(2)] @ https://jimsimrodev.github.io/pequenos-sanos/assets/index-C7AoTPzR.js:82
[   76036ms] [LOG] [WS] 🗺️ Broadcast recibido. Avatares: 1 [Hijo Test(2)] @ https://jimsimrodev.github.io/pequenos-sanos/assets/index-C7AoTPzR.js:82
[   76058ms] [LOG] [WS] 🗺️ Broadcast recibido. Avatares: 1 [Hijo Test(2)] @ https://jimsimrodev.github.io/pequenos-sanos/assets/index-C7AoTPzR.js:82
[   76107ms] [LOG] [WS] 🗺️ Broadcast recibido. Avatares: 1 [Hijo Test(2)] @ https://jimsimrodev.github.io/pequenos-sanos/assets/index-C7AoTPzR.js:82
[   76128ms] [LOG] [WS] 🗺️ Broadcast recibido. Avatares: 1 [Hijo Test(2)] @ https://jimsimrodev.github.io/pequenos-sanos/assets/index-C7AoTPzR.js:82
[   76172ms] [LOG] [WS] 🗺️ Broadcast recibido. Avatares: 1 [Hijo Test(2)] @ https://jimsimrodev.github.io/pequenos-sanos/assets/index-C7AoTPzR.js:82
[   76194ms] [LOG] [WS] 🗺️ Broadcast recibido. Avatares: 1 [Hijo Test(2)] @ https://jimsimrodev.github.io/pequenos-sanos/assets/index-C7AoTPzR.js:82
[   76232ms] [LOG] [WS] 🗺️ Broadcast recibido. Avatares: 1 [Hijo Test(2)] @ https://jimsimrodev.github.io/pequenos-sanos/assets/index-C7AoTPzR.js:82
[   76259ms] [LOG] [WS] 🗺️ Broadcast recibido. Avatares: 1 [Hijo Test(2)] @ https://jimsimrodev.github.io/pequenos-sanos/assets/index-C7AoTPzR.js:82
[   76307ms] [LOG] [WS] 🗺️ Broadcast recibido. Avatares: 1 [Hijo Test(2)] @ https://jimsimrodev.github.io/pequenos-sanos/assets/index-C7AoTPzR.js:82
[   76336ms] [LOG] [WS] 🗺️ Broadcast recibido. Avatares: 1 [Hijo Test(2)] @ https://jimsimrodev.github.io/pequenos-sanos/assets/index-C7AoTPzR.js:82
[   76361ms] [LOG] [WS] 🗺️ Broadcast recibido. Avatares: 1 [Hijo Test(2)] @ https://jimsimrodev.github.io/pequenos-sanos/assets/index-C7AoTPzR.js:82
[   76389ms] [LOG] [WS] 🗺️ Broadcast recibido. Avatares: 1 [Hijo Test(2)] @ https://jimsimrodev.github.io/pequenos-sanos/assets/index-C7AoTPzR.js:82
[   76431ms] [LOG] [WS] 🗺️ Broadcast recibido. Avatares: 1 [Hijo Test(2)] @ https://jimsimrodev.github.io/pequenos-sanos/assets/index-C7AoTPzR.js:82
[   76454ms] [LOG] [WS] 🗺️ Broadcast recibido. Avatares: 1 [Hijo Test(2)] @ https://jimsimrodev.github.io/pequenos-sanos/assets/index-C7AoTPzR.js:82
[   76495ms] [LOG] [WS] 🗺️ Broadcast recibido. Avatares: 1 [Hijo Test(2)] @ https://jimsimrodev.github.io/pequenos-sanos/assets/index-C7AoTPzR.js:82
[   76527ms] [LOG] [WS] 🗺️ Broadcast recibido. Avatares: 1 [Hijo Test(2)] @ https://jimsimrodev.github.io/pequenos-sanos/assets/index-C7AoTPzR.js:82
[   76575ms] [LOG] [WS] 🗺️ Broadcast recibido. Avatares: 1 [Hijo Test(2)] @ https://jimsimrodev.github.io/pequenos-sanos/assets/index-C7AoTPzR.js:82
[   76607ms] [LOG] [WS] 🗺️ Broadcast recibido. Avatares: 1 [Hijo Test(2)] @ https://jimsimrodev.github.io/pequenos-sanos/assets/index-C7AoTPzR.js:82
[   76629ms] [LOG] [WS] 🗺️ Broadcast recibido. Avatares: 1 [Hijo Test(2)] @ https://jimsimrodev.github.io/pequenos-sanos/assets/index-C7AoTPzR.js:82
[   76657ms] [LOG] [WS] 🗺️ Broadcast recibido. Avatares: 1 [Hijo Test(2)] @ https://jimsimrodev.github.io/pequenos-sanos/assets/index-C7AoTPzR.js:82
[   76710ms] [LOG] [WS] 🗺️ Broadcast recibido. Avatares: 1 [Hijo Test(2)] @ https://jimsimrodev.github.io/pequenos-sanos/assets/index-C7AoTPzR.js:82
[   76731ms] [LOG] [WS] 🗺️ Broadcast recibido. Avatares: 1 [Hijo Test(2)] @ https://jimsimrodev.github.io/pequenos-sanos/assets/index-C7AoTPzR.js:82
[   76772ms] [LOG] [WS] 🗺️ Broadcast recibido. Avatares: 1 [Hijo Test(2)] @ https://jimsimrodev.github.io/pequenos-sanos/assets/index-C7AoTPzR.js:82
[   76805ms] [LOG] [WS] 🗺️ Broadcast recibido. Avatares: 1 [Hijo Test(2)] @ https://jimsimrodev.github.io/pequenos-sanos/assets/index-C7AoTPzR.js:82
[   76830ms] [LOG] [WS] 🗺️ Broadcast recibido. Avatares: 1 [Hijo Test(2)] @ https://jimsimrodev.github.io/pequenos-sanos/assets/index-C7AoTPzR.js:82
[   76856ms] [LOG] [WS] 🗺️ Broadcast recibido. Avatares: 1 [Hijo Test(2)] @ https://jimsimrodev.github.io/pequenos-sanos/assets/index-C7AoTPzR.js:82
[   76904ms] [LOG] [WS] 🗺️ Broadcast recibido. Avatares: 1 [Hijo Test(2)] @ https://jimsimrodev.github.io/pequenos-sanos/assets/index-C7AoTPzR.js:82
[   76923ms] [LOG] [WS] 🗺️ Broadcast recibido. Avatares: 1 [Hijo Test(2)] @ https://jimsimrodev.github.io/pequenos-sanos/assets/index-C7AoTPzR.js:82
[   76962ms] [LOG] [WS] 🗺️ Broadcast recibido. Avatares: 1 [Hijo Test(2)] @ https://jimsimrodev.github.io/pequenos-sanos/assets/index-C7AoTPzR.js:82
[   76987ms] [LOG] [WS] 🗺️ Broadcast recibido. Avatares: 1 [Hijo Test(2)] @ https://jimsimrodev.github.io/pequenos-sanos/assets/index-C7AoTPzR.js:82
[   77028ms] [LOG] [WS] 🗺️ Broadcast recibido. Avatares: 1 [Hijo Test(2)] @ https://jimsimrodev.github.io/pequenos-sanos/assets/index-C7AoTPzR.js:82
[   77059ms] [LOG] [WS] 🗺️ Broadcast recibido. Avatares: 1 [Hijo Test(2)] @ https://jimsimrodev.github.io/pequenos-sanos/assets/index-C7AoTPzR.js:82
[   77081ms] [LOG] [WS] 🗺️ Broadcast recibido. Avatares: 1 [Hijo Test(2)] @ https://jimsimrodev.github.io/pequenos-sanos/assets/index-C7AoTPzR.js:82
[   77128ms] [LOG] [WS] 🗺️ Broadcast recibido. Avatares: 1 [Hijo Test(2)] @ https://jimsimrodev.github.io/pequenos-sanos/assets/index-C7AoTPzR.js:82
[   77160ms] [LOG] [WS] 🗺️ Broadcast recibido. Avatares: 1 [Hijo Test(2)] @ https://jimsimrodev.github.io/pequenos-sanos/assets/index-C7AoTPzR.js:82
[   77190ms] [LOG] [WS] 🗺️ Broadcast recibido. Avatares: 1 [Hijo Test(2)] @ https://jimsimrodev.github.io/pequenos-sanos/assets/index-C7AoTPzR.js:82
[   77228ms] [LOG] [WS] 🗺️ Broadcast recibido. Avatares: 1 [Hijo Test(2)] @ https://jimsimrodev.github.io/pequenos-sanos/assets/index-C7AoTPzR.js:82
[   77250ms] [LOG] [WS] 🗺️ Broadcast recibido. Avatares: 1 [Hijo Test(2)] @ https://jimsimrodev.github.io/pequenos-sanos/assets/index-C7AoTPzR.js:82
[   77292ms] [LOG] [WS] 🗺️ Broadcast recibido. Avatares: 1 [Hijo Test(2)] @ https://jimsimrodev.github.io/pequenos-sanos/assets/index-C7AoTPzR.js:82
[   77316ms] [LOG] [WS] 🗺️ Broadcast recibido. Avatares: 1 [Hijo Test(2)] @ https://jimsimrodev.github.io/pequenos-sanos/assets/index-C7AoTPzR.js:82
[   77357ms] [LOG] [WS] 🗺️ Broadcast recibido. Avatares: 1 [Hijo Test(2)] @ https://jimsimrodev.github.io/pequenos-sanos/assets/index-C7AoTPzR.js:82
[   77384ms] [LOG] [WS] 🗺️ Broadcast recibido. Avatares: 1 [Hijo Test(2)] @ https://jimsimrodev.github.io/pequenos-sanos/assets/index-C7AoTPzR.js:82
[   77410ms] [LOG] [WS] 🗺️ Broadcast recibido. Avatares: 1 [Hijo Test(2)] @ https://jimsimrodev.github.io/pequenos-sanos/assets/index-C7AoTPzR.js:82
[   77452ms] [LOG] [WS] 🗺️ Broadcast recibido. Avatares: 1 [Hijo Test(2)] @ https://jimsimrodev.github.io/pequenos-sanos/assets/index-C7AoTPzR.js:82
[   77492ms] [LOG] [WS] 🗺️ Broadcast recibido. Avatares: 1 [Hijo Test(2)] @ https://jimsimrodev.github.io/pequenos-sanos/assets/index-C7AoTPzR.js:82
[   77516ms] [LOG] [WS] 🗺️ Broadcast recibido. Avatares: 1 [Hijo Test(2)] @ https://jimsimrodev.github.io/pequenos-sanos/assets/index-C7AoTPzR.js:82
[   77555ms] [LOG] [WS] 🗺️ Broadcast recibido. Avatares: 1 [Hijo Test(2)] @ https://jimsimrodev.github.io/pequenos-sanos/assets/index-C7AoTPzR.js:82
[   77584ms] [LOG] [WS] 🗺️ Broadcast recibido. Avatares: 1 [Hijo Test(2)] @ https://jimsimrodev.github.io/pequenos-sanos/assets/index-C7AoTPzR.js:82
[   77615ms] [LOG] [WS] 🗺️ Broadcast recibido. Avatares: 1 [Hijo Test(2)] @ https://jimsimrodev.github.io/pequenos-sanos/assets/index-C7AoTPzR.js:82
[   77664ms] [LOG] [WS] 🗺️ Broadcast recibido. Avatares: 1 [Hijo Test(2)] @ https://jimsimrodev.github.io/pequenos-sanos/assets/index-C7AoTPzR.js:82
[   77688ms] [LOG] [WS] 🗺️ Broadcast recibido. Avatares: 1 [Hijo Test(2)] @ https://jimsimrodev.github.io/pequenos-sanos/assets/index-C7AoTPzR.js:82
[   77715ms] [LOG] [WS] 🗺️ Broadcast recibido. Avatares: 1 [Hijo Test(2)] @ https://jimsimrodev.github.io/pequenos-sanos/assets/index-C7AoTPzR.js:82
[   77764ms] [LOG] [WS] 🗺️ Broadcast recibido. Avatares: 1 [Hijo Test(2)] @ https://jimsimrodev.github.io/pequenos-sanos/assets/index-C7AoTPzR.js:82
[   77787ms] [LOG] [WS] 🗺️ Broadcast recibido. Avatares: 1 [Hijo Test(2)] @ https://jimsimrodev.github.io/pequenos-sanos/assets/index-C7AoTPzR.js:82
[   77824ms] [LOG] [WS] 🗺️ Broadcast recibido. Avatares: 1 [Hijo Test(2)] @ https://jimsimrodev.github.io/pequenos-sanos/assets/index-C7AoTPzR.js:82
[   77848ms] [LOG] [WS] 🗺️ Broadcast recibido. Avatares: 1 [Hijo Test(2)] @ https://jimsimrodev.github.io/pequenos-sanos/assets/index-C7AoTPzR.js:82
[   77877ms] [LOG] [WS] 🗺️ Broadcast recibido. Avatares: 1 [Hijo Test(2)] @ https://jimsimrodev.github.io/pequenos-sanos/assets/index-C7AoTPzR.js:82
[   77927ms] [LOG] [WS] 🗺️ Broadcast recibido. Avatares: 1 [Hijo Test(2)] @ https://jimsimrodev.github.io/pequenos-sanos/assets/index-C7AoTPzR.js:82
[   77946ms] [LOG] [WS] 🗺️ Broadcast recibido. Avatares: 1 [Hijo Test(2)] @ https://jimsimrodev.github.io/pequenos-sanos/assets/index-C7AoTPzR.js:82
[   77988ms] [LOG] [WS] 🗺️ Broadcast recibido. Avatares: 1 [Hijo Test(2)] @ https://jimsimrodev.github.io/pequenos-sanos/assets/index-C7AoTPzR.js:82
[   78018ms] [LOG] [WS] 🗺️ Broadcast recibido. Avatares: 1 [Hijo Test(2)] @ https://jimsimrodev.github.io/pequenos-sanos/assets/index-C7AoTPzR.js:82
[   78042ms] [LOG] [WS] 🗺️ Broadcast recibido. Avatares: 1 [Hijo Test(2)] @ https://jimsimrodev.github.io/pequenos-sanos/assets/index-C7AoTPzR.js:82
[   78086ms] [LOG] [WS] 🗺️ Broadcast recibido. Avatares: 1 [Hijo Test(2)] @ https://jimsimrodev.github.io/pequenos-sanos/assets/index-C7AoTPzR.js:82
[   78104ms] [LOG] [WS] 🗺️ Broadcast recibido. Avatares: 1 [Hijo Test(2)] @ https://jimsimrodev.github.io/pequenos-sanos/assets/index-C7AoTPzR.js:82
[   78144ms] [LOG] [WS] 🗺️ Broadcast recibido. Avatares: 1 [Hijo Test(2)] @ https://jimsimrodev.github.io/pequenos-sanos/assets/index-C7AoTPzR.js:82
[   78170ms] [LOG] [WS] 🗺️ Broadcast recibido. Avatares: 1 [Hijo Test(2)] @ https://jimsimrodev.github.io/pequenos-sanos/assets/index-C7AoTPzR.js:82
[   78215ms] [LOG] [WS] 🗺️ Broadcast recibido. Avatares: 1 [Hijo Test(2)] @ https://jimsimrodev.github.io/pequenos-sanos/assets/index-C7AoTPzR.js:82
[   78249ms] [LOG] [WS] 🗺️ Broadcast recibido. Avatares: 1 [Hijo Test(2)] @ https://jimsimrodev.github.io/pequenos-sanos/assets/index-C7AoTPzR.js:82
[   78280ms] [LOG] [WS] 🗺️ Broadcast recibido. Avatares: 1 [Hijo Test(2)] @ https://jimsimrodev.github.io/pequenos-sanos/assets/index-C7AoTPzR.js:82
[   78315ms] [LOG] [WS] 🗺️ Broadcast recibido. Avatares: 1 [Hijo Test(2)] @ https://jimsimrodev.github.io/pequenos-sanos/assets/index-C7AoTPzR.js:82
[   78342ms] [LOG] [WS] 🗺️ Broadcast recibido. Avatares: 1 [Hijo Test(2)] @ https://jimsimrodev.github.io/pequenos-sanos/assets/index-C7AoTPzR.js:82
[   78367ms] [LOG] [WS] 🗺️ Broadcast recibido. Avatares: 1 [Hijo Test(2)] @ https://jimsimrodev.github.io/pequenos-sanos/assets/index-C7AoTPzR.js:82
[   78425ms] [LOG] [WS] 🗺️ Broadcast recibido. Avatares: 1 [Hijo Test(2)] @ https://jimsimrodev.github.io/pequenos-sanos/assets/index-C7AoTPzR.js:82
[   78448ms] [LOG] [WS] 🗺️ Broadcast recibido. Avatares: 1 [Hijo Test(2)] @ https://jimsimrodev.github.io/pequenos-sanos/assets/index-C7AoTPzR.js:82
[   78478ms] [LOG] [WS] 🗺️ Broadcast recibido. Avatares: 1 [Hijo Test(2)] @ https://jimsimrodev.github.io/pequenos-sanos/assets/index-C7AoTPzR.js:82
[   78505ms] [LOG] [WS] 🗺️ Broadcast recibido. Avatares: 1 [Hijo Test(2)] @ https://jimsimrodev.github.io/pequenos-sanos/assets/index-C7AoTPzR.js:82
[   78557ms] [LOG] [WS] 🗺️ Broadcast recibido. Avatares: 1 [Hijo Test(2)] @ https://jimsimrodev.github.io/pequenos-sanos/assets/index-C7AoTPzR.js:82
[   78583ms] [LOG] [WS] 🗺️ Broadcast recibido. Avatares: 1 [Hijo Test(2)] @ https://jimsimrodev.github.io/pequenos-sanos/assets/index-C7AoTPzR.js:82
[   78612ms] [LOG] [WS] 🗺️ Broadcast recibido. Avatares: 1 [Hijo Test(2)] @ https://jimsimrodev.github.io/pequenos-sanos/assets/index-C7AoTPzR.js:82
[   78640ms] [LOG] [WS] 🗺️ Broadcast recibido. Avatares: 1 [Hijo Test(2)] @ https://jimsimrodev.github.io/pequenos-sanos/assets/index-C7AoTPzR.js:82
[   78663ms] [LOG] [WS] 🗺️ Broadcast recibido. Avatares: 1 [Hijo Test(2)] @ https://jimsimrodev.github.io/pequenos-sanos/assets/index-C7AoTPzR.js:82
[   78710ms] [LOG] [WS] 🗺️ Broadcast recibido. Avatares: 1 [Hijo Test(2)] @ https://jimsimrodev.github.io/pequenos-sanos/assets/index-C7AoTPzR.js:82
[   78736ms] [LOG] [WS] 🗺️ Broadcast recibido. Avatares: 1 [Hijo Test(2)] @ https://jimsimrodev.github.io/pequenos-sanos/assets/index-C7AoTPzR.js:82
[   78780ms] [LOG] [WS] 🗺️ Broadcast recibido. Avatares: 1 [Hijo Test(2)] @ https://jimsimrodev.github.io/pequenos-sanos/assets/index-C7AoTPzR.js:82
[   78811ms] [LOG] [WS] 🗺️ Broadcast recibido. Avatares: 1 [Hijo Test(2)] @ https://jimsimrodev.github.io/pequenos-sanos/assets/index-C7AoTPzR.js:82
[   78838ms] [LOG] [WS] 🗺️ Broadcast recibido. Avatares: 1 [Hijo Test(2)] @ https://jimsimrodev.github.io/pequenos-sanos/assets/index-C7AoTPzR.js:82
[   78860ms] [LOG] [WS] 🗺️ Broadcast recibido. Avatares: 1 [Hijo Test(2)] @ https://jimsimrodev.github.io/pequenos-sanos/assets/index-C7AoTPzR.js:82
[   78914ms] [LOG] [WS] 🗺️ Broadcast recibido. Avatares: 1 [Hijo Test(2)] @ https://jimsimrodev.github.io/pequenos-sanos/assets/index-C7AoTPzR.js:82
[   78939ms] [LOG] [WS] 🗺️ Broadcast recibido. Avatares: 1 [Hijo Test(2)] @ https://jimsimrodev.github.io/pequenos-sanos/assets/index-C7AoTPzR.js:82
[   78966ms] [LOG] [WS] 🗺️ Broadcast recibido. Avatares: 1 [Hijo Test(2)] @ https://jimsimrodev.github.io/pequenos-sanos/assets/index-C7AoTPzR.js:82
[   78995ms] [LOG] [WS] 🗺️ Broadcast recibido. Avatares: 1 [Hijo Test(2)] @ https://jimsimrodev.github.io/pequenos-sanos/assets/index-C7AoTPzR.js:82
[   79028ms] [LOG] [WS] 🗺️ Broadcast recibido. Avatares: 1 [Hijo Test(2)] @ https://jimsimrodev.github.io/pequenos-sanos/assets/index-C7AoTPzR.js:82
[   79067ms] [LOG] [WS] 🗺️ Broadcast recibido. Avatares: 1 [Hijo Test(2)] @ https://jimsimrodev.github.io/pequenos-sanos/assets/index-C7AoTPzR.js:82
[   79115ms] [LOG] [WS] 🗺️ Broadcast recibido. Avatares: 1 [Hijo Test(2)] @ https://jimsimrodev.github.io/pequenos-sanos/assets/index-C7AoTPzR.js:82
[   79140ms] [LOG] [WS] 🗺️ Broadcast recibido. Avatares: 1 [Hijo Test(2)] @ https://jimsimrodev.github.io/pequenos-sanos/assets/index-C7AoTPzR.js:82
[   79166ms] [LOG] [WS] 🗺️ Broadcast recibido. Avatares: 1 [Hijo Test(2)] @ https://jimsimrodev.github.io/pequenos-sanos/assets/index-C7AoTPzR.js:82
[   79190ms] [LOG] [WS] 🗺️ Broadcast recibido. Avatares: 1 [Hijo Test(2)] @ https://jimsimrodev.github.io/pequenos-sanos/assets/index-C7AoTPzR.js:82
[   79241ms] [LOG] [WS] 🗺️ Broadcast recibido. Avatares: 1 [Hijo Test(2)] @ https://jimsimrodev.github.io/pequenos-sanos/assets/index-C7AoTPzR.js:82
[   79261ms] [LOG] [WS] 🗺️ Broadcast recibido. Avatares: 1 [Hijo Test(2)] @ https://jimsimrodev.github.io/pequenos-sanos/assets/index-C7AoTPzR.js:82
[   79290ms] [LOG] [WS] 🗺️ Broadcast recibido. Avatares: 1 [Hijo Test(2)] @ https://jimsimrodev.github.io/pequenos-sanos/assets/index-C7AoTPzR.js:82
[   79327ms] [LOG] [WS] 🗺️ Broadcast recibido. Avatares: 1 [Hijo Test(2)] @ https://jimsimrodev.github.io/pequenos-sanos/assets/index-C7AoTPzR.js:82
[   79374ms] [LOG] [WS] 🗺️ Broadcast recibido. Avatares: 1 [Hijo Test(2)] @ https://jimsimrodev.github.io/pequenos-sanos/assets/index-C7AoTPzR.js:82
[   79400ms] [LOG] [WS] 🗺️ Broadcast recibido. Avatares: 1 [Hijo Test(2)] @ https://jimsimrodev.github.io/pequenos-sanos/assets/index-C7AoTPzR.js:82
[   79426ms] [LOG] [WS] 🗺️ Broadcast recibido. Avatares: 1 [Hijo Test(2)] @ https://jimsimrodev.github.io/pequenos-sanos/assets/index-C7AoTPzR.js:82
[   79475ms] [LOG] [WS] 🗺️ Broadcast recibido. Avatares: 1 [Hijo Test(2)] @ https://jimsimrodev.github.io/pequenos-sanos/assets/index-C7AoTPzR.js:82
[   79502ms] [LOG] [WS] 🗺️ Broadcast recibido. Avatares: 1 [Hijo Test(2)] @ https://jimsimrodev.github.io/pequenos-sanos/assets/index-C7AoTPzR.js:82
[   79540ms] [LOG] [WS] 🗺️ Broadcast recibido. Avatares: 1 [Hijo Test(2)] @ https://jimsimrodev.github.io/pequenos-sanos/assets/index-C7AoTPzR.js:82
[   79568ms] [LOG] [WS] 🗺️ Broadcast recibido. Avatares: 1 [Hijo Test(2)] @ https://jimsimrodev.github.io/pequenos-sanos/assets/index-C7AoTPzR.js:82
[   79613ms] [LOG] [WS] 🗺️ Broadcast recibido. Avatares: 1 [Hijo Test(2)] @ https://jimsimrodev.github.io/pequenos-sanos/assets/index-C7AoTPzR.js:82
[   79640ms] [LOG] [WS] 🗺️ Broadcast recibido. Avatares: 1 [Hijo Test(2)] @ https://jimsimrodev.github.io/pequenos-sanos/assets/index-C7AoTPzR.js:82
[   79663ms] [LOG] [WS] 🗺️ Broadcast recibido. Avatares: 1 [Hijo Test(2)] @ https://jimsimrodev.github.io/pequenos-sanos/assets/index-C7AoTPzR.js:82
[   79687ms] [LOG] [WS] 🗺️ Broadcast recibido. Avatares: 1 [Hijo Test(2)] @ https://jimsimrodev.github.io/pequenos-sanos/assets/index-C7AoTPzR.js:82
[   79733ms] [LOG] [WS] 🗺️ Broadcast recibido. Avatares: 1 [Hijo Test(2)] @ https://jimsimrodev.github.io/pequenos-sanos/assets/index-C7AoTPzR.js:82
[   79758ms] [LOG] [WS] 🗺️ Broadcast recibido. Avatares: 1 [Hijo Test(2)] @ https://jimsimrodev.github.io/pequenos-sanos/assets/index-C7AoTPzR.js:82
[   79796ms] [LOG] [WS] 🗺️ Broadcast recibido. Avatares: 1 [Hijo Test(2)] @ https://jimsimrodev.github.io/pequenos-sanos/assets/index-C7AoTPzR.js:82
[   79823ms] [LOG] [WS] 🗺️ Broadcast recibido. Avatares: 1 [Hijo Test(2)] @ https://jimsimrodev.github.io/pequenos-sanos/assets/index-C7AoTPzR.js:82
[   79855ms] [LOG] [WS] 🗺️ Broadcast recibido. Avatares: 1 [Hijo Test(2)] @ https://jimsimrodev.github.io/pequenos-sanos/assets/index-C7AoTPzR.js:82
[   79896ms] [LOG] [WS] 🗺️ Broadcast recibido. Avatares: 1 [Hijo Test(2)] @ https://jimsimrodev.github.io/pequenos-sanos/assets/index-C7AoTPzR.js:82
[   79922ms] [LOG] [WS] 🗺️ Broadcast recibido. Avatares: 1 [Hijo Test(2)] @ https://jimsimrodev.github.io/pequenos-sanos/assets/index-C7AoTPzR.js:82
[   79950ms] [LOG] [WS] 🗺️ Broadcast recibido. Avatares: 1 [Hijo Test(2)] @ https://jimsimrodev.github.io/pequenos-sanos/assets/index-C7AoTPzR.js:82
[   79991ms] [LOG] [WS] 🗺️ Broadcast recibido. Avatares: 1 [Hijo Test(2)] @ https://jimsimrodev.github.io/pequenos-sanos/assets/index-C7AoTPzR.js:82
[   80014ms] [LOG] [WS] 🗺️ Broadcast recibido. Avatares: 1 [Hijo Test(2)] @ https://jimsimrodev.github.io/pequenos-sanos/assets/index-C7AoTPzR.js:82
[   80054ms] [LOG] [WS] 🗺️ Broadcast recibido. Avatares: 1 [Hijo Test(2)] @ https://jimsimrodev.github.io/pequenos-sanos/assets/index-C7AoTPzR.js:82
[   80081ms] [LOG] [WS] 🗺️ Broadcast recibido. Avatares: 1 [Hijo Test(2)] @ https://jimsimrodev.github.io/pequenos-sanos/assets/index-C7AoTPzR.js:82
[   80121ms] [LOG] [WS] 🗺️ Broadcast recibido. Avatares: 1 [Hijo Test(2)] @ https://jimsimrodev.github.io/pequenos-sanos/assets/index-C7AoTPzR.js:82
[   80170ms] [LOG] [WS] 🗺️ Broadcast recibido. Avatares: 1 [Hijo Test(2)] @ https://jimsimrodev.github.io/pequenos-sanos/assets/index-C7AoTPzR.js:82
[   80192ms] [LOG] [WS] 🗺️ Broadcast recibido. Avatares: 1 [Hijo Test(2)] @ https://jimsimrodev.github.io/pequenos-sanos/assets/index-C7AoTPzR.js:82
[   80216ms] [LOG] [WS] 🗺️ Broadcast recibido. Avatares: 1 [Hijo Test(2)] @ https://jimsimrodev.github.io/pequenos-sanos/assets/index-C7AoTPzR.js:82
[   80257ms] [LOG] [WS] 🗺️ Broadcast recibido. Avatares: 1 [Hijo Test(2)] @ https://jimsimrodev.github.io/pequenos-sanos/assets/index-C7AoTPzR.js:82
[   80281ms] [LOG] [WS] 🗺️ Broadcast recibido. Avatares: 1 [Hijo Test(2)] @ https://jimsimrodev.github.io/pequenos-sanos/assets/index-C7AoTPzR.js:82
[   80326ms] [LOG] [WS] 🗺️ Broadcast recibido. Avatares: 1 [Hijo Test(2)] @ https://jimsimrodev.github.io/pequenos-sanos/assets/index-C7AoTPzR.js:82
[   80355ms] [LOG] [WS] 🗺️ Broadcast recibido. Avatares: 1 [Hijo Test(2)] @ https://jimsimrodev.github.io/pequenos-sanos/assets/index-C7AoTPzR.js:82
[   80380ms] [LOG] [WS] 🗺️ Broadcast recibido. Avatares: 1 [Hijo Test(2)] @ https://jimsimrodev.github.io/pequenos-sanos/assets/index-C7AoTPzR.js:82
[   80423ms] [LOG] [WS] 🗺️ Broadcast recibido. Avatares: 1 [Hijo Test(2)] @ https://jimsimrodev.github.io/pequenos-sanos/assets/index-C7AoTPzR.js:82
[   80449ms] [LOG] [WS] 🗺️ Broadcast recibido. Avatares: 1 [Hijo Test(2)] @ https://jimsimrodev.github.io/pequenos-sanos/assets/index-C7AoTPzR.js:82
[   80477ms] [LOG] [WS] 🗺️ Broadcast recibido. Avatares: 1 [Hijo Test(2)] @ https://jimsimrodev.github.io/pequenos-sanos/assets/index-C7AoTPzR.js:82
[   80519ms] [LOG] [WS] 🗺️ Broadcast recibido. Avatares: 1 [Hijo Test(2)] @ https://jimsimrodev.github.io/pequenos-sanos/assets/index-C7AoTPzR.js:82
[   80559ms] [LOG] [WS] 🗺️ Broadcast recibido. Avatares: 1 [Hijo Test(2)] @ https://jimsimrodev.github.io/pequenos-sanos/assets/index-C7AoTPzR.js:82
[   80586ms] [LOG] [WS] 🗺️ Broadcast recibido. Avatares: 1 [Hijo Test(2)] @ https://jimsimrodev.github.io/pequenos-sanos/assets/index-C7AoTPzR.js:82
[   80620ms] [LOG] [WS] 🗺️ Broadcast recibido. Avatares: 1 [Hijo Test(2)] @ https://jimsimrodev.github.io/pequenos-sanos/assets/index-C7AoTPzR.js:82
[   80665ms] [LOG] [WS] 🗺️ Broadcast recibido. Avatares: 1 [Hijo Test(2)] @ https://jimsimrodev.github.io/pequenos-sanos/assets/index-C7AoTPzR.js:82
[   80698ms] [LOG] [WS] 🗺️ Broadcast recibido. Avatares: 1 [Hijo Test(2)] @ https://jimsimrodev.github.io/pequenos-sanos/assets/index-C7AoTPzR.js:82
[   80742ms] [LOG] [WS] 🗺️ Broadcast recibido. Avatares: 1 [Hijo Test(2)] @ https://jimsimrodev.github.io/pequenos-sanos/assets/index-C7AoTPzR.js:82
[   80766ms] [LOG] [WS] 🗺️ Broadcast recibido. Avatares: 1 [Hijo Test(2)] @ https://jimsimrodev.github.io/pequenos-sanos/assets/index-C7AoTPzR.js:82
[   80790ms] [LOG] [WS] 🗺️ Broadcast recibido. Avatares: 1 [Hijo Test(2)] @ https://jimsimrodev.github.io/pequenos-sanos/assets/index-C7AoTPzR.js:82
[   80822ms] [LOG] [WS] 🗺️ Broadcast recibido. Avatares: 1 [Hijo Test(2)] @ https://jimsimrodev.github.io/pequenos-sanos/assets/index-C7AoTPzR.js:82
[   80857ms] [LOG] [WS] 🗺️ Broadcast recibido. Avatares: 1 [Hijo Test(2)] @ https://jimsimrodev.github.io/pequenos-sanos/assets/index-C7AoTPzR.js:82
[   80884ms] [LOG] [WS] 🗺️ Broadcast recibido. Avatares: 1 [Hijo Test(2)] @ https://jimsimrodev.github.io/pequenos-sanos/assets/index-C7AoTPzR.js:82
[   80925ms] [LOG] [WS] 🗺️ Broadcast recibido. Avatares: 1 [Hijo Test(2)] @ https://jimsimrodev.github.io/pequenos-sanos/assets/index-C7AoTPzR.js:82
[   80961ms] [LOG] [WS] 🗺️ Broadcast recibido. Avatares: 1 [Hijo Test(2)] @ https://jimsimrodev.github.io/pequenos-sanos/assets/index-C7AoTPzR.js:82
[   80994ms] [LOG] [WS] 🗺️ Broadcast recibido. Avatares: 1 [Hijo Test(2)] @ https://jimsimrodev.github.io/pequenos-sanos/assets/index-C7AoTPzR.js:82
[   81019ms] [LOG] [WS] 🗺️ Broadcast recibido. Avatares: 1 [Hijo Test(2)] @ https://jimsimrodev.github.io/pequenos-sanos/assets/index-C7AoTPzR.js:82
[   81048ms] [LOG] [WS] 🗺️ Broadcast recibido. Avatares: 1 [Hijo Test(2)] @ https://jimsimrodev.github.io/pequenos-sanos/assets/index-C7AoTPzR.js:82
[   81084ms] [LOG] [WS] 🗺️ Broadcast recibido. Avatares: 1 [Hijo Test(2)] @ https://jimsimrodev.github.io/pequenos-sanos/assets/index-C7AoTPzR.js:82
[   81106ms] [LOG] [WS] 🗺️ Broadcast recibido. Avatares: 1 [Hijo Test(2)] @ https://jimsimrodev.github.io/pequenos-sanos/assets/index-C7AoTPzR.js:82
[   81145ms] [LOG] [WS] 🗺️ Broadcast recibido. Avatares: 1 [Hijo Test(2)] @ https://jimsimrodev.github.io/pequenos-sanos/assets/index-C7AoTPzR.js:82
[   81188ms] [LOG] [WS] 🗺️ Broadcast recibido. Avatares: 1 [Hijo Test(2)] @ https://jimsimrodev.github.io/pequenos-sanos/assets/index-C7AoTPzR.js:82
[   81225ms] [LOG] [WS] 🗺️ Broadcast recibido. Avatares: 1 [Hijo Test(2)] @ https://jimsimrodev.github.io/pequenos-sanos/assets/index-C7AoTPzR.js:82
[   81259ms] [LOG] [WS] 🗺️ Broadcast recibido. Avatares: 1 [Hijo Test(2)] @ https://jimsimrodev.github.io/pequenos-sanos/assets/index-C7AoTPzR.js:82
[   81288ms] [LOG] [WS] 🗺️ Broadcast recibido. Avatares: 1 [Hijo Test(2)] @ https://jimsimrodev.github.io/pequenos-sanos/assets/index-C7AoTPzR.js:82
[   81317ms] [LOG] [WS] 🗺️ Broadcast recibido. Avatares: 1 [Hijo Test(2)] @ https://jimsimrodev.github.io/pequenos-sanos/assets/index-C7AoTPzR.js:82
[   81340ms] [LOG] [WS] 🗺️ Broadcast recibido. Avatares: 1 [Hijo Test(2)] @ https://jimsimrodev.github.io/pequenos-sanos/assets/index-C7AoTPzR.js:82
[   81383ms] [LOG] [WS] 🗺️ Broadcast recibido. Avatares: 1 [Hijo Test(2)] @ https://jimsimrodev.github.io/pequenos-sanos/assets/index-C7AoTPzR.js:82
[   81410ms] [LOG] [WS] 🗺️ Broadcast recibido. Avatares: 1 [Hijo Test(2)] @ https://jimsimrodev.github.io/pequenos-sanos/assets/index-C7AoTPzR.js:82
[   81435ms] [LOG] [WS] 🗺️ Broadcast recibido. Avatares: 1 [Hijo Test(2)] @ https://jimsimrodev.github.io/pequenos-sanos/assets/index-C7AoTPzR.js:82
[   81475ms] [LOG] [WS] 🗺️ Broadcast recibido. Avatares: 1 [Hijo Test(2)] @ https://jimsimrodev.github.io/pequenos-sanos/assets/index-C7AoTPzR.js:82
[   81513ms] [LOG] [WS] 🗺️ Broadcast recibido. Avatares: 1 [Hijo Test(2)] @ https://jimsimrodev.github.io/pequenos-sanos/assets/index-C7AoTPzR.js:82
[   81538ms] [LOG] [WS] 🗺️ Broadcast recibido. Avatares: 1 [Hijo Test(2)] @ https://jimsimrodev.github.io/pequenos-sanos/assets/index-C7AoTPzR.js:82
[   81568ms] [LOG] [WS] 🗺️ Broadcast recibido. Avatares: 1 [Hijo Test(2)] @ https://jimsimrodev.github.io/pequenos-sanos/assets/index-C7AoTPzR.js:82
[   81617ms] [LOG] [WS] 🗺️ Broadcast recibido. Avatares: 1 [Hijo Test(2)] @ https://jimsimrodev.github.io/pequenos-sanos/assets/index-C7AoTPzR.js:82
[   81640ms] [LOG] [WS] 🗺️ Broadcast recibido. Avatares: 1 [Hijo Test(2)] @ https://jimsimrodev.github.io/pequenos-sanos/assets/index-C7AoTPzR.js:82
[   81685ms] [LOG] [WS] 🗺️ Broadcast recibido. Avatares: 1 [Hijo Test(2)] @ https://jimsimrodev.github.io/pequenos-sanos/assets/index-C7AoTPzR.js:82
[   81718ms] [LOG] [WS] 🗺️ Broadcast recibido. Avatares: 1 [Hijo Test(2)] @ https://jimsimrodev.github.io/pequenos-sanos/assets/index-C7AoTPzR.js:82
[   81745ms] [LOG] [WS] 🗺️ Broadcast recibido. Avatares: 1 [Hijo Test(2)] @ https://jimsimrodev.github.io/pequenos-sanos/assets/index-C7AoTPzR.js:82
[   81763ms] [LOG] [WS] 🗺️ Broadcast recibido. Avatares: 1 [Hijo Test(2)] @ https://jimsimrodev.github.io/pequenos-sanos/assets/index-C7AoTPzR.js:82
[   81807ms] [LOG] [WS] 🗺️ Broadcast recibido. Avatares: 1 [Hijo Test(2)] @ https://jimsimrodev.github.io/pequenos-sanos/assets/index-C7AoTPzR.js:82
[   81834ms] [LOG] [WS] 🗺️ Broadcast recibido. Avatares: 1 [Hijo Test(2)] @ https://jimsimrodev.github.io/pequenos-sanos/assets/index-C7AoTPzR.js:82
[   81859ms] [LOG] [WS] 🗺️ Broadcast recibido. Avatares: 1 [Hijo Test(2)] @ https://jimsimrodev.github.io/pequenos-sanos/assets/index-C7AoTPzR.js:82
[   81914ms] [LOG] [WS] 🗺️ Broadcast recibido. Avatares: 1 [Hijo Test(2)] @ https://jimsimrodev.github.io/pequenos-sanos/assets/index-C7AoTPzR.js:82
[   81941ms] [LOG] [WS] 🗺️ Broadcast recibido. Avatares: 1 [Hijo Test(2)] @ https://jimsimrodev.github.io/pequenos-sanos/assets/index-C7AoTPzR.js:82
[   81965ms] [LOG] [WS] 🗺️ Broadcast recibido. Avatares: 1 [Hijo Test(2)] @ https://jimsimrodev.github.io/pequenos-sanos/assets/index-C7AoTPzR.js:82
[   81993ms] [LOG] [WS] 🗺️ Broadcast recibido. Avatares: 1 [Hijo Test(2)] @ https://jimsimrodev.github.io/pequenos-sanos/assets/index-C7AoTPzR.js:82
[   82031ms] [LOG] [WS] 🗺️ Broadcast recibido. Avatares: 1 [Hijo Test(2)] @ https://jimsimrodev.github.io/pequenos-sanos/assets/index-C7AoTPzR.js:82
[   82078ms] [LOG] [WS] 🗺️ Broadcast recibido. Avatares: 1 [Hijo Test(2)] @ https://jimsimrodev.github.io/pequenos-sanos/assets/index-C7AoTPzR.js:82
[   82109ms] [LOG] [WS] 🗺️ Broadcast recibido. Avatares: 1 [Hijo Test(2)] @ https://jimsimrodev.github.io/pequenos-sanos/assets/index-C7AoTPzR.js:82
[   82138ms] [LOG] [WS] 🗺️ Broadcast recibido. Avatares: 1 [Hijo Test(2)] @ https://jimsimrodev.github.io/pequenos-sanos/assets/index-C7AoTPzR.js:82
[   82160ms] [LOG] [WS] 🗺️ Broadcast recibido. Avatares: 1 [Hijo Test(2)] @ https://jimsimrodev.github.io/pequenos-sanos/assets/index-C7AoTPzR.js:82
[   82211ms] [LOG] [WS] 🗺️ Broadcast recibido. Avatares: 1 [Hijo Test(2)] @ https://jimsimrodev.github.io/pequenos-sanos/assets/index-C7AoTPzR.js:82
[   82239ms] [LOG] [WS] 🗺️ Broadcast recibido. Avatares: 1 [Hijo Test(2)] @ https://jimsimrodev.github.io/pequenos-sanos/assets/index-C7AoTPzR.js:82
[   82277ms] [LOG] [WS] 🗺️ Broadcast recibido. Avatares: 1 [Hijo Test(2)] @ https://jimsimrodev.github.io/pequenos-sanos/assets/index-C7AoTPzR.js:82
[   82324ms] [LOG] [WS] 🗺️ Broadcast recibido. Avatares: 1 [Hijo Test(2)] @ https://jimsimrodev.github.io/pequenos-sanos/assets/index-C7AoTPzR.js:82
[   82349ms] [LOG] [WS] 🗺️ Broadcast recibido. Avatares: 1 [Hijo Test(2)] @ https://jimsimrodev.github.io/pequenos-sanos/assets/index-C7AoTPzR.js:82
[   82376ms] [LOG] [WS] 🗺️ Broadcast recibido. Avatares: 1 [Hijo Test(2)] @ https://jimsimrodev.github.io/pequenos-sanos/assets/index-C7AoTPzR.js:82
[   82402ms] [LOG] [WS] 🗺️ Broadcast recibido. Avatares: 1 [Hijo Test(2)] @ https://jimsimrodev.github.io/pequenos-sanos/assets/index-C7AoTPzR.js:82
[   82429ms] [LOG] [WS] 🗺️ Broadcast recibido. Avatares: 1 [Hijo Test(2)] @ https://jimsimrodev.github.io/pequenos-sanos/assets/index-C7AoTPzR.js:82
[   82461ms] [LOG] [WS] 🗺️ Broadcast recibido. Avatares: 1 [Hijo Test(2)] @ https://jimsimrodev.github.io/pequenos-sanos/assets/index-C7AoTPzR.js:82
[   82503ms] [LOG] [WS] 🗺️ Broadcast recibido. Avatares: 1 [Hijo Test(2)] @ https://jimsimrodev.github.io/pequenos-sanos/assets/index-C7AoTPzR.js:82
[   82524ms] [LOG] [WS] 🗺️ Broadcast recibido. Avatares: 1 [Hijo Test(2)] @ https://jimsimrodev.github.io/pequenos-sanos/assets/index-C7AoTPzR.js:82
[   82565ms] [LOG] [WS] 🗺️ Broadcast recibido. Avatares: 1 [Hijo Test(2)] @ https://jimsimrodev.github.io/pequenos-sanos/assets/index-C7AoTPzR.js:82
[   82589ms] [LOG] [WS] 🗺️ Broadcast recibido. Avatares: 1 [Hijo Test(2)] @ https://jimsimrodev.github.io/pequenos-sanos/assets/index-C7AoTPzR.js:82
[   82647ms] [LOG] [WS] 🗺️ Broadcast recibido. Avatares: 1 [Hijo Test(2)] @ https://jimsimrodev.github.io/pequenos-sanos/assets/index-C7AoTPzR.js:82
[   82668ms] [LOG] [WS] 🗺️ Broadcast recibido. Avatares: 1 [Hijo Test(2)] @ https://jimsimrodev.github.io/pequenos-sanos/assets/index-C7AoTPzR.js:82
[   82691ms] [LOG] [WS] 🗺️ Broadcast recibido. Avatares: 1 [Hijo Test(2)] @ https://jimsimrodev.github.io/pequenos-sanos/assets/index-C7AoTPzR.js:82
[   82735ms] [LOG] [WS] 🗺️ Broadcast recibido. Avatares: 1 [Hijo Test(2)] @ https://jimsimrodev.github.io/pequenos-sanos/assets/index-C7AoTPzR.js:82
[   82758ms] [LOG] [WS] 🗺️ Broadcast recibido. Avatares: 1 [Hijo Test(2)] @ https://jimsimrodev.github.io/pequenos-sanos/assets/index-C7AoTPzR.js:82
[   82786ms] [LOG] [WS] 🗺️ Broadcast recibido. Avatares: 1 [Hijo Test(2)] @ https://jimsimrodev.github.io/pequenos-sanos/assets/index-C7AoTPzR.js:82
[   82825ms] [LOG] [WS] 🗺️ Broadcast recibido. Avatares: 1 [Hijo Test(2)] @ https://jimsimrodev.github.io/pequenos-sanos/assets/index-C7AoTPzR.js:82
[   82872ms] [LOG] [WS] 🗺️ Broadcast recibido. Avatares: 1 [Hijo Test(2)] @ https://jimsimrodev.github.io/pequenos-sanos/assets/index-C7AoTPzR.js:82
[   82894ms] [LOG] [WS] 🗺️ Broadcast recibido. Avatares: 1 [Hijo Test(2)] @ https://jimsimrodev.github.io/pequenos-sanos/assets/index-C7AoTPzR.js:82
[   82923ms] [LOG] [WS] 🗺️ Broadcast recibido. Avatares: 1 [Hijo Test(2)] @ https://jimsimrodev.github.io/pequenos-sanos/assets/index-C7AoTPzR.js:82
[   82972ms] [LOG] [WS] 🗺️ Broadcast recibido. Avatares: 1 [Hijo Test(2)] @ https://jimsimrodev.github.io/pequenos-sanos/assets/index-C7AoTPzR.js:82
[   82990ms] [LOG] [WS] 🗺️ Broadcast recibido. Avatares: 1 [Hijo Test(2)] @ https://jimsimrodev.github.io/pequenos-sanos/assets/index-C7AoTPzR.js:82
[   83036ms] [LOG] [WS] 🗺️ Broadcast recibido. Avatares: 1 [Hijo Test(2)] @ https://jimsimrodev.github.io/pequenos-sanos/assets/index-C7AoTPzR.js:82
[   83057ms] [LOG] [WS] 🗺️ Broadcast recibido. Avatares: 1 [Hijo Test(2)] @ https://jimsimrodev.github.io/pequenos-sanos/assets/index-C7AoTPzR.js:82
[   83098ms] [LOG] [WS] 🗺️ Broadcast recibido. Avatares: 1 [Hijo Test(2)] @ https://jimsimrodev.github.io/pequenos-sanos/assets/index-C7AoTPzR.js:82
[   83122ms] [LOG] [WS] 🗺️ Broadcast recibido. Avatares: 1 [Hijo Test(2)] @ https://jimsimrodev.github.io/pequenos-sanos/assets/index-C7AoTPzR.js:82
[   83165ms] [LOG] [WS] 🗺️ Broadcast recibido. Avatares: 1 [Hijo Test(2)] @ https://jimsimrodev.github.io/pequenos-sanos/assets/index-C7AoTPzR.js:82
[   83196ms] [LOG] [WS] 🗺️ Broadcast recibido. Avatares: 1 [Hijo Test(2)] @ https://jimsimrodev.github.io/pequenos-sanos/assets/index-C7AoTPzR.js:82
[   83225ms] [LOG] [WS] 🗺️ Broadcast recibido. Avatares: 1 [Hijo Test(2)] @ https://jimsimrodev.github.io/pequenos-sanos/assets/index-C7AoTPzR.js:82
[   83260ms] [LOG] [WS] 🗺️ Broadcast recibido. Avatares: 1 [Hijo Test(2)] @ https://jimsimrodev.github.io/pequenos-sanos/assets/index-C7AoTPzR.js:82
[   83291ms] [LOG] [WS] 🗺️ Broadcast recibido. Avatares: 1 [Hijo Test(2)] @ https://jimsimrodev.github.io/pequenos-sanos/assets/index-C7AoTPzR.js:82
[   83344ms] [LOG] [WS] 🗺️ Broadcast recibido. Avatares: 1 [Hijo Test(2)] @ https://jimsimrodev.github.io/pequenos-sanos/assets/index-C7AoTPzR.js:82
[   83368ms] [LOG] [WS] 🗺️ Broadcast recibido. Avatares: 1 [Hijo Test(2)] @ https://jimsimrodev.github.io/pequenos-sanos/assets/index-C7AoTPzR.js:82
[   83390ms] [LOG] [WS] 🗺️ Broadcast recibido. Avatares: 1 [Hijo Test(2)] @ https://jimsimrodev.github.io/pequenos-sanos/assets/index-C7AoTPzR.js:82
[   83434ms] [LOG] [WS] 🗺️ Broadcast recibido. Avatares: 1 [Hijo Test(2)] @ https://jimsimrodev.github.io/pequenos-sanos/assets/index-C7AoTPzR.js:82
[   83456ms] [LOG] [WS] 🗺️ Broadcast recibido. Avatares: 1 [Hijo Test(2)] @ https://jimsimrodev.github.io/pequenos-sanos/assets/index-C7AoTPzR.js:82
[   83494ms] [LOG] [WS] 🗺️ Broadcast recibido. Avatares: 1 [Hijo Test(2)] @ https://jimsimrodev.github.io/pequenos-sanos/assets/index-C7AoTPzR.js:82
[   83520ms] [LOG] [WS] 🗺️ Broadcast recibido. Avatares: 1 [Hijo Test(2)] @ https://jimsimrodev.github.io/pequenos-sanos/assets/index-C7AoTPzR.js:82
[   83546ms] [LOG] [WS] 🗺️ Broadcast recibido. Avatares: 1 [Hijo Test(2)] @ https://jimsimrodev.github.io/pequenos-sanos/assets/index-C7AoTPzR.js:82
[   83586ms] [LOG] [WS] 🗺️ Broadcast recibido. Avatares: 1 [Hijo Test(2)] @ https://jimsimrodev.github.io/pequenos-sanos/assets/index-C7AoTPzR.js:82
[   83627ms] [LOG] [WS] 🗺️ Broadcast recibido. Avatares: 1 [Hijo Test(2)] @ https://jimsimrodev.github.io/pequenos-sanos/assets/index-C7AoTPzR.js:82
[   83647ms] [LOG] [WS] 🗺️ Broadcast recibido. Avatares: 1 [Hijo Test(2)] @ https://jimsimrodev.github.io/pequenos-sanos/assets/index-C7AoTPzR.js:82
[   83681ms] [LOG] [WS] 🗺️ Broadcast recibido. Avatares: 1 [Hijo Test(2)] @ https://jimsimrodev.github.io/pequenos-sanos/assets/index-C7AoTPzR.js:82
[   83719ms] [LOG] [WS] 🗺️ Broadcast recibido. Avatares: 1 [Hijo Test(2)] @ https://jimsimrodev.github.io/pequenos-sanos/assets/index-C7AoTPzR.js:82
[   83759ms] [LOG] [WS] 🗺️ Broadcast recibido. Avatares: 1 [Hijo Test(2)] @ https://jimsimrodev.github.io/pequenos-sanos/assets/index-C7AoTPzR.js:82
[   83790ms] [LOG] [WS] 🗺️ Broadcast recibido. Avatares: 1 [Hijo Test(2)] @ https://jimsimrodev.github.io/pequenos-sanos/assets/index-C7AoTPzR.js:82
[   83808ms] [LOG] [WS] 🗺️ Broadcast recibido. Avatares: 1 [Hijo Test(2)] @ https://jimsimrodev.github.io/pequenos-sanos/assets/index-C7AoTPzR.js:82
[   83863ms] [LOG] [WS] 🗺️ Broadcast recibido. Avatares: 1 [Hijo Test(2)] @ https://jimsimrodev.github.io/pequenos-sanos/assets/index-C7AoTPzR.js:82
[   83883ms] [LOG] [WS] 🗺️ Broadcast recibido. Avatares: 1 [Hijo Test(2)] @ https://jimsimrodev.github.io/pequenos-sanos/assets/index-C7AoTPzR.js:82
[   83925ms] [LOG] [WS] 🗺️ Broadcast recibido. Avatares: 1 [Hijo Test(2)] @ https://jimsimrodev.github.io/pequenos-sanos/assets/index-C7AoTPzR.js:82
[   83948ms] [LOG] [WS] 🗺️ Broadcast recibido. Avatares: 1 [Hijo Test(2)] @ https://jimsimrodev.github.io/pequenos-sanos/assets/index-C7AoTPzR.js:82
[   83972ms] [LOG] [WS] 🗺️ Broadcast recibido. Avatares: 1 [Hijo Test(2)] @ https://jimsimrodev.github.io/pequenos-sanos/assets/index-C7AoTPzR.js:82
[   84017ms] [LOG] [WS] 🗺️ Broadcast recibido. Avatares: 1 [Hijo Test(2)] @ https://jimsimrodev.github.io/pequenos-sanos/assets/index-C7AoTPzR.js:82
[   84042ms] [LOG] [WS] 🗺️ Broadcast recibido. Avatares: 1 [Hijo Test(2)] @ https://jimsimrodev.github.io/pequenos-sanos/assets/index-C7AoTPzR.js:82
[   84084ms] [LOG] [WS] 🗺️ Broadcast recibido. Avatares: 1 [Hijo Test(2)] @ https://jimsimrodev.github.io/pequenos-sanos/assets/index-C7AoTPzR.js:82
[   84107ms] [LOG] [WS] 🗺️ Broadcast recibido. Avatares: 1 [Hijo Test(2)] @ https://jimsimrodev.github.io/pequenos-sanos/assets/index-C7AoTPzR.js:82
[   84143ms] [LOG] [WS] 🗺️ Broadcast recibido. Avatares: 1 [Hijo Test(2)] @ https://jimsimrodev.github.io/pequenos-sanos/assets/index-C7AoTPzR.js:82
[   84182ms] [LOG] [WS] 🗺️ Broadcast recibido. Avatares: 1 [Hijo Test(2)] @ https://jimsimrodev.github.io/pequenos-sanos/assets/index-C7AoTPzR.js:82
[   84210ms] [LOG] [WS] 🗺️ Broadcast recibido. Avatares: 1 [Hijo Test(2)] @ https://jimsimrodev.github.io/pequenos-sanos/assets/index-C7AoTPzR.js:82
[   84265ms] [LOG] [WS] 🗺️ Broadcast recibido. Avatares: 1 [Hijo Test(2)] @ https://jimsimrodev.github.io/pequenos-sanos/assets/index-C7AoTPzR.js:82
[   84289ms] [LOG] [WS] 🗺️ Broadcast recibido. Avatares: 1 [Hijo Test(2)] @ https://jimsimrodev.github.io/pequenos-sanos/assets/index-C7AoTPzR.js:82
[   84312ms] [LOG] [WS] 🗺️ Broadcast recibido. Avatares: 1 [Hijo Test(2)] @ https://jimsimrodev.github.io/pequenos-sanos/assets/index-C7AoTPzR.js:82
[   84348ms] [LOG] [WS] 🗺️ Broadcast recibido. Avatares: 1 [Hijo Test(2)] @ https://jimsimrodev.github.io/pequenos-sanos/assets/index-C7AoTPzR.js:82
[   84371ms] [LOG] [WS] 🗺️ Broadcast recibido. Avatares: 1 [Hijo Test(2)] @ https://jimsimrodev.github.io/pequenos-sanos/assets/index-C7AoTPzR.js:82
[   84412ms] [LOG] [WS] 🗺️ Broadcast recibido. Avatares: 1 [Hijo Test(2)] @ https://jimsimrodev.github.io/pequenos-sanos/assets/index-C7AoTPzR.js:82
[   84450ms] [LOG] [WS] 🗺️ Broadcast recibido. Avatares: 1 [Hijo Test(2)] @ https://jimsimrodev.github.io/pequenos-sanos/assets/index-C7AoTPzR.js:82
[   84475ms] [LOG] [WS] 🗺️ Broadcast recibido. Avatares: 1 [Hijo Test(2)] @ https://jimsimrodev.github.io/pequenos-sanos/assets/index-C7AoTPzR.js:82
[   84521ms] [LOG] [WS] 🗺️ Broadcast recibido. Avatares: 1 [Hijo Test(2)] @ https://jimsimrodev.github.io/pequenos-sanos/assets/index-C7AoTPzR.js:82
[   84541ms] [LOG] [WS] 🗺️ Broadcast recibido. Avatares: 1 [Hijo Test(2)] @ https://jimsimrodev.github.io/pequenos-sanos/assets/index-C7AoTPzR.js:82
[   84572ms] [LOG] [WS] 🗺️ Broadcast recibido. Avatares: 1 [Hijo Test(2)] @ https://jimsimrodev.github.io/pequenos-sanos/assets/index-C7AoTPzR.js:82
[   84618ms] [LOG] [WS] 🗺️ Broadcast recibido. Avatares: 1 [Hijo Test(2)] @ https://jimsimrodev.github.io/pequenos-sanos/assets/index-C7AoTPzR.js:82
[   84636ms] [LOG] [WS] 🗺️ Broadcast recibido. Avatares: 1 [Hijo Test(2)] @ https://jimsimrodev.github.io/pequenos-sanos/assets/index-C7AoTPzR.js:82
[   84677ms] [LOG] [WS] 🗺️ Broadcast recibido. Avatares: 1 [Hijo Test(2)] @ https://jimsimrodev.github.io/pequenos-sanos/assets/index-C7AoTPzR.js:82
[   84704ms] [LOG] [WS] 🗺️ Broadcast recibido. Avatares: 1 [Hijo Test(2)] @ https://jimsimrodev.github.io/pequenos-sanos/assets/index-C7AoTPzR.js:82
[   84735ms] [LOG] [WS] 🗺️ Broadcast recibido. Avatares: 1 [Hijo Test(2)] @ https://jimsimrodev.github.io/pequenos-sanos/assets/index-C7AoTPzR.js:82
[   84781ms] [LOG] [WS] 🗺️ Broadcast recibido. Avatares: 1 [Hijo Test(2)] @ https://jimsimrodev.github.io/pequenos-sanos/assets/index-C7AoTPzR.js:82
[   84802ms] [LOG] [WS] 🗺️ Broadcast recibido. Avatares: 1 [Hijo Test(2)] @ https://jimsimrodev.github.io/pequenos-sanos/assets/index-C7AoTPzR.js:82
[   84851ms] [LOG] [WS] 🗺️ Broadcast recibido. Avatares: 1 [Hijo Test(2)] @ https://jimsimrodev.github.io/pequenos-sanos/assets/index-C7AoTPzR.js:82
[   84874ms] [LOG] [WS] 🗺️ Broadcast recibido. Avatares: 1 [Hijo Test(2)] @ https://jimsimrodev.github.io/pequenos-sanos/assets/index-C7AoTPzR.js:82
[   84901ms] [LOG] [WS] 🗺️ Broadcast recibido. Avatares: 1 [Hijo Test(2)] @ https://jimsimrodev.github.io/pequenos-sanos/assets/index-C7AoTPzR.js:82
[   84953ms] [LOG] [WS] 🗺️ Broadcast recibido. Avatares: 1 [Hijo Test(2)] @ https://jimsimrodev.github.io/pequenos-sanos/assets/index-C7AoTPzR.js:82
[   84978ms] [LOG] [WS] 🗺️ Broadcast recibido. Avatares: 1 [Hijo Test(2)] @ https://jimsimrodev.github.io/pequenos-sanos/assets/index-C7AoTPzR.js:82
[   85005ms] [LOG] [WS] 🗺️ Broadcast recibido. Avatares: 1 [Hijo Test(2)] @ https://jimsimrodev.github.io/pequenos-sanos/assets/index-C7AoTPzR.js:82
[   85032ms] [LOG] [WS] 🗺️ Broadcast recibido. Avatares: 1 [Hijo Test(2)] @ https://jimsimrodev.github.io/pequenos-sanos/assets/index-C7AoTPzR.js:82
[   85077ms] [LOG] [WS] 🗺️ Broadcast recibido. Avatares: 1 [Hijo Test(2)] @ https://jimsimrodev.github.io/pequenos-sanos/assets/index-C7AoTPzR.js:82
[   85131ms] [LOG] [WS] 🗺️ Broadcast recibido. Avatares: 1 [Hijo Test(2)] @ https://jimsimrodev.github.io/pequenos-sanos/assets/index-C7AoTPzR.js:82
[   85157ms] [LOG] [WS] 🗺️ Broadcast recibido. Avatares: 1 [Hijo Test(2)] @ https://jimsimrodev.github.io/pequenos-sanos/assets/index-C7AoTPzR.js:82
[   85181ms] [LOG] [WS] 🗺️ Broadcast recibido. Avatares: 1 [Hijo Test(2)] @ https://jimsimrodev.github.io/pequenos-sanos/assets/index-C7AoTPzR.js:82
[   85211ms] [LOG] [WS] 🗺️ Broadcast recibido. Avatares: 1 [Hijo Test(2)] @ https://jimsimrodev.github.io/pequenos-sanos/assets/index-C7AoTPzR.js:82
[   85232ms] [LOG] [WS] 🗺️ Broadcast recibido. Avatares: 1 [Hijo Test(2)] @ https://jimsimrodev.github.io/pequenos-sanos/assets/index-C7AoTPzR.js:82
[   85259ms] [LOG] [WS] 🗺️ Broadcast recibido. Avatares: 1 [Hijo Test(2)] @ https://jimsimrodev.github.io/pequenos-sanos/assets/index-C7AoTPzR.js:82
[   85312ms] [LOG] [WS] 🗺️ Broadcast recibido. Avatares: 1 [Hijo Test(2)] @ https://jimsimrodev.github.io/pequenos-sanos/assets/index-C7AoTPzR.js:82
[   85338ms] [LOG] [WS] 🗺️ Broadcast recibido. Avatares: 1 [Hijo Test(2)] @ https://jimsimrodev.github.io/pequenos-sanos/assets/index-C7AoTPzR.js:82
[   85367ms] [LOG] [WS] 🗺️ Broadcast recibido. Avatares: 1 [Hijo Test(2)] @ https://jimsimrodev.github.io/pequenos-sanos/assets/index-C7AoTPzR.js:82
[   85417ms] [LOG] [WS] 🗺️ Broadcast recibido. Avatares: 1 [Hijo Test(2)] @ https://jimsimrodev.github.io/pequenos-sanos/assets/index-C7AoTPzR.js:82
[   85444ms] [LOG] [WS] 🗺️ Broadcast recibido. Avatares: 1 [Hijo Test(2)] @ https://jimsimrodev.github.io/pequenos-sanos/assets/index-C7AoTPzR.js:82
[   85482ms] [LOG] [WS] 🗺️ Broadcast recibido. Avatares: 1 [Hijo Test(2)] @ https://jimsimrodev.github.io/pequenos-sanos/assets/index-C7AoTPzR.js:82
[   85513ms] [LOG] [WS] 🗺️ Broadcast recibido. Avatares: 1 [Hijo Test(2)] @ https://jimsimrodev.github.io/pequenos-sanos/assets/index-C7AoTPzR.js:82
[   85547ms] [LOG] [WS] 🗺️ Broadcast recibido. Avatares: 1 [Hijo Test(2)] @ https://jimsimrodev.github.io/pequenos-sanos/assets/index-C7AoTPzR.js:82
[   85576ms] [LOG] [WS] 🗺️ Broadcast recibido. Avatares: 1 [Hijo Test(2)] @ https://jimsimrodev.github.io/pequenos-sanos/assets/index-C7AoTPzR.js:82
[   85600ms] [LOG] [WS] 🗺️ Broadcast recibido. Avatares: 1 [Hijo Test(2)] @ https://jimsimrodev.github.io/pequenos-sanos/assets/index-C7AoTPzR.js:82
[   85641ms] [LOG] [WS] 🗺️ Broadcast recibido. Avatares: 1 [Hijo Test(2)] @ https://jimsimrodev.github.io/pequenos-sanos/assets/index-C7AoTPzR.js:82
[   85676ms] [LOG] [WS] 🗺️ Broadcast recibido. Avatares: 1 [Hijo Test(2)] @ https://jimsimrodev.github.io/pequenos-sanos/assets/index-C7AoTPzR.js:82
[   85709ms] [LOG] [WS] 🗺️ Broadcast recibido. Avatares: 1 [Hijo Test(2)] @ https://jimsimrodev.github.io/pequenos-sanos/assets/index-C7AoTPzR.js:82
[   85736ms] [LOG] [WS] 🗺️ Broadcast recibido. Avatares: 1 [Hijo Test(2)] @ https://jimsimrodev.github.io/pequenos-sanos/assets/index-C7AoTPzR.js:82
[   85763ms] [LOG] [WS] 🗺️ Broadcast recibido. Avatares: 1 [Hijo Test(2)] @ https://jimsimrodev.github.io/pequenos-sanos/assets/index-C7AoTPzR.js:82
[   85814ms] [LOG] [WS] 🗺️ Broadcast recibido. Avatares: 1 [Hijo Test(2)] @ https://jimsimrodev.github.io/pequenos-sanos/assets/index-C7AoTPzR.js:82
[   85839ms] [LOG] [WS] 🗺️ Broadcast recibido. Avatares: 1 [Hijo Test(2)] @ https://jimsimrodev.github.io/pequenos-sanos/assets/index-C7AoTPzR.js:82
[   85855ms] [LOG] [WS] 🗺️ Broadcast recibido. Avatares: 1 [Hijo Test(2)] @ https://jimsimrodev.github.io/pequenos-sanos/assets/index-C7AoTPzR.js:82
[   85894ms] [LOG] [WS] 🗺️ Broadcast recibido. Avatares: 1 [Hijo Test(2)] @ https://jimsimrodev.github.io/pequenos-sanos/assets/index-C7AoTPzR.js:82
[   85924ms] [LOG] [WS] 🗺️ Broadcast recibido. Avatares: 1 [Hijo Test(2)] @ https://jimsimrodev.github.io/pequenos-sanos/assets/index-C7AoTPzR.js:82
[   85965ms] [LOG] [WS] 🗺️ Broadcast recibido. Avatares: 1 [Hijo Test(2)] @ https://jimsimrodev.github.io/pequenos-sanos/assets/index-C7AoTPzR.js:82
[   86016ms] [LOG] [WS] 🗺️ Broadcast recibido. Avatares: 1 [Hijo Test(2)] @ https://jimsimrodev.github.io/pequenos-sanos/assets/index-C7AoTPzR.js:82
[   86040ms] [LOG] [WS] 🗺️ Broadcast recibido. Avatares: 1 [Hijo Test(2)] @ https://jimsimrodev.github.io/pequenos-sanos/assets/index-C7AoTPzR.js:82
[   86060ms] [LOG] [WS] 🗺️ Broadcast recibido. Avatares: 1 [Hijo Test(2)] @ https://jimsimrodev.github.io/pequenos-sanos/assets/index-C7AoTPzR.js:82
[   86091ms] [LOG] [WS] 🗺️ Broadcast recibido. Avatares: 1 [Hijo Test(2)] @ https://jimsimrodev.github.io/pequenos-sanos/assets/index-C7AoTPzR.js:82
[   86127ms] [LOG] [WS] 🗺️ Broadcast recibido. Avatares: 1 [Hijo Test(2)] @ https://jimsimrodev.github.io/pequenos-sanos/assets/index-C7AoTPzR.js:82
[   86174ms] [LOG] [WS] 🗺️ Broadcast recibido. Avatares: 1 [Hijo Test(2)] @ https://jimsimrodev.github.io/pequenos-sanos/assets/index-C7AoTPzR.js:82
[   86201ms] [LOG] [WS] 🗺️ Broadcast recibido. Avatares: 1 [Hijo Test(2)] @ https://jimsimrodev.github.io/pequenos-sanos/assets/index-C7AoTPzR.js:82
[   86225ms] [LOG] [WS] 🗺️ Broadcast recibido. Avatares: 1 [Hijo Test(2)] @ https://jimsimrodev.github.io/pequenos-sanos/assets/index-C7AoTPzR.js:82
[   86252ms] [LOG] [WS] 🗺️ Broadcast recibido. Avatares: 1 [Hijo Test(2)] @ https://jimsimrodev.github.io/pequenos-sanos/assets/index-C7AoTPzR.js:82
[   86295ms] [LOG] [WS] 🗺️ Broadcast recibido. Avatares: 1 [Hijo Test(2)] @ https://jimsimrodev.github.io/pequenos-sanos/assets/index-C7AoTPzR.js:82
[   86338ms] [LOG] [WS] 🗺️ Broadcast recibido. Avatares: 1 [Hijo Test(2)] @ https://jimsimrodev.github.io/pequenos-sanos/assets/index-C7AoTPzR.js:82
[   86363ms] [LOG] [WS] 🗺️ Broadcast recibido. Avatares: 1 [Hijo Test(2)] @ https://jimsimrodev.github.io/pequenos-sanos/assets/index-C7AoTPzR.js:82
[   86383ms] [LOG] [WS] 🗺️ Broadcast recibido. Avatares: 1 [Hijo Test(2)] @ https://jimsimrodev.github.io/pequenos-sanos/assets/index-C7AoTPzR.js:82
[   86426ms] [LOG] [WS] 🗺️ Broadcast recibido. Avatares: 1 [Hijo Test(2)] @ https://jimsimrodev.github.io/pequenos-sanos/assets/index-C7AoTPzR.js:82
[   86468ms] [LOG] [WS] 🗺️ Broadcast recibido. Avatares: 1 [Hijo Test(2)] @ https://jimsimrodev.github.io/pequenos-sanos/assets/index-C7AoTPzR.js:82
[   86492ms] [LOG] [WS] 🗺️ Broadcast recibido. Avatares: 1 [Hijo Test(2)] @ https://jimsimrodev.github.io/pequenos-sanos/assets/index-C7AoTPzR.js:82
[   86519ms] [LOG] [WS] 🗺️ Broadcast recibido. Avatares: 1 [Hijo Test(2)] @ https://jimsimrodev.github.io/pequenos-sanos/assets/index-C7AoTPzR.js:82
[   86547ms] [LOG] [WS] 🗺️ Broadcast recibido. Avatares: 1 [Hijo Test(2)] @ https://jimsimrodev.github.io/pequenos-sanos/assets/index-C7AoTPzR.js:82
[   86589ms] [LOG] [WS] 🗺️ Broadcast recibido. Avatares: 1 [Hijo Test(2)] @ https://jimsimrodev.github.io/pequenos-sanos/assets/index-C7AoTPzR.js:82
[   86636ms] [LOG] [WS] 🗺️ Broadcast recibido. Avatares: 1 [Hijo Test(2)] @ https://jimsimrodev.github.io/pequenos-sanos/assets/index-C7AoTPzR.js:82
[   86659ms] [LOG] [WS] 🗺️ Broadcast recibido. Avatares: 1 [Hijo Test(2)] @ https://jimsimrodev.github.io/pequenos-sanos/assets/index-C7AoTPzR.js:82
[   86702ms] [LOG] [WS] 🗺️ Broadcast recibido. Avatares: 1 [Hijo Test(2)] @ https://jimsimrodev.github.io/pequenos-sanos/assets/index-C7AoTPzR.js:82
[   86746ms] [LOG] [WS] 🗺️ Broadcast recibido. Avatares: 1 [Hijo Test(2)] @ https://jimsimrodev.github.io/pequenos-sanos/assets/index-C7AoTPzR.js:82
[   86770ms] [LOG] [WS] 🗺️ Broadcast recibido. Avatares: 1 [Hijo Test(2)] @ https://jimsimrodev.github.io/pequenos-sanos/assets/index-C7AoTPzR.js:82
[   86808ms] [LOG] [WS] 🗺️ Broadcast recibido. Avatares: 1 [Hijo Test(2)] @ https://jimsimrodev.github.io/pequenos-sanos/assets/index-C7AoTPzR.js:82
[   86836ms] [LOG] [WS] 🗺️ Broadcast recibido. Avatares: 1 [Hijo Test(2)] @ https://jimsimrodev.github.io/pequenos-sanos/assets/index-C7AoTPzR.js:82
[   86861ms] [LOG] [WS] 🗺️ Broadcast recibido. Avatares: 1 [Hijo Test(2)] @ https://jimsimrodev.github.io/pequenos-sanos/assets/index-C7AoTPzR.js:82
[   86885ms] [LOG] [WS] 🗺️ Broadcast recibido. Avatares: 1 [Hijo Test(2)] @ https://jimsimrodev.github.io/pequenos-sanos/assets/index-C7AoTPzR.js:82
[   86912ms] [LOG] [WS] 🗺️ Broadcast recibido. Avatares: 1 [Hijo Test(2)] @ https://jimsimrodev.github.io/pequenos-sanos/assets/index-C7AoTPzR.js:82
[   86955ms] [LOG] [WS] 🗺️ Broadcast recibido. Avatares: 1 [Hijo Test(2)] @ https://jimsimrodev.github.io/pequenos-sanos/assets/index-C7AoTPzR.js:82
[   86981ms] [LOG] [WS] 🗺️ Broadcast recibido. Avatares: 1 [Hijo Test(2)] @ https://jimsimrodev.github.io/pequenos-sanos/assets/index-C7AoTPzR.js:82
[   87026ms] [LOG] [WS] 🗺️ Broadcast recibido. Avatares: 1 [Hijo Test(2)] @ https://jimsimrodev.github.io/pequenos-sanos/assets/index-C7AoTPzR.js:82
[   87054ms] [LOG] [WS] 🗺️ Broadcast recibido. Avatares: 1 [Hijo Test(2)] @ https://jimsimrodev.github.io/pequenos-sanos/assets/index-C7AoTPzR.js:82
[   87087ms] [LOG] [WS] 🗺️ Broadcast recibido. Avatares: 1 [Hijo Test(2)] @ https://jimsimrodev.github.io/pequenos-sanos/assets/index-C7AoTPzR.js:82
[   87129ms] [LOG] [WS] 🗺️ Broadcast recibido. Avatares: 1 [Hijo Test(2)] @ https://jimsimrodev.github.io/pequenos-sanos/assets/index-C7AoTPzR.js:82
[   87156ms] [LOG] [WS] 🗺️ Broadcast recibido. Avatares: 1 [Hijo Test(2)] @ https://jimsimrodev.github.io/pequenos-sanos/assets/index-C7AoTPzR.js:82
[   87182ms] [LOG] [WS] 🗺️ Broadcast recibido. Avatares: 1 [Hijo Test(2)] @ https://jimsimrodev.github.io/pequenos-sanos/assets/index-C7AoTPzR.js:82
[   87221ms] [LOG] [WS] 🗺️ Broadcast recibido. Avatares: 1 [Hijo Test(2)] @ https://jimsimrodev.github.io/pequenos-sanos/assets/index-C7AoTPzR.js:82
[   87245ms] [LOG] [WS] 🗺️ Broadcast recibido. Avatares: 1 [Hijo Test(2)] @ https://jimsimrodev.github.io/pequenos-sanos/assets/index-C7AoTPzR.js:82
[   87292ms] [LOG] [WS] 🗺️ Broadcast recibido. Avatares: 1 [Hijo Test(2)] @ https://jimsimrodev.github.io/pequenos-sanos/assets/index-C7AoTPzR.js:82
[   87312ms] [LOG] [WS] 🗺️ Broadcast recibido. Avatares: 1 [Hijo Test(2)] @ https://jimsimrodev.github.io/pequenos-sanos/assets/index-C7AoTPzR.js:82
[   87358ms] [LOG] [WS] 🗺️ Broadcast recibido. Avatares: 1 [Hijo Test(2)] @ https://jimsimrodev.github.io/pequenos-sanos/assets/index-C7AoTPzR.js:82
[   87388ms] [LOG] [WS] 🗺️ Broadcast recibido. Avatares: 1 [Hijo Test(2)] @ https://jimsimrodev.github.io/pequenos-sanos/assets/index-C7AoTPzR.js:82
[   87412ms] [LOG] [WS] 🗺️ Broadcast recibido. Avatares: 1 [Hijo Test(2)] @ https://jimsimrodev.github.io/pequenos-sanos/assets/index-C7AoTPzR.js:82
[   87437ms] [LOG] [WS] 🗺️ Broadcast recibido. Avatares: 1 [Hijo Test(2)] @ https://jimsimrodev.github.io/pequenos-sanos/assets/index-C7AoTPzR.js:82
[   87475ms] [LOG] [WS] 🗺️ Broadcast recibido. Avatares: 1 [Hijo Test(2)] @ https://jimsimrodev.github.io/pequenos-sanos/assets/index-C7AoTPzR.js:82
[   87515ms] [LOG] [WS] 🗺️ Broadcast recibido. Avatares: 1 [Hijo Test(2)] @ https://jimsimrodev.github.io/pequenos-sanos/assets/index-C7AoTPzR.js:82
[   87553ms] [LOG] [WS] 🗺️ Broadcast recibido. Avatares: 1 [Hijo Test(2)] @ https://jimsimrodev.github.io/pequenos-sanos/assets/index-C7AoTPzR.js:82
[   87571ms] [LOG] [WS] 🗺️ Broadcast recibido. Avatares: 1 [Hijo Test(2)] @ https://jimsimrodev.github.io/pequenos-sanos/assets/index-C7AoTPzR.js:82
[   87610ms] [LOG] [WS] 🗺️ Broadcast recibido. Avatares: 1 [Hijo Test(2)] @ https://jimsimrodev.github.io/pequenos-sanos/assets/index-C7AoTPzR.js:82
[   87663ms] [LOG] [WS] 🗺️ Broadcast recibido. Avatares: 1 [Hijo Test(2)] @ https://jimsimrodev.github.io/pequenos-sanos/assets/index-C7AoTPzR.js:82
[   87686ms] [LOG] [WS] 🗺️ Broadcast recibido. Avatares: 1 [Hijo Test(2)] @ https://jimsimrodev.github.io/pequenos-sanos/assets/index-C7AoTPzR.js:82
[   87709ms] [LOG] [WS] 🗺️ Broadcast recibido. Avatares: 1 [Hijo Test(2)] @ https://jimsimrodev.github.io/pequenos-sanos/assets/index-C7AoTPzR.js:82
[   87746ms] [LOG] [WS] 🗺️ Broadcast recibido. Avatares: 1 [Hijo Test(2)] @ https://jimsimrodev.github.io/pequenos-sanos/assets/index-C7AoTPzR.js:82
[   87779ms] [LOG] [WS] 🗺️ Broadcast recibido. Avatares: 1 [Hijo Test(2)] @ https://jimsimrodev.github.io/pequenos-sanos/assets/index-C7AoTPzR.js:82
[   87825ms] [LOG] [WS] 🗺️ Broadcast recibido. Avatares: 1 [Hijo Test(2)] @ https://jimsimrodev.github.io/pequenos-sanos/assets/index-C7AoTPzR.js:82
[   87847ms] [LOG] [WS] 🗺️ Broadcast recibido. Avatares: 1 [Hijo Test(2)] @ https://jimsimrodev.github.io/pequenos-sanos/assets/index-C7AoTPzR.js:82
[   87891ms] [LOG] [WS] 🗺️ Broadcast recibido. Avatares: 1 [Hijo Test(2)] @ https://jimsimrodev.github.io/pequenos-sanos/assets/index-C7AoTPzR.js:82
[   87911ms] [LOG] [WS] 🗺️ Broadcast recibido. Avatares: 1 [Hijo Test(2)] @ https://jimsimrodev.github.io/pequenos-sanos/assets/index-C7AoTPzR.js:82
[   87934ms] [LOG] [WS] 🗺️ Broadcast recibido. Avatares: 1 [Hijo Test(2)] @ https://jimsimrodev.github.io/pequenos-sanos/assets/index-C7AoTPzR.js:82
[   87975ms] [LOG] [WS] 🗺️ Broadcast recibido. Avatares: 1 [Hijo Test(2)] @ https://jimsimrodev.github.io/pequenos-sanos/assets/index-C7AoTPzR.js:82
[   88017ms] [LOG] [WS] 🗺️ Broadcast recibido. Avatares: 1 [Hijo Test(2)] @ https://jimsimrodev.github.io/pequenos-sanos/assets/index-C7AoTPzR.js:82
[   88043ms] [LOG] [WS] 🗺️ Broadcast recibido. Avatares: 1 [Hijo Test(2)] @ https://jimsimrodev.github.io/pequenos-sanos/assets/index-C7AoTPzR.js:82
[   88065ms] [LOG] [WS] 🗺️ Broadcast recibido. Avatares: 1 [Hijo Test(2)] @ https://jimsimrodev.github.io/pequenos-sanos/assets/index-C7AoTPzR.js:82
[   88112ms] [LOG] [WS] 🗺️ Broadcast recibido. Avatares: 1 [Hijo Test(2)] @ https://jimsimrodev.github.io/pequenos-sanos/assets/index-C7AoTPzR.js:82
[   88138ms] [LOG] [WS] 🗺️ Broadcast recibido. Avatares: 1 [Hijo Test(2)] @ https://jimsimrodev.github.io/pequenos-sanos/assets/index-C7AoTPzR.js:82
[   88169ms] [LOG] [WS] 🗺️ Broadcast recibido. Avatares: 1 [Hijo Test(2)] @ https://jimsimrodev.github.io/pequenos-sanos/assets/index-C7AoTPzR.js:82
[   88210ms] [LOG] [WS] 🗺️ Broadcast recibido. Avatares: 1 [Hijo Test(2)] @ https://jimsimrodev.github.io/pequenos-sanos/assets/index-C7AoTPzR.js:82
[   88250ms] [LOG] [WS] 🗺️ Broadcast recibido. Avatares: 1 [Hijo Test(2)] @ https://jimsimrodev.github.io/pequenos-sanos/assets/index-C7AoTPzR.js:82
[   88273ms] [LOG] [WS] 🗺️ Broadcast recibido. Avatares: 1 [Hijo Test(2)] @ https://jimsimrodev.github.io/pequenos-sanos/assets/index-C7AoTPzR.js:82
[   88313ms] [LOG] [WS] 🗺️ Broadcast recibido. Avatares: 1 [Hijo Test(2)] @ https://jimsimrodev.github.io/pequenos-sanos/assets/index-C7AoTPzR.js:82
[   88344ms] [LOG] [WS] 🗺️ Broadcast recibido. Avatares: 1 [Hijo Test(2)] @ https://jimsimrodev.github.io/pequenos-sanos/assets/index-C7AoTPzR.js:82
[   88399ms] [LOG] [WS] 🗺️ Broadcast recibido. Avatares: 1 [Hijo Test(2)] @ https://jimsimrodev.github.io/pequenos-sanos/assets/index-C7AoTPzR.js:82
[   88436ms] [LOG] [WS] 🗺️ Broadcast recibido. Avatares: 1 [Hijo Test(2)] @ https://jimsimrodev.github.io/pequenos-sanos/assets/index-C7AoTPzR.js:82
[   88471ms] [LOG] [WS] 🗺️ Broadcast recibido. Avatares: 1 [Hijo Test(2)] @ https://jimsimrodev.github.io/pequenos-sanos/assets/index-C7AoTPzR.js:82
[   88505ms] [LOG] [WS] 🗺️ Broadcast recibido. Avatares: 1 [Hijo Test(2)] @ https://jimsimrodev.github.io/pequenos-sanos/assets/index-C7AoTPzR.js:82
[   88537ms] [LOG] [WS] 🗺️ Broadcast recibido. Avatares: 1 [Hijo Test(2)] @ https://jimsimrodev.github.io/pequenos-sanos/assets/index-C7AoTPzR.js:82
[   88563ms] [LOG] [WS] 🗺️ Broadcast recibido. Avatares: 1 [Hijo Test(2)] @ https://jimsimrodev.github.io/pequenos-sanos/assets/index-C7AoTPzR.js:82
[   88600ms] [LOG] [WS] 🗺️ Broadcast recibido. Avatares: 1 [Hijo Test(2)] @ https://jimsimrodev.github.io/pequenos-sanos/assets/index-C7AoTPzR.js:82
[   88621ms] [LOG] [WS] 🗺️ Broadcast recibido. Avatares: 1 [Hijo Test(2)] @ https://jimsimrodev.github.io/pequenos-sanos/assets/index-C7AoTPzR.js:82
[   88722ms] [LOG] [WS] 🗺️ Broadcast recibido. Avatares: 1 [Hijo Test(2)] @ https://jimsimrodev.github.io/pequenos-sanos/assets/index-C7AoTPzR.js:82
[   88741ms] [LOG] [WS] 🗺️ Broadcast recibido. Avatares: 1 [Hijo Test(2)] @ https://jimsimrodev.github.io/pequenos-sanos/assets/index-C7AoTPzR.js:82
[   88744ms] [LOG] [WS] 🗺️ Broadcast recibido. Avatares: 1 [Hijo Test(2)] @ https://jimsimrodev.github.io/pequenos-sanos/assets/index-C7AoTPzR.js:82
[   88793ms] [LOG] [WS] 🗺️ Broadcast recibido. Avatares: 1 [Hijo Test(2)] @ https://jimsimrodev.github.io/pequenos-sanos/assets/index-C7AoTPzR.js:82
[   88820ms] [LOG] [WS] 🗺️ Broadcast recibido. Avatares: 1 [Hijo Test(2)] @ https://jimsimrodev.github.io/pequenos-sanos/assets/index-C7AoTPzR.js:82
[   88871ms] [LOG] [WS] 🗺️ Broadcast recibido. Avatares: 1 [Hijo Test(2)] @ https://jimsimrodev.github.io/pequenos-sanos/assets/index-C7AoTPzR.js:82
[   88896ms] [LOG] [WS] 🗺️ Broadcast recibido. Avatares: 1 [Hijo Test(2)] @ https://jimsimrodev.github.io/pequenos-sanos/assets/index-C7AoTPzR.js:82
[   88919ms] [LOG] [WS] 🗺️ Broadcast recibido. Avatares: 1 [Hijo Test(2)] @ https://jimsimrodev.github.io/pequenos-sanos/assets/index-C7AoTPzR.js:82
[   88941ms] [LOG] [WS] 🗺️ Broadcast recibido. Avatares: 1 [Hijo Test(2)] @ https://jimsimrodev.github.io/pequenos-sanos/assets/index-C7AoTPzR.js:82
[   88994ms] [LOG] [WS] 🗺️ Broadcast recibido. Avatares: 1 [Hijo Test(2)] @ https://jimsimrodev.github.io/pequenos-sanos/assets/index-C7AoTPzR.js:82
[   89014ms] [LOG] [WS] 🗺️ Broadcast recibido. Avatares: 1 [Hijo Test(2)] @ https://jimsimrodev.github.io/pequenos-sanos/assets/index-C7AoTPzR.js:82
[   89059ms] [LOG] [WS] 🗺️ Broadcast recibido. Avatares: 1 [Hijo Test(2)] @ https://jimsimrodev.github.io/pequenos-sanos/assets/index-C7AoTPzR.js:82
[   89084ms] [LOG] [WS] 🗺️ Broadcast recibido. Avatares: 1 [Hijo Test(2)] @ https://jimsimrodev.github.io/pequenos-sanos/assets/index-C7AoTPzR.js:82
[   89136ms] [LOG] [WS] 🗺️ Broadcast recibido. Avatares: 1 [Hijo Test(2)] @ https://jimsimrodev.github.io/pequenos-sanos/assets/index-C7AoTPzR.js:82
[   89155ms] [LOG] [WS] 🗺️ Broadcast recibido. Avatares: 1 [Hijo Test(2)] @ https://jimsimrodev.github.io/pequenos-sanos/assets/index-C7AoTPzR.js:82
[   89156ms] [LOG] [WS] 🗺️ Broadcast recibido. Avatares: 1 [Hijo Test(2)] @ https://jimsimrodev.github.io/pequenos-sanos/assets/index-C7AoTPzR.js:82
[   89204ms] [LOG] [WS] 🗺️ Broadcast recibido. Avatares: 1 [Hijo Test(2)] @ https://jimsimrodev.github.io/pequenos-sanos/assets/index-C7AoTPzR.js:82
[   89221ms] [LOG] [WS] 🗺️ Broadcast recibido. Avatares: 1 [Hijo Test(2)] @ https://jimsimrodev.github.io/pequenos-sanos/assets/index-C7AoTPzR.js:82
[   89266ms] [LOG] [WS] 🗺️ Broadcast recibido. Avatares: 1 [Hijo Test(2)] @ https://jimsimrodev.github.io/pequenos-sanos/assets/index-C7AoTPzR.js:82
[   89292ms] [LOG] [WS] 🗺️ Broadcast recibido. Avatares: 1 [Hijo Test(2)] @ https://jimsimrodev.github.io/pequenos-sanos/assets/index-C7AoTPzR.js:82
[   89313ms] [LOG] [WS] 🗺️ Broadcast recibido. Avatares: 1 [Hijo Test(2)] @ https://jimsimrodev.github.io/pequenos-sanos/assets/index-C7AoTPzR.js:82
[   89341ms] [LOG] [WS] 🗺️ Broadcast recibido. Avatares: 1 [Hijo Test(2)] @ https://jimsimrodev.github.io/pequenos-sanos/assets/index-C7AoTPzR.js:82
[   89362ms] [LOG] [WS] 🗺️ Broadcast recibido. Avatares: 1 [Hijo Test(2)] @ https://jimsimrodev.github.io/pequenos-sanos/assets/index-C7AoTPzR.js:82
[   89387ms] [LOG] [WS] 🗺️ Broadcast recibido. Avatares: 1 [Hijo Test(2)] @ https://jimsimrodev.github.io/pequenos-sanos/assets/index-C7AoTPzR.js:82
[   89437ms] [LOG] [WS] 🗺️ Broadcast recibido. Avatares: 1 [Hijo Test(2)] @ https://jimsimrodev.github.io/pequenos-sanos/assets/index-C7AoTPzR.js:82
[   89471ms] [LOG] [WS] 🗺️ Broadcast recibido. Avatares: 1 [Hijo Test(2)] @ https://jimsimrodev.github.io/pequenos-sanos/assets/index-C7AoTPzR.js:82
[   89496ms] [LOG] [WS] 🗺️ Broadcast recibido. Avatares: 1 [Hijo Test(2)] @ https://jimsimrodev.github.io/pequenos-sanos/assets/index-C7AoTPzR.js:82
[   89519ms] [LOG] [WS] 🗺️ Broadcast recibido. Avatares: 1 [Hijo Test(2)] @ https://jimsimrodev.github.io/pequenos-sanos/assets/index-C7AoTPzR.js:82
[   89576ms] [LOG] [WS] 🗺️ Broadcast recibido. Avatares: 1 [Hijo Test(2)] @ https://jimsimrodev.github.io/pequenos-sanos/assets/index-C7AoTPzR.js:82
[   89601ms] [LOG] [WS] 🗺️ Broadcast recibido. Avatares: 1 [Hijo Test(2)] @ https://jimsimrodev.github.io/pequenos-sanos/assets/index-C7AoTPzR.js:82
[   89622ms] [LOG] [WS] 🗺️ Broadcast recibido. Avatares: 1 [Hijo Test(2)] @ https://jimsimrodev.github.io/pequenos-sanos/assets/index-C7AoTPzR.js:82
[   89663ms] [LOG] [WS] 🗺️ Broadcast recibido. Avatares: 1 [Hijo Test(2)] @ https://jimsimrodev.github.io/pequenos-sanos/assets/index-C7AoTPzR.js:82
[   89690ms] [LOG] [WS] 🗺️ Broadcast recibido. Avatares: 1 [Hijo Test(2)] @ https://jimsimrodev.github.io/pequenos-sanos/assets/index-C7AoTPzR.js:82
[   89737ms] [LOG] [WS] 🗺️ Broadcast recibido. Avatares: 1 [Hijo Test(2)] @ https://jimsimrodev.github.io/pequenos-sanos/assets/index-C7AoTPzR.js:82
[   89760ms] [LOG] [WS] 🗺️ Broadcast recibido. Avatares: 1 [Hijo Test(2)] @ https://jimsimrodev.github.io/pequenos-sanos/assets/index-C7AoTPzR.js:82
[   89795ms] [LOG] [WS] 🗺️ Broadcast recibido. Avatares: 1 [Hijo Test(2)] @ https://jimsimrodev.github.io/pequenos-sanos/assets/index-C7AoTPzR.js:82
[   89835ms] [LOG] [WS] 🗺️ Broadcast recibido. Avatares: 1 [Hijo Test(2)] @ https://jimsimrodev.github.io/pequenos-sanos/assets/index-C7AoTPzR.js:82
[   89859ms] [LOG] [WS] 🗺️ Broadcast recibido. Avatares: 1 [Hijo Test(2)] @ https://jimsimrodev.github.io/pequenos-sanos/assets/index-C7AoTPzR.js:82
[   89883ms] [LOG] [WS] 🗺️ Broadcast recibido. Avatares: 1 [Hijo Test(2)] @ https://jimsimrodev.github.io/pequenos-sanos/assets/index-C7AoTPzR.js:82
[   89927ms] [LOG] [WS] 🗺️ Broadcast recibido. Avatares: 1 [Hijo Test(2)] @ https://jimsimrodev.github.io/pequenos-sanos/assets/index-C7AoTPzR.js:82
[   89947ms] [LOG] [WS] 🗺️ Broadcast recibido. Avatares: 1 [Hijo Test(2)] @ https://jimsimrodev.github.io/pequenos-sanos/assets/index-C7AoTPzR.js:82
[   89984ms] [LOG] [WS] 🗺️ Broadcast recibido. Avatares: 1 [Hijo Test(2)] @ https://jimsimrodev.github.io/pequenos-sanos/assets/index-C7AoTPzR.js:82
[   90037ms] [LOG] [WS] 🗺️ Broadcast recibido. Avatares: 1 [Hijo Test(2)] @ https://jimsimrodev.github.io/pequenos-sanos/assets/index-C7AoTPzR.js:82
[   90057ms] [LOG] [WS] 🗺️ Broadcast recibido. Avatares: 1 [Hijo Test(2)] @ https://jimsimrodev.github.io/pequenos-sanos/assets/index-C7AoTPzR.js:82
[   90090ms] [LOG] [WS] 🗺️ Broadcast recibido. Avatares: 1 [Hijo Test(2)] @ https://jimsimrodev.github.io/pequenos-sanos/assets/index-C7AoTPzR.js:82
[   90120ms] [LOG] [WS] 🗺️ Broadcast recibido. Avatares: 1 [Hijo Test(2)] @ https://jimsimrodev.github.io/pequenos-sanos/assets/index-C7AoTPzR.js:82
[   90158ms] [LOG] [WS] 🗺️ Broadcast recibido. Avatares: 1 [Hijo Test(2)] @ https://jimsimrodev.github.io/pequenos-sanos/assets/index-C7AoTPzR.js:82
[   90178ms] [LOG] [WS] 🗺️ Broadcast recibido. Avatares: 1 [Hijo Test(2)] @ https://jimsimrodev.github.io/pequenos-sanos/assets/index-C7AoTPzR.js:82
[   90228ms] [LOG] [WS] 🗺️ Broadcast recibido. Avatares: 1 [Hijo Test(2)] @ https://jimsimrodev.github.io/pequenos-sanos/assets/index-C7AoTPzR.js:82
[   90258ms] [LOG] [WS] 🗺️ Broadcast recibido. Avatares: 1 [Hijo Test(2)] @ https://jimsimrodev.github.io/pequenos-sanos/assets/index-C7AoTPzR.js:82
[   90284ms] [LOG] [WS] 🗺️ Broadcast recibido. Avatares: 1 [Hijo Test(2)] @ https://jimsimrodev.github.io/pequenos-sanos/assets/index-C7AoTPzR.js:82
[   90310ms] [LOG] [WS] 🗺️ Broadcast recibido. Avatares: 1 [Hijo Test(2)] @ https://jimsimrodev.github.io/pequenos-sanos/assets/index-C7AoTPzR.js:82
[   90352ms] [LOG] [WS] 🗺️ Broadcast recibido. Avatares: 1 [Hijo Test(2)] @ https://jimsimrodev.github.io/pequenos-sanos/assets/index-C7AoTPzR.js:82
[   90396ms] [LOG] [WS] 🗺️ Broadcast recibido. Avatares: 1 [Hijo Test(2)] @ https://jimsimrodev.github.io/pequenos-sanos/assets/index-C7AoTPzR.js:82
[   90415ms] [LOG] [WS] 🗺️ Broadcast recibido. Avatares: 1 [Hijo Test(2)] @ https://jimsimrodev.github.io/pequenos-sanos/assets/index-C7AoTPzR.js:82
[   90453ms] [LOG] [WS] 🗺️ Broadcast recibido. Avatares: 1 [Hijo Test(2)] @ https://jimsimrodev.github.io/pequenos-sanos/assets/index-C7AoTPzR.js:82
[   90490ms] [LOG] [WS] 🗺️ Broadcast recibido. Avatares: 1 [Hijo Test(2)] @ https://jimsimrodev.github.io/pequenos-sanos/assets/index-C7AoTPzR.js:82
[   90513ms] [LOG] [WS] 🗺️ Broadcast recibido. Avatares: 1 [Hijo Test(2)] @ https://jimsimrodev.github.io/pequenos-sanos/assets/index-C7AoTPzR.js:82
[   90551ms] [LOG] [WS] 🗺️ Broadcast recibido. Avatares: 1 [Hijo Test(2)] @ https://jimsimrodev.github.io/pequenos-sanos/assets/index-C7AoTPzR.js:82
[   90588ms] [LOG] [WS] 🗺️ Broadcast recibido. Avatares: 1 [Hijo Test(2)] @ https://jimsimrodev.github.io/pequenos-sanos/assets/index-C7AoTPzR.js:82
[   90616ms] [LOG] [WS] 🗺️ Broadcast recibido. Avatares: 1 [Hijo Test(2)] @ https://jimsimrodev.github.io/pequenos-sanos/assets/index-C7AoTPzR.js:82
[   90647ms] [LOG] [WS] 🗺️ Broadcast recibido. Avatares: 1 [Hijo Test(2)] @ https://jimsimrodev.github.io/pequenos-sanos/assets/index-C7AoTPzR.js:82
[   90705ms] [LOG] [WS] 🗺️ Broadcast recibido. Avatares: 1 [Hijo Test(2)] @ https://jimsimrodev.github.io/pequenos-sanos/assets/index-C7AoTPzR.js:82
[   90739ms] [LOG] [WS] 🗺️ Broadcast recibido. Avatares: 1 [Hijo Test(2)] @ https://jimsimrodev.github.io/pequenos-sanos/assets/index-C7AoTPzR.js:82
[   90763ms] [LOG] [WS] 🗺️ Broadcast recibido. Avatares: 1 [Hijo Test(2)] @ https://jimsimrodev.github.io/pequenos-sanos/assets/index-C7AoTPzR.js:82
[   90793ms] [LOG] [WS] 🗺️ Broadcast recibido. Avatares: 1 [Hijo Test(2)] @ https://jimsimrodev.github.io/pequenos-sanos/assets/index-C7AoTPzR.js:82
[   90823ms] [LOG] [WS] 🗺️ Broadcast recibido. Avatares: 1 [Hijo Test(2)] @ https://jimsimrodev.github.io/pequenos-sanos/assets/index-C7AoTPzR.js:82
[   90854ms] [LOG] [WS] 🗺️ Broadcast recibido. Avatares: 1 [Hijo Test(2)] @ https://jimsimrodev.github.io/pequenos-sanos/assets/index-C7AoTPzR.js:82
[   90880ms] [LOG] [WS] 🗺️ Broadcast recibido. Avatares: 1 [Hijo Test(2)] @ https://jimsimrodev.github.io/pequenos-sanos/assets/index-C7AoTPzR.js:82
[   90916ms] [LOG] [WS] 🗺️ Broadcast recibido. Avatares: 1 [Hijo Test(2)] @ https://jimsimrodev.github.io/pequenos-sanos/assets/index-C7AoTPzR.js:82
[   90948ms] [LOG] [WS] 🗺️ Broadcast recibido. Avatares: 1 [Hijo Test(2)] @ https://jimsimrodev.github.io/pequenos-sanos/assets/index-C7AoTPzR.js:82
[   90981ms] [LOG] [WS] 🗺️ Broadcast recibido. Avatares: 1 [Hijo Test(2)] @ https://jimsimrodev.github.io/pequenos-sanos/assets/index-C7AoTPzR.js:82
[   91011ms] [LOG] [WS] 🗺️ Broadcast recibido. Avatares: 1 [Hijo Test(2)] @ https://jimsimrodev.github.io/pequenos-sanos/assets/index-C7AoTPzR.js:82
[   91040ms] [LOG] [WS] 🗺️ Broadcast recibido. Avatares: 1 [Hijo Test(2)] @ https://jimsimrodev.github.io/pequenos-sanos/assets/index-C7AoTPzR.js:82
[   91070ms] [LOG] [WS] 🗺️ Broadcast recibido. Avatares: 1 [Hijo Test(2)] @ https://jimsimrodev.github.io/pequenos-sanos/assets/index-C7AoTPzR.js:82
[   91100ms] [LOG] [WS] 🗺️ Broadcast recibido. Avatares: 1 [Hijo Test(2)] @ https://jimsimrodev.github.io/pequenos-sanos/assets/index-C7AoTPzR.js:82
[   91147ms] [LOG] [WS] 🗺️ Broadcast recibido. Avatares: 1 [Hijo Test(2)] @ https://jimsimrodev.github.io/pequenos-sanos/assets/index-C7AoTPzR.js:82
[   91173ms] [LOG] [WS] 🗺️ Broadcast recibido. Avatares: 1 [Hijo Test(2)] @ https://jimsimrodev.github.io/pequenos-sanos/assets/index-C7AoTPzR.js:82
[   91225ms] [LOG] [WS] 🗺️ Broadcast recibido. Avatares: 1 [Hijo Test(2)] @ https://jimsimrodev.github.io/pequenos-sanos/assets/index-C7AoTPzR.js:82
[   91249ms] [LOG] [WS] 🗺️ Broadcast recibido. Avatares: 1 [Hijo Test(2)] @ https://jimsimrodev.github.io/pequenos-sanos/assets/index-C7AoTPzR.js:82
[   91280ms] [LOG] [WS] 🗺️ Broadcast recibido. Avatares: 1 [Hijo Test(2)] @ https://jimsimrodev.github.io/pequenos-sanos/assets/index-C7AoTPzR.js:82
[   91303ms] [LOG] [WS] 🗺️ Broadcast recibido. Avatares: 1 [Hijo Test(2)] @ https://jimsimrodev.github.io/pequenos-sanos/assets/index-C7AoTPzR.js:82
[   91361ms] [LOG] [WS] 🗺️ Broadcast recibido. Avatares: 1 [Hijo Test(2)] @ https://jimsimrodev.github.io/pequenos-sanos/assets/index-C7AoTPzR.js:82
[   91379ms] [LOG] [WS] 🗺️ Broadcast recibido. Avatares: 1 [Hijo Test(2)] @ https://jimsimrodev.github.io/pequenos-sanos/assets/index-C7AoTPzR.js:82
[   91401ms] [LOG] [WS] 🗺️ Broadcast recibido. Avatares: 1 [Hijo Test(2)] @ https://jimsimrodev.github.io/pequenos-sanos/assets/index-C7AoTPzR.js:82
[   91447ms] [LOG] [WS] 🗺️ Broadcast recibido. Avatares: 1 [Hijo Test(2)] @ https://jimsimrodev.github.io/pequenos-sanos/assets/index-C7AoTPzR.js:82
[   91472ms] [LOG] [WS] 🗺️ Broadcast recibido. Avatares: 1 [Hijo Test(2)] @ https://jimsimrodev.github.io/pequenos-sanos/assets/index-C7AoTPzR.js:82
[   91504ms] [LOG] [WS] 🗺️ Broadcast recibido. Avatares: 1 [Hijo Test(2)] @ https://jimsimrodev.github.io/pequenos-sanos/assets/index-C7AoTPzR.js:82
[   91535ms] [LOG] [WS] 🗺️ Broadcast recibido. Avatares: 1 [Hijo Test(2)] @ https://jimsimrodev.github.io/pequenos-sanos/assets/index-C7AoTPzR.js:82
[   91566ms] [LOG] [WS] 🗺️ Broadcast recibido. Avatares: 1 [Hijo Test(2)] @ https://jimsimrodev.github.io/pequenos-sanos/assets/index-C7AoTPzR.js:82
[   91600ms] [LOG] [WS] 🗺️ Broadcast recibido. Avatares: 1 [Hijo Test(2)] @ https://jimsimrodev.github.io/pequenos-sanos/assets/index-C7AoTPzR.js:82
[   91659ms] [LOG] [WS] 🗺️ Broadcast recibido. Avatares: 1 [Hijo Test(2)] @ https://jimsimrodev.github.io/pequenos-sanos/assets/index-C7AoTPzR.js:82
[   91684ms] [LOG] [WS] 🗺️ Broadcast recibido. Avatares: 1 [Hijo Test(2)] @ https://jimsimrodev.github.io/pequenos-sanos/assets/index-C7AoTPzR.js:82
[   91715ms] [LOG] [WS] 🗺️ Broadcast recibido. Avatares: 1 [Hijo Test(2)] @ https://jimsimrodev.github.io/pequenos-sanos/assets/index-C7AoTPzR.js:82
[   91741ms] [LOG] [WS] 🗺️ Broadcast recibido. Avatares: 1 [Hijo Test(2)] @ https://jimsimrodev.github.io/pequenos-sanos/assets/index-C7AoTPzR.js:82
[   91770ms] [LOG] [WS] 🗺️ Broadcast recibido. Avatares: 1 [Hijo Test(2)] @ https://jimsimrodev.github.io/pequenos-sanos/assets/index-C7AoTPzR.js:82
[   91800ms] [LOG] [WS] 🗺️ Broadcast recibido. Avatares: 1 [Hijo Test(2)] @ https://jimsimrodev.github.io/pequenos-sanos/assets/index-C7AoTPzR.js:82
[   91829ms] [LOG] [WS] 🗺️ Broadcast recibido. Avatares: 1 [Hijo Test(2)] @ https://jimsimrodev.github.io/pequenos-sanos/assets/index-C7AoTPzR.js:82
[   91871ms] [LOG] [WS] 🗺️ Broadcast recibido. Avatares: 1 [Hijo Test(2)] @ https://jimsimrodev.github.io/pequenos-sanos/assets/index-C7AoTPzR.js:82
[   91903ms] [LOG] [WS] 🗺️ Broadcast recibido. Avatares: 1 [Hijo Test(2)] @ https://jimsimrodev.github.io/pequenos-sanos/assets/index-C7AoTPzR.js:82
[   91928ms] [LOG] [WS] 🗺️ Broadcast recibido. Avatares: 1 [Hijo Test(2)] @ https://jimsimrodev.github.io/pequenos-sanos/assets/index-C7AoTPzR.js:82
[   91971ms] [LOG] [WS] 🗺️ Broadcast recibido. Avatares: 1 [Hijo Test(2)] @ https://jimsimrodev.github.io/pequenos-sanos/assets/index-C7AoTPzR.js:82
[   92000ms] [LOG] [WS] 🗺️ Broadcast recibido. Avatares: 1 [Hijo Test(2)] @ https://jimsimrodev.github.io/pequenos-sanos/assets/index-C7AoTPzR.js:82
[   92048ms] [LOG] [WS] 🗺️ Broadcast recibido. Avatares: 1 [Hijo Test(2)] @ https://jimsimrodev.github.io/pequenos-sanos/assets/index-C7AoTPzR.js:82
[   92073ms] [LOG] [WS] 🗺️ Broadcast recibido. Avatares: 1 [Hijo Test(2)] @ https://jimsimrodev.github.io/pequenos-sanos/assets/index-C7AoTPzR.js:82
[   92096ms] [LOG] [WS] 🗺️ Broadcast recibido. Avatares: 1 [Hijo Test(2)] @ https://jimsimrodev.github.io/pequenos-sanos/assets/index-C7AoTPzR.js:82
[   92142ms] [LOG] [WS] 🗺️ Broadcast recibido. Avatares: 1 [Hijo Test(2)] @ https://jimsimrodev.github.io/pequenos-sanos/assets/index-C7AoTPzR.js:82
[   92169ms] [LOG] [WS] 🗺️ Broadcast recibido. Avatares: 1 [Hijo Test(2)] @ https://jimsimrodev.github.io/pequenos-sanos/assets/index-C7AoTPzR.js:82
[   92200ms] [LOG] [WS] 🗺️ Broadcast recibido. Avatares: 1 [Hijo Test(2)] @ https://jimsimrodev.github.io/pequenos-sanos/assets/index-C7AoTPzR.js:82
[   92226ms] [LOG] [WS] 🗺️ Broadcast recibido. Avatares: 1 [Hijo Test(2)] @ https://jimsimrodev.github.io/pequenos-sanos/assets/index-C7AoTPzR.js:82
[   92284ms] [LOG] [WS] 🗺️ Broadcast recibido. Avatares: 1 [Hijo Test(2)] @ https://jimsimrodev.github.io/pequenos-sanos/assets/index-C7AoTPzR.js:82
[   92304ms] [LOG] [WS] 🗺️ Broadcast recibido. Avatares: 1 [Hijo Test(2)] @ https://jimsimrodev.github.io/pequenos-sanos/assets/index-C7AoTPzR.js:82
[   92324ms] [LOG] [WS] 🗺️ Broadcast recibido. Avatares: 1 [Hijo Test(2)] @ https://jimsimrodev.github.io/pequenos-sanos/assets/index-C7AoTPzR.js:82
[   92371ms] [LOG] [WS] 🗺️ Broadcast recibido. Avatares: 1 [Hijo Test(2)] @ https://jimsimrodev.github.io/pequenos-sanos/assets/index-C7AoTPzR.js:82
[   92399ms] [LOG] [WS] 🗺️ Broadcast recibido. Avatares: 1 [Hijo Test(2)] @ https://jimsimrodev.github.io/pequenos-sanos/assets/index-C7AoTPzR.js:82
[   92445ms] [LOG] [WS] 🗺️ Broadcast recibido. Avatares: 1 [Hijo Test(2)] @ https://jimsimrodev.github.io/pequenos-sanos/assets/index-C7AoTPzR.js:82
[   92472ms] [LOG] [WS] 🗺️ Broadcast recibido. Avatares: 1 [Hijo Test(2)] @ https://jimsimrodev.github.io/pequenos-sanos/assets/index-C7AoTPzR.js:82
[   92505ms] [LOG] [WS] 🗺️ Broadcast recibido. Avatares: 1 [Hijo Test(2)] @ https://jimsimrodev.github.io/pequenos-sanos/assets/index-C7AoTPzR.js:82
[   92530ms] [LOG] [WS] 🗺️ Broadcast recibido. Avatares: 1 [Hijo Test(2)] @ https://jimsimrodev.github.io/pequenos-sanos/assets/index-C7AoTPzR.js:82
[   92566ms] [LOG] [WS] 🗺️ Broadcast recibido. Avatares: 1 [Hijo Test(2)] @ https://jimsimrodev.github.io/pequenos-sanos/assets/index-C7AoTPzR.js:82
[   92589ms] [LOG] [WS] 🗺️ Broadcast recibido. Avatares: 1 [Hijo Test(2)] @ https://jimsimrodev.github.io/pequenos-sanos/assets/index-C7AoTPzR.js:82
[   92625ms] [LOG] [WS] 🗺️ Broadcast recibido. Avatares: 1 [Hijo Test(2)] @ https://jimsimrodev.github.io/pequenos-sanos/assets/index-C7AoTPzR.js:82
[   92659ms] [LOG] [WS] 🗺️ Broadcast recibido. Avatares: 1 [Hijo Test(2)] @ https://jimsimrodev.github.io/pequenos-sanos/assets/index-C7AoTPzR.js:82
[   92704ms] [LOG] [WS] 🗺️ Broadcast recibido. Avatares: 1 [Hijo Test(2)] @ https://jimsimrodev.github.io/pequenos-sanos/assets/index-C7AoTPzR.js:82
[   92746ms] [LOG] [WS] 🗺️ Broadcast recibido. Avatares: 1 [Hijo Test(2)] @ https://jimsimrodev.github.io/pequenos-sanos/assets/index-C7AoTPzR.js:82
[   92768ms] [LOG] [WS] 🗺️ Broadcast recibido. Avatares: 1 [Hijo Test(2)] @ https://jimsimrodev.github.io/pequenos-sanos/assets/index-C7AoTPzR.js:82
[   92795ms] [LOG] [WS] 🗺️ Broadcast recibido. Avatares: 1 [Hijo Test(2)] @ https://jimsimrodev.github.io/pequenos-sanos/assets/index-C7AoTPzR.js:82
[   92835ms] [LOG] [WS] 🗺️ Broadcast recibido. Avatares: 1 [Hijo Test(2)] @ https://jimsimrodev.github.io/pequenos-sanos/assets/index-C7AoTPzR.js:82
[   92864ms] [LOG] [WS] 🗺️ Broadcast recibido. Avatares: 1 [Hijo Test(2)] @ https://jimsimrodev.github.io/pequenos-sanos/assets/index-C7AoTPzR.js:82
[   92898ms] [LOG] [WS] 🗺️ Broadcast recibido. Avatares: 1 [Hijo Test(2)] @ https://jimsimrodev.github.io/pequenos-sanos/assets/index-C7AoTPzR.js:82
[   92933ms] [LOG] [WS] 🗺️ Broadcast recibido. Avatares: 1 [Hijo Test(2)] @ https://jimsimrodev.github.io/pequenos-sanos/assets/index-C7AoTPzR.js:82
[   92981ms] [LOG] [WS] 🗺️ Broadcast recibido. Avatares: 1 [Hijo Test(2)] @ https://jimsimrodev.github.io/pequenos-sanos/assets/index-C7AoTPzR.js:82
[   93012ms] [LOG] [WS] 🗺️ Broadcast recibido. Avatares: 1 [Hijo Test(2)] @ https://jimsimrodev.github.io/pequenos-sanos/assets/index-C7AoTPzR.js:82
[   93038ms] [LOG] [WS] 🗺️ Broadcast recibido. Avatares: 1 [Hijo Test(2)] @ https://jimsimrodev.github.io/pequenos-sanos/assets/index-C7AoTPzR.js:82
[   93073ms] [LOG] [WS] 🗺️ Broadcast recibido. Avatares: 1 [Hijo Test(2)] @ https://jimsimrodev.github.io/pequenos-sanos/assets/index-C7AoTPzR.js:82
[   93102ms] [LOG] [WS] 🗺️ Broadcast recibido. Avatares: 1 [Hijo Test(2)] @ https://jimsimrodev.github.io/pequenos-sanos/assets/index-C7AoTPzR.js:82
[   93129ms] [LOG] [WS] 🗺️ Broadcast recibido. Avatares: 1 [Hijo Test(2)] @ https://jimsimrodev.github.io/pequenos-sanos/assets/index-C7AoTPzR.js:82
[   93152ms] [LOG] [WS] 🗺️ Broadcast recibido. Avatares: 1 [Hijo Test(2)] @ https://jimsimrodev.github.io/pequenos-sanos/assets/index-C7AoTPzR.js:82
[   93191ms] [LOG] [WS] 🗺️ Broadcast recibido. Avatares: 1 [Hijo Test(2)] @ https://jimsimrodev.github.io/pequenos-sanos/assets/index-C7AoTPzR.js:82
[   93218ms] [LOG] [WS] 🗺️ Broadcast recibido. Avatares: 1 [Hijo Test(2)] @ https://jimsimrodev.github.io/pequenos-sanos/assets/index-C7AoTPzR.js:82
[   93260ms] [LOG] [WS] 🗺️ Broadcast recibido. Avatares: 1 [Hijo Test(2)] @ https://jimsimrodev.github.io/pequenos-sanos/assets/index-C7AoTPzR.js:82
[   93283ms] [LOG] [WS] 🗺️ Broadcast recibido. Avatares: 1 [Hijo Test(2)] @ https://jimsimrodev.github.io/pequenos-sanos/assets/index-C7AoTPzR.js:82
[   93325ms] [LOG] [WS] 🗺️ Broadcast recibido. Avatares: 1 [Hijo Test(2)] @ https://jimsimrodev.github.io/pequenos-sanos/assets/index-C7AoTPzR.js:82
[   93351ms] [LOG] [WS] 🗺️ Broadcast recibido. Avatares: 1 [Hijo Test(2)] @ https://jimsimrodev.github.io/pequenos-sanos/assets/index-C7AoTPzR.js:82
[   93399ms] [LOG] [WS] 🗺️ Broadcast recibido. Avatares: 1 [Hijo Test(2)] @ https://jimsimrodev.github.io/pequenos-sanos/assets/index-C7AoTPzR.js:82
[   93427ms] [LOG] [WS] 🗺️ Broadcast recibido. Avatares: 1 [Hijo Test(2)] @ https://jimsimrodev.github.io/pequenos-sanos/assets/index-C7AoTPzR.js:82
[   93457ms] [LOG] [WS] 🗺️ Broadcast recibido. Avatares: 1 [Hijo Test(2)] @ https://jimsimrodev.github.io/pequenos-sanos/assets/index-C7AoTPzR.js:82
[   93486ms] [LOG] [WS] 🗺️ Broadcast recibido. Avatares: 1 [Hijo Test(2)] @ https://jimsimrodev.github.io/pequenos-sanos/assets/index-C7AoTPzR.js:82
[   93539ms] [LOG] [WS] 🗺️ Broadcast recibido. Avatares: 1 [Hijo Test(2)] @ https://jimsimrodev.github.io/pequenos-sanos/assets/index-C7AoTPzR.js:82
[   93561ms] [LOG] [WS] 🗺️ Broadcast recibido. Avatares: 1 [Hijo Test(2)] @ https://jimsimrodev.github.io/pequenos-sanos/assets/index-C7AoTPzR.js:82
[   93585ms] [LOG] [WS] 🗺️ Broadcast recibido. Avatares: 1 [Hijo Test(2)] @ https://jimsimrodev.github.io/pequenos-sanos/assets/index-C7AoTPzR.js:82
[   93633ms] [LOG] [WS] 🗺️ Broadcast recibido. Avatares: 1 [Hijo Test(2)] @ https://jimsimrodev.github.io/pequenos-sanos/assets/index-C7AoTPzR.js:82
[   93657ms] [LOG] [WS] 🗺️ Broadcast recibido. Avatares: 1 [Hijo Test(2)] @ https://jimsimrodev.github.io/pequenos-sanos/assets/index-C7AoTPzR.js:82
[   93688ms] [LOG] [WS] 🗺️ Broadcast recibido. Avatares: 1 [Hijo Test(2)] @ https://jimsimrodev.github.io/pequenos-sanos/assets/index-C7AoTPzR.js:82
[   93714ms] [LOG] [WS] 🗺️ Broadcast recibido. Avatares: 1 [Hijo Test(2)] @ https://jimsimrodev.github.io/pequenos-sanos/assets/index-C7AoTPzR.js:82
[   93764ms] [LOG] [WS] 🗺️ Broadcast recibido. Avatares: 1 [Hijo Test(2)] @ https://jimsimrodev.github.io/pequenos-sanos/assets/index-C7AoTPzR.js:82
[   93792ms] [LOG] [WS] 🗺️ Broadcast recibido. Avatares: 1 [Hijo Test(2)] @ https://jimsimrodev.github.io/pequenos-sanos/assets/index-C7AoTPzR.js:82
[   93818ms] [LOG] [WS] 🗺️ Broadcast recibido. Avatares: 1 [Hijo Test(2)] @ https://jimsimrodev.github.io/pequenos-sanos/assets/index-C7AoTPzR.js:82
[   93844ms] [LOG] [WS] 🗺️ Broadcast recibido. Avatares: 1 [Hijo Test(2)] @ https://jimsimrodev.github.io/pequenos-sanos/assets/index-C7AoTPzR.js:82
[   93885ms] [LOG] [WS] 🗺️ Broadcast recibido. Avatares: 1 [Hijo Test(2)] @ https://jimsimrodev.github.io/pequenos-sanos/assets/index-C7AoTPzR.js:82
[   93911ms] [LOG] [WS] 🗺️ Broadcast recibido. Avatares: 1 [Hijo Test(2)] @ https://jimsimrodev.github.io/pequenos-sanos/assets/index-C7AoTPzR.js:82
[   93949ms] [LOG] [WS] 🗺️ Broadcast recibido. Avatares: 1 [Hijo Test(2)] @ https://jimsimrodev.github.io/pequenos-sanos/assets/index-C7AoTPzR.js:82
[   93980ms] [LOG] [WS] 🗺️ Broadcast recibido. Avatares: 1 [Hijo Test(2)] @ https://jimsimrodev.github.io/pequenos-sanos/assets/index-C7AoTPzR.js:82
[   94010ms] [LOG] [WS] 🗺️ Broadcast recibido. Avatares: 1 [Hijo Test(2)] @ https://jimsimrodev.github.io/pequenos-sanos/assets/index-C7AoTPzR.js:82
[   94053ms] [LOG] [WS] 🗺️ Broadcast recibido. Avatares: 1 [Hijo Test(2)] @ https://jimsimrodev.github.io/pequenos-sanos/assets/index-C7AoTPzR.js:82
[   94079ms] [LOG] [WS] 🗺️ Broadcast recibido. Avatares: 1 [Hijo Test(2)] @ https://jimsimrodev.github.io/pequenos-sanos/assets/index-C7AoTPzR.js:82
[   94135ms] [LOG] [WS] 🗺️ Broadcast recibido. Avatares: 1 [Hijo Test(2)] @ https://jimsimrodev.github.io/pequenos-sanos/assets/index-C7AoTPzR.js:82
[   94171ms] [LOG] [WS] 🗺️ Broadcast recibido. Avatares: 1 [Hijo Test(2)] @ https://jimsimrodev.github.io/pequenos-sanos/assets/index-C7AoTPzR.js:82
[   94205ms] [LOG] [WS] 🗺️ Broadcast recibido. Avatares: 1 [Hijo Test(2)] @ https://jimsimrodev.github.io/pequenos-sanos/assets/index-C7AoTPzR.js:82
[   94227ms] [LOG] [WS] 🗺️ Broadcast recibido. Avatares: 1 [Hijo Test(2)] @ https://jimsimrodev.github.io/pequenos-sanos/assets/index-C7AoTPzR.js:82
[   94254ms] [LOG] [WS] 🗺️ Broadcast recibido. Avatares: 1 [Hijo Test(2)] @ https://jimsimrodev.github.io/pequenos-sanos/assets/index-C7AoTPzR.js:82
[   94279ms] [LOG] [WS] 🗺️ Broadcast recibido. Avatares: 1 [Hijo Test(2)] @ https://jimsimrodev.github.io/pequenos-sanos/assets/index-C7AoTPzR.js:82
[   94307ms] [LOG] [WS] 🗺️ Broadcast recibido. Avatares: 1 [Hijo Test(2)] @ https://jimsimrodev.github.io/pequenos-sanos/assets/index-C7AoTPzR.js:82
[   94358ms] [LOG] [WS] 🗺️ Broadcast recibido. Avatares: 1 [Hijo Test(2)] @ https://jimsimrodev.github.io/pequenos-sanos/assets/index-C7AoTPzR.js:82
[   94391ms] [LOG] [WS] 🗺️ Broadcast recibido. Avatares: 1 [Hijo Test(2)] @ https://jimsimrodev.github.io/pequenos-sanos/assets/index-C7AoTPzR.js:82
[   94417ms] [LOG] [WS] 🗺️ Broadcast recibido. Avatares: 1 [Hijo Test(2)] @ https://jimsimrodev.github.io/pequenos-sanos/assets/index-C7AoTPzR.js:82
[   94444ms] [LOG] [WS] 🗺️ Broadcast recibido. Avatares: 1 [Hijo Test(2)] @ https://jimsimrodev.github.io/pequenos-sanos/assets/index-C7AoTPzR.js:82
[   94479ms] [LOG] [WS] 🗺️ Broadcast recibido. Avatares: 1 [Hijo Test(2)] @ https://jimsimrodev.github.io/pequenos-sanos/assets/index-C7AoTPzR.js:82
[   94570ms] [LOG] [WS] 🗺️ Broadcast recibido. Avatares: 1 [Hijo Test(2)] @ https://jimsimrodev.github.io/pequenos-sanos/assets/index-C7AoTPzR.js:82
[   94606ms] [LOG] [WS] 🗺️ Broadcast recibido. Avatares: 1 [Hijo Test(2)] @ https://jimsimrodev.github.io/pequenos-sanos/assets/index-C7AoTPzR.js:82
[   94608ms] [LOG] [WS] 🗺️ Broadcast recibido. Avatares: 1 [Hijo Test(2)] @ https://jimsimrodev.github.io/pequenos-sanos/assets/index-C7AoTPzR.js:82
[   94651ms] [LOG] [WS] 🗺️ Broadcast recibido. Avatares: 1 [Hijo Test(2)] @ https://jimsimrodev.github.io/pequenos-sanos/assets/index-C7AoTPzR.js:82
[   94681ms] [LOG] [WS] 🗺️ Broadcast recibido. Avatares: 1 [Hijo Test(2)] @ https://jimsimrodev.github.io/pequenos-sanos/assets/index-C7AoTPzR.js:82
[   94714ms] [LOG] [WS] 🗺️ Broadcast recibido. Avatares: 1 [Hijo Test(2)] @ https://jimsimrodev.github.io/pequenos-sanos/assets/index-C7AoTPzR.js:82
[   94747ms] [LOG] [WS] 🗺️ Broadcast recibido. Avatares: 1 [Hijo Test(2)] @ https://jimsimrodev.github.io/pequenos-sanos/assets/index-C7AoTPzR.js:82
[   94785ms] [LOG] [WS] 🗺️ Broadcast recibido. Avatares: 1 [Hijo Test(2)] @ https://jimsimrodev.github.io/pequenos-sanos/assets/index-C7AoTPzR.js:82
[   94819ms] [LOG] [WS] 🗺️ Broadcast recibido. Avatares: 1 [Hijo Test(2)] @ https://jimsimrodev.github.io/pequenos-sanos/assets/index-C7AoTPzR.js:82
[   94853ms] [LOG] [WS] 🗺️ Broadcast recibido. Avatares: 1 [Hijo Test(2)] @ https://jimsimrodev.github.io/pequenos-sanos/assets/index-C7AoTPzR.js:82
[   94891ms] [LOG] [WS] 🗺️ Broadcast recibido. Avatares: 1 [Hijo Test(2)] @ https://jimsimrodev.github.io/pequenos-sanos/assets/index-C7AoTPzR.js:82
[   94927ms] [LOG] [WS] 🗺️ Broadcast recibido. Avatares: 1 [Hijo Test(2)] @ https://jimsimrodev.github.io/pequenos-sanos/assets/index-C7AoTPzR.js:82
[   94960ms] [LOG] [WS] 🗺️ Broadcast recibido. Avatares: 1 [Hijo Test(2)] @ https://jimsimrodev.github.io/pequenos-sanos/assets/index-C7AoTPzR.js:82
[   94991ms] [LOG] [WS] 🗺️ Broadcast recibido. Avatares: 1 [Hijo Test(2)] @ https://jimsimrodev.github.io/pequenos-sanos/assets/index-C7AoTPzR.js:82
[   95025ms] [LOG] [WS] 🗺️ Broadcast recibido. Avatares: 1 [Hijo Test(2)] @ https://jimsimrodev.github.io/pequenos-sanos/assets/index-C7AoTPzR.js:82
[   95050ms] [LOG] [WS] 🗺️ Broadcast recibido. Avatares: 1 [Hijo Test(2)] @ https://jimsimrodev.github.io/pequenos-sanos/assets/index-C7AoTPzR.js:82
[   95085ms] [LOG] [WS] 🗺️ Broadcast recibido. Avatares: 1 [Hijo Test(2)] @ https://jimsimrodev.github.io/pequenos-sanos/assets/index-C7AoTPzR.js:82
[   95118ms] [LOG] [WS] 🗺️ Broadcast recibido. Avatares: 1 [Hijo Test(2)] @ https://jimsimrodev.github.io/pequenos-sanos/assets/index-C7AoTPzR.js:82
[   95143ms] [LOG] [WS] 🗺️ Broadcast recibido. Avatares: 1 [Hijo Test(2)] @ https://jimsimrodev.github.io/pequenos-sanos/assets/index-C7AoTPzR.js:82
[   95178ms] [LOG] [WS] 🗺️ Broadcast recibido. Avatares: 1 [Hijo Test(2)] @ https://jimsimrodev.github.io/pequenos-sanos/assets/index-C7AoTPzR.js:82
[   95212ms] [LOG] [WS] 🗺️ Broadcast recibido. Avatares: 1 [Hijo Test(2)] @ https://jimsimrodev.github.io/pequenos-sanos/assets/index-C7AoTPzR.js:82
[   95247ms] [LOG] [WS] 🗺️ Broadcast recibido. Avatares: 1 [Hijo Test(2)] @ https://jimsimrodev.github.io/pequenos-sanos/assets/index-C7AoTPzR.js:82
[   95288ms] [LOG] [WS] 🗺️ Broadcast recibido. Avatares: 1 [Hijo Test(2)] @ https://jimsimrodev.github.io/pequenos-sanos/assets/index-C7AoTPzR.js:82
[   95320ms] [LOG] [WS] 🗺️ Broadcast recibido. Avatares: 1 [Hijo Test(2)] @ https://jimsimrodev.github.io/pequenos-sanos/assets/index-C7AoTPzR.js:82
[   95351ms] [LOG] [WS] 🗺️ Broadcast recibido. Avatares: 1 [Hijo Test(2)] @ https://jimsimrodev.github.io/pequenos-sanos/assets/index-C7AoTPzR.js:82
[   95378ms] [LOG] [WS] 🗺️ Broadcast recibido. Avatares: 1 [Hijo Test(2)] @ https://jimsimrodev.github.io/pequenos-sanos/assets/index-C7AoTPzR.js:82
[   95416ms] [LOG] [WS] 🗺️ Broadcast recibido. Avatares: 1 [Hijo Test(2)] @ https://jimsimrodev.github.io/pequenos-sanos/assets/index-C7AoTPzR.js:82
[   95451ms] [LOG] [WS] 🗺️ Broadcast recibido. Avatares: 1 [Hijo Test(2)] @ https://jimsimrodev.github.io/pequenos-sanos/assets/index-C7AoTPzR.js:82
[   95477ms] [LOG] [WS] 🗺️ Broadcast recibido. Avatares: 1 [Hijo Test(2)] @ https://jimsimrodev.github.io/pequenos-sanos/assets/index-C7AoTPzR.js:82
[   95507ms] [LOG] [WS] 🗺️ Broadcast recibido. Avatares: 1 [Hijo Test(2)] @ https://jimsimrodev.github.io/pequenos-sanos/assets/index-C7AoTPzR.js:82
[   95537ms] [LOG] [WS] 🗺️ Broadcast recibido. Avatares: 1 [Hijo Test(2)] @ https://jimsimrodev.github.io/pequenos-sanos/assets/index-C7AoTPzR.js:82
[   95567ms] [LOG] [WS] 🗺️ Broadcast recibido. Avatares: 1 [Hijo Test(2)] @ https://jimsimrodev.github.io/pequenos-sanos/assets/index-C7AoTPzR.js:82
[   95600ms] [LOG] [WS] 🗺️ Broadcast recibido. Avatares: 1 [Hijo Test(2)] @ https://jimsimrodev.github.io/pequenos-sanos/assets/index-C7AoTPzR.js:82
[   95633ms] [LOG] [WS] 🗺️ Broadcast recibido. Avatares: 1 [Hijo Test(2)] @ https://jimsimrodev.github.io/pequenos-sanos/assets/index-C7AoTPzR.js:82
[   95663ms] [LOG] [WS] 🗺️ Broadcast recibido. Avatares: 1 [Hijo Test(2)] @ https://jimsimrodev.github.io/pequenos-sanos/assets/index-C7AoTPzR.js:82
[   95691ms] [LOG] [WS] 🗺️ Broadcast recibido. Avatares: 1 [Hijo Test(2)] @ https://jimsimrodev.github.io/pequenos-sanos/assets/index-C7AoTPzR.js:82
[   95724ms] [LOG] [WS] 🗺️ Broadcast recibido. Avatares: 1 [Hijo Test(2)] @ https://jimsimrodev.github.io/pequenos-sanos/assets/index-C7AoTPzR.js:82
[   95757ms] [LOG] [WS] 🗺️ Broadcast recibido. Avatares: 1 [Hijo Test(2)] @ https://jimsimrodev.github.io/pequenos-sanos/assets/index-C7AoTPzR.js:82
[   95795ms] [LOG] [WS] 🗺️ Broadcast recibido. Avatares: 1 [Hijo Test(2)] @ https://jimsimrodev.github.io/pequenos-sanos/assets/index-C7AoTPzR.js:82
[   95833ms] [LOG] [WS] 🗺️ Broadcast recibido. Avatares: 1 [Hijo Test(2)] @ https://jimsimrodev.github.io/pequenos-sanos/assets/index-C7AoTPzR.js:82
[   95871ms] [LOG] [WS] 🗺️ Broadcast recibido. Avatares: 1 [Hijo Test(2)] @ https://jimsimrodev.github.io/pequenos-sanos/assets/index-C7AoTPzR.js:82
[   95915ms] [LOG] [WS] 🗺️ Broadcast recibido. Avatares: 1 [Hijo Test(2)] @ https://jimsimrodev.github.io/pequenos-sanos/assets/index-C7AoTPzR.js:82
[   95948ms] [LOG] [WS] 🗺️ Broadcast recibido. Avatares: 1 [Hijo Test(2)] @ https://jimsimrodev.github.io/pequenos-sanos/assets/index-C7AoTPzR.js:82
[   95985ms] [LOG] [WS] 🗺️ Broadcast recibido. Avatares: 1 [Hijo Test(2)] @ https://jimsimrodev.github.io/pequenos-sanos/assets/index-C7AoTPzR.js:82
[   96015ms] [LOG] [WS] 🗺️ Broadcast recibido. Avatares: 1 [Hijo Test(2)] @ https://jimsimrodev.github.io/pequenos-sanos/assets/index-C7AoTPzR.js:82
[   96017ms] [LOG] [WS] 🗺️ Broadcast recibido. Avatares: 1 [Hijo Test(2)] @ https://jimsimrodev.github.io/pequenos-sanos/assets/index-C7AoTPzR.js:82
[   96049ms] [LOG] [WS] 🗺️ Broadcast recibido. Avatares: 1 [Hijo Test(2)] @ https://jimsimrodev.github.io/pequenos-sanos/assets/index-C7AoTPzR.js:82
[   96077ms] [LOG] [WS] 🗺️ Broadcast recibido. Avatares: 1 [Hijo Test(2)] @ https://jimsimrodev.github.io/pequenos-sanos/assets/index-C7AoTPzR.js:82
[   96100ms] [LOG] [WS] 🗺️ Broadcast recibido. Avatares: 1 [Hijo Test(2)] @ https://jimsimrodev.github.io/pequenos-sanos/assets/index-C7AoTPzR.js:82
[   96135ms] [LOG] [WS] 🗺️ Broadcast recibido. Avatares: 1 [Hijo Test(2)] @ https://jimsimrodev.github.io/pequenos-sanos/assets/index-C7AoTPzR.js:82
[   96169ms] [LOG] [WS] 🗺️ Broadcast recibido. Avatares: 1 [Hijo Test(2)] @ https://jimsimrodev.github.io/pequenos-sanos/assets/index-C7AoTPzR.js:82
[   96199ms] [LOG] [WS] 🗺️ Broadcast recibido. Avatares: 1 [Hijo Test(2)] @ https://jimsimrodev.github.io/pequenos-sanos/assets/index-C7AoTPzR.js:82
[   96235ms] [LOG] [WS] 🗺️ Broadcast recibido. Avatares: 1 [Hijo Test(2)] @ https://jimsimrodev.github.io/pequenos-sanos/assets/index-C7AoTPzR.js:82
[   96279ms] [LOG] [WS] 🗺️ Broadcast recibido. Avatares: 1 [Hijo Test(2)] @ https://jimsimrodev.github.io/pequenos-sanos/assets/index-C7AoTPzR.js:82
[   96308ms] [LOG] [WS] 🗺️ Broadcast recibido. Avatares: 1 [Hijo Test(2)] @ https://jimsimrodev.github.io/pequenos-sanos/assets/index-C7AoTPzR.js:82
[   96346ms] [LOG] [WS] 🗺️ Broadcast recibido. Avatares: 1 [Hijo Test(2)] @ https://jimsimrodev.github.io/pequenos-sanos/assets/index-C7AoTPzR.js:82
[   96376ms] [LOG] [WS] 🗺️ Broadcast recibido. Avatares: 1 [Hijo Test(2)] @ https://jimsimrodev.github.io/pequenos-sanos/assets/index-C7AoTPzR.js:82
[   96415ms] [LOG] [WS] 🗺️ Broadcast recibido. Avatares: 1 [Hijo Test(2)] @ https://jimsimrodev.github.io/pequenos-sanos/assets/index-C7AoTPzR.js:82
[   96445ms] [LOG] [WS] 🗺️ Broadcast recibido. Avatares: 1 [Hijo Test(2)] @ https://jimsimrodev.github.io/pequenos-sanos/assets/index-C7AoTPzR.js:82
[   96472ms] [LOG] [WS] 🗺️ Broadcast recibido. Avatares: 1 [Hijo Test(2)] @ https://jimsimrodev.github.io/pequenos-sanos/assets/index-C7AoTPzR.js:82
[   96502ms] [LOG] [WS] 🗺️ Broadcast recibido. Avatares: 1 [Hijo Test(2)] @ https://jimsimrodev.github.io/pequenos-sanos/assets/index-C7AoTPzR.js:82
[   96533ms] [LOG] [WS] 🗺️ Broadcast recibido. Avatares: 1 [Hijo Test(2)] @ https://jimsimrodev.github.io/pequenos-sanos/assets/index-C7AoTPzR.js:82
[   96562ms] [LOG] [WS] 🗺️ Broadcast recibido. Avatares: 1 [Hijo Test(2)] @ https://jimsimrodev.github.io/pequenos-sanos/assets/index-C7AoTPzR.js:82
[   96609ms] [LOG] [WS] 🗺️ Broadcast recibido. Avatares: 1 [Hijo Test(2)] @ https://jimsimrodev.github.io/pequenos-sanos/assets/index-C7AoTPzR.js:82
[   96640ms] [LOG] [WS] 🗺️ Broadcast recibido. Avatares: 1 [Hijo Test(2)] @ https://jimsimrodev.github.io/pequenos-sanos/assets/index-C7AoTPzR.js:82
[   96668ms] [LOG] [WS] 🗺️ Broadcast recibido. Avatares: 1 [Hijo Test(2)] @ https://jimsimrodev.github.io/pequenos-sanos/assets/index-C7AoTPzR.js:82
[   96707ms] [LOG] [WS] 🗺️ Broadcast recibido. Avatares: 1 [Hijo Test(2)] @ https://jimsimrodev.github.io/pequenos-sanos/assets/index-C7AoTPzR.js:82
[   96748ms] [LOG] [WS] 🗺️ Broadcast recibido. Avatares: 1 [Hijo Test(2)] @ https://jimsimrodev.github.io/pequenos-sanos/assets/index-C7AoTPzR.js:82
[   96786ms] [LOG] [WS] 🗺️ Broadcast recibido. Avatares: 1 [Hijo Test(2)] @ https://jimsimrodev.github.io/pequenos-sanos/assets/index-C7AoTPzR.js:82
[   96825ms] [LOG] [WS] 🗺️ Broadcast recibido. Avatares: 1 [Hijo Test(2)] @ https://jimsimrodev.github.io/pequenos-sanos/assets/index-C7AoTPzR.js:82
[   96861ms] [LOG] [WS] 🗺️ Broadcast recibido. Avatares: 1 [Hijo Test(2)] @ https://jimsimrodev.github.io/pequenos-sanos/assets/index-C7AoTPzR.js:82
[   96897ms] [LOG] [WS] 🗺️ Broadcast recibido. Avatares: 1 [Hijo Test(2)] @ https://jimsimrodev.github.io/pequenos-sanos/assets/index-C7AoTPzR.js:82
[   96921ms] [LOG] [WS] 🗺️ Broadcast recibido. Avatares: 1 [Hijo Test(2)] @ https://jimsimrodev.github.io/pequenos-sanos/assets/index-C7AoTPzR.js:82
[   96953ms] [LOG] [WS] 🗺️ Broadcast recibido. Avatares: 1 [Hijo Test(2)] @ https://jimsimrodev.github.io/pequenos-sanos/assets/index-C7AoTPzR.js:82
[   96981ms] [LOG] [WS] 🗺️ Broadcast recibido. Avatares: 1 [Hijo Test(2)] @ https://jimsimrodev.github.io/pequenos-sanos/assets/index-C7AoTPzR.js:82
[   97009ms] [LOG] [WS] 🗺️ Broadcast recibido. Avatares: 1 [Hijo Test(2)] @ https://jimsimrodev.github.io/pequenos-sanos/assets/index-C7AoTPzR.js:82
[   97036ms] [LOG] [WS] 🗺️ Broadcast recibido. Avatares: 1 [Hijo Test(2)] @ https://jimsimrodev.github.io/pequenos-sanos/assets/index-C7AoTPzR.js:82
[   97065ms] [LOG] [WS] 🗺️ Broadcast recibido. Avatares: 1 [Hijo Test(2)] @ https://jimsimrodev.github.io/pequenos-sanos/assets/index-C7AoTPzR.js:82
[   97094ms] [LOG] [WS] 🗺️ Broadcast recibido. Avatares: 1 [Hijo Test(2)] @ https://jimsimrodev.github.io/pequenos-sanos/assets/index-C7AoTPzR.js:82
[   97130ms] [LOG] [WS] 🗺️ Broadcast recibido. Avatares: 1 [Hijo Test(2)] @ https://jimsimrodev.github.io/pequenos-sanos/assets/index-C7AoTPzR.js:82
[   97169ms] [LOG] [WS] 🗺️ Broadcast recibido. Avatares: 1 [Hijo Test(2)] @ https://jimsimrodev.github.io/pequenos-sanos/assets/index-C7AoTPzR.js:82
[   97201ms] [LOG] [WS] 🗺️ Broadcast recibido. Avatares: 1 [Hijo Test(2)] @ https://jimsimrodev.github.io/pequenos-sanos/assets/index-C7AoTPzR.js:82
[   97229ms] [LOG] [WS] 🗺️ Broadcast recibido. Avatares: 1 [Hijo Test(2)] @ https://jimsimrodev.github.io/pequenos-sanos/assets/index-C7AoTPzR.js:82
[   97258ms] [LOG] [WS] 🗺️ Broadcast recibido. Avatares: 1 [Hijo Test(2)] @ https://jimsimrodev.github.io/pequenos-sanos/assets/index-C7AoTPzR.js:82
[   97285ms] [LOG] [WS] 🗺️ Broadcast recibido. Avatares: 1 [Hijo Test(2)] @ https://jimsimrodev.github.io/pequenos-sanos/assets/index-C7AoTPzR.js:82
[   97319ms] [LOG] [WS] 🗺️ Broadcast recibido. Avatares: 1 [Hijo Test(2)] @ https://jimsimrodev.github.io/pequenos-sanos/assets/index-C7AoTPzR.js:82
[   97341ms] [LOG] [WS] 🗺️ Broadcast recibido. Avatares: 1 [Hijo Test(2)] @ https://jimsimrodev.github.io/pequenos-sanos/assets/index-C7AoTPzR.js:82
[   97395ms] [LOG] [WS] 🗺️ Broadcast recibido. Avatares: 1 [Hijo Test(2)] @ https://jimsimrodev.github.io/pequenos-sanos/assets/index-C7AoTPzR.js:82
[   97424ms] [LOG] [WS] 🗺️ Broadcast recibido. Avatares: 1 [Hijo Test(2)] @ https://jimsimrodev.github.io/pequenos-sanos/assets/index-C7AoTPzR.js:82
[   97450ms] [LOG] [WS] 🗺️ Broadcast recibido. Avatares: 1 [Hijo Test(2)] @ https://jimsimrodev.github.io/pequenos-sanos/assets/index-C7AoTPzR.js:82
[   97481ms] [LOG] [WS] 🗺️ Broadcast recibido. Avatares: 1 [Hijo Test(2)] @ https://jimsimrodev.github.io/pequenos-sanos/assets/index-C7AoTPzR.js:82
[   97513ms] [LOG] [WS] 🗺️ Broadcast recibido. Avatares: 1 [Hijo Test(2)] @ https://jimsimrodev.github.io/pequenos-sanos/assets/index-C7AoTPzR.js:82
[   97542ms] [LOG] [WS] 🗺️ Broadcast recibido. Avatares: 1 [Hijo Test(2)] @ https://jimsimrodev.github.io/pequenos-sanos/assets/index-C7AoTPzR.js:82
[   97574ms] [LOG] [WS] 🗺️ Broadcast recibido. Avatares: 1 [Hijo Test(2)] @ https://jimsimrodev.github.io/pequenos-sanos/assets/index-C7AoTPzR.js:82
[   97611ms] [LOG] [WS] 🗺️ Broadcast recibido. Avatares: 1 [Hijo Test(2)] @ https://jimsimrodev.github.io/pequenos-sanos/assets/index-C7AoTPzR.js:82
[   97643ms] [LOG] [WS] 🗺️ Broadcast recibido. Avatares: 1 [Hijo Test(2)] @ https://jimsimrodev.github.io/pequenos-sanos/assets/index-C7AoTPzR.js:82
[   97676ms] [LOG] [WS] 🗺️ Broadcast recibido. Avatares: 1 [Hijo Test(2)] @ https://jimsimrodev.github.io/pequenos-sanos/assets/index-C7AoTPzR.js:82
[   97715ms] [LOG] [WS] 🗺️ Broadcast recibido. Avatares: 1 [Hijo Test(2)] @ https://jimsimrodev.github.io/pequenos-sanos/assets/index-C7AoTPzR.js:82
[   97757ms] [LOG] [WS] 🗺️ Broadcast recibido. Avatares: 1 [Hijo Test(2)] @ https://jimsimrodev.github.io/pequenos-sanos/assets/index-C7AoTPzR.js:82
[   97789ms] [LOG] [WS] 🗺️ Broadcast recibido. Avatares: 1 [Hijo Test(2)] @ https://jimsimrodev.github.io/pequenos-sanos/assets/index-C7AoTPzR.js:82
[   97831ms] [LOG] [WS] 🗺️ Broadcast recibido. Avatares: 1 [Hijo Test(2)] @ https://jimsimrodev.github.io/pequenos-sanos/assets/index-C7AoTPzR.js:82
[   97860ms] [LOG] [WS] 🗺️ Broadcast recibido. Avatares: 1 [Hijo Test(2)] @ https://jimsimrodev.github.io/pequenos-sanos/assets/index-C7AoTPzR.js:82
[   97894ms] [LOG] [WS] 🗺️ Broadcast recibido. Avatares: 1 [Hijo Test(2)] @ https://jimsimrodev.github.io/pequenos-sanos/assets/index-C7AoTPzR.js:82
[   97938ms] [LOG] [WS] 🗺️ Broadcast recibido. Avatares: 1 [Hijo Test(2)] @ https://jimsimrodev.github.io/pequenos-sanos/assets/index-C7AoTPzR.js:82
[   97970ms] [LOG] [WS] 🗺️ Broadcast recibido. Avatares: 1 [Hijo Test(2)] @ https://jimsimrodev.github.io/pequenos-sanos/assets/index-C7AoTPzR.js:82
[   98002ms] [LOG] [WS] 🗺️ Broadcast recibido. Avatares: 1 [Hijo Test(2)] @ https://jimsimrodev.github.io/pequenos-sanos/assets/index-C7AoTPzR.js:82
[   98035ms] [LOG] [WS] 🗺️ Broadcast recibido. Avatares: 1 [Hijo Test(2)] @ https://jimsimrodev.github.io/pequenos-sanos/assets/index-C7AoTPzR.js:82
[   98069ms] [LOG] [WS] 🗺️ Broadcast recibido. Avatares: 1 [Hijo Test(2)] @ https://jimsimrodev.github.io/pequenos-sanos/assets/index-C7AoTPzR.js:82
[   98111ms] [LOG] [WS] 🗺️ Broadcast recibido. Avatares: 1 [Hijo Test(2)] @ https://jimsimrodev.github.io/pequenos-sanos/assets/index-C7AoTPzR.js:82
[   98141ms] [LOG] [WS] 🗺️ Broadcast recibido. Avatares: 1 [Hijo Test(2)] @ https://jimsimrodev.github.io/pequenos-sanos/assets/index-C7AoTPzR.js:82
[   98174ms] [LOG] [WS] 🗺️ Broadcast recibido. Avatares: 1 [Hijo Test(2)] @ https://jimsimrodev.github.io/pequenos-sanos/assets/index-C7AoTPzR.js:82
[   98211ms] [LOG] [WS] 🗺️ Broadcast recibido. Avatares: 1 [Hijo Test(2)] @ https://jimsimrodev.github.io/pequenos-sanos/assets/index-C7AoTPzR.js:82
[   98251ms] [LOG] [WS] 🗺️ Broadcast recibido. Avatares: 1 [Hijo Test(2)] @ https://jimsimrodev.github.io/pequenos-sanos/assets/index-C7AoTPzR.js:82
[   98283ms] [LOG] [WS] 🗺️ Broadcast recibido. Avatares: 1 [Hijo Test(2)] @ https://jimsimrodev.github.io/pequenos-sanos/assets/index-C7AoTPzR.js:82
[   98317ms] [LOG] [WS] 🗺️ Broadcast recibido. Avatares: 1 [Hijo Test(2)] @ https://jimsimrodev.github.io/pequenos-sanos/assets/index-C7AoTPzR.js:82
[   98349ms] [LOG] [WS] 🗺️ Broadcast recibido. Avatares: 1 [Hijo Test(2)] @ https://jimsimrodev.github.io/pequenos-sanos/assets/index-C7AoTPzR.js:82
[   98387ms] [LOG] [WS] 🗺️ Broadcast recibido. Avatares: 1 [Hijo Test(2)] @ https://jimsimrodev.github.io/pequenos-sanos/assets/index-C7AoTPzR.js:82
[   98423ms] [LOG] [WS] 🗺️ Broadcast recibido. Avatares: 1 [Hijo Test(2)] @ https://jimsimrodev.github.io/pequenos-sanos/assets/index-C7AoTPzR.js:82
[   98453ms] [LOG] [WS] 🗺️ Broadcast recibido. Avatares: 1 [Hijo Test(2)] @ https://jimsimrodev.github.io/pequenos-sanos/assets/index-C7AoTPzR.js:82
[   98483ms] [LOG] [WS] 🗺️ Broadcast recibido. Avatares: 1 [Hijo Test(2)] @ https://jimsimrodev.github.io/pequenos-sanos/assets/index-C7AoTPzR.js:82
[   98506ms] [LOG] [WS] 🗺️ Broadcast recibido. Avatares: 1 [Hijo Test(2)] @ https://jimsimrodev.github.io/pequenos-sanos/assets/index-C7AoTPzR.js:82
[   98540ms] [LOG] [WS] 🗺️ Broadcast recibido. Avatares: 1 [Hijo Test(2)] @ https://jimsimrodev.github.io/pequenos-sanos/assets/index-C7AoTPzR.js:82
[   98568ms] [LOG] [WS] 🗺️ Broadcast recibido. Avatares: 1 [Hijo Test(2)] @ https://jimsimrodev.github.io/pequenos-sanos/assets/index-C7AoTPzR.js:82
[   98593ms] [LOG] [WS] 🗺️ Broadcast recibido. Avatares: 1 [Hijo Test(2)] @ https://jimsimrodev.github.io/pequenos-sanos/assets/index-C7AoTPzR.js:82
[   98621ms] [LOG] [WS] 🗺️ Broadcast recibido. Avatares: 1 [Hijo Test(2)] @ https://jimsimrodev.github.io/pequenos-sanos/assets/index-C7AoTPzR.js:82
[   98647ms] [LOG] [WS] 🗺️ Broadcast recibido. Avatares: 1 [Hijo Test(2)] @ https://jimsimrodev.github.io/pequenos-sanos/assets/index-C7AoTPzR.js:82
[   98680ms] [LOG] [WS] 🗺️ Broadcast recibido. Avatares: 1 [Hijo Test(2)] @ https://jimsimrodev.github.io/pequenos-sanos/assets/index-C7AoTPzR.js:82
[   98712ms] [LOG] [WS] 🗺️ Broadcast recibido. Avatares: 1 [Hijo Test(2)] @ https://jimsimrodev.github.io/pequenos-sanos/assets/index-C7AoTPzR.js:82
[   98740ms] [LOG] [WS] 🗺️ Broadcast recibido. Avatares: 1 [Hijo Test(2)] @ https://jimsimrodev.github.io/pequenos-sanos/assets/index-C7AoTPzR.js:82
[   98770ms] [LOG] [WS] 🗺️ Broadcast recibido. Avatares: 1 [Hijo Test(2)] @ https://jimsimrodev.github.io/pequenos-sanos/assets/index-C7AoTPzR.js:82
[   98803ms] [LOG] [WS] 🗺️ Broadcast recibido. Avatares: 1 [Hijo Test(2)] @ https://jimsimrodev.github.io/pequenos-sanos/assets/index-C7AoTPzR.js:82
[   98833ms] [LOG] [WS] 🗺️ Broadcast recibido. Avatares: 1 [Hijo Test(2)] @ https://jimsimrodev.github.io/pequenos-sanos/assets/index-C7AoTPzR.js:82
[   98860ms] [LOG] [WS] 🗺️ Broadcast recibido. Avatares: 1 [Hijo Test(2)] @ https://jimsimrodev.github.io/pequenos-sanos/assets/index-C7AoTPzR.js:82
[   98917ms] [LOG] [WS] 🗺️ Broadcast recibido. Avatares: 1 [Hijo Test(2)] @ https://jimsimrodev.github.io/pequenos-sanos/assets/index-C7AoTPzR.js:82
[   98946ms] [LOG] [WS] 🗺️ Broadcast recibido. Avatares: 1 [Hijo Test(2)] @ https://jimsimrodev.github.io/pequenos-sanos/assets/index-C7AoTPzR.js:82
[   98980ms] [LOG] [WS] 🗺️ Broadcast recibido. Avatares: 1 [Hijo Test(2)] @ https://jimsimrodev.github.io/pequenos-sanos/assets/index-C7AoTPzR.js:82
[   99014ms] [LOG] [WS] 🗺️ Broadcast recibido. Avatares: 1 [Hijo Test(2)] @ https://jimsimrodev.github.io/pequenos-sanos/assets/index-C7AoTPzR.js:82
[   99049ms] [LOG] [WS] 🗺️ Broadcast recibido. Avatares: 1 [Hijo Test(2)] @ https://jimsimrodev.github.io/pequenos-sanos/assets/index-C7AoTPzR.js:82
[   99084ms] [LOG] [WS] 🗺️ Broadcast recibido. Avatares: 1 [Hijo Test(2)] @ https://jimsimrodev.github.io/pequenos-sanos/assets/index-C7AoTPzR.js:82
[   99117ms] [LOG] [WS] 🗺️ Broadcast recibido. Avatares: 1 [Hijo Test(2)] @ https://jimsimrodev.github.io/pequenos-sanos/assets/index-C7AoTPzR.js:82
[   99154ms] [LOG] [WS] 🗺️ Broadcast recibido. Avatares: 1 [Hijo Test(2)] @ https://jimsimrodev.github.io/pequenos-sanos/assets/index-C7AoTPzR.js:82
[   99186ms] [LOG] [WS] 🗺️ Broadcast recibido. Avatares: 1 [Hijo Test(2)] @ https://jimsimrodev.github.io/pequenos-sanos/assets/index-C7AoTPzR.js:82
[   99219ms] [LOG] [WS] 🗺️ Broadcast recibido. Avatares: 1 [Hijo Test(2)] @ https://jimsimrodev.github.io/pequenos-sanos/assets/index-C7AoTPzR.js:82
[   99254ms] [LOG] [WS] 🗺️ Broadcast recibido. Avatares: 1 [Hijo Test(2)] @ https://jimsimrodev.github.io/pequenos-sanos/assets/index-C7AoTPzR.js:82
[   99296ms] [LOG] [WS] 🗺️ Broadcast recibido. Avatares: 1 [Hijo Test(2)] @ https://jimsimrodev.github.io/pequenos-sanos/assets/index-C7AoTPzR.js:82
[   99333ms] [LOG] [WS] 🗺️ Broadcast recibido. Avatares: 1 [Hijo Test(2)] @ https://jimsimrodev.github.io/pequenos-sanos/assets/index-C7AoTPzR.js:82
[   99363ms] [LOG] [WS] 🗺️ Broadcast recibido. Avatares: 1 [Hijo Test(2)] @ https://jimsimrodev.github.io/pequenos-sanos/assets/index-C7AoTPzR.js:82
[   99397ms] [LOG] [WS] 🗺️ Broadcast recibido. Avatares: 1 [Hijo Test(2)] @ https://jimsimrodev.github.io/pequenos-sanos/assets/index-C7AoTPzR.js:82
[   99445ms] [LOG] [WS] 🗺️ Broadcast recibido. Avatares: 1 [Hijo Test(2)] @ https://jimsimrodev.github.io/pequenos-sanos/assets/index-C7AoTPzR.js:82
[   99486ms] [LOG] [WS] 🗺️ Broadcast recibido. Avatares: 1 [Hijo Test(2)] @ https://jimsimrodev.github.io/pequenos-sanos/assets/index-C7AoTPzR.js:82
[   99521ms] [LOG] [WS] 🗺️ Broadcast recibido. Avatares: 1 [Hijo Test(2)] @ https://jimsimrodev.github.io/pequenos-sanos/assets/index-C7AoTPzR.js:82
[   99522ms] [LOG] [WS] 🗺️ Broadcast recibido. Avatares: 1 [Hijo Test(2)] @ https://jimsimrodev.github.io/pequenos-sanos/assets/index-C7AoTPzR.js:82
[   99556ms] [LOG] [WS] 🗺️ Broadcast recibido. Avatares: 1 [Hijo Test(2)] @ https://jimsimrodev.github.io/pequenos-sanos/assets/index-C7AoTPzR.js:82
[   99594ms] [LOG] [WS] 🗺️ Broadcast recibido. Avatares: 1 [Hijo Test(2)] @ https://jimsimrodev.github.io/pequenos-sanos/assets/index-C7AoTPzR.js:82
[   99637ms] [LOG] [WS] 🗺️ Broadcast recibido. Avatares: 1 [Hijo Test(2)] @ https://jimsimrodev.github.io/pequenos-sanos/assets/index-C7AoTPzR.js:82
[   99671ms] [LOG] [WS] 🗺️ Broadcast recibido. Avatares: 1 [Hijo Test(2)] @ https://jimsimrodev.github.io/pequenos-sanos/assets/index-C7AoTPzR.js:82
[   99706ms] [LOG] [WS] 🗺️ Broadcast recibido. Avatares: 1 [Hijo Test(2)] @ https://jimsimrodev.github.io/pequenos-sanos/assets/index-C7AoTPzR.js:82
[   99747ms] [LOG] [WS] 🗺️ Broadcast recibido. Avatares: 1 [Hijo Test(2)] @ https://jimsimrodev.github.io/pequenos-sanos/assets/index-C7AoTPzR.js:82
[   99782ms] [LOG] [WS] 🗺️ Broadcast recibido. Avatares: 1 [Hijo Test(2)] @ https://jimsimrodev.github.io/pequenos-sanos/assets/index-C7AoTPzR.js:82
[   99816ms] [LOG] [WS] 🗺️ Broadcast recibido. Avatares: 1 [Hijo Test(2)] @ https://jimsimrodev.github.io/pequenos-sanos/assets/index-C7AoTPzR.js:82
[   99817ms] [LOG] [WS] 🗺️ Broadcast recibido. Avatares: 1 [Hijo Test(2)] @ https://jimsimrodev.github.io/pequenos-sanos/assets/index-C7AoTPzR.js:82
[   99852ms] [LOG] [WS] 🗺️ Broadcast recibido. Avatares: 1 [Hijo Test(2)] @ https://jimsimrodev.github.io/pequenos-sanos/assets/index-C7AoTPzR.js:82
[   99896ms] [LOG] [WS] 🗺️ Broadcast recibido. Avatares: 1 [Hijo Test(2)] @ https://jimsimrodev.github.io/pequenos-sanos/assets/index-C7AoTPzR.js:82
[   99932ms] [LOG] [WS] 🗺️ Broadcast recibido. Avatares: 1 [Hijo Test(2)] @ https://jimsimrodev.github.io/pequenos-sanos/assets/index-C7AoTPzR.js:82
[   99966ms] [LOG] [WS] 🗺️ Broadcast recibido. Avatares: 1 [Hijo Test(2)] @ https://jimsimrodev.github.io/pequenos-sanos/assets/index-C7AoTPzR.js:82
[  100002ms] [LOG] [WS] 🗺️ Broadcast recibido. Avatares: 1 [Hijo Test(2)] @ https://jimsimrodev.github.io/pequenos-sanos/assets/index-C7AoTPzR.js:82
[  100040ms] [LOG] [WS] 🗺️ Broadcast recibido. Avatares: 1 [Hijo Test(2)] @ https://jimsimrodev.github.io/pequenos-sanos/assets/index-C7AoTPzR.js:82
[  100067ms] [LOG] [WS] 🗺️ Broadcast recibido. Avatares: 1 [Hijo Test(2)] @ https://jimsimrodev.github.io/pequenos-sanos/assets/index-C7AoTPzR.js:82
[  100094ms] [LOG] [WS] 🗺️ Broadcast recibido. Avatares: 1 [Hijo Test(2)] @ https://jimsimrodev.github.io/pequenos-sanos/assets/index-C7AoTPzR.js:82
[  100135ms] [LOG] [WS] 🗺️ Broadcast recibido. Avatares: 1 [Hijo Test(2)] @ https://jimsimrodev.github.io/pequenos-sanos/assets/index-C7AoTPzR.js:82
[  100170ms] [LOG] [WS] 🗺️ Broadcast recibido. Avatares: 1 [Hijo Test(2)] @ https://jimsimrodev.github.io/pequenos-sanos/assets/index-C7AoTPzR.js:82
[  100201ms] [LOG] [WS] 🗺️ Broadcast recibido. Avatares: 1 [Hijo Test(2)] @ https://jimsimrodev.github.io/pequenos-sanos/assets/index-C7AoTPzR.js:82
[  100237ms] [LOG] [WS] 🗺️ Broadcast recibido. Avatares: 1 [Hijo Test(2)] @ https://jimsimrodev.github.io/pequenos-sanos/assets/index-C7AoTPzR.js:82
[  100265ms] [LOG] [WS] 🗺️ Broadcast recibido. Avatares: 1 [Hijo Test(2)] @ https://jimsimrodev.github.io/pequenos-sanos/assets/index-C7AoTPzR.js:82
[  100295ms] [LOG] [WS] 🗺️ Broadcast recibido. Avatares: 1 [Hijo Test(2)] @ https://jimsimrodev.github.io/pequenos-sanos/assets/index-C7AoTPzR.js:82
[  100327ms] [LOG] [WS] 🗺️ Broadcast recibido. Avatares: 1 [Hijo Test(2)] @ https://jimsimrodev.github.io/pequenos-sanos/assets/index-C7AoTPzR.js:82
[  100364ms] [LOG] [WS] 🗺️ Broadcast recibido. Avatares: 1 [Hijo Test(2)] @ https://jimsimrodev.github.io/pequenos-sanos/assets/index-C7AoTPzR.js:82
[  100396ms] [LOG] [WS] 🗺️ Broadcast recibido. Avatares: 1 [Hijo Test(2)] @ https://jimsimrodev.github.io/pequenos-sanos/assets/index-C7AoTPzR.js:82
[  100442ms] [LOG] [WS] 🗺️ Broadcast recibido. Avatares: 1 [Hijo Test(2)] @ https://jimsimrodev.github.io/pequenos-sanos/assets/index-C7AoTPzR.js:82
[  100475ms] [LOG] [WS] 🗺️ Broadcast recibido. Avatares: 1 [Hijo Test(2)] @ https://jimsimrodev.github.io/pequenos-sanos/assets/index-C7AoTPzR.js:82
[  100505ms] [LOG] [WS] 🗺️ Broadcast recibido. Avatares: 1 [Hijo Test(2)] @ https://jimsimrodev.github.io/pequenos-sanos/assets/index-C7AoTPzR.js:82
[  100506ms] [LOG] [WS] 🗺️ Broadcast recibido. Avatares: 1 [Hijo Test(2)] @ https://jimsimrodev.github.io/pequenos-sanos/assets/index-C7AoTPzR.js:82
[  100538ms] [LOG] [WS] 🗺️ Broadcast recibido. Avatares: 1 [Hijo Test(2)] @ https://jimsimrodev.github.io/pequenos-sanos/assets/index-C7AoTPzR.js:82
[  100569ms] [LOG] [WS] 🗺️ Broadcast recibido. Avatares: 1 [Hijo Test(2)] @ https://jimsimrodev.github.io/pequenos-sanos/assets/index-C7AoTPzR.js:82
[  100605ms] [LOG] [WS] 🗺️ Broadcast recibido. Avatares: 1 [Hijo Test(2)] @ https://jimsimrodev.github.io/pequenos-sanos/assets/index-C7AoTPzR.js:82
[  100634ms] [LOG] [WS] 🗺️ Broadcast recibido. Avatares: 1 [Hijo Test(2)] @ https://jimsimrodev.github.io/pequenos-sanos/assets/index-C7AoTPzR.js:82
[  100691ms] [LOG] [WS] 🗺️ Broadcast recibido. Avatares: 1 [Hijo Test(2)] @ https://jimsimrodev.github.io/pequenos-sanos/assets/index-C7AoTPzR.js:82
[  100736ms] [LOG] [WS] 🗺️ Broadcast recibido. Avatares: 1 [Hijo Test(2)] @ https://jimsimrodev.github.io/pequenos-sanos/assets/index-C7AoTPzR.js:82
[  100778ms] [LOG] [WS] 🗺️ Broadcast recibido. Avatares: 1 [Hijo Test(2)] @ https://jimsimrodev.github.io/pequenos-sanos/assets/index-C7AoTPzR.js:82
[  100779ms] [LOG] [WS] 🗺️ Broadcast recibido. Avatares: 1 [Hijo Test(2)] @ https://jimsimrodev.github.io/pequenos-sanos/assets/index-C7AoTPzR.js:82
[  100823ms] [LOG] [WS] 🗺️ Broadcast recibido. Avatares: 1 [Hijo Test(2)] @ https://jimsimrodev.github.io/pequenos-sanos/assets/index-C7AoTPzR.js:82
[  100856ms] [LOG] [WS] 🗺️ Broadcast recibido. Avatares: 1 [Hijo Test(2)] @ https://jimsimrodev.github.io/pequenos-sanos/assets/index-C7AoTPzR.js:82
[  100887ms] [LOG] [WS] 🗺️ Broadcast recibido. Avatares: 1 [Hijo Test(2)] @ https://jimsimrodev.github.io/pequenos-sanos/assets/index-C7AoTPzR.js:82
[  100931ms] [LOG] [WS] 🗺️ Broadcast recibido. Avatares: 1 [Hijo Test(2)] @ https://jimsimrodev.github.io/pequenos-sanos/assets/index-C7AoTPzR.js:82
[  100981ms] [LOG] [WS] 🗺️ Broadcast recibido. Avatares: 1 [Hijo Test(2)] @ https://jimsimrodev.github.io/pequenos-sanos/assets/index-C7AoTPzR.js:82
[  101017ms] [LOG] [WS] 🗺️ Broadcast recibido. Avatares: 1 [Hijo Test(2)] @ https://jimsimrodev.github.io/pequenos-sanos/assets/index-C7AoTPzR.js:82
[  101018ms] [LOG] [WS] 🗺️ Broadcast recibido. Avatares: 1 [Hijo Test(2)] @ https://jimsimrodev.github.io/pequenos-sanos/assets/index-C7AoTPzR.js:82
[  101069ms] [LOG] [WS] 🗺️ Broadcast recibido. Avatares: 1 [Hijo Test(2)] @ https://jimsimrodev.github.io/pequenos-sanos/assets/index-C7AoTPzR.js:82
[  101107ms] [LOG] [WS] 🗺️ Broadcast recibido. Avatares: 1 [Hijo Test(2)] @ https://jimsimrodev.github.io/pequenos-sanos/assets/index-C7AoTPzR.js:82
[  101109ms] [LOG] [WS] 🗺️ Broadcast recibido. Avatares: 1 [Hijo Test(2)] @ https://jimsimrodev.github.io/pequenos-sanos/assets/index-C7AoTPzR.js:82
[  101162ms] [LOG] [WS] 🗺️ Broadcast recibido. Avatares: 1 [Hijo Test(2)] @ https://jimsimrodev.github.io/pequenos-sanos/assets/index-C7AoTPzR.js:82
[  101206ms] [LOG] [WS] 🗺️ Broadcast recibido. Avatares: 1 [Hijo Test(2)] @ https://jimsimrodev.github.io/pequenos-sanos/assets/index-C7AoTPzR.js:82
[  101248ms] [LOG] [WS] 🗺️ Broadcast recibido. Avatares: 1 [Hijo Test(2)] @ https://jimsimrodev.github.io/pequenos-sanos/assets/index-C7AoTPzR.js:82
[  101249ms] [LOG] [WS] 🗺️ Broadcast recibido. Avatares: 1 [Hijo Test(2)] @ https://jimsimrodev.github.io/pequenos-sanos/assets/index-C7AoTPzR.js:82
[  101292ms] [LOG] [WS] 🗺️ Broadcast recibido. Avatares: 1 [Hijo Test(2)] @ https://jimsimrodev.github.io/pequenos-sanos/assets/index-C7AoTPzR.js:82
[  101325ms] [LOG] [WS] 🗺️ Broadcast recibido. Avatares: 1 [Hijo Test(2)] @ https://jimsimrodev.github.io/pequenos-sanos/assets/index-C7AoTPzR.js:82
[  101351ms] [LOG] [WS] 🗺️ Broadcast recibido. Avatares: 1 [Hijo Test(2)] @ https://jimsimrodev.github.io/pequenos-sanos/assets/index-C7AoTPzR.js:82
[  101384ms] [LOG] [WS] 🗺️ Broadcast recibido. Avatares: 1 [Hijo Test(2)] @ https://jimsimrodev.github.io/pequenos-sanos/assets/index-C7AoTPzR.js:82
[  101410ms] [LOG] [WS] 🗺️ Broadcast recibido. Avatares: 1 [Hijo Test(2)] @ https://jimsimrodev.github.io/pequenos-sanos/assets/index-C7AoTPzR.js:82
[  101444ms] [LOG] [WS] 🗺️ Broadcast recibido. Avatares: 1 [Hijo Test(2)] @ https://jimsimrodev.github.io/pequenos-sanos/assets/index-C7AoTPzR.js:82
[  101471ms] [LOG] [WS] 🗺️ Broadcast recibido. Avatares: 1 [Hijo Test(2)] @ https://jimsimrodev.github.io/pequenos-sanos/assets/index-C7AoTPzR.js:82
[  101503ms] [LOG] [WS] 🗺️ Broadcast recibido. Avatares: 1 [Hijo Test(2)] @ https://jimsimrodev.github.io/pequenos-sanos/assets/index-C7AoTPzR.js:82
[  101538ms] [LOG] [WS] 🗺️ Broadcast recibido. Avatares: 1 [Hijo Test(2)] @ https://jimsimrodev.github.io/pequenos-sanos/assets/index-C7AoTPzR.js:82
[  101574ms] [LOG] [WS] 🗺️ Broadcast recibido. Avatares: 1 [Hijo Test(2)] @ https://jimsimrodev.github.io/pequenos-sanos/assets/index-C7AoTPzR.js:82
[  101607ms] [LOG] [WS] 🗺️ Broadcast recibido. Avatares: 1 [Hijo Test(2)] @ https://jimsimrodev.github.io/pequenos-sanos/assets/index-C7AoTPzR.js:82
[  101634ms] [LOG] [WS] 🗺️ Broadcast recibido. Avatares: 1 [Hijo Test(2)] @ https://jimsimrodev.github.io/pequenos-sanos/assets/index-C7AoTPzR.js:82
[  101663ms] [LOG] [WS] 🗺️ Broadcast recibido. Avatares: 1 [Hijo Test(2)] @ https://jimsimrodev.github.io/pequenos-sanos/assets/index-C7AoTPzR.js:82
[  101693ms] [LOG] [WS] 🗺️ Broadcast recibido. Avatares: 1 [Hijo Test(2)] @ https://jimsimrodev.github.io/pequenos-sanos/assets/index-C7AoTPzR.js:82
[  101724ms] [LOG] [WS] 🗺️ Broadcast recibido. Avatares: 1 [Hijo Test(2)] @ https://jimsimrodev.github.io/pequenos-sanos/assets/index-C7AoTPzR.js:82
[  101760ms] [LOG] [WS] 🗺️ Broadcast recibido. Avatares: 1 [Hijo Test(2)] @ https://jimsimrodev.github.io/pequenos-sanos/assets/index-C7AoTPzR.js:82
[  101788ms] [LOG] [WS] 🗺️ Broadcast recibido. Avatares: 1 [Hijo Test(2)] @ https://jimsimrodev.github.io/pequenos-sanos/assets/index-C7AoTPzR.js:82
[  101819ms] [LOG] [WS] 🗺️ Broadcast recibido. Avatares: 1 [Hijo Test(2)] @ https://jimsimrodev.github.io/pequenos-sanos/assets/index-C7AoTPzR.js:82
[  101847ms] [LOG] [WS] 🗺️ Broadcast recibido. Avatares: 1 [Hijo Test(2)] @ https://jimsimrodev.github.io/pequenos-sanos/assets/index-C7AoTPzR.js:82
[  101878ms] [LOG] [WS] 🗺️ Broadcast recibido. Avatares: 1 [Hijo Test(2)] @ https://jimsimrodev.github.io/pequenos-sanos/assets/index-C7AoTPzR.js:82
[  101909ms] [LOG] [WS] 🗺️ Broadcast recibido. Avatares: 1 [Hijo Test(2)] @ https://jimsimrodev.github.io/pequenos-sanos/assets/index-C7AoTPzR.js:82
[  101937ms] [LOG] [WS] 🗺️ Broadcast recibido. Avatares: 1 [Hijo Test(2)] @ https://jimsimrodev.github.io/pequenos-sanos/assets/index-C7AoTPzR.js:82
[  101969ms] [LOG] [WS] 🗺️ Broadcast recibido. Avatares: 1 [Hijo Test(2)] @ https://jimsimrodev.github.io/pequenos-sanos/assets/index-C7AoTPzR.js:82
[  102005ms] [LOG] [WS] 🗺️ Broadcast recibido. Avatares: 1 [Hijo Test(2)] @ https://jimsimrodev.github.io/pequenos-sanos/assets/index-C7AoTPzR.js:82
[  102037ms] [LOG] [WS] 🗺️ Broadcast recibido. Avatares: 1 [Hijo Test(2)] @ https://jimsimrodev.github.io/pequenos-sanos/assets/index-C7AoTPzR.js:82
[  102068ms] [LOG] [WS] 🗺️ Broadcast recibido. Avatares: 1 [Hijo Test(2)] @ https://jimsimrodev.github.io/pequenos-sanos/assets/index-C7AoTPzR.js:82
[  102106ms] [LOG] [WS] 🗺️ Broadcast recibido. Avatares: 1 [Hijo Test(2)] @ https://jimsimrodev.github.io/pequenos-sanos/assets/index-C7AoTPzR.js:82
[  102138ms] [LOG] [WS] 🗺️ Broadcast recibido. Avatares: 1 [Hijo Test(2)] @ https://jimsimrodev.github.io/pequenos-sanos/assets/index-C7AoTPzR.js:82
[  102177ms] [LOG] [WS] 🗺️ Broadcast recibido. Avatares: 1 [Hijo Test(2)] @ https://jimsimrodev.github.io/pequenos-sanos/assets/index-C7AoTPzR.js:82
[  102210ms] [LOG] [WS] 🗺️ Broadcast recibido. Avatares: 1 [Hijo Test(2)] @ https://jimsimrodev.github.io/pequenos-sanos/assets/index-C7AoTPzR.js:82
[  102242ms] [LOG] [WS] 🗺️ Broadcast recibido. Avatares: 1 [Hijo Test(2)] @ https://jimsimrodev.github.io/pequenos-sanos/assets/index-C7AoTPzR.js:82
[  102277ms] [LOG] [WS] 🗺️ Broadcast recibido. Avatares: 1 [Hijo Test(2)] @ https://jimsimrodev.github.io/pequenos-sanos/assets/index-C7AoTPzR.js:82
[  102316ms] [LOG] [WS] 🗺️ Broadcast recibido. Avatares: 1 [Hijo Test(2)] @ https://jimsimrodev.github.io/pequenos-sanos/assets/index-C7AoTPzR.js:82
[  102349ms] [LOG] [WS] 🗺️ Broadcast recibido. Avatares: 1 [Hijo Test(2)] @ https://jimsimrodev.github.io/pequenos-sanos/assets/index-C7AoTPzR.js:82
[  102379ms] [LOG] [WS] 🗺️ Broadcast recibido. Avatares: 1 [Hijo Test(2)] @ https://jimsimrodev.github.io/pequenos-sanos/assets/index-C7AoTPzR.js:82
[  102413ms] [LOG] [WS] 🗺️ Broadcast recibido. Avatares: 1 [Hijo Test(2)] @ https://jimsimrodev.github.io/pequenos-sanos/assets/index-C7AoTPzR.js:82
[  102449ms] [LOG] [WS] 🗺️ Broadcast recibido. Avatares: 1 [Hijo Test(2)] @ https://jimsimrodev.github.io/pequenos-sanos/assets/index-C7AoTPzR.js:82
[  102477ms] [LOG] [WS] 🗺️ Broadcast recibido. Avatares: 1 [Hijo Test(2)] @ https://jimsimrodev.github.io/pequenos-sanos/assets/index-C7AoTPzR.js:82
[  102516ms] [LOG] [WS] 🗺️ Broadcast recibido. Avatares: 1 [Hijo Test(2)] @ https://jimsimrodev.github.io/pequenos-sanos/assets/index-C7AoTPzR.js:82
[  102548ms] [LOG] [WS] 🗺️ Broadcast recibido. Avatares: 1 [Hijo Test(2)] @ https://jimsimrodev.github.io/pequenos-sanos/assets/index-C7AoTPzR.js:82
[  102589ms] [LOG] [WS] 🗺️ Broadcast recibido. Avatares: 1 [Hijo Test(2)] @ https://jimsimrodev.github.io/pequenos-sanos/assets/index-C7AoTPzR.js:82
[  102630ms] [LOG] [WS] 🗺️ Broadcast recibido. Avatares: 1 [Hijo Test(2)] @ https://jimsimrodev.github.io/pequenos-sanos/assets/index-C7AoTPzR.js:82
[  102666ms] [LOG] [WS] 🗺️ Broadcast recibido. Avatares: 1 [Hijo Test(2)] @ https://jimsimrodev.github.io/pequenos-sanos/assets/index-C7AoTPzR.js:82
[  102695ms] [LOG] [WS] 🗺️ Broadcast recibido. Avatares: 1 [Hijo Test(2)] @ https://jimsimrodev.github.io/pequenos-sanos/assets/index-C7AoTPzR.js:82
[  102729ms] [LOG] [WS] 🗺️ Broadcast recibido. Avatares: 1 [Hijo Test(2)] @ https://jimsimrodev.github.io/pequenos-sanos/assets/index-C7AoTPzR.js:82
[  102758ms] [LOG] [WS] 🗺️ Broadcast recibido. Avatares: 1 [Hijo Test(2)] @ https://jimsimrodev.github.io/pequenos-sanos/assets/index-C7AoTPzR.js:82
[  102791ms] [LOG] [WS] 🗺️ Broadcast recibido. Avatares: 1 [Hijo Test(2)] @ https://jimsimrodev.github.io/pequenos-sanos/assets/index-C7AoTPzR.js:82
[  102824ms] [LOG] [WS] 🗺️ Broadcast recibido. Avatares: 1 [Hijo Test(2)] @ https://jimsimrodev.github.io/pequenos-sanos/assets/index-C7AoTPzR.js:82
[  102862ms] [LOG] [WS] 🗺️ Broadcast recibido. Avatares: 1 [Hijo Test(2)] @ https://jimsimrodev.github.io/pequenos-sanos/assets/index-C7AoTPzR.js:82
[  102894ms] [LOG] [WS] 🗺️ Broadcast recibido. Avatares: 1 [Hijo Test(2)] @ https://jimsimrodev.github.io/pequenos-sanos/assets/index-C7AoTPzR.js:82
[  102931ms] [LOG] [WS] 🗺️ Broadcast recibido. Avatares: 1 [Hijo Test(2)] @ https://jimsimrodev.github.io/pequenos-sanos/assets/index-C7AoTPzR.js:82
[  102974ms] [LOG] [WS] 🗺️ Broadcast recibido. Avatares: 1 [Hijo Test(2)] @ https://jimsimrodev.github.io/pequenos-sanos/assets/index-C7AoTPzR.js:82
[  103004ms] [LOG] [WS] 🗺️ Broadcast recibido. Avatares: 1 [Hijo Test(2)] @ https://jimsimrodev.github.io/pequenos-sanos/assets/index-C7AoTPzR.js:82
[  103037ms] [LOG] [WS] 🗺️ Broadcast recibido. Avatares: 1 [Hijo Test(2)] @ https://jimsimrodev.github.io/pequenos-sanos/assets/index-C7AoTPzR.js:82
[  103068ms] [LOG] [WS] 🗺️ Broadcast recibido. Avatares: 1 [Hijo Test(2)] @ https://jimsimrodev.github.io/pequenos-sanos/assets/index-C7AoTPzR.js:82
[  103119ms] [LOG] [WS] 🗺️ Broadcast recibido. Avatares: 1 [Hijo Test(2)] @ https://jimsimrodev.github.io/pequenos-sanos/assets/index-C7AoTPzR.js:82
[  103162ms] [LOG] [WS] 🗺️ Broadcast recibido. Avatares: 1 [Hijo Test(2)] @ https://jimsimrodev.github.io/pequenos-sanos/assets/index-C7AoTPzR.js:82
[  103163ms] [LOG] [WS] 🗺️ Broadcast recibido. Avatares: 1 [Hijo Test(2)] @ https://jimsimrodev.github.io/pequenos-sanos/assets/index-C7AoTPzR.js:82
[  103204ms] [LOG] [WS] 🗺️ Broadcast recibido. Avatares: 1 [Hijo Test(2)] @ https://jimsimrodev.github.io/pequenos-sanos/assets/index-C7AoTPzR.js:82
[  103243ms] [LOG] [WS] 🗺️ Broadcast recibido. Avatares: 1 [Hijo Test(2)] @ https://jimsimrodev.github.io/pequenos-sanos/assets/index-C7AoTPzR.js:82
[  103276ms] [LOG] [WS] 🗺️ Broadcast recibido. Avatares: 1 [Hijo Test(2)] @ https://jimsimrodev.github.io/pequenos-sanos/assets/index-C7AoTPzR.js:82
[  103317ms] [LOG] [WS] 🗺️ Broadcast recibido. Avatares: 1 [Hijo Test(2)] @ https://jimsimrodev.github.io/pequenos-sanos/assets/index-C7AoTPzR.js:82
[  103356ms] [LOG] [WS] 🗺️ Broadcast recibido. Avatares: 1 [Hijo Test(2)] @ https://jimsimrodev.github.io/pequenos-sanos/assets/index-C7AoTPzR.js:82
[  103357ms] [LOG] [WS] 🗺️ Broadcast recibido. Avatares: 1 [Hijo Test(2)] @ https://jimsimrodev.github.io/pequenos-sanos/assets/index-C7AoTPzR.js:82
[  103393ms] [LOG] [WS] 🗺️ Broadcast recibido. Avatares: 1 [Hijo Test(2)] @ https://jimsimrodev.github.io/pequenos-sanos/assets/index-C7AoTPzR.js:82
[  103428ms] [LOG] [WS] 🗺️ Broadcast recibido. Avatares: 1 [Hijo Test(2)] @ https://jimsimrodev.github.io/pequenos-sanos/assets/index-C7AoTPzR.js:82
[  103465ms] [LOG] [WS] 🗺️ Broadcast recibido. Avatares: 1 [Hijo Test(2)] @ https://jimsimrodev.github.io/pequenos-sanos/assets/index-C7AoTPzR.js:82
[  103500ms] [LOG] [WS] 🗺️ Broadcast recibido. Avatares: 1 [Hijo Test(2)] @ https://jimsimrodev.github.io/pequenos-sanos/assets/index-C7AoTPzR.js:82
[  103533ms] [LOG] [WS] 🗺️ Broadcast recibido. Avatares: 1 [Hijo Test(2)] @ https://jimsimrodev.github.io/pequenos-sanos/assets/index-C7AoTPzR.js:82
[  103569ms] [LOG] [WS] 🗺️ Broadcast recibido. Avatares: 1 [Hijo Test(2)] @ https://jimsimrodev.github.io/pequenos-sanos/assets/index-C7AoTPzR.js:82
[  103608ms] [LOG] [WS] 🗺️ Broadcast recibido. Avatares: 1 [Hijo Test(2)] @ https://jimsimrodev.github.io/pequenos-sanos/assets/index-C7AoTPzR.js:82
[  103636ms] [LOG] [WS] 🗺️ Broadcast recibido. Avatares: 1 [Hijo Test(2)] @ https://jimsimrodev.github.io/pequenos-sanos/assets/index-C7AoTPzR.js:82
[  103670ms] [LOG] [WS] 🗺️ Broadcast recibido. Avatares: 1 [Hijo Test(2)] @ https://jimsimrodev.github.io/pequenos-sanos/assets/index-C7AoTPzR.js:82
[  103700ms] [LOG] [WS] 🗺️ Broadcast recibido. Avatares: 1 [Hijo Test(2)] @ https://jimsimrodev.github.io/pequenos-sanos/assets/index-C7AoTPzR.js:82
[  103727ms] [LOG] [WS] 🗺️ Broadcast recibido. Avatares: 1 [Hijo Test(2)] @ https://jimsimrodev.github.io/pequenos-sanos/assets/index-C7AoTPzR.js:82
[  103765ms] [LOG] [WS] 🗺️ Broadcast recibido. Avatares: 1 [Hijo Test(2)] @ https://jimsimrodev.github.io/pequenos-sanos/assets/index-C7AoTPzR.js:82
[  103800ms] [LOG] [WS] 🗺️ Broadcast recibido. Avatares: 1 [Hijo Test(2)] @ https://jimsimrodev.github.io/pequenos-sanos/assets/index-C7AoTPzR.js:82
[  103837ms] [LOG] [WS] 🗺️ Broadcast recibido. Avatares: 1 [Hijo Test(2)] @ https://jimsimrodev.github.io/pequenos-sanos/assets/index-C7AoTPzR.js:82
[  103869ms] [LOG] [WS] 🗺️ Broadcast recibido. Avatares: 1 [Hijo Test(2)] @ https://jimsimrodev.github.io/pequenos-sanos/assets/index-C7AoTPzR.js:82
[  103894ms] [LOG] [WS] 🗺️ Broadcast recibido. Avatares: 1 [Hijo Test(2)] @ https://jimsimrodev.github.io/pequenos-sanos/assets/index-C7AoTPzR.js:82
[  103927ms] [LOG] [WS] 🗺️ Broadcast recibido. Avatares: 1 [Hijo Test(2)] @ https://jimsimrodev.github.io/pequenos-sanos/assets/index-C7AoTPzR.js:82
[  103958ms] [LOG] [WS] 🗺️ Broadcast recibido. Avatares: 1 [Hijo Test(2)] @ https://jimsimrodev.github.io/pequenos-sanos/assets/index-C7AoTPzR.js:82
[  103988ms] [LOG] [WS] 🗺️ Broadcast recibido. Avatares: 1 [Hijo Test(2)] @ https://jimsimrodev.github.io/pequenos-sanos/assets/index-C7AoTPzR.js:82
[  104017ms] [LOG] [WS] 🗺️ Broadcast recibido. Avatares: 1 [Hijo Test(2)] @ https://jimsimrodev.github.io/pequenos-sanos/assets/index-C7AoTPzR.js:82
[  104050ms] [LOG] [WS] 🗺️ Broadcast recibido. Avatares: 1 [Hijo Test(2)] @ https://jimsimrodev.github.io/pequenos-sanos/assets/index-C7AoTPzR.js:82
[  104081ms] [LOG] [WS] 🗺️ Broadcast recibido. Avatares: 1 [Hijo Test(2)] @ https://jimsimrodev.github.io/pequenos-sanos/assets/index-C7AoTPzR.js:82
[  104117ms] [LOG] [WS] 🗺️ Broadcast recibido. Avatares: 1 [Hijo Test(2)] @ https://jimsimrodev.github.io/pequenos-sanos/assets/index-C7AoTPzR.js:82
[  104145ms] [LOG] [WS] 🗺️ Broadcast recibido. Avatares: 1 [Hijo Test(2)] @ https://jimsimrodev.github.io/pequenos-sanos/assets/index-C7AoTPzR.js:82
[  104181ms] [LOG] [WS] 🗺️ Broadcast recibido. Avatares: 1 [Hijo Test(2)] @ https://jimsimrodev.github.io/pequenos-sanos/assets/index-C7AoTPzR.js:82
[  104218ms] [LOG] [WS] 🗺️ Broadcast recibido. Avatares: 1 [Hijo Test(2)] @ https://jimsimrodev.github.io/pequenos-sanos/assets/index-C7AoTPzR.js:82
[  104264ms] [LOG] [WS] 🗺️ Broadcast recibido. Avatares: 1 [Hijo Test(2)] @ https://jimsimrodev.github.io/pequenos-sanos/assets/index-C7AoTPzR.js:82
[  104319ms] [LOG] [WS] 🗺️ Broadcast recibido. Avatares: 1 [Hijo Test(2)] @ https://jimsimrodev.github.io/pequenos-sanos/assets/index-C7AoTPzR.js:82
[  104355ms] [LOG] [WS] 🗺️ Broadcast recibido. Avatares: 1 [Hijo Test(2)] @ https://jimsimrodev.github.io/pequenos-sanos/assets/index-C7AoTPzR.js:82
[  104356ms] [LOG] [WS] 🗺️ Broadcast recibido. Avatares: 1 [Hijo Test(2)] @ https://jimsimrodev.github.io/pequenos-sanos/assets/index-C7AoTPzR.js:82
[  104384ms] [LOG] [WS] 🗺️ Broadcast recibido. Avatares: 1 [Hijo Test(2)] @ https://jimsimrodev.github.io/pequenos-sanos/assets/index-C7AoTPzR.js:82
[  104420ms] [LOG] [WS] 🗺️ Broadcast recibido. Avatares: 1 [Hijo Test(2)] @ https://jimsimrodev.github.io/pequenos-sanos/assets/index-C7AoTPzR.js:82
[  104453ms] [LOG] [WS] 🗺️ Broadcast recibido. Avatares: 1 [Hijo Test(2)] @ https://jimsimrodev.github.io/pequenos-sanos/assets/index-C7AoTPzR.js:82
[  104484ms] [LOG] [WS] 🗺️ Broadcast recibido. Avatares: 1 [Hijo Test(2)] @ https://jimsimrodev.github.io/pequenos-sanos/assets/index-C7AoTPzR.js:82
[  104519ms] [LOG] [WS] 🗺️ Broadcast recibido. Avatares: 1 [Hijo Test(2)] @ https://jimsimrodev.github.io/pequenos-sanos/assets/index-C7AoTPzR.js:82
[  104555ms] [LOG] [WS] 🗺️ Broadcast recibido. Avatares: 1 [Hijo Test(2)] @ https://jimsimrodev.github.io/pequenos-sanos/assets/index-C7AoTPzR.js:82
[  104602ms] [LOG] [WS] 🗺️ Broadcast recibido. Avatares: 1 [Hijo Test(2)] @ https://jimsimrodev.github.io/pequenos-sanos/assets/index-C7AoTPzR.js:82
[  104637ms] [LOG] [WS] 🗺️ Broadcast recibido. Avatares: 1 [Hijo Test(2)] @ https://jimsimrodev.github.io/pequenos-sanos/assets/index-C7AoTPzR.js:82
[  104637ms] [LOG] [WS] 🗺️ Broadcast recibido. Avatares: 1 [Hijo Test(2)] @ https://jimsimrodev.github.io/pequenos-sanos/assets/index-C7AoTPzR.js:82
[  104668ms] [LOG] [WS] 🗺️ Broadcast recibido. Avatares: 1 [Hijo Test(2)] @ https://jimsimrodev.github.io/pequenos-sanos/assets/index-C7AoTPzR.js:82
[  104707ms] [LOG] [WS] 🗺️ Broadcast recibido. Avatares: 1 [Hijo Test(2)] @ https://jimsimrodev.github.io/pequenos-sanos/assets/index-C7AoTPzR.js:82
[  104743ms] [LOG] [WS] 🗺️ Broadcast recibido. Avatares: 1 [Hijo Test(2)] @ https://jimsimrodev.github.io/pequenos-sanos/assets/index-C7AoTPzR.js:82
[  104794ms] [LOG] [WS] 🗺️ Broadcast recibido. Avatares: 1 [Hijo Test(2)] @ https://jimsimrodev.github.io/pequenos-sanos/assets/index-C7AoTPzR.js:82
[  104841ms] [LOG] [WS] 🗺️ Broadcast recibido. Avatares: 1 [Hijo Test(2)] @ https://jimsimrodev.github.io/pequenos-sanos/assets/index-C7AoTPzR.js:82
[  104876ms] [LOG] [WS] 🗺️ Broadcast recibido. Avatares: 1 [Hijo Test(2)] @ https://jimsimrodev.github.io/pequenos-sanos/assets/index-C7AoTPzR.js:82
[  104877ms] [LOG] [WS] 🗺️ Broadcast recibido. Avatares: 1 [Hijo Test(2)] @ https://jimsimrodev.github.io/pequenos-sanos/assets/index-C7AoTPzR.js:82
[  104921ms] [LOG] [WS] 🗺️ Broadcast recibido. Avatares: 1 [Hijo Test(2)] @ https://jimsimrodev.github.io/pequenos-sanos/assets/index-C7AoTPzR.js:82
[  104954ms] [LOG] [WS] 🗺️ Broadcast recibido. Avatares: 1 [Hijo Test(2)] @ https://jimsimrodev.github.io/pequenos-sanos/assets/index-C7AoTPzR.js:82
[  104988ms] [LOG] [WS] 🗺️ Broadcast recibido. Avatares: 1 [Hijo Test(2)] @ https://jimsimrodev.github.io/pequenos-sanos/assets/index-C7AoTPzR.js:82
[  105013ms] [LOG] [WS] 🗺️ Broadcast recibido. Avatares: 1 [Hijo Test(2)] @ https://jimsimrodev.github.io/pequenos-sanos/assets/index-C7AoTPzR.js:82
[  105046ms] [LOG] [WS] 🗺️ Broadcast recibido. Avatares: 1 [Hijo Test(2)] @ https://jimsimrodev.github.io/pequenos-sanos/assets/index-C7AoTPzR.js:82
[  105082ms] [LOG] [WS] 🗺️ Broadcast recibido. Avatares: 1 [Hijo Test(2)] @ https://jimsimrodev.github.io/pequenos-sanos/assets/index-C7AoTPzR.js:82
[  105120ms] [LOG] [WS] 🗺️ Broadcast recibido. Avatares: 1 [Hijo Test(2)] @ https://jimsimrodev.github.io/pequenos-sanos/assets/index-C7AoTPzR.js:82
[  105164ms] [LOG] [WS] 🗺️ Broadcast recibido. Avatares: 1 [Hijo Test(2)] @ https://jimsimrodev.github.io/pequenos-sanos/assets/index-C7AoTPzR.js:82
[  105206ms] [LOG] [WS] 🗺️ Broadcast recibido. Avatares: 1 [Hijo Test(2)] @ https://jimsimrodev.github.io/pequenos-sanos/assets/index-C7AoTPzR.js:82
[  105207ms] [LOG] [WS] 🗺️ Broadcast recibido. Avatares: 1 [Hijo Test(2)] @ https://jimsimrodev.github.io/pequenos-sanos/assets/index-C7AoTPzR.js:82
[  105251ms] [LOG] [WS] 🗺️ Broadcast recibido. Avatares: 1 [Hijo Test(2)] @ https://jimsimrodev.github.io/pequenos-sanos/assets/index-C7AoTPzR.js:82
[  105291ms] [LOG] [WS] 🗺️ Broadcast recibido. Avatares: 1 [Hijo Test(2)] @ https://jimsimrodev.github.io/pequenos-sanos/assets/index-C7AoTPzR.js:82
[  105294ms] [LOG] [WS] 🗺️ Broadcast recibido. Avatares: 1 [Hijo Test(2)] @ https://jimsimrodev.github.io/pequenos-sanos/assets/index-C7AoTPzR.js:82
[  105296ms] [LOG] [WS] 🗺️ Broadcast recibido. Avatares: 1 [Hijo Test(2)] @ https://jimsimrodev.github.io/pequenos-sanos/assets/index-C7AoTPzR.js:82
[  105327ms] [LOG] [WS] 🗺️ Broadcast recibido. Avatares: 1 [Hijo Test(2)] @ https://jimsimrodev.github.io/pequenos-sanos/assets/index-C7AoTPzR.js:82
[  105368ms] [LOG] [WS] 🗺️ Broadcast recibido. Avatares: 1 [Hijo Test(2)] @ https://jimsimrodev.github.io/pequenos-sanos/assets/index-C7AoTPzR.js:82
[  105411ms] [LOG] [WS] 🗺️ Broadcast recibido. Avatares: 1 [Hijo Test(2)] @ https://jimsimrodev.github.io/pequenos-sanos/assets/index-C7AoTPzR.js:82
[  105452ms] [LOG] [WS] 🗺️ Broadcast recibido. Avatares: 1 [Hijo Test(2)] @ https://jimsimrodev.github.io/pequenos-sanos/assets/index-C7AoTPzR.js:82
[  105509ms] [LOG] [WS] 🗺️ Broadcast recibido. Avatares: 1 [Hijo Test(2)] @ https://jimsimrodev.github.io/pequenos-sanos/assets/index-C7AoTPzR.js:82
[  105550ms] [LOG] [WS] 🗺️ Broadcast recibido. Avatares: 1 [Hijo Test(2)] @ https://jimsimrodev.github.io/pequenos-sanos/assets/index-C7AoTPzR.js:82
[  105587ms] [LOG] [WS] 🗺️ Broadcast recibido. Avatares: 1 [Hijo Test(2)] @ https://jimsimrodev.github.io/pequenos-sanos/assets/index-C7AoTPzR.js:82
[  105632ms] [LOG] [WS] 🗺️ Broadcast recibido. Avatares: 1 [Hijo Test(2)] @ https://jimsimrodev.github.io/pequenos-sanos/assets/index-C7AoTPzR.js:82
[  105690ms] [LOG] [WS] 🗺️ Broadcast recibido. Avatares: 1 [Hijo Test(2)] @ https://jimsimrodev.github.io/pequenos-sanos/assets/index-C7AoTPzR.js:82
[  105691ms] [LOG] [WS] 🗺️ Broadcast recibido. Avatares: 1 [Hijo Test(2)] @ https://jimsimrodev.github.io/pequenos-sanos/assets/index-C7AoTPzR.js:82
[  105726ms] [LOG] [WS] 🗺️ Broadcast recibido. Avatares: 1 [Hijo Test(2)] @ https://jimsimrodev.github.io/pequenos-sanos/assets/index-C7AoTPzR.js:82
[  105728ms] [LOG] [WS] 🗺️ Broadcast recibido. Avatares: 1 [Hijo Test(2)] @ https://jimsimrodev.github.io/pequenos-sanos/assets/index-C7AoTPzR.js:82
[  105777ms] [LOG] [WS] 🗺️ Broadcast recibido. Avatares: 1 [Hijo Test(2)] @ https://jimsimrodev.github.io/pequenos-sanos/assets/index-C7AoTPzR.js:82
[  105815ms] [LOG] [WS] 🗺️ Broadcast recibido. Avatares: 1 [Hijo Test(2)] @ https://jimsimrodev.github.io/pequenos-sanos/assets/index-C7AoTPzR.js:82
[  105849ms] [LOG] [WS] 🗺️ Broadcast recibido. Avatares: 1 [Hijo Test(2)] @ https://jimsimrodev.github.io/pequenos-sanos/assets/index-C7AoTPzR.js:82
[  105890ms] [LOG] [WS] 🗺️ Broadcast recibido. Avatares: 1 [Hijo Test(2)] @ https://jimsimrodev.github.io/pequenos-sanos/assets/index-C7AoTPzR.js:82
[  105935ms] [LOG] [WS] 🗺️ Broadcast recibido. Avatares: 1 [Hijo Test(2)] @ https://jimsimrodev.github.io/pequenos-sanos/assets/index-C7AoTPzR.js:82
[  105937ms] [LOG] [WS] 🗺️ Broadcast recibido. Avatares: 1 [Hijo Test(2)] @ https://jimsimrodev.github.io/pequenos-sanos/assets/index-C7AoTPzR.js:82
[  105972ms] [LOG] [WS] 🗺️ Broadcast recibido. Avatares: 1 [Hijo Test(2)] @ https://jimsimrodev.github.io/pequenos-sanos/assets/index-C7AoTPzR.js:82
[  106018ms] [LOG] [WS] 🗺️ Broadcast recibido. Avatares: 1 [Hijo Test(2)] @ https://jimsimrodev.github.io/pequenos-sanos/assets/index-C7AoTPzR.js:82
[  106049ms] [LOG] [WS] 🗺️ Broadcast recibido. Avatares: 1 [Hijo Test(2)] @ https://jimsimrodev.github.io/pequenos-sanos/assets/index-C7AoTPzR.js:82
[  106051ms] [LOG] [WS] 🗺️ Broadcast recibido. Avatares: 1 [Hijo Test(2)] @ https://jimsimrodev.github.io/pequenos-sanos/assets/index-C7AoTPzR.js:82
[  106091ms] [LOG] [WS] 🗺️ Broadcast recibido. Avatares: 1 [Hijo Test(2)] @ https://jimsimrodev.github.io/pequenos-sanos/assets/index-C7AoTPzR.js:82
[  106124ms] [LOG] [WS] 🗺️ Broadcast recibido. Avatares: 1 [Hijo Test(2)] @ https://jimsimrodev.github.io/pequenos-sanos/assets/index-C7AoTPzR.js:82
[  106156ms] [LOG] [WS] 🗺️ Broadcast recibido. Avatares: 1 [Hijo Test(2)] @ https://jimsimrodev.github.io/pequenos-sanos/assets/index-C7AoTPzR.js:82
[  106183ms] [LOG] [WS] 🗺️ Broadcast recibido. Avatares: 1 [Hijo Test(2)] @ https://jimsimrodev.github.io/pequenos-sanos/assets/index-C7AoTPzR.js:82
[  106230ms] [LOG] [WS] 🗺️ Broadcast recibido. Avatares: 1 [Hijo Test(2)] @ https://jimsimrodev.github.io/pequenos-sanos/assets/index-C7AoTPzR.js:82
[  106271ms] [LOG] [WS] 🗺️ Broadcast recibido. Avatares: 1 [Hijo Test(2)] @ https://jimsimrodev.github.io/pequenos-sanos/assets/index-C7AoTPzR.js:82
[  106357ms] [LOG] [WS] 🗺️ Broadcast recibido. Avatares: 1 [Hijo Test(2)] @ https://jimsimrodev.github.io/pequenos-sanos/assets/index-C7AoTPzR.js:82
[  106393ms] [LOG] [WS] 🗺️ Broadcast recibido. Avatares: 1 [Hijo Test(2)] @ https://jimsimrodev.github.io/pequenos-sanos/assets/index-C7AoTPzR.js:82
[  106395ms] [LOG] [WS] 🗺️ Broadcast recibido. Avatares: 1 [Hijo Test(2)] @ https://jimsimrodev.github.io/pequenos-sanos/assets/index-C7AoTPzR.js:82
[  106397ms] [LOG] [WS] 🗺️ Broadcast recibido. Avatares: 1 [Hijo Test(2)] @ https://jimsimrodev.github.io/pequenos-sanos/assets/index-C7AoTPzR.js:82
[  106438ms] [LOG] [WS] 🗺️ Broadcast recibido. Avatares: 1 [Hijo Test(2)] @ https://jimsimrodev.github.io/pequenos-sanos/assets/index-C7AoTPzR.js:82
[  106474ms] [LOG] [WS] 🗺️ Broadcast recibido. Avatares: 1 [Hijo Test(2)] @ https://jimsimrodev.github.io/pequenos-sanos/assets/index-C7AoTPzR.js:82
[  106509ms] [LOG] [WS] 🗺️ Broadcast recibido. Avatares: 1 [Hijo Test(2)] @ https://jimsimrodev.github.io/pequenos-sanos/assets/index-C7AoTPzR.js:82
[  106543ms] [LOG] [WS] 🗺️ Broadcast recibido. Avatares: 1 [Hijo Test(2)] @ https://jimsimrodev.github.io/pequenos-sanos/assets/index-C7AoTPzR.js:82
[  106574ms] [LOG] [WS] 🗺️ Broadcast recibido. Avatares: 1 [Hijo Test(2)] @ https://jimsimrodev.github.io/pequenos-sanos/assets/index-C7AoTPzR.js:82
[  106611ms] [LOG] [WS] 🗺️ Broadcast recibido. Avatares: 1 [Hijo Test(2)] @ https://jimsimrodev.github.io/pequenos-sanos/assets/index-C7AoTPzR.js:82
[  106645ms] [LOG] [WS] 🗺️ Broadcast recibido. Avatares: 1 [Hijo Test(2)] @ https://jimsimrodev.github.io/pequenos-sanos/assets/index-C7AoTPzR.js:82
[  106679ms] [LOG] [WS] 🗺️ Broadcast recibido. Avatares: 1 [Hijo Test(2)] @ https://jimsimrodev.github.io/pequenos-sanos/assets/index-C7AoTPzR.js:82
[  106681ms] [LOG] [WS] 🗺️ Broadcast recibido. Avatares: 1 [Hijo Test(2)] @ https://jimsimrodev.github.io/pequenos-sanos/assets/index-C7AoTPzR.js:82
[  106724ms] [LOG] [WS] 🗺️ Broadcast recibido. Avatares: 1 [Hijo Test(2)] @ https://jimsimrodev.github.io/pequenos-sanos/assets/index-C7AoTPzR.js:82
[  106771ms] [LOG] [WS] 🗺️ Broadcast recibido. Avatares: 1 [Hijo Test(2)] @ https://jimsimrodev.github.io/pequenos-sanos/assets/index-C7AoTPzR.js:82
[  106816ms] [LOG] [WS] 🗺️ Broadcast recibido. Avatares: 1 [Hijo Test(2)] @ https://jimsimrodev.github.io/pequenos-sanos/assets/index-C7AoTPzR.js:82
[  106857ms] [LOG] [WS] 🗺️ Broadcast recibido. Avatares: 1 [Hijo Test(2)] @ https://jimsimrodev.github.io/pequenos-sanos/assets/index-C7AoTPzR.js:82
[  106858ms] [LOG] [WS] 🗺️ Broadcast recibido. Avatares: 1 [Hijo Test(2)] @ https://jimsimrodev.github.io/pequenos-sanos/assets/index-C7AoTPzR.js:82
[  106891ms] [LOG] [WS] 🗺️ Broadcast recibido. Avatares: 1 [Hijo Test(2)] @ https://jimsimrodev.github.io/pequenos-sanos/assets/index-C7AoTPzR.js:82
[  106920ms] [LOG] [WS] 🗺️ Broadcast recibido. Avatares: 1 [Hijo Test(2)] @ https://jimsimrodev.github.io/pequenos-sanos/assets/index-C7AoTPzR.js:82
[  106961ms] [LOG] [WS] 🗺️ Broadcast recibido. Avatares: 1 [Hijo Test(2)] @ https://jimsimrodev.github.io/pequenos-sanos/assets/index-C7AoTPzR.js:82
[  106999ms] [LOG] [WS] 🗺️ Broadcast recibido. Avatares: 1 [Hijo Test(2)] @ https://jimsimrodev.github.io/pequenos-sanos/assets/index-C7AoTPzR.js:82
[  107030ms] [LOG] [WS] 🗺️ Broadcast recibido. Avatares: 1 [Hijo Test(2)] @ https://jimsimrodev.github.io/pequenos-sanos/assets/index-C7AoTPzR.js:82
[  107062ms] [LOG] [WS] 🗺️ Broadcast recibido. Avatares: 1 [Hijo Test(2)] @ https://jimsimrodev.github.io/pequenos-sanos/assets/index-C7AoTPzR.js:82
[  107094ms] [LOG] [WS] 🗺️ Broadcast recibido. Avatares: 1 [Hijo Test(2)] @ https://jimsimrodev.github.io/pequenos-sanos/assets/index-C7AoTPzR.js:82
[  107129ms] [LOG] [WS] 🗺️ Broadcast recibido. Avatares: 1 [Hijo Test(2)] @ https://jimsimrodev.github.io/pequenos-sanos/assets/index-C7AoTPzR.js:82
[  107172ms] [LOG] [WS] 🗺️ Broadcast recibido. Avatares: 1 [Hijo Test(2)] @ https://jimsimrodev.github.io/pequenos-sanos/assets/index-C7AoTPzR.js:82
[  107214ms] [LOG] [WS] 🗺️ Broadcast recibido. Avatares: 1 [Hijo Test(2)] @ https://jimsimrodev.github.io/pequenos-sanos/assets/index-C7AoTPzR.js:82
[  107248ms] [LOG] [WS] 🗺️ Broadcast recibido. Avatares: 1 [Hijo Test(2)] @ https://jimsimrodev.github.io/pequenos-sanos/assets/index-C7AoTPzR.js:82
[  107249ms] [LOG] [WS] 🗺️ Broadcast recibido. Avatares: 1 [Hijo Test(2)] @ https://jimsimrodev.github.io/pequenos-sanos/assets/index-C7AoTPzR.js:82
[  107279ms] [LOG] [WS] 🗺️ Broadcast recibido. Avatares: 1 [Hijo Test(2)] @ https://jimsimrodev.github.io/pequenos-sanos/assets/index-C7AoTPzR.js:82
[  107317ms] [LOG] [WS] 🗺️ Broadcast recibido. Avatares: 1 [Hijo Test(2)] @ https://jimsimrodev.github.io/pequenos-sanos/assets/index-C7AoTPzR.js:82
[  107359ms] [LOG] [WS] 🗺️ Broadcast recibido. Avatares: 1 [Hijo Test(2)] @ https://jimsimrodev.github.io/pequenos-sanos/assets/index-C7AoTPzR.js:82
[  107392ms] [LOG] [WS] 🗺️ Broadcast recibido. Avatares: 1 [Hijo Test(2)] @ https://jimsimrodev.github.io/pequenos-sanos/assets/index-C7AoTPzR.js:82
[  107434ms] [LOG] [WS] 🗺️ Broadcast recibido. Avatares: 1 [Hijo Test(2)] @ https://jimsimrodev.github.io/pequenos-sanos/assets/index-C7AoTPzR.js:82
[  107474ms] [LOG] [WS] 🗺️ Broadcast recibido. Avatares: 1 [Hijo Test(2)] @ https://jimsimrodev.github.io/pequenos-sanos/assets/index-C7AoTPzR.js:82
[  107508ms] [LOG] [WS] 🗺️ Broadcast recibido. Avatares: 1 [Hijo Test(2)] @ https://jimsimrodev.github.io/pequenos-sanos/assets/index-C7AoTPzR.js:82
[  107508ms] [LOG] [WS] 🗺️ Broadcast recibido. Avatares: 1 [Hijo Test(2)] @ https://jimsimrodev.github.io/pequenos-sanos/assets/index-C7AoTPzR.js:82
[  107547ms] [LOG] [WS] 🗺️ Broadcast recibido. Avatares: 1 [Hijo Test(2)] @ https://jimsimrodev.github.io/pequenos-sanos/assets/index-C7AoTPzR.js:82
[  107577ms] [LOG] [WS] 🗺️ Broadcast recibido. Avatares: 1 [Hijo Test(2)] @ https://jimsimrodev.github.io/pequenos-sanos/assets/index-C7AoTPzR.js:82
[  107617ms] [LOG] [WS] 🗺️ Broadcast recibido. Avatares: 1 [Hijo Test(2)] @ https://jimsimrodev.github.io/pequenos-sanos/assets/index-C7AoTPzR.js:82
[  107652ms] [LOG] [WS] 🗺️ Broadcast recibido. Avatares: 1 [Hijo Test(2)] @ https://jimsimrodev.github.io/pequenos-sanos/assets/index-C7AoTPzR.js:82
[  107694ms] [LOG] [WS] 🗺️ Broadcast recibido. Avatares: 1 [Hijo Test(2)] @ https://jimsimrodev.github.io/pequenos-sanos/assets/index-C7AoTPzR.js:82
[  107721ms] [LOG] [WS] 🗺️ Broadcast recibido. Avatares: 1 [Hijo Test(2)] @ https://jimsimrodev.github.io/pequenos-sanos/assets/index-C7AoTPzR.js:82
[  107748ms] [LOG] [WS] 🗺️ Broadcast recibido. Avatares: 1 [Hijo Test(2)] @ https://jimsimrodev.github.io/pequenos-sanos/assets/index-C7AoTPzR.js:82
[  107789ms] [LOG] [WS] 🗺️ Broadcast recibido. Avatares: 1 [Hijo Test(2)] @ https://jimsimrodev.github.io/pequenos-sanos/assets/index-C7AoTPzR.js:82
[  107820ms] [LOG] [WS] 🗺️ Broadcast recibido. Avatares: 1 [Hijo Test(2)] @ https://jimsimrodev.github.io/pequenos-sanos/assets/index-C7AoTPzR.js:82
[  107843ms] [LOG] [WS] 🗺️ Broadcast recibido. Avatares: 1 [Hijo Test(2)] @ https://jimsimrodev.github.io/pequenos-sanos/assets/index-C7AoTPzR.js:82
[  107878ms] [LOG] [WS] 🗺️ Broadcast recibido. Avatares: 1 [Hijo Test(2)] @ https://jimsimrodev.github.io/pequenos-sanos/assets/index-C7AoTPzR.js:82
[  107902ms] [LOG] [WS] 🗺️ Broadcast recibido. Avatares: 1 [Hijo Test(2)] @ https://jimsimrodev.github.io/pequenos-sanos/assets/index-C7AoTPzR.js:82
[  107931ms] [LOG] [WS] 🗺️ Broadcast recibido. Avatares: 1 [Hijo Test(2)] @ https://jimsimrodev.github.io/pequenos-sanos/assets/index-C7AoTPzR.js:82
[  107960ms] [LOG] [WS] 🗺️ Broadcast recibido. Avatares: 1 [Hijo Test(2)] @ https://jimsimrodev.github.io/pequenos-sanos/assets/index-C7AoTPzR.js:82
[  107998ms] [LOG] [WS] 🗺️ Broadcast recibido. Avatares: 1 [Hijo Test(2)] @ https://jimsimrodev.github.io/pequenos-sanos/assets/index-C7AoTPzR.js:82
[  108030ms] [LOG] [WS] 🗺️ Broadcast recibido. Avatares: 1 [Hijo Test(2)] @ https://jimsimrodev.github.io/pequenos-sanos/assets/index-C7AoTPzR.js:82
[  108057ms] [LOG] [WS] 🗺️ Broadcast recibido. Avatares: 1 [Hijo Test(2)] @ https://jimsimrodev.github.io/pequenos-sanos/assets/index-C7AoTPzR.js:82
[  108084ms] [LOG] [WS] 🗺️ Broadcast recibido. Avatares: 1 [Hijo Test(2)] @ https://jimsimrodev.github.io/pequenos-sanos/assets/index-C7AoTPzR.js:82
[  108110ms] [LOG] [WS] 🗺️ Broadcast recibido. Avatares: 1 [Hijo Test(2)] @ https://jimsimrodev.github.io/pequenos-sanos/assets/index-C7AoTPzR.js:82
[  108137ms] [LOG] [WS] 🗺️ Broadcast recibido. Avatares: 1 [Hijo Test(2)] @ https://jimsimrodev.github.io/pequenos-sanos/assets/index-C7AoTPzR.js:82
[  108173ms] [LOG] [WS] 🗺️ Broadcast recibido. Avatares: 1 [Hijo Test(2)] @ https://jimsimrodev.github.io/pequenos-sanos/assets/index-C7AoTPzR.js:82
[  108202ms] [LOG] [WS] 🗺️ Broadcast recibido. Avatares: 1 [Hijo Test(2)] @ https://jimsimrodev.github.io/pequenos-sanos/assets/index-C7AoTPzR.js:82
[  108259ms] [LOG] [WS] 🗺️ Broadcast recibido. Avatares: 1 [Hijo Test(2)] @ https://jimsimrodev.github.io/pequenos-sanos/assets/index-C7AoTPzR.js:82
[  108281ms] [LOG] [WS] 🗺️ Broadcast recibido. Avatares: 1 [Hijo Test(2)] @ https://jimsimrodev.github.io/pequenos-sanos/assets/index-C7AoTPzR.js:82
[  108316ms] [LOG] [WS] 🗺️ Broadcast recibido. Avatares: 1 [Hijo Test(2)] @ https://jimsimrodev.github.io/pequenos-sanos/assets/index-C7AoTPzR.js:82
[  108348ms] [LOG] [WS] 🗺️ Broadcast recibido. Avatares: 1 [Hijo Test(2)] @ https://jimsimrodev.github.io/pequenos-sanos/assets/index-C7AoTPzR.js:82
[  108385ms] [LOG] [WS] 🗺️ Broadcast recibido. Avatares: 1 [Hijo Test(2)] @ https://jimsimrodev.github.io/pequenos-sanos/assets/index-C7AoTPzR.js:82
[  108420ms] [LOG] [WS] 🗺️ Broadcast recibido. Avatares: 1 [Hijo Test(2)] @ https://jimsimrodev.github.io/pequenos-sanos/assets/index-C7AoTPzR.js:82
[  108459ms] [LOG] [WS] 🗺️ Broadcast recibido. Avatares: 1 [Hijo Test(2)] @ https://jimsimrodev.github.io/pequenos-sanos/assets/index-C7AoTPzR.js:82
[  108507ms] [LOG] [WS] 🗺️ Broadcast recibido. Avatares: 1 [Hijo Test(2)] @ https://jimsimrodev.github.io/pequenos-sanos/assets/index-C7AoTPzR.js:82
[  108555ms] [LOG] [WS] 🗺️ Broadcast recibido. Avatares: 1 [Hijo Test(2)] @ https://jimsimrodev.github.io/pequenos-sanos/assets/index-C7AoTPzR.js:82
[  108589ms] [LOG] [WS] 🗺️ Broadcast recibido. Avatares: 1 [Hijo Test(2)] @ https://jimsimrodev.github.io/pequenos-sanos/assets/index-C7AoTPzR.js:82
[  108621ms] [LOG] [WS] 🗺️ Broadcast recibido. Avatares: 1 [Hijo Test(2)] @ https://jimsimrodev.github.io/pequenos-sanos/assets/index-C7AoTPzR.js:82
[  108654ms] [LOG] [WS] 🗺️ Broadcast recibido. Avatares: 1 [Hijo Test(2)] @ https://jimsimrodev.github.io/pequenos-sanos/assets/index-C7AoTPzR.js:82
[  108704ms] [LOG] [WS] 🗺️ Broadcast recibido. Avatares: 1 [Hijo Test(2)] @ https://jimsimrodev.github.io/pequenos-sanos/assets/index-C7AoTPzR.js:82
[  108738ms] [LOG] [WS] 🗺️ Broadcast recibido. Avatares: 1 [Hijo Test(2)] @ https://jimsimrodev.github.io/pequenos-sanos/assets/index-C7AoTPzR.js:82
[  108739ms] [LOG] [WS] 🗺️ Broadcast recibido. Avatares: 1 [Hijo Test(2)] @ https://jimsimrodev.github.io/pequenos-sanos/assets/index-C7AoTPzR.js:82
[  108777ms] [LOG] [WS] 🗺️ Broadcast recibido. Avatares: 1 [Hijo Test(2)] @ https://jimsimrodev.github.io/pequenos-sanos/assets/index-C7AoTPzR.js:82
[  108816ms] [LOG] [WS] 🗺️ Broadcast recibido. Avatares: 1 [Hijo Test(2)] @ https://jimsimrodev.github.io/pequenos-sanos/assets/index-C7AoTPzR.js:82
[  108845ms] [LOG] [WS] 🗺️ Broadcast recibido. Avatares: 1 [Hijo Test(2)] @ https://jimsimrodev.github.io/pequenos-sanos/assets/index-C7AoTPzR.js:82
[  108886ms] [LOG] [WS] 🗺️ Broadcast recibido. Avatares: 1 [Hijo Test(2)] @ https://jimsimrodev.github.io/pequenos-sanos/assets/index-C7AoTPzR.js:82
[  108921ms] [LOG] [WS] 🗺️ Broadcast recibido. Avatares: 1 [Hijo Test(2)] @ https://jimsimrodev.github.io/pequenos-sanos/assets/index-C7AoTPzR.js:82
[  108957ms] [LOG] [WS] 🗺️ Broadcast recibido. Avatares: 1 [Hijo Test(2)] @ https://jimsimrodev.github.io/pequenos-sanos/assets/index-C7AoTPzR.js:82
[  108989ms] [LOG] [WS] 🗺️ Broadcast recibido. Avatares: 1 [Hijo Test(2)] @ https://jimsimrodev.github.io/pequenos-sanos/assets/index-C7AoTPzR.js:82
[  109019ms] [LOG] [WS] 🗺️ Broadcast recibido. Avatares: 1 [Hijo Test(2)] @ https://jimsimrodev.github.io/pequenos-sanos/assets/index-C7AoTPzR.js:82
[  109021ms] [LOG] [WS] 🗺️ Broadcast recibido. Avatares: 1 [Hijo Test(2)] @ https://jimsimrodev.github.io/pequenos-sanos/assets/index-C7AoTPzR.js:82
[  109058ms] [LOG] [WS] 🗺️ Broadcast recibido. Avatares: 1 [Hijo Test(2)] @ https://jimsimrodev.github.io/pequenos-sanos/assets/index-C7AoTPzR.js:82
[  109099ms] [LOG] [WS] 🗺️ Broadcast recibido. Avatares: 1 [Hijo Test(2)] @ https://jimsimrodev.github.io/pequenos-sanos/assets/index-C7AoTPzR.js:82
[  109137ms] [LOG] [WS] 🗺️ Broadcast recibido. Avatares: 1 [Hijo Test(2)] @ https://jimsimrodev.github.io/pequenos-sanos/assets/index-C7AoTPzR.js:82
[  109177ms] [LOG] [WS] 🗺️ Broadcast recibido. Avatares: 1 [Hijo Test(2)] @ https://jimsimrodev.github.io/pequenos-sanos/assets/index-C7AoTPzR.js:82
[  109216ms] [LOG] [WS] 🗺️ Broadcast recibido. Avatares: 1 [Hijo Test(2)] @ https://jimsimrodev.github.io/pequenos-sanos/assets/index-C7AoTPzR.js:82
[  109251ms] [LOG] [WS] 🗺️ Broadcast recibido. Avatares: 1 [Hijo Test(2)] @ https://jimsimrodev.github.io/pequenos-sanos/assets/index-C7AoTPzR.js:82
[  109290ms] [LOG] [WS] 🗺️ Broadcast recibido. Avatares: 1 [Hijo Test(2)] @ https://jimsimrodev.github.io/pequenos-sanos/assets/index-C7AoTPzR.js:82
[  109323ms] [LOG] [WS] 🗺️ Broadcast recibido. Avatares: 1 [Hijo Test(2)] @ https://jimsimrodev.github.io/pequenos-sanos/assets/index-C7AoTPzR.js:82
[  109359ms] [LOG] [WS] 🗺️ Broadcast recibido. Avatares: 1 [Hijo Test(2)] @ https://jimsimrodev.github.io/pequenos-sanos/assets/index-C7AoTPzR.js:82
[  109362ms] [LOG] [WS] 🗺️ Broadcast recibido. Avatares: 1 [Hijo Test(2)] @ https://jimsimrodev.github.io/pequenos-sanos/assets/index-C7AoTPzR.js:82
[  109397ms] [LOG] [WS] 🗺️ Broadcast recibido. Avatares: 1 [Hijo Test(2)] @ https://jimsimrodev.github.io/pequenos-sanos/assets/index-C7AoTPzR.js:82
[  109433ms] [LOG] [WS] 🗺️ Broadcast recibido. Avatares: 1 [Hijo Test(2)] @ https://jimsimrodev.github.io/pequenos-sanos/assets/index-C7AoTPzR.js:82
[  109474ms] [LOG] [WS] 🗺️ Broadcast recibido. Avatares: 1 [Hijo Test(2)] @ https://jimsimrodev.github.io/pequenos-sanos/assets/index-C7AoTPzR.js:82
[  109508ms] [LOG] [WS] 🗺️ Broadcast recibido. Avatares: 1 [Hijo Test(2)] @ https://jimsimrodev.github.io/pequenos-sanos/assets/index-C7AoTPzR.js:82
[  109543ms] [LOG] [WS] 🗺️ Broadcast recibido. Avatares: 1 [Hijo Test(2)] @ https://jimsimrodev.github.io/pequenos-sanos/assets/index-C7AoTPzR.js:82
[  109596ms] [LOG] [WS] 🗺️ Broadcast recibido. Avatares: 1 [Hijo Test(2)] @ https://jimsimrodev.github.io/pequenos-sanos/assets/index-C7AoTPzR.js:82
[  109637ms] [LOG] [WS] 🗺️ Broadcast recibido. Avatares: 1 [Hijo Test(2)] @ https://jimsimrodev.github.io/pequenos-sanos/assets/index-C7AoTPzR.js:82
[  109638ms] [LOG] [WS] 🗺️ Broadcast recibido. Avatares: 1 [Hijo Test(2)] @ https://jimsimrodev.github.io/pequenos-sanos/assets/index-C7AoTPzR.js:82
[  109675ms] [LOG] [WS] 🗺️ Broadcast recibido. Avatares: 1 [Hijo Test(2)] @ https://jimsimrodev.github.io/pequenos-sanos/assets/index-C7AoTPzR.js:82
[  109707ms] [LOG] [WS] 🗺️ Broadcast recibido. Avatares: 1 [Hijo Test(2)] @ https://jimsimrodev.github.io/pequenos-sanos/assets/index-C7AoTPzR.js:82
[  109741ms] [LOG] [WS] 🗺️ Broadcast recibido. Avatares: 1 [Hijo Test(2)] @ https://jimsimrodev.github.io/pequenos-sanos/assets/index-C7AoTPzR.js:82
[  109779ms] [LOG] [WS] 🗺️ Broadcast recibido. Avatares: 1 [Hijo Test(2)] @ https://jimsimrodev.github.io/pequenos-sanos/assets/index-C7AoTPzR.js:82
[  109809ms] [LOG] [WS] 🗺️ Broadcast recibido. Avatares: 1 [Hijo Test(2)] @ https://jimsimrodev.github.io/pequenos-sanos/assets/index-C7AoTPzR.js:82
[  109841ms] [LOG] [WS] 🗺️ Broadcast recibido. Avatares: 1 [Hijo Test(2)] @ https://jimsimrodev.github.io/pequenos-sanos/assets/index-C7AoTPzR.js:82
[  109879ms] [LOG] [WS] 🗺️ Broadcast recibido. Avatares: 1 [Hijo Test(2)] @ https://jimsimrodev.github.io/pequenos-sanos/assets/index-C7AoTPzR.js:82
[  109902ms] [LOG] [WS] 🗺️ Broadcast recibido. Avatares: 1 [Hijo Test(2)] @ https://jimsimrodev.github.io/pequenos-sanos/assets/index-C7AoTPzR.js:82
[  109938ms] [LOG] [WS] 🗺️ Broadcast recibido. Avatares: 1 [Hijo Test(2)] @ https://jimsimrodev.github.io/pequenos-sanos/assets/index-C7AoTPzR.js:82
[  109971ms] [LOG] [WS] 🗺️ Broadcast recibido. Avatares: 1 [Hijo Test(2)] @ https://jimsimrodev.github.io/pequenos-sanos/assets/index-C7AoTPzR.js:82
[  110011ms] [LOG] [WS] 🗺️ Broadcast recibido. Avatares: 1 [Hijo Test(2)] @ https://jimsimrodev.github.io/pequenos-sanos/assets/index-C7AoTPzR.js:82
[  110062ms] [LOG] [WS] 🗺️ Broadcast recibido. Avatares: 1 [Hijo Test(2)] @ https://jimsimrodev.github.io/pequenos-sanos/assets/index-C7AoTPzR.js:82
[  110063ms] [LOG] [WS] 🗺️ Broadcast recibido. Avatares: 1 [Hijo Test(2)] @ https://jimsimrodev.github.io/pequenos-sanos/assets/index-C7AoTPzR.js:82
[  110064ms] [LOG] [WS] 🗺️ Broadcast recibido. Avatares: 1 [Hijo Test(2)] @ https://jimsimrodev.github.io/pequenos-sanos/assets/index-C7AoTPzR.js:82
[  110099ms] [LOG] [WS] 🗺️ Broadcast recibido. Avatares: 1 [Hijo Test(2)] @ https://jimsimrodev.github.io/pequenos-sanos/assets/index-C7AoTPzR.js:82
[  110137ms] [LOG] [WS] 🗺️ Broadcast recibido. Avatares: 1 [Hijo Test(2)] @ https://jimsimrodev.github.io/pequenos-sanos/assets/index-C7AoTPzR.js:82
[  110174ms] [LOG] [WS] 🗺️ Broadcast recibido. Avatares: 1 [Hijo Test(2)] @ https://jimsimrodev.github.io/pequenos-sanos/assets/index-C7AoTPzR.js:82
[  110217ms] [LOG] [WS] 🗺️ Broadcast recibido. Avatares: 1 [Hijo Test(2)] @ https://jimsimrodev.github.io/pequenos-sanos/assets/index-C7AoTPzR.js:82
[  110253ms] [LOG] [WS] 🗺️ Broadcast recibido. Avatares: 1 [Hijo Test(2)] @ https://jimsimrodev.github.io/pequenos-sanos/assets/index-C7AoTPzR.js:82
[  110287ms] [LOG] [WS] 🗺️ Broadcast recibido. Avatares: 1 [Hijo Test(2)] @ https://jimsimrodev.github.io/pequenos-sanos/assets/index-C7AoTPzR.js:82
[  110319ms] [LOG] [WS] 🗺️ Broadcast recibido. Avatares: 1 [Hijo Test(2)] @ https://jimsimrodev.github.io/pequenos-sanos/assets/index-C7AoTPzR.js:82
[  110353ms] [LOG] [WS] 🗺️ Broadcast recibido. Avatares: 1 [Hijo Test(2)] @ https://jimsimrodev.github.io/pequenos-sanos/assets/index-C7AoTPzR.js:82
[  110385ms] [LOG] [WS] 🗺️ Broadcast recibido. Avatares: 1 [Hijo Test(2)] @ https://jimsimrodev.github.io/pequenos-sanos/assets/index-C7AoTPzR.js:82
[  110421ms] [LOG] [WS] 🗺️ Broadcast recibido. Avatares: 1 [Hijo Test(2)] @ https://jimsimrodev.github.io/pequenos-sanos/assets/index-C7AoTPzR.js:82
[  110446ms] [LOG] [WS] 🗺️ Broadcast recibido. Avatares: 1 [Hijo Test(2)] @ https://jimsimrodev.github.io/pequenos-sanos/assets/index-C7AoTPzR.js:82
[  110486ms] [LOG] [WS] 🗺️ Broadcast recibido. Avatares: 1 [Hijo Test(2)] @ https://jimsimrodev.github.io/pequenos-sanos/assets/index-C7AoTPzR.js:82
[  110523ms] [LOG] [WS] 🗺️ Broadcast recibido. Avatares: 1 [Hijo Test(2)] @ https://jimsimrodev.github.io/pequenos-sanos/assets/index-C7AoTPzR.js:82
[  110559ms] [LOG] [WS] 🗺️ Broadcast recibido. Avatares: 1 [Hijo Test(2)] @ https://jimsimrodev.github.io/pequenos-sanos/assets/index-C7AoTPzR.js:82
[  110603ms] [LOG] [WS] 🗺️ Broadcast recibido. Avatares: 1 [Hijo Test(2)] @ https://jimsimrodev.github.io/pequenos-sanos/assets/index-C7AoTPzR.js:82
[  110657ms] [LOG] [WS] 🗺️ Broadcast recibido. Avatares: 1 [Hijo Test(2)] @ https://jimsimrodev.github.io/pequenos-sanos/assets/index-C7AoTPzR.js:82
[  110710ms] [LOG] [WS] 🗺️ Broadcast recibido. Avatares: 1 [Hijo Test(2)] @ https://jimsimrodev.github.io/pequenos-sanos/assets/index-C7AoTPzR.js:82
[  110711ms] [LOG] [WS] 🗺️ Broadcast recibido. Avatares: 1 [Hijo Test(2)] @ https://jimsimrodev.github.io/pequenos-sanos/assets/index-C7AoTPzR.js:82
[  110766ms] [LOG] [WS] 🗺️ Broadcast recibido. Avatares: 1 [Hijo Test(2)] @ https://jimsimrodev.github.io/pequenos-sanos/assets/index-C7AoTPzR.js:82
[  110767ms] [LOG] [WS] 🗺️ Broadcast recibido. Avatares: 1 [Hijo Test(2)] @ https://jimsimrodev.github.io/pequenos-sanos/assets/index-C7AoTPzR.js:82
[  110819ms] [LOG] [WS] 🗺️ Broadcast recibido. Avatares: 1 [Hijo Test(2)] @ https://jimsimrodev.github.io/pequenos-sanos/assets/index-C7AoTPzR.js:82
[  110854ms] [LOG] [WS] 🗺️ Broadcast recibido. Avatares: 1 [Hijo Test(2)] @ https://jimsimrodev.github.io/pequenos-sanos/assets/index-C7AoTPzR.js:82
[  110856ms] [LOG] [WS] 🗺️ Broadcast recibido. Avatares: 1 [Hijo Test(2)] @ https://jimsimrodev.github.io/pequenos-sanos/assets/index-C7AoTPzR.js:82
[  110893ms] [LOG] [WS] 🗺️ Broadcast recibido. Avatares: 1 [Hijo Test(2)] @ https://jimsimrodev.github.io/pequenos-sanos/assets/index-C7AoTPzR.js:82
[  110946ms] [LOG] [WS] 🗺️ Broadcast recibido. Avatares: 1 [Hijo Test(2)] @ https://jimsimrodev.github.io/pequenos-sanos/assets/index-C7AoTPzR.js:82
[  110987ms] [LOG] [WS] 🗺️ Broadcast recibido. Avatares: 1 [Hijo Test(2)] @ https://jimsimrodev.github.io/pequenos-sanos/assets/index-C7AoTPzR.js:82
[  110988ms] [LOG] [WS] 🗺️ Broadcast recibido. Avatares: 1 [Hijo Test(2)] @ https://jimsimrodev.github.io/pequenos-sanos/assets/index-C7AoTPzR.js:82
[  111029ms] [LOG] [WS] 🗺️ Broadcast recibido. Avatares: 1 [Hijo Test(2)] @ https://jimsimrodev.github.io/pequenos-sanos/assets/index-C7AoTPzR.js:82
[  111078ms] [LOG] [WS] 🗺️ Broadcast recibido. Avatares: 1 [Hijo Test(2)] @ https://jimsimrodev.github.io/pequenos-sanos/assets/index-C7AoTPzR.js:82
[  111117ms] [LOG] [WS] 🗺️ Broadcast recibido. Avatares: 1 [Hijo Test(2)] @ https://jimsimrodev.github.io/pequenos-sanos/assets/index-C7AoTPzR.js:82
[  111119ms] [LOG] [WS] 🗺️ Broadcast recibido. Avatares: 1 [Hijo Test(2)] @ https://jimsimrodev.github.io/pequenos-sanos/assets/index-C7AoTPzR.js:82
[  111161ms] [LOG] [WS] 🗺️ Broadcast recibido. Avatares: 1 [Hijo Test(2)] @ https://jimsimrodev.github.io/pequenos-sanos/assets/index-C7AoTPzR.js:82
[  111207ms] [LOG] [WS] 🗺️ Broadcast recibido. Avatares: 1 [Hijo Test(2)] @ https://jimsimrodev.github.io/pequenos-sanos/assets/index-C7AoTPzR.js:82
[  111246ms] [LOG] [WS] 🗺️ Broadcast recibido. Avatares: 1 [Hijo Test(2)] @ https://jimsimrodev.github.io/pequenos-sanos/assets/index-C7AoTPzR.js:82
[  111248ms] [LOG] [WS] 🗺️ Broadcast recibido. Avatares: 1 [Hijo Test(2)] @ https://jimsimrodev.github.io/pequenos-sanos/assets/index-C7AoTPzR.js:82
[  111287ms] [LOG] [WS] 🗺️ Broadcast recibido. Avatares: 1 [Hijo Test(2)] @ https://jimsimrodev.github.io/pequenos-sanos/assets/index-C7AoTPzR.js:82
[  111316ms] [LOG] [WS] 🗺️ Broadcast recibido. Avatares: 1 [Hijo Test(2)] @ https://jimsimrodev.github.io/pequenos-sanos/assets/index-C7AoTPzR.js:82
[  111348ms] [LOG] [WS] 🗺️ Broadcast recibido. Avatares: 1 [Hijo Test(2)] @ https://jimsimrodev.github.io/pequenos-sanos/assets/index-C7AoTPzR.js:82
[  111378ms] [LOG] [WS] 🗺️ Broadcast recibido. Avatares: 1 [Hijo Test(2)] @ https://jimsimrodev.github.io/pequenos-sanos/assets/index-C7AoTPzR.js:82
[  111409ms] [LOG] [WS] 🗺️ Broadcast recibido. Avatares: 1 [Hijo Test(2)] @ https://jimsimrodev.github.io/pequenos-sanos/assets/index-C7AoTPzR.js:82
[  111447ms] [LOG] [WS] 🗺️ Broadcast recibido. Avatares: 1 [Hijo Test(2)] @ https://jimsimrodev.github.io/pequenos-sanos/assets/index-C7AoTPzR.js:82
[  111489ms] [LOG] [WS] 🗺️ Broadcast recibido. Avatares: 1 [Hijo Test(2)] @ https://jimsimrodev.github.io/pequenos-sanos/assets/index-C7AoTPzR.js:82
[  111514ms] [LOG] [WS] 🗺️ Broadcast recibido. Avatares: 1 [Hijo Test(2)] @ https://jimsimrodev.github.io/pequenos-sanos/assets/index-C7AoTPzR.js:82
[  111547ms] [LOG] [WS] 🗺️ Broadcast recibido. Avatares: 1 [Hijo Test(2)] @ https://jimsimrodev.github.io/pequenos-sanos/assets/index-C7AoTPzR.js:82
[  111576ms] [LOG] [WS] 🗺️ Broadcast recibido. Avatares: 1 [Hijo Test(2)] @ https://jimsimrodev.github.io/pequenos-sanos/assets/index-C7AoTPzR.js:82
[  111626ms] [LOG] [WS] 🗺️ Broadcast recibido. Avatares: 1 [Hijo Test(2)] @ https://jimsimrodev.github.io/pequenos-sanos/assets/index-C7AoTPzR.js:82
[  111665ms] [LOG] [WS] 🗺️ Broadcast recibido. Avatares: 1 [Hijo Test(2)] @ https://jimsimrodev.github.io/pequenos-sanos/assets/index-C7AoTPzR.js:82
[  111708ms] [LOG] [WS] 🗺️ Broadcast recibido. Avatares: 1 [Hijo Test(2)] @ https://jimsimrodev.github.io/pequenos-sanos/assets/index-C7AoTPzR.js:82
[  111732ms] [LOG] [WS] 🗺️ Broadcast recibido. Avatares: 1 [Hijo Test(2)] @ https://jimsimrodev.github.io/pequenos-sanos/assets/index-C7AoTPzR.js:82
[  111733ms] [LOG] [WS] 🗺️ Broadcast recibido. Avatares: 1 [Hijo Test(2)] @ https://jimsimrodev.github.io/pequenos-sanos/assets/index-C7AoTPzR.js:82
[  111763ms] [LOG] [WS] 🗺️ Broadcast recibido. Avatares: 1 [Hijo Test(2)] @ https://jimsimrodev.github.io/pequenos-sanos/assets/index-C7AoTPzR.js:82
[  111789ms] [LOG] [WS] 🗺️ Broadcast recibido. Avatares: 1 [Hijo Test(2)] @ https://jimsimrodev.github.io/pequenos-sanos/assets/index-C7AoTPzR.js:82
[  111815ms] [LOG] [WS] 🗺️ Broadcast recibido. Avatares: 1 [Hijo Test(2)] @ https://jimsimrodev.github.io/pequenos-sanos/assets/index-C7AoTPzR.js:82
[  111842ms] [LOG] [WS] 🗺️ Broadcast recibido. Avatares: 1 [Hijo Test(2)] @ https://jimsimrodev.github.io/pequenos-sanos/assets/index-C7AoTPzR.js:82
[  111870ms] [LOG] [WS] 🗺️ Broadcast recibido. Avatares: 1 [Hijo Test(2)] @ https://jimsimrodev.github.io/pequenos-sanos/assets/index-C7AoTPzR.js:82
[  111899ms] [LOG] [WS] 🗺️ Broadcast recibido. Avatares: 1 [Hijo Test(2)] @ https://jimsimrodev.github.io/pequenos-sanos/assets/index-C7AoTPzR.js:82
[  111931ms] [LOG] [WS] 🗺️ Broadcast recibido. Avatares: 1 [Hijo Test(2)] @ https://jimsimrodev.github.io/pequenos-sanos/assets/index-C7AoTPzR.js:82
[  111964ms] [LOG] [WS] 🗺️ Broadcast recibido. Avatares: 1 [Hijo Test(2)] @ https://jimsimrodev.github.io/pequenos-sanos/assets/index-C7AoTPzR.js:82
[  112000ms] [LOG] [WS] 🗺️ Broadcast recibido. Avatares: 1 [Hijo Test(2)] @ https://jimsimrodev.github.io/pequenos-sanos/assets/index-C7AoTPzR.js:82
[  112031ms] [LOG] [WS] 🗺️ Broadcast recibido. Avatares: 1 [Hijo Test(2)] @ https://jimsimrodev.github.io/pequenos-sanos/assets/index-C7AoTPzR.js:82
[  112062ms] [LOG] [WS] 🗺️ Broadcast recibido. Avatares: 1 [Hijo Test(2)] @ https://jimsimrodev.github.io/pequenos-sanos/assets/index-C7AoTPzR.js:82
[  112095ms] [LOG] [WS] 🗺️ Broadcast recibido. Avatares: 1 [Hijo Test(2)] @ https://jimsimrodev.github.io/pequenos-sanos/assets/index-C7AoTPzR.js:82
[  112130ms] [LOG] [WS] 🗺️ Broadcast recibido. Avatares: 1 [Hijo Test(2)] @ https://jimsimrodev.github.io/pequenos-sanos/assets/index-C7AoTPzR.js:82
[  112166ms] [LOG] [WS] 🗺️ Broadcast recibido. Avatares: 1 [Hijo Test(2)] @ https://jimsimrodev.github.io/pequenos-sanos/assets/index-C7AoTPzR.js:82
[  112194ms] [LOG] [WS] 🗺️ Broadcast recibido. Avatares: 1 [Hijo Test(2)] @ https://jimsimrodev.github.io/pequenos-sanos/assets/index-C7AoTPzR.js:82
[  112227ms] [LOG] [WS] 🗺️ Broadcast recibido. Avatares: 1 [Hijo Test(2)] @ https://jimsimrodev.github.io/pequenos-sanos/assets/index-C7AoTPzR.js:82
[  112287ms] [LOG] [WS] 🗺️ Broadcast recibido. Avatares: 1 [Hijo Test(2)] @ https://jimsimrodev.github.io/pequenos-sanos/assets/index-C7AoTPzR.js:82
[  112319ms] [LOG] [WS] 🗺️ Broadcast recibido. Avatares: 1 [Hijo Test(2)] @ https://jimsimrodev.github.io/pequenos-sanos/assets/index-C7AoTPzR.js:82
[  112358ms] [LOG] [WS] 🗺️ Broadcast recibido. Avatares: 1 [Hijo Test(2)] @ https://jimsimrodev.github.io/pequenos-sanos/assets/index-C7AoTPzR.js:82
[  112391ms] [LOG] [WS] 🗺️ Broadcast recibido. Avatares: 1 [Hijo Test(2)] @ https://jimsimrodev.github.io/pequenos-sanos/assets/index-C7AoTPzR.js:82
[  112427ms] [LOG] [WS] 🗺️ Broadcast recibido. Avatares: 1 [Hijo Test(2)] @ https://jimsimrodev.github.io/pequenos-sanos/assets/index-C7AoTPzR.js:82
[  112455ms] [LOG] [WS] 🗺️ Broadcast recibido. Avatares: 1 [Hijo Test(2)] @ https://jimsimrodev.github.io/pequenos-sanos/assets/index-C7AoTPzR.js:82
[  112486ms] [LOG] [WS] 🗺️ Broadcast recibido. Avatares: 1 [Hijo Test(2)] @ https://jimsimrodev.github.io/pequenos-sanos/assets/index-C7AoTPzR.js:82
[  112512ms] [LOG] [WS] 🗺️ Broadcast recibido. Avatares: 1 [Hijo Test(2)] @ https://jimsimrodev.github.io/pequenos-sanos/assets/index-C7AoTPzR.js:82
[  112542ms] [LOG] [WS] 🗺️ Broadcast recibido. Avatares: 1 [Hijo Test(2)] @ https://jimsimrodev.github.io/pequenos-sanos/assets/index-C7AoTPzR.js:82
[  112571ms] [LOG] [WS] 🗺️ Broadcast recibido. Avatares: 1 [Hijo Test(2)] @ https://jimsimrodev.github.io/pequenos-sanos/assets/index-C7AoTPzR.js:82
[  112605ms] [LOG] [WS] 🗺️ Broadcast recibido. Avatares: 1 [Hijo Test(2)] @ https://jimsimrodev.github.io/pequenos-sanos/assets/index-C7AoTPzR.js:82
[  112633ms] [LOG] [WS] 🗺️ Broadcast recibido. Avatares: 1 [Hijo Test(2)] @ https://jimsimrodev.github.io/pequenos-sanos/assets/index-C7AoTPzR.js:82
[  112669ms] [LOG] [WS] 🗺️ Broadcast recibido. Avatares: 1 [Hijo Test(2)] @ https://jimsimrodev.github.io/pequenos-sanos/assets/index-C7AoTPzR.js:82
[  112709ms] [LOG] [WS] 🗺️ Broadcast recibido. Avatares: 1 [Hijo Test(2)] @ https://jimsimrodev.github.io/pequenos-sanos/assets/index-C7AoTPzR.js:82
[  112743ms] [LOG] [WS] 🗺️ Broadcast recibido. Avatares: 1 [Hijo Test(2)] @ https://jimsimrodev.github.io/pequenos-sanos/assets/index-C7AoTPzR.js:82
[  112772ms] [LOG] [WS] 🗺️ Broadcast recibido. Avatares: 1 [Hijo Test(2)] @ https://jimsimrodev.github.io/pequenos-sanos/assets/index-C7AoTPzR.js:82
[  112802ms] [LOG] [WS] 🗺️ Broadcast recibido. Avatares: 1 [Hijo Test(2)] @ https://jimsimrodev.github.io/pequenos-sanos/assets/index-C7AoTPzR.js:82
[  112833ms] [LOG] [WS] 🗺️ Broadcast recibido. Avatares: 1 [Hijo Test(2)] @ https://jimsimrodev.github.io/pequenos-sanos/assets/index-C7AoTPzR.js:82
[  112860ms] [LOG] [WS] 🗺️ Broadcast recibido. Avatares: 1 [Hijo Test(2)] @ https://jimsimrodev.github.io/pequenos-sanos/assets/index-C7AoTPzR.js:82
[  112897ms] [LOG] [WS] 🗺️ Broadcast recibido. Avatares: 1 [Hijo Test(2)] @ https://jimsimrodev.github.io/pequenos-sanos/assets/index-C7AoTPzR.js:82
[  112933ms] [LOG] [WS] 🗺️ Broadcast recibido. Avatares: 1 [Hijo Test(2)] @ https://jimsimrodev.github.io/pequenos-sanos/assets/index-C7AoTPzR.js:82
[  112960ms] [LOG] [WS] 🗺️ Broadcast recibido. Avatares: 1 [Hijo Test(2)] @ https://jimsimrodev.github.io/pequenos-sanos/assets/index-C7AoTPzR.js:82
[  112999ms] [LOG] [WS] 🗺️ Broadcast recibido. Avatares: 1 [Hijo Test(2)] @ https://jimsimrodev.github.io/pequenos-sanos/assets/index-C7AoTPzR.js:82
[  113031ms] [LOG] [WS] 🗺️ Broadcast recibido. Avatares: 1 [Hijo Test(2)] @ https://jimsimrodev.github.io/pequenos-sanos/assets/index-C7AoTPzR.js:82
[  113065ms] [LOG] [WS] 🗺️ Broadcast recibido. Avatares: 1 [Hijo Test(2)] @ https://jimsimrodev.github.io/pequenos-sanos/assets/index-C7AoTPzR.js:82
[  113093ms] [LOG] [WS] 🗺️ Broadcast recibido. Avatares: 1 [Hijo Test(2)] @ https://jimsimrodev.github.io/pequenos-sanos/assets/index-C7AoTPzR.js:82
[  113119ms] [LOG] [WS] 🗺️ Broadcast recibido. Avatares: 1 [Hijo Test(2)] @ https://jimsimrodev.github.io/pequenos-sanos/assets/index-C7AoTPzR.js:82
[  113152ms] [LOG] [WS] 🗺️ Broadcast recibido. Avatares: 1 [Hijo Test(2)] @ https://jimsimrodev.github.io/pequenos-sanos/assets/index-C7AoTPzR.js:82
[  113178ms] [LOG] [WS] 🗺️ Broadcast recibido. Avatares: 1 [Hijo Test(2)] @ https://jimsimrodev.github.io/pequenos-sanos/assets/index-C7AoTPzR.js:82
[  113236ms] [LOG] [WS] 🗺️ Broadcast recibido. Avatares: 1 [Hijo Test(2)] @ https://jimsimrodev.github.io/pequenos-sanos/assets/index-C7AoTPzR.js:82
[  113268ms] [LOG] [WS] 🗺️ Broadcast recibido. Avatares: 1 [Hijo Test(2)] @ https://jimsimrodev.github.io/pequenos-sanos/assets/index-C7AoTPzR.js:82
[  113293ms] [LOG] [WS] 🗺️ Broadcast recibido. Avatares: 1 [Hijo Test(2)] @ https://jimsimrodev.github.io/pequenos-sanos/assets/index-C7AoTPzR.js:82
[  113318ms] [LOG] [WS] 🗺️ Broadcast recibido. Avatares: 1 [Hijo Test(2)] @ https://jimsimrodev.github.io/pequenos-sanos/assets/index-C7AoTPzR.js:82
[  113348ms] [LOG] [WS] 🗺️ Broadcast recibido. Avatares: 1 [Hijo Test(2)] @ https://jimsimrodev.github.io/pequenos-sanos/assets/index-C7AoTPzR.js:82
[  113414ms] [LOG] [WS] 🗺️ Broadcast recibido. Avatares: 1 [Hijo Test(2)] @ https://jimsimrodev.github.io/pequenos-sanos/assets/index-C7AoTPzR.js:82
[  113479ms] [LOG] [WS] 🗺️ Broadcast recibido. Avatares: 1 [Hijo Test(2)] @ https://jimsimrodev.github.io/pequenos-sanos/assets/index-C7AoTPzR.js:82
[  113510ms] [LOG] [WS] 🗺️ Broadcast recibido. Avatares: 1 [Hijo Test(2)] @ https://jimsimrodev.github.io/pequenos-sanos/assets/index-C7AoTPzR.js:82
[  113543ms] [LOG] [WS] 🗺️ Broadcast recibido. Avatares: 1 [Hijo Test(2)] @ https://jimsimrodev.github.io/pequenos-sanos/assets/index-C7AoTPzR.js:82
[  113575ms] [LOG] [WS] 🗺️ Broadcast recibido. Avatares: 1 [Hijo Test(2)] @ https://jimsimrodev.github.io/pequenos-sanos/assets/index-C7AoTPzR.js:82
[  113609ms] [LOG] [WS] 🗺️ Broadcast recibido. Avatares: 1 [Hijo Test(2)] @ https://jimsimrodev.github.io/pequenos-sanos/assets/index-C7AoTPzR.js:82
[  113641ms] [LOG] [WS] 🗺️ Broadcast recibido. Avatares: 1 [Hijo Test(2)] @ https://jimsimrodev.github.io/pequenos-sanos/assets/index-C7AoTPzR.js:82
[  113683ms] [LOG] [WS] 🗺️ Broadcast recibido. Avatares: 1 [Hijo Test(2)] @ https://jimsimrodev.github.io/pequenos-sanos/assets/index-C7AoTPzR.js:82
[  113720ms] [LOG] [WS] 🗺️ Broadcast recibido. Avatares: 1 [Hijo Test(2)] @ https://jimsimrodev.github.io/pequenos-sanos/assets/index-C7AoTPzR.js:82
[  113759ms] [LOG] [WS] 🗺️ Broadcast recibido. Avatares: 1 [Hijo Test(2)] @ https://jimsimrodev.github.io/pequenos-sanos/assets/index-C7AoTPzR.js:82
[  113803ms] [LOG] [WS] 🗺️ Broadcast recibido. Avatares: 1 [Hijo Test(2)] @ https://jimsimrodev.github.io/pequenos-sanos/assets/index-C7AoTPzR.js:82
[  113831ms] [LOG] [WS] 🗺️ Broadcast recibido. Avatares: 1 [Hijo Test(2)] @ https://jimsimrodev.github.io/pequenos-sanos/assets/index-C7AoTPzR.js:82
[  113832ms] [LOG] [WS] 🗺️ Broadcast recibido. Avatares: 1 [Hijo Test(2)] @ https://jimsimrodev.github.io/pequenos-sanos/assets/index-C7AoTPzR.js:82
[  113892ms] [LOG] [WS] 🗺️ Broadcast recibido. Avatares: 1 [Hijo Test(2)] @ https://jimsimrodev.github.io/pequenos-sanos/assets/index-C7AoTPzR.js:82
[  113926ms] [LOG] [WS] 🗺️ Broadcast recibido. Avatares: 1 [Hijo Test(2)] @ https://jimsimrodev.github.io/pequenos-sanos/assets/index-C7AoTPzR.js:82
[  113926ms] [LOG] [WS] 🗺️ Broadcast recibido. Avatares: 1 [Hijo Test(2)] @ https://jimsimrodev.github.io/pequenos-sanos/assets/index-C7AoTPzR.js:82
[  113959ms] [LOG] [WS] 🗺️ Broadcast recibido. Avatares: 1 [Hijo Test(2)] @ https://jimsimrodev.github.io/pequenos-sanos/assets/index-C7AoTPzR.js:82
[  113989ms] [LOG] [WS] 🗺️ Broadcast recibido. Avatares: 1 [Hijo Test(2)] @ https://jimsimrodev.github.io/pequenos-sanos/assets/index-C7AoTPzR.js:82
[  114021ms] [LOG] [WS] 🗺️ Broadcast recibido. Avatares: 1 [Hijo Test(2)] @ https://jimsimrodev.github.io/pequenos-sanos/assets/index-C7AoTPzR.js:82
[  114057ms] [LOG] [WS] 🗺️ Broadcast recibido. Avatares: 1 [Hijo Test(2)] @ https://jimsimrodev.github.io/pequenos-sanos/assets/index-C7AoTPzR.js:82
[  114093ms] [LOG] [WS] 🗺️ Broadcast recibido. Avatares: 1 [Hijo Test(2)] @ https://jimsimrodev.github.io/pequenos-sanos/assets/index-C7AoTPzR.js:82
[  114123ms] [LOG] [WS] 🗺️ Broadcast recibido. Avatares: 1 [Hijo Test(2)] @ https://jimsimrodev.github.io/pequenos-sanos/assets/index-C7AoTPzR.js:82
[  114153ms] [LOG] [WS] 🗺️ Broadcast recibido. Avatares: 1 [Hijo Test(2)] @ https://jimsimrodev.github.io/pequenos-sanos/assets/index-C7AoTPzR.js:82
[  114190ms] [LOG] [WS] 🗺️ Broadcast recibido. Avatares: 1 [Hijo Test(2)] @ https://jimsimrodev.github.io/pequenos-sanos/assets/index-C7AoTPzR.js:82
[  114223ms] [LOG] [WS] 🗺️ Broadcast recibido. Avatares: 1 [Hijo Test(2)] @ https://jimsimrodev.github.io/pequenos-sanos/assets/index-C7AoTPzR.js:82
[  114257ms] [LOG] [WS] 🗺️ Broadcast recibido. Avatares: 1 [Hijo Test(2)] @ https://jimsimrodev.github.io/pequenos-sanos/assets/index-C7AoTPzR.js:82
[  114289ms] [LOG] [WS] 🗺️ Broadcast recibido. Avatares: 1 [Hijo Test(2)] @ https://jimsimrodev.github.io/pequenos-sanos/assets/index-C7AoTPzR.js:82
[  114326ms] [LOG] [WS] 🗺️ Broadcast recibido. Avatares: 1 [Hijo Test(2)] @ https://jimsimrodev.github.io/pequenos-sanos/assets/index-C7AoTPzR.js:82
[  114352ms] [LOG] [WS] 🗺️ Broadcast recibido. Avatares: 1 [Hijo Test(2)] @ https://jimsimrodev.github.io/pequenos-sanos/assets/index-C7AoTPzR.js:82
[  114388ms] [LOG] [WS] 🗺️ Broadcast recibido. Avatares: 1 [Hijo Test(2)] @ https://jimsimrodev.github.io/pequenos-sanos/assets/index-C7AoTPzR.js:82
[  114416ms] [LOG] [WS] 🗺️ Broadcast recibido. Avatares: 1 [Hijo Test(2)] @ https://jimsimrodev.github.io/pequenos-sanos/assets/index-C7AoTPzR.js:82
[  114451ms] [LOG] [WS] 🗺️ Broadcast recibido. Avatares: 1 [Hijo Test(2)] @ https://jimsimrodev.github.io/pequenos-sanos/assets/index-C7AoTPzR.js:82
[  114499ms] [LOG] [WS] 🗺️ Broadcast recibido. Avatares: 1 [Hijo Test(2)] @ https://jimsimrodev.github.io/pequenos-sanos/assets/index-C7AoTPzR.js:82
[  114533ms] [LOG] [WS] 🗺️ Broadcast recibido. Avatares: 1 [Hijo Test(2)] @ https://jimsimrodev.github.io/pequenos-sanos/assets/index-C7AoTPzR.js:82
[  114564ms] [LOG] [WS] 🗺️ Broadcast recibido. Avatares: 1 [Hijo Test(2)] @ https://jimsimrodev.github.io/pequenos-sanos/assets/index-C7AoTPzR.js:82
[  114565ms] [LOG] [WS] 🗺️ Broadcast recibido. Avatares: 1 [Hijo Test(2)] @ https://jimsimrodev.github.io/pequenos-sanos/assets/index-C7AoTPzR.js:82
[  114607ms] [LOG] [WS] 🗺️ Broadcast recibido. Avatares: 1 [Hijo Test(2)] @ https://jimsimrodev.github.io/pequenos-sanos/assets/index-C7AoTPzR.js:82
[  114642ms] [LOG] [WS] 🗺️ Broadcast recibido. Avatares: 1 [Hijo Test(2)] @ https://jimsimrodev.github.io/pequenos-sanos/assets/index-C7AoTPzR.js:82
[  114670ms] [LOG] [WS] 🗺️ Broadcast recibido. Avatares: 1 [Hijo Test(2)] @ https://jimsimrodev.github.io/pequenos-sanos/assets/index-C7AoTPzR.js:82
[  114700ms] [LOG] [WS] 🗺️ Broadcast recibido. Avatares: 1 [Hijo Test(2)] @ https://jimsimrodev.github.io/pequenos-sanos/assets/index-C7AoTPzR.js:82
[  114728ms] [LOG] [WS] 🗺️ Broadcast recibido. Avatares: 1 [Hijo Test(2)] @ https://jimsimrodev.github.io/pequenos-sanos/assets/index-C7AoTPzR.js:82
[  114761ms] [LOG] [WS] 🗺️ Broadcast recibido. Avatares: 1 [Hijo Test(2)] @ https://jimsimrodev.github.io/pequenos-sanos/assets/index-C7AoTPzR.js:82
[  114796ms] [LOG] [WS] 🗺️ Broadcast recibido. Avatares: 1 [Hijo Test(2)] @ https://jimsimrodev.github.io/pequenos-sanos/assets/index-C7AoTPzR.js:82
[  114827ms] [LOG] [WS] 🗺️ Broadcast recibido. Avatares: 1 [Hijo Test(2)] @ https://jimsimrodev.github.io/pequenos-sanos/assets/index-C7AoTPzR.js:82
[  114858ms] [LOG] [WS] 🗺️ Broadcast recibido. Avatares: 1 [Hijo Test(2)] @ https://jimsimrodev.github.io/pequenos-sanos/assets/index-C7AoTPzR.js:82
[  114890ms] [LOG] [WS] 🗺️ Broadcast recibido. Avatares: 1 [Hijo Test(2)] @ https://jimsimrodev.github.io/pequenos-sanos/assets/index-C7AoTPzR.js:82
[  114924ms] [LOG] [WS] 🗺️ Broadcast recibido. Avatares: 1 [Hijo Test(2)] @ https://jimsimrodev.github.io/pequenos-sanos/assets/index-C7AoTPzR.js:82
[  114955ms] [LOG] [WS] 🗺️ Broadcast recibido. Avatares: 1 [Hijo Test(2)] @ https://jimsimrodev.github.io/pequenos-sanos/assets/index-C7AoTPzR.js:82
[  114989ms] [LOG] [WS] 🗺️ Broadcast recibido. Avatares: 1 [Hijo Test(2)] @ https://jimsimrodev.github.io/pequenos-sanos/assets/index-C7AoTPzR.js:82
[  115019ms] [LOG] [WS] 🗺️ Broadcast recibido. Avatares: 1 [Hijo Test(2)] @ https://jimsimrodev.github.io/pequenos-sanos/assets/index-C7AoTPzR.js:82
[  115053ms] [LOG] [WS] 🗺️ Broadcast recibido. Avatares: 1 [Hijo Test(2)] @ https://jimsimrodev.github.io/pequenos-sanos/assets/index-C7AoTPzR.js:82
[  115085ms] [LOG] [WS] 🗺️ Broadcast recibido. Avatares: 1 [Hijo Test(2)] @ https://jimsimrodev.github.io/pequenos-sanos/assets/index-C7AoTPzR.js:82
[  115119ms] [LOG] [WS] 🗺️ Broadcast recibido. Avatares: 1 [Hijo Test(2)] @ https://jimsimrodev.github.io/pequenos-sanos/assets/index-C7AoTPzR.js:82
[  115158ms] [LOG] [WS] 🗺️ Broadcast recibido. Avatares: 1 [Hijo Test(2)] @ https://jimsimrodev.github.io/pequenos-sanos/assets/index-C7AoTPzR.js:82
[  115196ms] [LOG] [WS] 🗺️ Broadcast recibido. Avatares: 1 [Hijo Test(2)] @ https://jimsimrodev.github.io/pequenos-sanos/assets/index-C7AoTPzR.js:82
[  115222ms] [LOG] [WS] 🗺️ Broadcast recibido. Avatares: 1 [Hijo Test(2)] @ https://jimsimrodev.github.io/pequenos-sanos/assets/index-C7AoTPzR.js:82
[  115252ms] [LOG] [WS] 🗺️ Broadcast recibido. Avatares: 1 [Hijo Test(2)] @ https://jimsimrodev.github.io/pequenos-sanos/assets/index-C7AoTPzR.js:82
[  115284ms] [LOG] [WS] 🗺️ Broadcast recibido. Avatares: 1 [Hijo Test(2)] @ https://jimsimrodev.github.io/pequenos-sanos/assets/index-C7AoTPzR.js:82
[  115328ms] [LOG] [WS] 🗺️ Broadcast recibido. Avatares: 1 [Hijo Test(2)] @ https://jimsimrodev.github.io/pequenos-sanos/assets/index-C7AoTPzR.js:82
[  115352ms] [LOG] [WS] 🗺️ Broadcast recibido. Avatares: 1 [Hijo Test(2)] @ https://jimsimrodev.github.io/pequenos-sanos/assets/index-C7AoTPzR.js:82
[  115380ms] [LOG] [WS] 🗺️ Broadcast recibido. Avatares: 1 [Hijo Test(2)] @ https://jimsimrodev.github.io/pequenos-sanos/assets/index-C7AoTPzR.js:82
[  115416ms] [LOG] [WS] 🗺️ Broadcast recibido. Avatares: 1 [Hijo Test(2)] @ https://jimsimrodev.github.io/pequenos-sanos/assets/index-C7AoTPzR.js:82
[  115454ms] [LOG] [WS] 🗺️ Broadcast recibido. Avatares: 1 [Hijo Test(2)] @ https://jimsimrodev.github.io/pequenos-sanos/assets/index-C7AoTPzR.js:82
[  115494ms] [LOG] [WS] 🗺️ Broadcast recibido. Avatares: 1 [Hijo Test(2)] @ https://jimsimrodev.github.io/pequenos-sanos/assets/index-C7AoTPzR.js:82
[  115534ms] [LOG] [WS] 🗺️ Broadcast recibido. Avatares: 1 [Hijo Test(2)] @ https://jimsimrodev.github.io/pequenos-sanos/assets/index-C7AoTPzR.js:82
[  115576ms] [LOG] [WS] 🗺️ Broadcast recibido. Avatares: 1 [Hijo Test(2)] @ https://jimsimrodev.github.io/pequenos-sanos/assets/index-C7AoTPzR.js:82
[  115625ms] [LOG] [WS] 🗺️ Broadcast recibido. Avatares: 1 [Hijo Test(2)] @ https://jimsimrodev.github.io/pequenos-sanos/assets/index-C7AoTPzR.js:82
[  115672ms] [LOG] [WS] 🗺️ Broadcast recibido. Avatares: 1 [Hijo Test(2)] @ https://jimsimrodev.github.io/pequenos-sanos/assets/index-C7AoTPzR.js:82
[  115673ms] [LOG] [WS] 🗺️ Broadcast recibido. Avatares: 1 [Hijo Test(2)] @ https://jimsimrodev.github.io/pequenos-sanos/assets/index-C7AoTPzR.js:82
[  115714ms] [LOG] [WS] 🗺️ Broadcast recibido. Avatares: 1 [Hijo Test(2)] @ https://jimsimrodev.github.io/pequenos-sanos/assets/index-C7AoTPzR.js:82
[  115760ms] [LOG] [WS] 🗺️ Broadcast recibido. Avatares: 1 [Hijo Test(2)] @ https://jimsimrodev.github.io/pequenos-sanos/assets/index-C7AoTPzR.js:82
[  115812ms] [LOG] [WS] 🗺️ Broadcast recibido. Avatares: 1 [Hijo Test(2)] @ https://jimsimrodev.github.io/pequenos-sanos/assets/index-C7AoTPzR.js:82
[  115813ms] [LOG] [WS] 🗺️ Broadcast recibido. Avatares: 1 [Hijo Test(2)] @ https://jimsimrodev.github.io/pequenos-sanos/assets/index-C7AoTPzR.js:82
[  115854ms] [LOG] [WS] 🗺️ Broadcast recibido. Avatares: 1 [Hijo Test(2)] @ https://jimsimrodev.github.io/pequenos-sanos/assets/index-C7AoTPzR.js:82
[  115891ms] [LOG] [WS] 🗺️ Broadcast recibido. Avatares: 1 [Hijo Test(2)] @ https://jimsimrodev.github.io/pequenos-sanos/assets/index-C7AoTPzR.js:82
[  115938ms] [LOG] [WS] 🗺️ Broadcast recibido. Avatares: 1 [Hijo Test(2)] @ https://jimsimrodev.github.io/pequenos-sanos/assets/index-C7AoTPzR.js:82
[  115938ms] [LOG] [WS] 🗺️ Broadcast recibido. Avatares: 1 [Hijo Test(2)] @ https://jimsimrodev.github.io/pequenos-sanos/assets/index-C7AoTPzR.js:82
[  115973ms] [LOG] [WS] 🗺️ Broadcast recibido. Avatares: 1 [Hijo Test(2)] @ https://jimsimrodev.github.io/pequenos-sanos/assets/index-C7AoTPzR.js:82
[  116014ms] [LOG] [WS] 🗺️ Broadcast recibido. Avatares: 1 [Hijo Test(2)] @ https://jimsimrodev.github.io/pequenos-sanos/assets/index-C7AoTPzR.js:82
[  116016ms] [LOG] [WS] 🗺️ Broadcast recibido. Avatares: 1 [Hijo Test(2)] @ https://jimsimrodev.github.io/pequenos-sanos/assets/index-C7AoTPzR.js:82
[  116017ms] [LOG] [WS] 🗺️ Broadcast recibido. Avatares: 1 [Hijo Test(2)] @ https://jimsimrodev.github.io/pequenos-sanos/assets/index-C7AoTPzR.js:82
[  116063ms] [LOG] [WS] 🗺️ Broadcast recibido. Avatares: 1 [Hijo Test(2)] @ https://jimsimrodev.github.io/pequenos-sanos/assets/index-C7AoTPzR.js:82
[  116100ms] [LOG] [WS] 🗺️ Broadcast recibido. Avatares: 1 [Hijo Test(2)] @ https://jimsimrodev.github.io/pequenos-sanos/assets/index-C7AoTPzR.js:82
[  116134ms] [LOG] [WS] 🗺️ Broadcast recibido. Avatares: 1 [Hijo Test(2)] @ https://jimsimrodev.github.io/pequenos-sanos/assets/index-C7AoTPzR.js:82
[  116179ms] [LOG] [WS] 🗺️ Broadcast recibido. Avatares: 1 [Hijo Test(2)] @ https://jimsimrodev.github.io/pequenos-sanos/assets/index-C7AoTPzR.js:82
[  116224ms] [LOG] [WS] 🗺️ Broadcast recibido. Avatares: 1 [Hijo Test(2)] @ https://jimsimrodev.github.io/pequenos-sanos/assets/index-C7AoTPzR.js:82
[  116258ms] [LOG] [WS] 🗺️ Broadcast recibido. Avatares: 1 [Hijo Test(2)] @ https://jimsimrodev.github.io/pequenos-sanos/assets/index-C7AoTPzR.js:82
[  116288ms] [LOG] [WS] 🗺️ Broadcast recibido. Avatares: 1 [Hijo Test(2)] @ https://jimsimrodev.github.io/pequenos-sanos/assets/index-C7AoTPzR.js:82
[  116321ms] [LOG] [WS] 🗺️ Broadcast recibido. Avatares: 1 [Hijo Test(2)] @ https://jimsimrodev.github.io/pequenos-sanos/assets/index-C7AoTPzR.js:82
[  116359ms] [LOG] [WS] 🗺️ Broadcast recibido. Avatares: 1 [Hijo Test(2)] @ https://jimsimrodev.github.io/pequenos-sanos/assets/index-C7AoTPzR.js:82
[  116397ms] [LOG] [WS] 🗺️ Broadcast recibido. Avatares: 1 [Hijo Test(2)] @ https://jimsimrodev.github.io/pequenos-sanos/assets/index-C7AoTPzR.js:82
[  116432ms] [LOG] [WS] 🗺️ Broadcast recibido. Avatares: 1 [Hijo Test(2)] @ https://jimsimrodev.github.io/pequenos-sanos/assets/index-C7AoTPzR.js:82
[  116469ms] [LOG] [WS] 🗺️ Broadcast recibido. Avatares: 1 [Hijo Test(2)] @ https://jimsimrodev.github.io/pequenos-sanos/assets/index-C7AoTPzR.js:82
[  116501ms] [LOG] [WS] 🗺️ Broadcast recibido. Avatares: 1 [Hijo Test(2)] @ https://jimsimrodev.github.io/pequenos-sanos/assets/index-C7AoTPzR.js:82
[  116525ms] [LOG] [WS] 🗺️ Broadcast recibido. Avatares: 1 [Hijo Test(2)] @ https://jimsimrodev.github.io/pequenos-sanos/assets/index-C7AoTPzR.js:82
[  116561ms] [LOG] [WS] 🗺️ Broadcast recibido. Avatares: 1 [Hijo Test(2)] @ https://jimsimrodev.github.io/pequenos-sanos/assets/index-C7AoTPzR.js:82
[  116591ms] [LOG] [WS] 🗺️ Broadcast recibido. Avatares: 1 [Hijo Test(2)] @ https://jimsimrodev.github.io/pequenos-sanos/assets/index-C7AoTPzR.js:82
[  116617ms] [LOG] [WS] 🗺️ Broadcast recibido. Avatares: 1 [Hijo Test(2)] @ https://jimsimrodev.github.io/pequenos-sanos/assets/index-C7AoTPzR.js:82
[  116641ms] [LOG] [WS] 🗺️ Broadcast recibido. Avatares: 1 [Hijo Test(2)] @ https://jimsimrodev.github.io/pequenos-sanos/assets/index-C7AoTPzR.js:82
[  116668ms] [LOG] [WS] 🗺️ Broadcast recibido. Avatares: 1 [Hijo Test(2)] @ https://jimsimrodev.github.io/pequenos-sanos/assets/index-C7AoTPzR.js:82
[  116701ms] [LOG] [WS] 🗺️ Broadcast recibido. Avatares: 1 [Hijo Test(2)] @ https://jimsimrodev.github.io/pequenos-sanos/assets/index-C7AoTPzR.js:82
[  116738ms] [LOG] [WS] 🗺️ Broadcast recibido. Avatares: 1 [Hijo Test(2)] @ https://jimsimrodev.github.io/pequenos-sanos/assets/index-C7AoTPzR.js:82
[  116771ms] [LOG] [WS] 🗺️ Broadcast recibido. Avatares: 1 [Hijo Test(2)] @ https://jimsimrodev.github.io/pequenos-sanos/assets/index-C7AoTPzR.js:82
[  116801ms] [LOG] [WS] 🗺️ Broadcast recibido. Avatares: 1 [Hijo Test(2)] @ https://jimsimrodev.github.io/pequenos-sanos/assets/index-C7AoTPzR.js:82
[  116834ms] [LOG] [WS] 🗺️ Broadcast recibido. Avatares: 1 [Hijo Test(2)] @ https://jimsimrodev.github.io/pequenos-sanos/assets/index-C7AoTPzR.js:82
[  116875ms] [LOG] [WS] 🗺️ Broadcast recibido. Avatares: 1 [Hijo Test(2)] @ https://jimsimrodev.github.io/pequenos-sanos/assets/index-C7AoTPzR.js:82
[  116910ms] [LOG] [WS] 🗺️ Broadcast recibido. Avatares: 1 [Hijo Test(2)] @ https://jimsimrodev.github.io/pequenos-sanos/assets/index-C7AoTPzR.js:82
[  116943ms] [LOG] [WS] 🗺️ Broadcast recibido. Avatares: 1 [Hijo Test(2)] @ https://jimsimrodev.github.io/pequenos-sanos/assets/index-C7AoTPzR.js:82
[  116975ms] [LOG] [WS] 🗺️ Broadcast recibido. Avatares: 1 [Hijo Test(2)] @ https://jimsimrodev.github.io/pequenos-sanos/assets/index-C7AoTPzR.js:82
[  117004ms] [LOG] [WS] 🗺️ Broadcast recibido. Avatares: 1 [Hijo Test(2)] @ https://jimsimrodev.github.io/pequenos-sanos/assets/index-C7AoTPzR.js:82
[  117028ms] [LOG] [WS] 🗺️ Broadcast recibido. Avatares: 1 [Hijo Test(2)] @ https://jimsimrodev.github.io/pequenos-sanos/assets/index-C7AoTPzR.js:82
[  117050ms] [LOG] [WS] 🗺️ Broadcast recibido. Avatares: 1 [Hijo Test(2)] @ https://jimsimrodev.github.io/pequenos-sanos/assets/index-C7AoTPzR.js:82
[  117082ms] [LOG] [WS] 🗺️ Broadcast recibido. Avatares: 1 [Hijo Test(2)] @ https://jimsimrodev.github.io/pequenos-sanos/assets/index-C7AoTPzR.js:82
[  117116ms] [LOG] [WS] 🗺️ Broadcast recibido. Avatares: 1 [Hijo Test(2)] @ https://jimsimrodev.github.io/pequenos-sanos/assets/index-C7AoTPzR.js:82
[  117143ms] [LOG] [WS] 🗺️ Broadcast recibido. Avatares: 1 [Hijo Test(2)] @ https://jimsimrodev.github.io/pequenos-sanos/assets/index-C7AoTPzR.js:82
[  117192ms] [LOG] [WS] 🗺️ Broadcast recibido. Avatares: 1 [Hijo Test(2)] @ https://jimsimrodev.github.io/pequenos-sanos/assets/index-C7AoTPzR.js:82
[  117212ms] [LOG] [WS] 🗺️ Broadcast recibido. Avatares: 1 [Hijo Test(2)] @ https://jimsimrodev.github.io/pequenos-sanos/assets/index-C7AoTPzR.js:82
[  117239ms] [LOG] [WS] 🗺️ Broadcast recibido. Avatares: 1 [Hijo Test(2)] @ https://jimsimrodev.github.io/pequenos-sanos/assets/index-C7AoTPzR.js:82
[  117292ms] [LOG] [WS] 🗺️ Broadcast recibido. Avatares: 1 [Hijo Test(2)] @ https://jimsimrodev.github.io/pequenos-sanos/assets/index-C7AoTPzR.js:82
[  117313ms] [LOG] [WS] 🗺️ Broadcast recibido. Avatares: 1 [Hijo Test(2)] @ https://jimsimrodev.github.io/pequenos-sanos/assets/index-C7AoTPzR.js:82
[  117341ms] [LOG] [WS] 🗺️ Broadcast recibido. Avatares: 1 [Hijo Test(2)] @ https://jimsimrodev.github.io/pequenos-sanos/assets/index-C7AoTPzR.js:82
[  117372ms] [LOG] [WS] 🗺️ Broadcast recibido. Avatares: 1 [Hijo Test(2)] @ https://jimsimrodev.github.io/pequenos-sanos/assets/index-C7AoTPzR.js:82
[  117407ms] [LOG] [WS] 🗺️ Broadcast recibido. Avatares: 1 [Hijo Test(2)] @ https://jimsimrodev.github.io/pequenos-sanos/assets/index-C7AoTPzR.js:82
[  117446ms] [LOG] [WS] 🗺️ Broadcast recibido. Avatares: 1 [Hijo Test(2)] @ https://jimsimrodev.github.io/pequenos-sanos/assets/index-C7AoTPzR.js:82
[  117495ms] [LOG] [WS] 🗺️ Broadcast recibido. Avatares: 1 [Hijo Test(2)] @ https://jimsimrodev.github.io/pequenos-sanos/assets/index-C7AoTPzR.js:82
[  117544ms] [LOG] [WS] 🗺️ Broadcast recibido. Avatares: 1 [Hijo Test(2)] @ https://jimsimrodev.github.io/pequenos-sanos/assets/index-C7AoTPzR.js:82
[  117584ms] [LOG] [WS] 🗺️ Broadcast recibido. Avatares: 1 [Hijo Test(2)] @ https://jimsimrodev.github.io/pequenos-sanos/assets/index-C7AoTPzR.js:82
[  117628ms] [LOG] [WS] 🗺️ Broadcast recibido. Avatares: 1 [Hijo Test(2)] @ https://jimsimrodev.github.io/pequenos-sanos/assets/index-C7AoTPzR.js:82
[  117669ms] [LOG] [WS] 🗺️ Broadcast recibido. Avatares: 1 [Hijo Test(2)] @ https://jimsimrodev.github.io/pequenos-sanos/assets/index-C7AoTPzR.js:82
[  117712ms] [LOG] [WS] 🗺️ Broadcast recibido. Avatares: 1 [Hijo Test(2)] @ https://jimsimrodev.github.io/pequenos-sanos/assets/index-C7AoTPzR.js:82
[  117712ms] [LOG] [WS] 🗺️ Broadcast recibido. Avatares: 1 [Hijo Test(2)] @ https://jimsimrodev.github.io/pequenos-sanos/assets/index-C7AoTPzR.js:82
[  117745ms] [LOG] [WS] 🗺️ Broadcast recibido. Avatares: 1 [Hijo Test(2)] @ https://jimsimrodev.github.io/pequenos-sanos/assets/index-C7AoTPzR.js:82
[  117771ms] [LOG] [WS] 🗺️ Broadcast recibido. Avatares: 1 [Hijo Test(2)] @ https://jimsimrodev.github.io/pequenos-sanos/assets/index-C7AoTPzR.js:82
[  117804ms] [LOG] [WS] 🗺️ Broadcast recibido. Avatares: 1 [Hijo Test(2)] @ https://jimsimrodev.github.io/pequenos-sanos/assets/index-C7AoTPzR.js:82
[  117842ms] [LOG] [WS] 🗺️ Broadcast recibido. Avatares: 1 [Hijo Test(2)] @ https://jimsimrodev.github.io/pequenos-sanos/assets/index-C7AoTPzR.js:82
[  117885ms] [LOG] [WS] 🗺️ Broadcast recibido. Avatares: 1 [Hijo Test(2)] @ https://jimsimrodev.github.io/pequenos-sanos/assets/index-C7AoTPzR.js:82
[  117923ms] [LOG] [WS] 🗺️ Broadcast recibido. Avatares: 1 [Hijo Test(2)] @ https://jimsimrodev.github.io/pequenos-sanos/assets/index-C7AoTPzR.js:82
[  117961ms] [LOG] [WS] 🗺️ Broadcast recibido. Avatares: 1 [Hijo Test(2)] @ https://jimsimrodev.github.io/pequenos-sanos/assets/index-C7AoTPzR.js:82
[  118011ms] [LOG] [WS] 🗺️ Broadcast recibido. Avatares: 1 [Hijo Test(2)] @ https://jimsimrodev.github.io/pequenos-sanos/assets/index-C7AoTPzR.js:82
[  118038ms] [LOG] [WS] 🗺️ Broadcast recibido. Avatares: 1 [Hijo Test(2)] @ https://jimsimrodev.github.io/pequenos-sanos/assets/index-C7AoTPzR.js:82
[  118039ms] [LOG] [WS] 🗺️ Broadcast recibido. Avatares: 1 [Hijo Test(2)] @ https://jimsimrodev.github.io/pequenos-sanos/assets/index-C7AoTPzR.js:82
[  118076ms] [LOG] [WS] 🗺️ Broadcast recibido. Avatares: 1 [Hijo Test(2)] @ https://jimsimrodev.github.io/pequenos-sanos/assets/index-C7AoTPzR.js:82
[  118110ms] [LOG] [WS] 🗺️ Broadcast recibido. Avatares: 1 [Hijo Test(2)] @ https://jimsimrodev.github.io/pequenos-sanos/assets/index-C7AoTPzR.js:82
[  118145ms] [LOG] [WS] 🗺️ Broadcast recibido. Avatares: 1 [Hijo Test(2)] @ https://jimsimrodev.github.io/pequenos-sanos/assets/index-C7AoTPzR.js:82
[  118178ms] [LOG] [WS] 🗺️ Broadcast recibido. Avatares: 1 [Hijo Test(2)] @ https://jimsimrodev.github.io/pequenos-sanos/assets/index-C7AoTPzR.js:82
[  118207ms] [LOG] [WS] 🗺️ Broadcast recibido. Avatares: 1 [Hijo Test(2)] @ https://jimsimrodev.github.io/pequenos-sanos/assets/index-C7AoTPzR.js:82
[  118240ms] [LOG] [WS] 🗺️ Broadcast recibido. Avatares: 1 [Hijo Test(2)] @ https://jimsimrodev.github.io/pequenos-sanos/assets/index-C7AoTPzR.js:82
[  118274ms] [LOG] [WS] 🗺️ Broadcast recibido. Avatares: 1 [Hijo Test(2)] @ https://jimsimrodev.github.io/pequenos-sanos/assets/index-C7AoTPzR.js:82
[  118315ms] [LOG] [WS] 🗺️ Broadcast recibido. Avatares: 1 [Hijo Test(2)] @ https://jimsimrodev.github.io/pequenos-sanos/assets/index-C7AoTPzR.js:82
[  118343ms] [LOG] [WS] 🗺️ Broadcast recibido. Avatares: 1 [Hijo Test(2)] @ https://jimsimrodev.github.io/pequenos-sanos/assets/index-C7AoTPzR.js:82
[  118373ms] [LOG] [WS] 🗺️ Broadcast recibido. Avatares: 1 [Hijo Test(2)] @ https://jimsimrodev.github.io/pequenos-sanos/assets/index-C7AoTPzR.js:82
[  118403ms] [LOG] [WS] 🗺️ Broadcast recibido. Avatares: 1 [Hijo Test(2)] @ https://jimsimrodev.github.io/pequenos-sanos/assets/index-C7AoTPzR.js:82
[  118447ms] [LOG] [WS] 🗺️ Broadcast recibido. Avatares: 1 [Hijo Test(2)] @ https://jimsimrodev.github.io/pequenos-sanos/assets/index-C7AoTPzR.js:82
[  118484ms] [LOG] [WS] 🗺️ Broadcast recibido. Avatares: 1 [Hijo Test(2)] @ https://jimsimrodev.github.io/pequenos-sanos/assets/index-C7AoTPzR.js:82
[  118513ms] [LOG] [WS] 🗺️ Broadcast recibido. Avatares: 1 [Hijo Test(2)] @ https://jimsimrodev.github.io/pequenos-sanos/assets/index-C7AoTPzR.js:82
[  118550ms] [LOG] [WS] 🗺️ Broadcast recibido. Avatares: 1 [Hijo Test(2)] @ https://jimsimrodev.github.io/pequenos-sanos/assets/index-C7AoTPzR.js:82
[  118590ms] [LOG] [WS] 🗺️ Broadcast recibido. Avatares: 1 [Hijo Test(2)] @ https://jimsimrodev.github.io/pequenos-sanos/assets/index-C7AoTPzR.js:82
[  118619ms] [LOG] [WS] 🗺️ Broadcast recibido. Avatares: 1 [Hijo Test(2)] @ https://jimsimrodev.github.io/pequenos-sanos/assets/index-C7AoTPzR.js:82
[  118651ms] [LOG] [WS] 🗺️ Broadcast recibido. Avatares: 1 [Hijo Test(2)] @ https://jimsimrodev.github.io/pequenos-sanos/assets/index-C7AoTPzR.js:82
[  118687ms] [LOG] [WS] 🗺️ Broadcast recibido. Avatares: 1 [Hijo Test(2)] @ https://jimsimrodev.github.io/pequenos-sanos/assets/index-C7AoTPzR.js:82
[  118720ms] [LOG] [WS] 🗺️ Broadcast recibido. Avatares: 1 [Hijo Test(2)] @ https://jimsimrodev.github.io/pequenos-sanos/assets/index-C7AoTPzR.js:82
[  118752ms] [LOG] [WS] 🗺️ Broadcast recibido. Avatares: 1 [Hijo Test(2)] @ https://jimsimrodev.github.io/pequenos-sanos/assets/index-C7AoTPzR.js:82
[  118786ms] [LOG] [WS] 🗺️ Broadcast recibido. Avatares: 1 [Hijo Test(2)] @ https://jimsimrodev.github.io/pequenos-sanos/assets/index-C7AoTPzR.js:82
[  118820ms] [LOG] [WS] 🗺️ Broadcast recibido. Avatares: 1 [Hijo Test(2)] @ https://jimsimrodev.github.io/pequenos-sanos/assets/index-C7AoTPzR.js:82
[  118857ms] [LOG] [WS] 🗺️ Broadcast recibido. Avatares: 1 [Hijo Test(2)] @ https://jimsimrodev.github.io/pequenos-sanos/assets/index-C7AoTPzR.js:82
[  118893ms] [LOG] [WS] 🗺️ Broadcast recibido. Avatares: 1 [Hijo Test(2)] @ https://jimsimrodev.github.io/pequenos-sanos/assets/index-C7AoTPzR.js:82
[  118894ms] [LOG] [WS] 🗺️ Broadcast recibido. Avatares: 1 [Hijo Test(2)] @ https://jimsimrodev.github.io/pequenos-sanos/assets/index-C7AoTPzR.js:82
[  118929ms] [LOG] [WS] 🗺️ Broadcast recibido. Avatares: 1 [Hijo Test(2)] @ https://jimsimrodev.github.io/pequenos-sanos/assets/index-C7AoTPzR.js:82
[  118961ms] [LOG] [WS] 🗺️ Broadcast recibido. Avatares: 1 [Hijo Test(2)] @ https://jimsimrodev.github.io/pequenos-sanos/assets/index-C7AoTPzR.js:82
[  118998ms] [LOG] [WS] 🗺️ Broadcast recibido. Avatares: 1 [Hijo Test(2)] @ https://jimsimrodev.github.io/pequenos-sanos/assets/index-C7AoTPzR.js:82
[  119034ms] [LOG] [WS] 🗺️ Broadcast recibido. Avatares: 1 [Hijo Test(2)] @ https://jimsimrodev.github.io/pequenos-sanos/assets/index-C7AoTPzR.js:82
[  119058ms] [LOG] [WS] 🗺️ Broadcast recibido. Avatares: 1 [Hijo Test(2)] @ https://jimsimrodev.github.io/pequenos-sanos/assets/index-C7AoTPzR.js:82
[  119084ms] [LOG] [WS] 🗺️ Broadcast recibido. Avatares: 1 [Hijo Test(2)] @ https://jimsimrodev.github.io/pequenos-sanos/assets/index-C7AoTPzR.js:82
[  119107ms] [LOG] [WS] 🗺️ Broadcast recibido. Avatares: 1 [Hijo Test(2)] @ https://jimsimrodev.github.io/pequenos-sanos/assets/index-C7AoTPzR.js:82
[  119138ms] [LOG] [WS] 🗺️ Broadcast recibido. Avatares: 1 [Hijo Test(2)] @ https://jimsimrodev.github.io/pequenos-sanos/assets/index-C7AoTPzR.js:82
[  119169ms] [LOG] [WS] 🗺️ Broadcast recibido. Avatares: 1 [Hijo Test(2)] @ https://jimsimrodev.github.io/pequenos-sanos/assets/index-C7AoTPzR.js:82
[  119202ms] [LOG] [WS] 🗺️ Broadcast recibido. Avatares: 1 [Hijo Test(2)] @ https://jimsimrodev.github.io/pequenos-sanos/assets/index-C7AoTPzR.js:82
[  119230ms] [LOG] [WS] 🗺️ Broadcast recibido. Avatares: 1 [Hijo Test(2)] @ https://jimsimrodev.github.io/pequenos-sanos/assets/index-C7AoTPzR.js:82
[  119259ms] [LOG] [WS] 🗺️ Broadcast recibido. Avatares: 1 [Hijo Test(2)] @ https://jimsimrodev.github.io/pequenos-sanos/assets/index-C7AoTPzR.js:82
[  119309ms] [LOG] [WS] 🗺️ Broadcast recibido. Avatares: 1 [Hijo Test(2)] @ https://jimsimrodev.github.io/pequenos-sanos/assets/index-C7AoTPzR.js:82
[  119334ms] [LOG] [WS] 🗺️ Broadcast recibido. Avatares: 1 [Hijo Test(2)] @ https://jimsimrodev.github.io/pequenos-sanos/assets/index-C7AoTPzR.js:82
[  119365ms] [LOG] [WS] 🗺️ Broadcast recibido. Avatares: 1 [Hijo Test(2)] @ https://jimsimrodev.github.io/pequenos-sanos/assets/index-C7AoTPzR.js:82
[  119392ms] [LOG] [WS] 🗺️ Broadcast recibido. Avatares: 1 [Hijo Test(2)] @ https://jimsimrodev.github.io/pequenos-sanos/assets/index-C7AoTPzR.js:82
[  119441ms] [LOG] [WS] 🗺️ Broadcast recibido. Avatares: 1 [Hijo Test(2)] @ https://jimsimrodev.github.io/pequenos-sanos/assets/index-C7AoTPzR.js:82
[  119461ms] [LOG] [WS] 🗺️ Broadcast recibido. Avatares: 1 [Hijo Test(2)] @ https://jimsimrodev.github.io/pequenos-sanos/assets/index-C7AoTPzR.js:82
[  119494ms] [LOG] [WS] 🗺️ Broadcast recibido. Avatares: 1 [Hijo Test(2)] @ https://jimsimrodev.github.io/pequenos-sanos/assets/index-C7AoTPzR.js:82
[  119528ms] [LOG] [WS] 🗺️ Broadcast recibido. Avatares: 1 [Hijo Test(2)] @ https://jimsimrodev.github.io/pequenos-sanos/assets/index-C7AoTPzR.js:82
[  119553ms] [LOG] [WS] 🗺️ Broadcast recibido. Avatares: 1 [Hijo Test(2)] @ https://jimsimrodev.github.io/pequenos-sanos/assets/index-C7AoTPzR.js:82
[  119591ms] [LOG] [WS] 🗺️ Broadcast recibido. Avatares: 1 [Hijo Test(2)] @ https://jimsimrodev.github.io/pequenos-sanos/assets/index-C7AoTPzR.js:82
[  119626ms] [LOG] [WS] 🗺️ Broadcast recibido. Avatares: 1 [Hijo Test(2)] @ https://jimsimrodev.github.io/pequenos-sanos/assets/index-C7AoTPzR.js:82
[  119677ms] [LOG] [WS] 🗺️ Broadcast recibido. Avatares: 1 [Hijo Test(2)] @ https://jimsimrodev.github.io/pequenos-sanos/assets/index-C7AoTPzR.js:82
[  119707ms] [LOG] [WS] 🗺️ Broadcast recibido. Avatares: 1 [Hijo Test(2)] @ https://jimsimrodev.github.io/pequenos-sanos/assets/index-C7AoTPzR.js:82
[  119734ms] [LOG] [WS] 🗺️ Broadcast recibido. Avatares: 1 [Hijo Test(2)] @ https://jimsimrodev.github.io/pequenos-sanos/assets/index-C7AoTPzR.js:82
[  119759ms] [LOG] [WS] 🗺️ Broadcast recibido. Avatares: 1 [Hijo Test(2)] @ https://jimsimrodev.github.io/pequenos-sanos/assets/index-C7AoTPzR.js:82
[  119787ms] [LOG] [WS] 🗺️ Broadcast recibido. Avatares: 1 [Hijo Test(2)] @ https://jimsimrodev.github.io/pequenos-sanos/assets/index-C7AoTPzR.js:82
[  119838ms] [LOG] [WS] 🗺️ Broadcast recibido. Avatares: 1 [Hijo Test(2)] @ https://jimsimrodev.github.io/pequenos-sanos/assets/index-C7AoTPzR.js:82
[  119863ms] [LOG] [WS] 🗺️ Broadcast recibido. Avatares: 1 [Hijo Test(2)] @ https://jimsimrodev.github.io/pequenos-sanos/assets/index-C7AoTPzR.js:82
[  119893ms] [LOG] [WS] 🗺️ Broadcast recibido. Avatares: 1 [Hijo Test(2)] @ https://jimsimrodev.github.io/pequenos-sanos/assets/index-C7AoTPzR.js:82
[  119917ms] [LOG] [WS] 🗺️ Broadcast recibido. Avatares: 1 [Hijo Test(2)] @ https://jimsimrodev.github.io/pequenos-sanos/assets/index-C7AoTPzR.js:82
[  119948ms] [LOG] [WS] 🗺️ Broadcast recibido. Avatares: 1 [Hijo Test(2)] @ https://jimsimrodev.github.io/pequenos-sanos/assets/index-C7AoTPzR.js:82
[  119980ms] [LOG] [WS] 🗺️ Broadcast recibido. Avatares: 1 [Hijo Test(2)] @ https://jimsimrodev.github.io/pequenos-sanos/assets/index-C7AoTPzR.js:82
[  120032ms] [LOG] [WS] 🗺️ Broadcast recibido. Avatares: 1 [Hijo Test(2)] @ https://jimsimrodev.github.io/pequenos-sanos/assets/index-C7AoTPzR.js:82
[  120060ms] [LOG] [WS] 🗺️ Broadcast recibido. Avatares: 1 [Hijo Test(2)] @ https://jimsimrodev.github.io/pequenos-sanos/assets/index-C7AoTPzR.js:82
[  120085ms] [LOG] [WS] 🗺️ Broadcast recibido. Avatares: 1 [Hijo Test(2)] @ https://jimsimrodev.github.io/pequenos-sanos/assets/index-C7AoTPzR.js:82
[  120133ms] [LOG] [WS] 🗺️ Broadcast recibido. Avatares: 1 [Hijo Test(2)] @ https://jimsimrodev.github.io/pequenos-sanos/assets/index-C7AoTPzR.js:82
[  120159ms] [LOG] [WS] 🗺️ Broadcast recibido. Avatares: 1 [Hijo Test(2)] @ https://jimsimrodev.github.io/pequenos-sanos/assets/index-C7AoTPzR.js:82
[  120188ms] [LOG] [WS] 🗺️ Broadcast recibido. Avatares: 1 [Hijo Test(2)] @ https://jimsimrodev.github.io/pequenos-sanos/assets/index-C7AoTPzR.js:82
[  120212ms] [LOG] [WS] 🗺️ Broadcast recibido. Avatares: 1 [Hijo Test(2)] @ https://jimsimrodev.github.io/pequenos-sanos/assets/index-C7AoTPzR.js:82
[  120264ms] [LOG] [WS] 🗺️ Broadcast recibido. Avatares: 1 [Hijo Test(2)] @ https://jimsimrodev.github.io/pequenos-sanos/assets/index-C7AoTPzR.js:82
[  120292ms] [LOG] [WS] 🗺️ Broadcast recibido. Avatares: 1 [Hijo Test(2)] @ https://jimsimrodev.github.io/pequenos-sanos/assets/index-C7AoTPzR.js:82
[  120325ms] [LOG] [WS] 🗺️ Broadcast recibido. Avatares: 1 [Hijo Test(2)] @ https://jimsimrodev.github.io/pequenos-sanos/assets/index-C7AoTPzR.js:82
[  120353ms] [LOG] [WS] 🗺️ Broadcast recibido. Avatares: 1 [Hijo Test(2)] @ https://jimsimrodev.github.io/pequenos-sanos/assets/index-C7AoTPzR.js:82
[  120380ms] [LOG] [WS] 🗺️ Broadcast recibido. Avatares: 1 [Hijo Test(2)] @ https://jimsimrodev.github.io/pequenos-sanos/assets/index-C7AoTPzR.js:82
[  120431ms] [LOG] [WS] 🗺️ Broadcast recibido. Avatares: 1 [Hijo Test(2)] @ https://jimsimrodev.github.io/pequenos-sanos/assets/index-C7AoTPzR.js:82
[  120459ms] [LOG] [WS] 🗺️ Broadcast recibido. Avatares: 1 [Hijo Test(2)] @ https://jimsimrodev.github.io/pequenos-sanos/assets/index-C7AoTPzR.js:82
[  120481ms] [LOG] [WS] 🗺️ Broadcast recibido. Avatares: 1 [Hijo Test(2)] @ https://jimsimrodev.github.io/pequenos-sanos/assets/index-C7AoTPzR.js:82
[  120512ms] [LOG] [WS] 🗺️ Broadcast recibido. Avatares: 1 [Hijo Test(2)] @ https://jimsimrodev.github.io/pequenos-sanos/assets/index-C7AoTPzR.js:82
[  120550ms] [LOG] [WS] 🗺️ Broadcast recibido. Avatares: 1 [Hijo Test(2)] @ https://jimsimrodev.github.io/pequenos-sanos/assets/index-C7AoTPzR.js:82
[  120577ms] [LOG] [WS] 🗺️ Broadcast recibido. Avatares: 1 [Hijo Test(2)] @ https://jimsimrodev.github.io/pequenos-sanos/assets/index-C7AoTPzR.js:82
[  120610ms] [LOG] [WS] 🗺️ Broadcast recibido. Avatares: 1 [Hijo Test(2)] @ https://jimsimrodev.github.io/pequenos-sanos/assets/index-C7AoTPzR.js:82
[  120667ms] [LOG] [WS] 🗺️ Broadcast recibido. Avatares: 1 [Hijo Test(2)] @ https://jimsimrodev.github.io/pequenos-sanos/assets/index-C7AoTPzR.js:82
[  120699ms] [LOG] [WS] 🗺️ Broadcast recibido. Avatares: 1 [Hijo Test(2)] @ https://jimsimrodev.github.io/pequenos-sanos/assets/index-C7AoTPzR.js:82
[  120732ms] [LOG] [WS] 🗺️ Broadcast recibido. Avatares: 1 [Hijo Test(2)] @ https://jimsimrodev.github.io/pequenos-sanos/assets/index-C7AoTPzR.js:82
[  120767ms] [LOG] [WS] 🗺️ Broadcast recibido. Avatares: 1 [Hijo Test(2)] @ https://jimsimrodev.github.io/pequenos-sanos/assets/index-C7AoTPzR.js:82
[  120795ms] [LOG] [WS] 🗺️ Broadcast recibido. Avatares: 1 [Hijo Test(2)] @ https://jimsimrodev.github.io/pequenos-sanos/assets/index-C7AoTPzR.js:82
[  120826ms] [LOG] [WS] 🗺️ Broadcast recibido. Avatares: 1 [Hijo Test(2)] @ https://jimsimrodev.github.io/pequenos-sanos/assets/index-C7AoTPzR.js:82
[  120875ms] [LOG] [WS] 🗺️ Broadcast recibido. Avatares: 1 [Hijo Test(2)] @ https://jimsimrodev.github.io/pequenos-sanos/assets/index-C7AoTPzR.js:82
[  120949ms] [LOG] [WS] 🗺️ Broadcast recibido. Avatares: 1 [Hijo Test(2)] @ https://jimsimrodev.github.io/pequenos-sanos/assets/index-C7AoTPzR.js:82
[  120998ms] [LOG] [WS] 🗺️ Broadcast recibido. Avatares: 1 [Hijo Test(2)] @ https://jimsimrodev.github.io/pequenos-sanos/assets/index-C7AoTPzR.js:82
[  120999ms] [LOG] [WS] 🗺️ Broadcast recibido. Avatares: 1 [Hijo Test(2)] @ https://jimsimrodev.github.io/pequenos-sanos/assets/index-C7AoTPzR.js:82
[  121047ms] [LOG] [WS] 🗺️ Broadcast recibido. Avatares: 1 [Hijo Test(2)] @ https://jimsimrodev.github.io/pequenos-sanos/assets/index-C7AoTPzR.js:82
[  121089ms] [LOG] [WS] 🗺️ Broadcast recibido. Avatares: 1 [Hijo Test(2)] @ https://jimsimrodev.github.io/pequenos-sanos/assets/index-C7AoTPzR.js:82
[  121090ms] [LOG] [WS] 🗺️ Broadcast recibido. Avatares: 1 [Hijo Test(2)] @ https://jimsimrodev.github.io/pequenos-sanos/assets/index-C7AoTPzR.js:82
[  121129ms] [LOG] [WS] 🗺️ Broadcast recibido. Avatares: 1 [Hijo Test(2)] @ https://jimsimrodev.github.io/pequenos-sanos/assets/index-C7AoTPzR.js:82
[  121168ms] [LOG] [WS] 🗺️ Broadcast recibido. Avatares: 1 [Hijo Test(2)] @ https://jimsimrodev.github.io/pequenos-sanos/assets/index-C7AoTPzR.js:82
[  121219ms] [LOG] [WS] 🗺️ Broadcast recibido. Avatares: 1 [Hijo Test(2)] @ https://jimsimrodev.github.io/pequenos-sanos/assets/index-C7AoTPzR.js:82
[  121222ms] [LOG] [WS] 🗺️ Broadcast recibido. Avatares: 1 [Hijo Test(2)] @ https://jimsimrodev.github.io/pequenos-sanos/assets/index-C7AoTPzR.js:82
[  121259ms] [LOG] [WS] 🗺️ Broadcast recibido. Avatares: 1 [Hijo Test(2)] @ https://jimsimrodev.github.io/pequenos-sanos/assets/index-C7AoTPzR.js:82
[  121299ms] [LOG] [WS] 🗺️ Broadcast recibido. Avatares: 1 [Hijo Test(2)] @ https://jimsimrodev.github.io/pequenos-sanos/assets/index-C7AoTPzR.js:82
[  121329ms] [LOG] [WS] 🗺️ Broadcast recibido. Avatares: 1 [Hijo Test(2)] @ https://jimsimrodev.github.io/pequenos-sanos/assets/index-C7AoTPzR.js:82
[  121355ms] [LOG] [WS] 🗺️ Broadcast recibido. Avatares: 1 [Hijo Test(2)] @ https://jimsimrodev.github.io/pequenos-sanos/assets/index-C7AoTPzR.js:82
[  121356ms] [LOG] [WS] 🗺️ Broadcast recibido. Avatares: 1 [Hijo Test(2)] @ https://jimsimrodev.github.io/pequenos-sanos/assets/index-C7AoTPzR.js:82
[  121393ms] [LOG] [WS] 🗺️ Broadcast recibido. Avatares: 1 [Hijo Test(2)] @ https://jimsimrodev.github.io/pequenos-sanos/assets/index-C7AoTPzR.js:82
[  121431ms] [LOG] [WS] 🗺️ Broadcast recibido. Avatares: 1 [Hijo Test(2)] @ https://jimsimrodev.github.io/pequenos-sanos/assets/index-C7AoTPzR.js:82
[  121472ms] [LOG] [WS] 🗺️ Broadcast recibido. Avatares: 1 [Hijo Test(2)] @ https://jimsimrodev.github.io/pequenos-sanos/assets/index-C7AoTPzR.js:82
[  121499ms] [LOG] [WS] 🗺️ Broadcast recibido. Avatares: 1 [Hijo Test(2)] @ https://jimsimrodev.github.io/pequenos-sanos/assets/index-C7AoTPzR.js:82
[  121531ms] [LOG] [WS] 🗺️ Broadcast recibido. Avatares: 1 [Hijo Test(2)] @ https://jimsimrodev.github.io/pequenos-sanos/assets/index-C7AoTPzR.js:82
[  121567ms] [LOG] [WS] 🗺️ Broadcast recibido. Avatares: 1 [Hijo Test(2)] @ https://jimsimrodev.github.io/pequenos-sanos/assets/index-C7AoTPzR.js:82
[  121610ms] [LOG] [WS] 🗺️ Broadcast recibido. Avatares: 1 [Hijo Test(2)] @ https://jimsimrodev.github.io/pequenos-sanos/assets/index-C7AoTPzR.js:82
[  121645ms] [LOG] [WS] 🗺️ Broadcast recibido. Avatares: 1 [Hijo Test(2)] @ https://jimsimrodev.github.io/pequenos-sanos/assets/index-C7AoTPzR.js:82
[  121683ms] [LOG] [WS] 🗺️ Broadcast recibido. Avatares: 1 [Hijo Test(2)] @ https://jimsimrodev.github.io/pequenos-sanos/assets/index-C7AoTPzR.js:82
[  121719ms] [LOG] [WS] 🗺️ Broadcast recibido. Avatares: 1 [Hijo Test(2)] @ https://jimsimrodev.github.io/pequenos-sanos/assets/index-C7AoTPzR.js:82
[  121752ms] [LOG] [WS] 🗺️ Broadcast recibido. Avatares: 1 [Hijo Test(2)] @ https://jimsimrodev.github.io/pequenos-sanos/assets/index-C7AoTPzR.js:82
[  121779ms] [LOG] [WS] 🗺️ Broadcast recibido. Avatares: 1 [Hijo Test(2)] @ https://jimsimrodev.github.io/pequenos-sanos/assets/index-C7AoTPzR.js:82
[  121807ms] [LOG] [WS] 🗺️ Broadcast recibido. Avatares: 1 [Hijo Test(2)] @ https://jimsimrodev.github.io/pequenos-sanos/assets/index-C7AoTPzR.js:82
[  121838ms] [LOG] [WS] 🗺️ Broadcast recibido. Avatares: 1 [Hijo Test(2)] @ https://jimsimrodev.github.io/pequenos-sanos/assets/index-C7AoTPzR.js:82
[  121865ms] [LOG] [WS] 🗺️ Broadcast recibido. Avatares: 1 [Hijo Test(2)] @ https://jimsimrodev.github.io/pequenos-sanos/assets/index-C7AoTPzR.js:82
[  121891ms] [LOG] [WS] 🗺️ Broadcast recibido. Avatares: 1 [Hijo Test(2)] @ https://jimsimrodev.github.io/pequenos-sanos/assets/index-C7AoTPzR.js:82
[  121918ms] [LOG] [WS] 🗺️ Broadcast recibido. Avatares: 1 [Hijo Test(2)] @ https://jimsimrodev.github.io/pequenos-sanos/assets/index-C7AoTPzR.js:82
[  121952ms] [LOG] [WS] 🗺️ Broadcast recibido. Avatares: 1 [Hijo Test(2)] @ https://jimsimrodev.github.io/pequenos-sanos/assets/index-C7AoTPzR.js:82
[  121977ms] [LOG] [WS] 🗺️ Broadcast recibido. Avatares: 1 [Hijo Test(2)] @ https://jimsimrodev.github.io/pequenos-sanos/assets/index-C7AoTPzR.js:82
[  122010ms] [LOG] [WS] 🗺️ Broadcast recibido. Avatares: 1 [Hijo Test(2)] @ https://jimsimrodev.github.io/pequenos-sanos/assets/index-C7AoTPzR.js:82
[  122039ms] [LOG] [WS] 🗺️ Broadcast recibido. Avatares: 1 [Hijo Test(2)] @ https://jimsimrodev.github.io/pequenos-sanos/assets/index-C7AoTPzR.js:82
[  122069ms] [LOG] [WS] 🗺️ Broadcast recibido. Avatares: 1 [Hijo Test(2)] @ https://jimsimrodev.github.io/pequenos-sanos/assets/index-C7AoTPzR.js:82
[  122102ms] [LOG] [WS] 🗺️ Broadcast recibido. Avatares: 1 [Hijo Test(2)] @ https://jimsimrodev.github.io/pequenos-sanos/assets/index-C7AoTPzR.js:82
[  122131ms] [LOG] [WS] 🗺️ Broadcast recibido. Avatares: 1 [Hijo Test(2)] @ https://jimsimrodev.github.io/pequenos-sanos/assets/index-C7AoTPzR.js:82
[  122173ms] [LOG] [WS] 🗺️ Broadcast recibido. Avatares: 1 [Hijo Test(2)] @ https://jimsimrodev.github.io/pequenos-sanos/assets/index-C7AoTPzR.js:82
[  122206ms] [LOG] [WS] 🗺️ Broadcast recibido. Avatares: 1 [Hijo Test(2)] @ https://jimsimrodev.github.io/pequenos-sanos/assets/index-C7AoTPzR.js:82
[  122237ms] [LOG] [WS] 🗺️ Broadcast recibido. Avatares: 1 [Hijo Test(2)] @ https://jimsimrodev.github.io/pequenos-sanos/assets/index-C7AoTPzR.js:82
[  122267ms] [LOG] [WS] 🗺️ Broadcast recibido. Avatares: 1 [Hijo Test(2)] @ https://jimsimrodev.github.io/pequenos-sanos/assets/index-C7AoTPzR.js:82
[  122304ms] [LOG] [WS] 🗺️ Broadcast recibido. Avatares: 1 [Hijo Test(2)] @ https://jimsimrodev.github.io/pequenos-sanos/assets/index-C7AoTPzR.js:82
[  122339ms] [LOG] [WS] 🗺️ Broadcast recibido. Avatares: 1 [Hijo Test(2)] @ https://jimsimrodev.github.io/pequenos-sanos/assets/index-C7AoTPzR.js:82
[  122372ms] [LOG] [WS] 🗺️ Broadcast recibido. Avatares: 1 [Hijo Test(2)] @ https://jimsimrodev.github.io/pequenos-sanos/assets/index-C7AoTPzR.js:82
[  122407ms] [LOG] [WS] 🗺️ Broadcast recibido. Avatares: 1 [Hijo Test(2)] @ https://jimsimrodev.github.io/pequenos-sanos/assets/index-C7AoTPzR.js:82
[  122438ms] [LOG] [WS] 🗺️ Broadcast recibido. Avatares: 1 [Hijo Test(2)] @ https://jimsimrodev.github.io/pequenos-sanos/assets/index-C7AoTPzR.js:82
[  122477ms] [LOG] [WS] 🗺️ Broadcast recibido. Avatares: 1 [Hijo Test(2)] @ https://jimsimrodev.github.io/pequenos-sanos/assets/index-C7AoTPzR.js:82
[  122512ms] [LOG] [WS] 🗺️ Broadcast recibido. Avatares: 1 [Hijo Test(2)] @ https://jimsimrodev.github.io/pequenos-sanos/assets/index-C7AoTPzR.js:82
[  122537ms] [LOG] [WS] 🗺️ Broadcast recibido. Avatares: 1 [Hijo Test(2)] @ https://jimsimrodev.github.io/pequenos-sanos/assets/index-C7AoTPzR.js:82
[  122567ms] [LOG] [WS] 🗺️ Broadcast recibido. Avatares: 1 [Hijo Test(2)] @ https://jimsimrodev.github.io/pequenos-sanos/assets/index-C7AoTPzR.js:82
[  122598ms] [LOG] [WS] 🗺️ Broadcast recibido. Avatares: 1 [Hijo Test(2)] @ https://jimsimrodev.github.io/pequenos-sanos/assets/index-C7AoTPzR.js:82
[  122637ms] [LOG] [WS] 🗺️ Broadcast recibido. Avatares: 1 [Hijo Test(2)] @ https://jimsimrodev.github.io/pequenos-sanos/assets/index-C7AoTPzR.js:82
[  122667ms] [LOG] [WS] 🗺️ Broadcast recibido. Avatares: 1 [Hijo Test(2)] @ https://jimsimrodev.github.io/pequenos-sanos/assets/index-C7AoTPzR.js:82
[  122696ms] [LOG] [WS] 🗺️ Broadcast recibido. Avatares: 1 [Hijo Test(2)] @ https://jimsimrodev.github.io/pequenos-sanos/assets/index-C7AoTPzR.js:82
[  122726ms] [LOG] [WS] 🗺️ Broadcast recibido. Avatares: 1 [Hijo Test(2)] @ https://jimsimrodev.github.io/pequenos-sanos/assets/index-C7AoTPzR.js:82
[  122752ms] [LOG] [WS] 🗺️ Broadcast recibido. Avatares: 1 [Hijo Test(2)] @ https://jimsimrodev.github.io/pequenos-sanos/assets/index-C7AoTPzR.js:82
[  122800ms] [LOG] [WS] 🗺️ Broadcast recibido. Avatares: 1 [Hijo Test(2)] @ https://jimsimrodev.github.io/pequenos-sanos/assets/index-C7AoTPzR.js:82
[  122827ms] [LOG] [WS] 🗺️ Broadcast recibido. Avatares: 1 [Hijo Test(2)] @ https://jimsimrodev.github.io/pequenos-sanos/assets/index-C7AoTPzR.js:82
[  122852ms] [LOG] [WS] 🗺️ Broadcast recibido. Avatares: 1 [Hijo Test(2)] @ https://jimsimrodev.github.io/pequenos-sanos/assets/index-C7AoTPzR.js:82
[  122905ms] [LOG] [WS] 🗺️ Broadcast recibido. Avatares: 1 [Hijo Test(2)] @ https://jimsimrodev.github.io/pequenos-sanos/assets/index-C7AoTPzR.js:82
[  122940ms] [LOG] [WS] 🗺️ Broadcast recibido. Avatares: 1 [Hijo Test(2)] @ https://jimsimrodev.github.io/pequenos-sanos/assets/index-C7AoTPzR.js:82
[  122972ms] [LOG] [WS] 🗺️ Broadcast recibido. Avatares: 1 [Hijo Test(2)] @ https://jimsimrodev.github.io/pequenos-sanos/assets/index-C7AoTPzR.js:82
[  123015ms] [LOG] [WS] 🗺️ Broadcast recibido. Avatares: 1 [Hijo Test(2)] @ https://jimsimrodev.github.io/pequenos-sanos/assets/index-C7AoTPzR.js:82
[  123049ms] [LOG] [WS] 🗺️ Broadcast recibido. Avatares: 1 [Hijo Test(2)] @ https://jimsimrodev.github.io/pequenos-sanos/assets/index-C7AoTPzR.js:82
[  123078ms] [LOG] [WS] 🗺️ Broadcast recibido. Avatares: 1 [Hijo Test(2)] @ https://jimsimrodev.github.io/pequenos-sanos/assets/index-C7AoTPzR.js:82
[  123119ms] [LOG] [WS] 🗺️ Broadcast recibido. Avatares: 1 [Hijo Test(2)] @ https://jimsimrodev.github.io/pequenos-sanos/assets/index-C7AoTPzR.js:82
[  123160ms] [LOG] [WS] 🗺️ Broadcast recibido. Avatares: 1 [Hijo Test(2)] @ https://jimsimrodev.github.io/pequenos-sanos/assets/index-C7AoTPzR.js:82
[  123216ms] [LOG] [WS] 🗺️ Broadcast recibido. Avatares: 1 [Hijo Test(2)] @ https://jimsimrodev.github.io/pequenos-sanos/assets/index-C7AoTPzR.js:82
[  123256ms] [LOG] [WS] 🗺️ Broadcast recibido. Avatares: 1 [Hijo Test(2)] @ https://jimsimrodev.github.io/pequenos-sanos/assets/index-C7AoTPzR.js:82
[  123259ms] [LOG] [WS] 🗺️ Broadcast recibido. Avatares: 1 [Hijo Test(2)] @ https://jimsimrodev.github.io/pequenos-sanos/assets/index-C7AoTPzR.js:82
[  123293ms] [LOG] [WS] 🗺️ Broadcast recibido. Avatares: 1 [Hijo Test(2)] @ https://jimsimrodev.github.io/pequenos-sanos/assets/index-C7AoTPzR.js:82
[  123322ms] [LOG] [WS] 🗺️ Broadcast recibido. Avatares: 1 [Hijo Test(2)] @ https://jimsimrodev.github.io/pequenos-sanos/assets/index-C7AoTPzR.js:82
[  123323ms] [LOG] [WS] 🗺️ Broadcast recibido. Avatares: 1 [Hijo Test(2)] @ https://jimsimrodev.github.io/pequenos-sanos/assets/index-C7AoTPzR.js:82
[  123358ms] [LOG] [WS] 🗺️ Broadcast recibido. Avatares: 1 [Hijo Test(2)] @ https://jimsimrodev.github.io/pequenos-sanos/assets/index-C7AoTPzR.js:82
[  123382ms] [LOG] [WS] 🗺️ Broadcast recibido. Avatares: 1 [Hijo Test(2)] @ https://jimsimrodev.github.io/pequenos-sanos/assets/index-C7AoTPzR.js:82
[  123427ms] [LOG] [WS] 🗺️ Broadcast recibido. Avatares: 1 [Hijo Test(2)] @ https://jimsimrodev.github.io/pequenos-sanos/assets/index-C7AoTPzR.js:82
[  123458ms] [LOG] [WS] 🗺️ Broadcast recibido. Avatares: 1 [Hijo Test(2)] @ https://jimsimrodev.github.io/pequenos-sanos/assets/index-C7AoTPzR.js:82
[  123487ms] [LOG] [WS] 🗺️ Broadcast recibido. Avatares: 1 [Hijo Test(2)] @ https://jimsimrodev.github.io/pequenos-sanos/assets/index-C7AoTPzR.js:82
[  123513ms] [LOG] [WS] 🗺️ Broadcast recibido. Avatares: 1 [Hijo Test(2)] @ https://jimsimrodev.github.io/pequenos-sanos/assets/index-C7AoTPzR.js:82
[  123567ms] [LOG] [WS] 🗺️ Broadcast recibido. Avatares: 1 [Hijo Test(2)] @ https://jimsimrodev.github.io/pequenos-sanos/assets/index-C7AoTPzR.js:82
[  123600ms] [LOG] [WS] 🗺️ Broadcast recibido. Avatares: 1 [Hijo Test(2)] @ https://jimsimrodev.github.io/pequenos-sanos/assets/index-C7AoTPzR.js:82
[  123626ms] [LOG] [WS] 🗺️ Broadcast recibido. Avatares: 1 [Hijo Test(2)] @ https://jimsimrodev.github.io/pequenos-sanos/assets/index-C7AoTPzR.js:82
[  123652ms] [LOG] [WS] 🗺️ Broadcast recibido. Avatares: 1 [Hijo Test(2)] @ https://jimsimrodev.github.io/pequenos-sanos/assets/index-C7AoTPzR.js:82
[  123678ms] [LOG] [WS] 🗺️ Broadcast recibido. Avatares: 1 [Hijo Test(2)] @ https://jimsimrodev.github.io/pequenos-sanos/assets/index-C7AoTPzR.js:82
[  123708ms] [LOG] [WS] 🗺️ Broadcast recibido. Avatares: 1 [Hijo Test(2)] @ https://jimsimrodev.github.io/pequenos-sanos/assets/index-C7AoTPzR.js:82
[  123761ms] [LOG] [WS] 🗺️ Broadcast recibido. Avatares: 1 [Hijo Test(2)] @ https://jimsimrodev.github.io/pequenos-sanos/assets/index-C7AoTPzR.js:82
[  123799ms] [LOG] [WS] 🗺️ Broadcast recibido. Avatares: 1 [Hijo Test(2)] @ https://jimsimrodev.github.io/pequenos-sanos/assets/index-C7AoTPzR.js:82
[  123828ms] [LOG] [WS] 🗺️ Broadcast recibido. Avatares: 1 [Hijo Test(2)] @ https://jimsimrodev.github.io/pequenos-sanos/assets/index-C7AoTPzR.js:82
[  123852ms] [LOG] [WS] 🗺️ Broadcast recibido. Avatares: 1 [Hijo Test(2)] @ https://jimsimrodev.github.io/pequenos-sanos/assets/index-C7AoTPzR.js:82
[  123905ms] [LOG] [WS] 🗺️ Broadcast recibido. Avatares: 1 [Hijo Test(2)] @ https://jimsimrodev.github.io/pequenos-sanos/assets/index-C7AoTPzR.js:82
[  123932ms] [LOG] [WS] 🗺️ Broadcast recibido. Avatares: 1 [Hijo Test(2)] @ https://jimsimrodev.github.io/pequenos-sanos/assets/index-C7AoTPzR.js:82
[  123957ms] [LOG] [WS] 🗺️ Broadcast recibido. Avatares: 1 [Hijo Test(2)] @ https://jimsimrodev.github.io/pequenos-sanos/assets/index-C7AoTPzR.js:82
[  123975ms] [LOG] [WS] 🗺️ Broadcast recibido. Avatares: 1 [Hijo Test(2)] @ https://jimsimrodev.github.io/pequenos-sanos/assets/index-C7AoTPzR.js:82
[  124019ms] [LOG] [WS] 🗺️ Broadcast recibido. Avatares: 1 [Hijo Test(2)] @ https://jimsimrodev.github.io/pequenos-sanos/assets/index-C7AoTPzR.js:82
[  124043ms] [LOG] [WS] 🗺️ Broadcast recibido. Avatares: 1 [Hijo Test(2)] @ https://jimsimrodev.github.io/pequenos-sanos/assets/index-C7AoTPzR.js:82
[  124087ms] [LOG] [WS] 🗺️ Broadcast recibido. Avatares: 1 [Hijo Test(2)] @ https://jimsimrodev.github.io/pequenos-sanos/assets/index-C7AoTPzR.js:82
[  124115ms] [LOG] [WS] 🗺️ Broadcast recibido. Avatares: 1 [Hijo Test(2)] @ https://jimsimrodev.github.io/pequenos-sanos/assets/index-C7AoTPzR.js:82
[  124147ms] [LOG] [WS] 🗺️ Broadcast recibido. Avatares: 1 [Hijo Test(2)] @ https://jimsimrodev.github.io/pequenos-sanos/assets/index-C7AoTPzR.js:82
[  124182ms] [LOG] [WS] 🗺️ Broadcast recibido. Avatares: 1 [Hijo Test(2)] @ https://jimsimrodev.github.io/pequenos-sanos/assets/index-C7AoTPzR.js:82
[  124212ms] [LOG] [WS] 🗺️ Broadcast recibido. Avatares: 1 [Hijo Test(2)] @ https://jimsimrodev.github.io/pequenos-sanos/assets/index-C7AoTPzR.js:82
[  124238ms] [LOG] [WS] 🗺️ Broadcast recibido. Avatares: 1 [Hijo Test(2)] @ https://jimsimrodev.github.io/pequenos-sanos/assets/index-C7AoTPzR.js:82
[  124292ms] [LOG] [WS] 🗺️ Broadcast recibido. Avatares: 1 [Hijo Test(2)] @ https://jimsimrodev.github.io/pequenos-sanos/assets/index-C7AoTPzR.js:82
[  124321ms] [LOG] [WS] 🗺️ Broadcast recibido. Avatares: 1 [Hijo Test(2)] @ https://jimsimrodev.github.io/pequenos-sanos/assets/index-C7AoTPzR.js:82
[  124349ms] [LOG] [WS] 🗺️ Broadcast recibido. Avatares: 1 [Hijo Test(2)] @ https://jimsimrodev.github.io/pequenos-sanos/assets/index-C7AoTPzR.js:82
[  124382ms] [LOG] [WS] 🗺️ Broadcast recibido. Avatares: 1 [Hijo Test(2)] @ https://jimsimrodev.github.io/pequenos-sanos/assets/index-C7AoTPzR.js:82
[  124416ms] [LOG] [WS] 🗺️ Broadcast recibido. Avatares: 1 [Hijo Test(2)] @ https://jimsimrodev.github.io/pequenos-sanos/assets/index-C7AoTPzR.js:82
[  124440ms] [LOG] [WS] 🗺️ Broadcast recibido. Avatares: 1 [Hijo Test(2)] @ https://jimsimrodev.github.io/pequenos-sanos/assets/index-C7AoTPzR.js:82
[  124497ms] [LOG] [WS] 🗺️ Broadcast recibido. Avatares: 1 [Hijo Test(2)] @ https://jimsimrodev.github.io/pequenos-sanos/assets/index-C7AoTPzR.js:82
[  124523ms] [LOG] [WS] 🗺️ Broadcast recibido. Avatares: 1 [Hijo Test(2)] @ https://jimsimrodev.github.io/pequenos-sanos/assets/index-C7AoTPzR.js:82
[  124551ms] [LOG] [WS] 🗺️ Broadcast recibido. Avatares: 1 [Hijo Test(2)] @ https://jimsimrodev.github.io/pequenos-sanos/assets/index-C7AoTPzR.js:82
[  124582ms] [LOG] [WS] 🗺️ Broadcast recibido. Avatares: 1 [Hijo Test(2)] @ https://jimsimrodev.github.io/pequenos-sanos/assets/index-C7AoTPzR.js:82
[  124614ms] [LOG] [WS] 🗺️ Broadcast recibido. Avatares: 1 [Hijo Test(2)] @ https://jimsimrodev.github.io/pequenos-sanos/assets/index-C7AoTPzR.js:82
[  124651ms] [LOG] [WS] 🗺️ Broadcast recibido. Avatares: 1 [Hijo Test(2)] @ https://jimsimrodev.github.io/pequenos-sanos/assets/index-C7AoTPzR.js:82
[  124694ms] [LOG] [WS] 🗺️ Broadcast recibido. Avatares: 1 [Hijo Test(2)] @ https://jimsimrodev.github.io/pequenos-sanos/assets/index-C7AoTPzR.js:82
[  124725ms] [LOG] [WS] 🗺️ Broadcast recibido. Avatares: 1 [Hijo Test(2)] @ https://jimsimrodev.github.io/pequenos-sanos/assets/index-C7AoTPzR.js:82
[  124749ms] [LOG] [WS] 🗺️ Broadcast recibido. Avatares: 1 [Hijo Test(2)] @ https://jimsimrodev.github.io/pequenos-sanos/assets/index-C7AoTPzR.js:82
[  124778ms] [LOG] [WS] 🗺️ Broadcast recibido. Avatares: 1 [Hijo Test(2)] @ https://jimsimrodev.github.io/pequenos-sanos/assets/index-C7AoTPzR.js:82
[  124799ms] [LOG] [WS] 🗺️ Broadcast recibido. Avatares: 1 [Hijo Test(2)] @ https://jimsimrodev.github.io/pequenos-sanos/assets/index-C7AoTPzR.js:82
[  124857ms] [LOG] [WS] 🗺️ Broadcast recibido. Avatares: 1 [Hijo Test(2)] @ https://jimsimrodev.github.io/pequenos-sanos/assets/index-C7AoTPzR.js:82
[  124892ms] [LOG] [WS] 🗺️ Broadcast recibido. Avatares: 1 [Hijo Test(2)] @ https://jimsimrodev.github.io/pequenos-sanos/assets/index-C7AoTPzR.js:82
[  124919ms] [LOG] [WS] 🗺️ Broadcast recibido. Avatares: 1 [Hijo Test(2)] @ https://jimsimrodev.github.io/pequenos-sanos/assets/index-C7AoTPzR.js:82
[  124950ms] [LOG] [WS] 🗺️ Broadcast recibido. Avatares: 1 [Hijo Test(2)] @ https://jimsimrodev.github.io/pequenos-sanos/assets/index-C7AoTPzR.js:82
[  124980ms] [LOG] [WS] 🗺️ Broadcast recibido. Avatares: 1 [Hijo Test(2)] @ https://jimsimrodev.github.io/pequenos-sanos/assets/index-C7AoTPzR.js:82
[  125011ms] [LOG] [WS] 🗺️ Broadcast recibido. Avatares: 1 [Hijo Test(2)] @ https://jimsimrodev.github.io/pequenos-sanos/assets/index-C7AoTPzR.js:82
[  125042ms] [LOG] [WS] 🗺️ Broadcast recibido. Avatares: 1 [Hijo Test(2)] @ https://jimsimrodev.github.io/pequenos-sanos/assets/index-C7AoTPzR.js:82
[  125065ms] [LOG] [WS] 🗺️ Broadcast recibido. Avatares: 1 [Hijo Test(2)] @ https://jimsimrodev.github.io/pequenos-sanos/assets/index-C7AoTPzR.js:82
[  125105ms] [LOG] [WS] 🗺️ Broadcast recibido. Avatares: 1 [Hijo Test(2)] @ https://jimsimrodev.github.io/pequenos-sanos/assets/index-C7AoTPzR.js:82
[  125136ms] [LOG] [WS] 🗺️ Broadcast recibido. Avatares: 1 [Hijo Test(2)] @ https://jimsimrodev.github.io/pequenos-sanos/assets/index-C7AoTPzR.js:82
[  125169ms] [LOG] [WS] 🗺️ Broadcast recibido. Avatares: 1 [Hijo Test(2)] @ https://jimsimrodev.github.io/pequenos-sanos/assets/index-C7AoTPzR.js:82
[  125198ms] [LOG] [WS] 🗺️ Broadcast recibido. Avatares: 1 [Hijo Test(2)] @ https://jimsimrodev.github.io/pequenos-sanos/assets/index-C7AoTPzR.js:82
[  125230ms] [LOG] [WS] 🗺️ Broadcast recibido. Avatares: 1 [Hijo Test(2)] @ https://jimsimrodev.github.io/pequenos-sanos/assets/index-C7AoTPzR.js:82
[  125262ms] [LOG] [WS] 🗺️ Broadcast recibido. Avatares: 1 [Hijo Test(2)] @ https://jimsimrodev.github.io/pequenos-sanos/assets/index-C7AoTPzR.js:82
[  125299ms] [LOG] [WS] 🗺️ Broadcast recibido. Avatares: 1 [Hijo Test(2)] @ https://jimsimrodev.github.io/pequenos-sanos/assets/index-C7AoTPzR.js:82
[  125328ms] [LOG] [WS] 🗺️ Broadcast recibido. Avatares: 1 [Hijo Test(2)] @ https://jimsimrodev.github.io/pequenos-sanos/assets/index-C7AoTPzR.js:82
[  125377ms] [LOG] [WS] 🗺️ Broadcast recibido. Avatares: 1 [Hijo Test(2)] @ https://jimsimrodev.github.io/pequenos-sanos/assets/index-C7AoTPzR.js:82
[  125406ms] [LOG] [WS] 🗺️ Broadcast recibido. Avatares: 1 [Hijo Test(2)] @ https://jimsimrodev.github.io/pequenos-sanos/assets/index-C7AoTPzR.js:82
[  125450ms] [LOG] [WS] 🗺️ Broadcast recibido. Avatares: 1 [Hijo Test(2)] @ https://jimsimrodev.github.io/pequenos-sanos/assets/index-C7AoTPzR.js:82
[  125477ms] [LOG] [WS] 🗺️ Broadcast recibido. Avatares: 1 [Hijo Test(2)] @ https://jimsimrodev.github.io/pequenos-sanos/assets/index-C7AoTPzR.js:82
[  125517ms] [LOG] [WS] 🗺️ Broadcast recibido. Avatares: 1 [Hijo Test(2)] @ https://jimsimrodev.github.io/pequenos-sanos/assets/index-C7AoTPzR.js:82
[  125547ms] [LOG] [WS] 🗺️ Broadcast recibido. Avatares: 1 [Hijo Test(2)] @ https://jimsimrodev.github.io/pequenos-sanos/assets/index-C7AoTPzR.js:82
[  125580ms] [LOG] [WS] 🗺️ Broadcast recibido. Avatares: 1 [Hijo Test(2)] @ https://jimsimrodev.github.io/pequenos-sanos/assets/index-C7AoTPzR.js:82
[  125615ms] [LOG] [WS] 🗺️ Broadcast recibido. Avatares: 1 [Hijo Test(2)] @ https://jimsimrodev.github.io/pequenos-sanos/assets/index-C7AoTPzR.js:82
[  125641ms] [LOG] [WS] 🗺️ Broadcast recibido. Avatares: 1 [Hijo Test(2)] @ https://jimsimrodev.github.io/pequenos-sanos/assets/index-C7AoTPzR.js:82
[  125668ms] [LOG] [WS] 🗺️ Broadcast recibido. Avatares: 1 [Hijo Test(2)] @ https://jimsimrodev.github.io/pequenos-sanos/assets/index-C7AoTPzR.js:82
[  125696ms] [LOG] [WS] 🗺️ Broadcast recibido. Avatares: 1 [Hijo Test(2)] @ https://jimsimrodev.github.io/pequenos-sanos/assets/index-C7AoTPzR.js:82
[  125728ms] [LOG] [WS] 🗺️ Broadcast recibido. Avatares: 1 [Hijo Test(2)] @ https://jimsimrodev.github.io/pequenos-sanos/assets/index-C7AoTPzR.js:82
[  125752ms] [LOG] [WS] 🗺️ Broadcast recibido. Avatares: 1 [Hijo Test(2)] @ https://jimsimrodev.github.io/pequenos-sanos/assets/index-C7AoTPzR.js:82
[  125800ms] [LOG] [WS] 🗺️ Broadcast recibido. Avatares: 1 [Hijo Test(2)] @ https://jimsimrodev.github.io/pequenos-sanos/assets/index-C7AoTPzR.js:82
[  125830ms] [LOG] [WS] 🗺️ Broadcast recibido. Avatares: 1 [Hijo Test(2)] @ https://jimsimrodev.github.io/pequenos-sanos/assets/index-C7AoTPzR.js:82
[  125860ms] [LOG] [WS] 🗺️ Broadcast recibido. Avatares: 1 [Hijo Test(2)] @ https://jimsimrodev.github.io/pequenos-sanos/assets/index-C7AoTPzR.js:82
[  125888ms] [LOG] [WS] 🗺️ Broadcast recibido. Avatares: 1 [Hijo Test(2)] @ https://jimsimrodev.github.io/pequenos-sanos/assets/index-C7AoTPzR.js:82
[  125939ms] [LOG] [WS] 🗺️ Broadcast recibido. Avatares: 1 [Hijo Test(2)] @ https://jimsimrodev.github.io/pequenos-sanos/assets/index-C7AoTPzR.js:82
[  125971ms] [LOG] [WS] 🗺️ Broadcast recibido. Avatares: 1 [Hijo Test(2)] @ https://jimsimrodev.github.io/pequenos-sanos/assets/index-C7AoTPzR.js:82
[  125994ms] [LOG] [WS] 🗺️ Broadcast recibido. Avatares: 1 [Hijo Test(2)] @ https://jimsimrodev.github.io/pequenos-sanos/assets/index-C7AoTPzR.js:82
[  126026ms] [LOG] [WS] 🗺️ Broadcast recibido. Avatares: 1 [Hijo Test(2)] @ https://jimsimrodev.github.io/pequenos-sanos/assets/index-C7AoTPzR.js:82
[  126077ms] [LOG] [WS] 🗺️ Broadcast recibido. Avatares: 1 [Hijo Test(2)] @ https://jimsimrodev.github.io/pequenos-sanos/assets/index-C7AoTPzR.js:82
[  126106ms] [LOG] [WS] 🗺️ Broadcast recibido. Avatares: 1 [Hijo Test(2)] @ https://jimsimrodev.github.io/pequenos-sanos/assets/index-C7AoTPzR.js:82
[  126134ms] [LOG] [WS] 🗺️ Broadcast recibido. Avatares: 1 [Hijo Test(2)] @ https://jimsimrodev.github.io/pequenos-sanos/assets/index-C7AoTPzR.js:82
[  126158ms] [LOG] [WS] 🗺️ Broadcast recibido. Avatares: 1 [Hijo Test(2)] @ https://jimsimrodev.github.io/pequenos-sanos/assets/index-C7AoTPzR.js:82
[  126213ms] [LOG] [WS] 🗺️ Broadcast recibido. Avatares: 1 [Hijo Test(2)] @ https://jimsimrodev.github.io/pequenos-sanos/assets/index-C7AoTPzR.js:82
[  126246ms] [LOG] [WS] 🗺️ Broadcast recibido. Avatares: 1 [Hijo Test(2)] @ https://jimsimrodev.github.io/pequenos-sanos/assets/index-C7AoTPzR.js:82
[  126270ms] [LOG] [WS] 🗺️ Broadcast recibido. Avatares: 1 [Hijo Test(2)] @ https://jimsimrodev.github.io/pequenos-sanos/assets/index-C7AoTPzR.js:82
[  126303ms] [LOG] [WS] 🗺️ Broadcast recibido. Avatares: 1 [Hijo Test(2)] @ https://jimsimrodev.github.io/pequenos-sanos/assets/index-C7AoTPzR.js:82
[  126332ms] [LOG] [WS] 🗺️ Broadcast recibido. Avatares: 1 [Hijo Test(2)] @ https://jimsimrodev.github.io/pequenos-sanos/assets/index-C7AoTPzR.js:82
[  126357ms] [LOG] [WS] 🗺️ Broadcast recibido. Avatares: 1 [Hijo Test(2)] @ https://jimsimrodev.github.io/pequenos-sanos/assets/index-C7AoTPzR.js:82
[  126385ms] [LOG] [WS] 🗺️ Broadcast recibido. Avatares: 1 [Hijo Test(2)] @ https://jimsimrodev.github.io/pequenos-sanos/assets/index-C7AoTPzR.js:82
[  126432ms] [LOG] [WS] 🗺️ Broadcast recibido. Avatares: 1 [Hijo Test(2)] @ https://jimsimrodev.github.io/pequenos-sanos/assets/index-C7AoTPzR.js:82
[  126463ms] [LOG] [WS] 🗺️ Broadcast recibido. Avatares: 1 [Hijo Test(2)] @ https://jimsimrodev.github.io/pequenos-sanos/assets/index-C7AoTPzR.js:82
[  126494ms] [LOG] [WS] 🗺️ Broadcast recibido. Avatares: 1 [Hijo Test(2)] @ https://jimsimrodev.github.io/pequenos-sanos/assets/index-C7AoTPzR.js:82
[  126521ms] [LOG] [WS] 🗺️ Broadcast recibido. Avatares: 1 [Hijo Test(2)] @ https://jimsimrodev.github.io/pequenos-sanos/assets/index-C7AoTPzR.js:82
[  126548ms] [LOG] [WS] 🗺️ Broadcast recibido. Avatares: 1 [Hijo Test(2)] @ https://jimsimrodev.github.io/pequenos-sanos/assets/index-C7AoTPzR.js:82
[  126596ms] [LOG] [WS] 🗺️ Broadcast recibido. Avatares: 1 [Hijo Test(2)] @ https://jimsimrodev.github.io/pequenos-sanos/assets/index-C7AoTPzR.js:82
[  126620ms] [LOG] [WS] 🗺️ Broadcast recibido. Avatares: 1 [Hijo Test(2)] @ https://jimsimrodev.github.io/pequenos-sanos/assets/index-C7AoTPzR.js:82
[  126649ms] [LOG] [WS] 🗺️ Broadcast recibido. Avatares: 1 [Hijo Test(2)] @ https://jimsimrodev.github.io/pequenos-sanos/assets/index-C7AoTPzR.js:82
[  126707ms] [LOG] [WS] 🗺️ Broadcast recibido. Avatares: 1 [Hijo Test(2)] @ https://jimsimrodev.github.io/pequenos-sanos/assets/index-C7AoTPzR.js:82
[  126736ms] [LOG] [WS] 🗺️ Broadcast recibido. Avatares: 1 [Hijo Test(2)] @ https://jimsimrodev.github.io/pequenos-sanos/assets/index-C7AoTPzR.js:82
[  126763ms] [LOG] [WS] 🗺️ Broadcast recibido. Avatares: 1 [Hijo Test(2)] @ https://jimsimrodev.github.io/pequenos-sanos/assets/index-C7AoTPzR.js:82
[  126784ms] [LOG] [WS] 🗺️ Broadcast recibido. Avatares: 1 [Hijo Test(2)] @ https://jimsimrodev.github.io/pequenos-sanos/assets/index-C7AoTPzR.js:82
[  126821ms] [LOG] [WS] 🗺️ Broadcast recibido. Avatares: 1 [Hijo Test(2)] @ https://jimsimrodev.github.io/pequenos-sanos/assets/index-C7AoTPzR.js:82
[  126850ms] [LOG] [WS] 🗺️ Broadcast recibido. Avatares: 1 [Hijo Test(2)] @ https://jimsimrodev.github.io/pequenos-sanos/assets/index-C7AoTPzR.js:82
[  126883ms] [LOG] [WS] 🗺️ Broadcast recibido. Avatares: 1 [Hijo Test(2)] @ https://jimsimrodev.github.io/pequenos-sanos/assets/index-C7AoTPzR.js:82
[  126915ms] [LOG] [WS] 🗺️ Broadcast recibido. Avatares: 1 [Hijo Test(2)] @ https://jimsimrodev.github.io/pequenos-sanos/assets/index-C7AoTPzR.js:82
[  126946ms] [LOG] [WS] 🗺️ Broadcast recibido. Avatares: 1 [Hijo Test(2)] @ https://jimsimrodev.github.io/pequenos-sanos/assets/index-C7AoTPzR.js:82
[  126978ms] [LOG] [WS] 🗺️ Broadcast recibido. Avatares: 1 [Hijo Test(2)] @ https://jimsimrodev.github.io/pequenos-sanos/assets/index-C7AoTPzR.js:82
[  127032ms] [LOG] [WS] 🗺️ Broadcast recibido. Avatares: 1 [Hijo Test(2)] @ https://jimsimrodev.github.io/pequenos-sanos/assets/index-C7AoTPzR.js:82
[  127051ms] [LOG] [WS] 🗺️ Broadcast recibido. Avatares: 1 [Hijo Test(2)] @ https://jimsimrodev.github.io/pequenos-sanos/assets/index-C7AoTPzR.js:82
[  127095ms] [LOG] [WS] 🗺️ Broadcast recibido. Avatares: 1 [Hijo Test(2)] @ https://jimsimrodev.github.io/pequenos-sanos/assets/index-C7AoTPzR.js:82
[  127114ms] [LOG] [WS] 🗺️ Broadcast recibido. Avatares: 1 [Hijo Test(2)] @ https://jimsimrodev.github.io/pequenos-sanos/assets/index-C7AoTPzR.js:82
[  127154ms] [LOG] [WS] 🗺️ Broadcast recibido. Avatares: 1 [Hijo Test(2)] @ https://jimsimrodev.github.io/pequenos-sanos/assets/index-C7AoTPzR.js:82
[  127185ms] [LOG] [WS] 🗺️ Broadcast recibido. Avatares: 1 [Hijo Test(2)] @ https://jimsimrodev.github.io/pequenos-sanos/assets/index-C7AoTPzR.js:82
[  127212ms] [LOG] [WS] 🗺️ Broadcast recibido. Avatares: 1 [Hijo Test(2)] @ https://jimsimrodev.github.io/pequenos-sanos/assets/index-C7AoTPzR.js:82
[  127254ms] [LOG] [WS] 🗺️ Broadcast recibido. Avatares: 1 [Hijo Test(2)] @ https://jimsimrodev.github.io/pequenos-sanos/assets/index-C7AoTPzR.js:82
[  127282ms] [LOG] [WS] 🗺️ Broadcast recibido. Avatares: 1 [Hijo Test(2)] @ https://jimsimrodev.github.io/pequenos-sanos/assets/index-C7AoTPzR.js:82
[  127308ms] [LOG] [WS] 🗺️ Broadcast recibido. Avatares: 1 [Hijo Test(2)] @ https://jimsimrodev.github.io/pequenos-sanos/assets/index-C7AoTPzR.js:82
[  127360ms] [LOG] [WS] 🗺️ Broadcast recibido. Avatares: 1 [Hijo Test(2)] @ https://jimsimrodev.github.io/pequenos-sanos/assets/index-C7AoTPzR.js:82
[  127387ms] [LOG] [WS] 🗺️ Broadcast recibido. Avatares: 1 [Hijo Test(2)] @ https://jimsimrodev.github.io/pequenos-sanos/assets/index-C7AoTPzR.js:82
[  127432ms] [LOG] [WS] 🗺️ Broadcast recibido. Avatares: 1 [Hijo Test(2)] @ https://jimsimrodev.github.io/pequenos-sanos/assets/index-C7AoTPzR.js:82
[  127472ms] [LOG] [WS] 🗺️ Broadcast recibido. Avatares: 1 [Hijo Test(2)] @ https://jimsimrodev.github.io/pequenos-sanos/assets/index-C7AoTPzR.js:82
[  127510ms] [LOG] [WS] 🗺️ Broadcast recibido. Avatares: 1 [Hijo Test(2)] @ https://jimsimrodev.github.io/pequenos-sanos/assets/index-C7AoTPzR.js:82
[  127546ms] [LOG] [WS] 🗺️ Broadcast recibido. Avatares: 1 [Hijo Test(2)] @ https://jimsimrodev.github.io/pequenos-sanos/assets/index-C7AoTPzR.js:82
[  127576ms] [LOG] [WS] 🗺️ Broadcast recibido. Avatares: 1 [Hijo Test(2)] @ https://jimsimrodev.github.io/pequenos-sanos/assets/index-C7AoTPzR.js:82
[  127618ms] [LOG] [WS] 🗺️ Broadcast recibido. Avatares: 1 [Hijo Test(2)] @ https://jimsimrodev.github.io/pequenos-sanos/assets/index-C7AoTPzR.js:82
[  127647ms] [LOG] [WS] 🗺️ Broadcast recibido. Avatares: 1 [Hijo Test(2)] @ https://jimsimrodev.github.io/pequenos-sanos/assets/index-C7AoTPzR.js:82
[  127677ms] [LOG] [WS] 🗺️ Broadcast recibido. Avatares: 1 [Hijo Test(2)] @ https://jimsimrodev.github.io/pequenos-sanos/assets/index-C7AoTPzR.js:82
[  127705ms] [LOG] [WS] 🗺️ Broadcast recibido. Avatares: 1 [Hijo Test(2)] @ https://jimsimrodev.github.io/pequenos-sanos/assets/index-C7AoTPzR.js:82
[  127733ms] [LOG] [WS] 🗺️ Broadcast recibido. Avatares: 1 [Hijo Test(2)] @ https://jimsimrodev.github.io/pequenos-sanos/assets/index-C7AoTPzR.js:82
[  127766ms] [LOG] [WS] 🗺️ Broadcast recibido. Avatares: 1 [Hijo Test(2)] @ https://jimsimrodev.github.io/pequenos-sanos/assets/index-C7AoTPzR.js:82
[  127800ms] [LOG] [WS] 🗺️ Broadcast recibido. Avatares: 1 [Hijo Test(2)] @ https://jimsimrodev.github.io/pequenos-sanos/assets/index-C7AoTPzR.js:82
[  127833ms] [LOG] [WS] 🗺️ Broadcast recibido. Avatares: 1 [Hijo Test(2)] @ https://jimsimrodev.github.io/pequenos-sanos/assets/index-C7AoTPzR.js:82
[  127878ms] [LOG] [WS] 🗺️ Broadcast recibido. Avatares: 1 [Hijo Test(2)] @ https://jimsimrodev.github.io/pequenos-sanos/assets/index-C7AoTPzR.js:82
[  127909ms] [LOG] [WS] 🗺️ Broadcast recibido. Avatares: 1 [Hijo Test(2)] @ https://jimsimrodev.github.io/pequenos-sanos/assets/index-C7AoTPzR.js:82
[  127953ms] [LOG] [WS] 🗺️ Broadcast recibido. Avatares: 1 [Hijo Test(2)] @ https://jimsimrodev.github.io/pequenos-sanos/assets/index-C7AoTPzR.js:82
[  127990ms] [LOG] [WS] 🗺️ Broadcast recibido. Avatares: 1 [Hijo Test(2)] @ https://jimsimrodev.github.io/pequenos-sanos/assets/index-C7AoTPzR.js:82
[  128016ms] [LOG] [WS] 🗺️ Broadcast recibido. Avatares: 1 [Hijo Test(2)] @ https://jimsimrodev.github.io/pequenos-sanos/assets/index-C7AoTPzR.js:82
[  128049ms] [LOG] [WS] 🗺️ Broadcast recibido. Avatares: 1 [Hijo Test(2)] @ https://jimsimrodev.github.io/pequenos-sanos/assets/index-C7AoTPzR.js:82
[  128076ms] [LOG] [WS] 🗺️ Broadcast recibido. Avatares: 1 [Hijo Test(2)] @ https://jimsimrodev.github.io/pequenos-sanos/assets/index-C7AoTPzR.js:82
[  128114ms] [LOG] [WS] 🗺️ Broadcast recibido. Avatares: 1 [Hijo Test(2)] @ https://jimsimrodev.github.io/pequenos-sanos/assets/index-C7AoTPzR.js:82
[  128146ms] [LOG] [WS] 🗺️ Broadcast recibido. Avatares: 1 [Hijo Test(2)] @ https://jimsimrodev.github.io/pequenos-sanos/assets/index-C7AoTPzR.js:82
[  128176ms] [LOG] [WS] 🗺️ Broadcast recibido. Avatares: 1 [Hijo Test(2)] @ https://jimsimrodev.github.io/pequenos-sanos/assets/index-C7AoTPzR.js:82
[  128207ms] [LOG] [WS] 🗺️ Broadcast recibido. Avatares: 1 [Hijo Test(2)] @ https://jimsimrodev.github.io/pequenos-sanos/assets/index-C7AoTPzR.js:82
[  128238ms] [LOG] [WS] 🗺️ Broadcast recibido. Avatares: 1 [Hijo Test(2)] @ https://jimsimrodev.github.io/pequenos-sanos/assets/index-C7AoTPzR.js:82
[  128423ms] [LOG] [WS] 🗺️ Broadcast recibido. Avatares: 1 [Hijo Test(2)] @ https://jimsimrodev.github.io/pequenos-sanos/assets/index-C7AoTPzR.js:82
[  128456ms] [LOG] [WS] 🗺️ Broadcast recibido. Avatares: 1 [Hijo Test(2)] @ https://jimsimrodev.github.io/pequenos-sanos/assets/index-C7AoTPzR.js:82
[  128457ms] [LOG] [WS] 🗺️ Broadcast recibido. Avatares: 1 [Hijo Test(2)] @ https://jimsimrodev.github.io/pequenos-sanos/assets/index-C7AoTPzR.js:82
[  128458ms] [LOG] [WS] 🗺️ Broadcast recibido. Avatares: 1 [Hijo Test(2)] @ https://jimsimrodev.github.io/pequenos-sanos/assets/index-C7AoTPzR.js:82
[  128459ms] [LOG] [WS] 🗺️ Broadcast recibido. Avatares: 1 [Hijo Test(2)] @ https://jimsimrodev.github.io/pequenos-sanos/assets/index-C7AoTPzR.js:82
[  128460ms] [LOG] [WS] 🗺️ Broadcast recibido. Avatares: 1 [Hijo Test(2)] @ https://jimsimrodev.github.io/pequenos-sanos/assets/index-C7AoTPzR.js:82
[  128498ms] [LOG] [WS] 🗺️ Broadcast recibido. Avatares: 1 [Hijo Test(2)] @ https://jimsimrodev.github.io/pequenos-sanos/assets/index-C7AoTPzR.js:82
[  128499ms] [LOG] [WS] 🗺️ Broadcast recibido. Avatares: 1 [Hijo Test(2)] @ https://jimsimrodev.github.io/pequenos-sanos/assets/index-C7AoTPzR.js:82
[  128523ms] [LOG] [WS] 🗺️ Broadcast recibido. Avatares: 1 [Hijo Test(2)] @ https://jimsimrodev.github.io/pequenos-sanos/assets/index-C7AoTPzR.js:82
[  128550ms] [LOG] [WS] 🗺️ Broadcast recibido. Avatares: 1 [Hijo Test(2)] @ https://jimsimrodev.github.io/pequenos-sanos/assets/index-C7AoTPzR.js:82
[  128570ms] [LOG] [WS] 🗺️ Broadcast recibido. Avatares: 1 [Hijo Test(2)] @ https://jimsimrodev.github.io/pequenos-sanos/assets/index-C7AoTPzR.js:82
[  128600ms] [LOG] [WS] 🗺️ Broadcast recibido. Avatares: 1 [Hijo Test(2)] @ https://jimsimrodev.github.io/pequenos-sanos/assets/index-C7AoTPzR.js:82
[  128631ms] [LOG] [WS] 🗺️ Broadcast recibido. Avatares: 1 [Hijo Test(2)] @ https://jimsimrodev.github.io/pequenos-sanos/assets/index-C7AoTPzR.js:82
[  128666ms] [LOG] [WS] 🗺️ Broadcast recibido. Avatares: 1 [Hijo Test(2)] @ https://jimsimrodev.github.io/pequenos-sanos/assets/index-C7AoTPzR.js:82
[  128706ms] [LOG] [WS] 🗺️ Broadcast recibido. Avatares: 1 [Hijo Test(2)] @ https://jimsimrodev.github.io/pequenos-sanos/assets/index-C7AoTPzR.js:82
[  128738ms] [LOG] [WS] 🗺️ Broadcast recibido. Avatares: 1 [Hijo Test(2)] @ https://jimsimrodev.github.io/pequenos-sanos/assets/index-C7AoTPzR.js:82
[  128765ms] [LOG] [WS] 🗺️ Broadcast recibido. Avatares: 1 [Hijo Test(2)] @ https://jimsimrodev.github.io/pequenos-sanos/assets/index-C7AoTPzR.js:82
[  128812ms] [LOG] [WS] 🗺️ Broadcast recibido. Avatares: 1 [Hijo Test(2)] @ https://jimsimrodev.github.io/pequenos-sanos/assets/index-C7AoTPzR.js:82
[  128835ms] [LOG] [WS] 🗺️ Broadcast recibido. Avatares: 1 [Hijo Test(2)] @ https://jimsimrodev.github.io/pequenos-sanos/assets/index-C7AoTPzR.js:82
[  128869ms] [LOG] [WS] 🗺️ Broadcast recibido. Avatares: 1 [Hijo Test(2)] @ https://jimsimrodev.github.io/pequenos-sanos/assets/index-C7AoTPzR.js:82
[  128898ms] [LOG] [WS] 🗺️ Broadcast recibido. Avatares: 1 [Hijo Test(2)] @ https://jimsimrodev.github.io/pequenos-sanos/assets/index-C7AoTPzR.js:82
[  128924ms] [LOG] [WS] 🗺️ Broadcast recibido. Avatares: 1 [Hijo Test(2)] @ https://jimsimrodev.github.io/pequenos-sanos/assets/index-C7AoTPzR.js:82
[  128954ms] [LOG] [WS] 🗺️ Broadcast recibido. Avatares: 1 [Hijo Test(2)] @ https://jimsimrodev.github.io/pequenos-sanos/assets/index-C7AoTPzR.js:82
[  128986ms] [LOG] [WS] 🗺️ Broadcast recibido. Avatares: 1 [Hijo Test(2)] @ https://jimsimrodev.github.io/pequenos-sanos/assets/index-C7AoTPzR.js:82
[  129040ms] [LOG] [WS] 🗺️ Broadcast recibido. Avatares: 1 [Hijo Test(2)] @ https://jimsimrodev.github.io/pequenos-sanos/assets/index-C7AoTPzR.js:82
[  129062ms] [LOG] [WS] 🗺️ Broadcast recibido. Avatares: 1 [Hijo Test(2)] @ https://jimsimrodev.github.io/pequenos-sanos/assets/index-C7AoTPzR.js:82
[  129091ms] [LOG] [WS] 🗺️ Broadcast recibido. Avatares: 1 [Hijo Test(2)] @ https://jimsimrodev.github.io/pequenos-sanos/assets/index-C7AoTPzR.js:82
[  129147ms] [LOG] [WS] 🗺️ Broadcast recibido. Avatares: 1 [Hijo Test(2)] @ https://jimsimrodev.github.io/pequenos-sanos/assets/index-C7AoTPzR.js:82
[  129169ms] [LOG] [WS] 🗺️ Broadcast recibido. Avatares: 1 [Hijo Test(2)] @ https://jimsimrodev.github.io/pequenos-sanos/assets/index-C7AoTPzR.js:82
[  129192ms] [LOG] [WS] 🗺️ Broadcast recibido. Avatares: 1 [Hijo Test(2)] @ https://jimsimrodev.github.io/pequenos-sanos/assets/index-C7AoTPzR.js:82
[  129218ms] [LOG] [WS] 🗺️ Broadcast recibido. Avatares: 1 [Hijo Test(2)] @ https://jimsimrodev.github.io/pequenos-sanos/assets/index-C7AoTPzR.js:82
[  129270ms] [LOG] [WS] 🗺️ Broadcast recibido. Avatares: 1 [Hijo Test(2)] @ https://jimsimrodev.github.io/pequenos-sanos/assets/index-C7AoTPzR.js:82
[  129299ms] [LOG] [WS] 🗺️ Broadcast recibido. Avatares: 1 [Hijo Test(2)] @ https://jimsimrodev.github.io/pequenos-sanos/assets/index-C7AoTPzR.js:82
[  129354ms] [LOG] [WS] 🗺️ Broadcast recibido. Avatares: 1 [Hijo Test(2)] @ https://jimsimrodev.github.io/pequenos-sanos/assets/index-C7AoTPzR.js:82
[  129376ms] [LOG] [WS] 🗺️ Broadcast recibido. Avatares: 1 [Hijo Test(2)] @ https://jimsimrodev.github.io/pequenos-sanos/assets/index-C7AoTPzR.js:82
[  129398ms] [LOG] [WS] 🗺️ Broadcast recibido. Avatares: 1 [Hijo Test(2)] @ https://jimsimrodev.github.io/pequenos-sanos/assets/index-C7AoTPzR.js:82
[  129426ms] [LOG] [WS] 🗺️ Broadcast recibido. Avatares: 1 [Hijo Test(2)] @ https://jimsimrodev.github.io/pequenos-sanos/assets/index-C7AoTPzR.js:82
[  129451ms] [LOG] [WS] 🗺️ Broadcast recibido. Avatares: 1 [Hijo Test(2)] @ https://jimsimrodev.github.io/pequenos-sanos/assets/index-C7AoTPzR.js:82
[  129500ms] [LOG] [WS] 🗺️ Broadcast recibido. Avatares: 1 [Hijo Test(2)] @ https://jimsimrodev.github.io/pequenos-sanos/assets/index-C7AoTPzR.js:82
[  129530ms] [LOG] [WS] 🗺️ Broadcast recibido. Avatares: 1 [Hijo Test(2)] @ https://jimsimrodev.github.io/pequenos-sanos/assets/index-C7AoTPzR.js:82
[  129566ms] [LOG] [WS] 🗺️ Broadcast recibido. Avatares: 1 [Hijo Test(2)] @ https://jimsimrodev.github.io/pequenos-sanos/assets/index-C7AoTPzR.js:82
[  129597ms] [LOG] [WS] 🗺️ Broadcast recibido. Avatares: 1 [Hijo Test(2)] @ https://jimsimrodev.github.io/pequenos-sanos/assets/index-C7AoTPzR.js:82
[  129622ms] [LOG] [WS] 🗺️ Broadcast recibido. Avatares: 1 [Hijo Test(2)] @ https://jimsimrodev.github.io/pequenos-sanos/assets/index-C7AoTPzR.js:82
[  129666ms] [LOG] [WS] 🗺️ Broadcast recibido. Avatares: 1 [Hijo Test(2)] @ https://jimsimrodev.github.io/pequenos-sanos/assets/index-C7AoTPzR.js:82
[  129691ms] [LOG] [WS] 🗺️ Broadcast recibido. Avatares: 1 [Hijo Test(2)] @ https://jimsimrodev.github.io/pequenos-sanos/assets/index-C7AoTPzR.js:82
[  129721ms] [LOG] [WS] 🗺️ Broadcast recibido. Avatares: 1 [Hijo Test(2)] @ https://jimsimrodev.github.io/pequenos-sanos/assets/index-C7AoTPzR.js:82
[  129750ms] [LOG] [WS] 🗺️ Broadcast recibido. Avatares: 1 [Hijo Test(2)] @ https://jimsimrodev.github.io/pequenos-sanos/assets/index-C7AoTPzR.js:82
[  129779ms] [LOG] [WS] 🗺️ Broadcast recibido. Avatares: 1 [Hijo Test(2)] @ https://jimsimrodev.github.io/pequenos-sanos/assets/index-C7AoTPzR.js:82
[  129832ms] [LOG] [WS] 🗺️ Broadcast recibido. Avatares: 1 [Hijo Test(2)] @ https://jimsimrodev.github.io/pequenos-sanos/assets/index-C7AoTPzR.js:82
[  129866ms] [LOG] [WS] 🗺️ Broadcast recibido. Avatares: 1 [Hijo Test(2)] @ https://jimsimrodev.github.io/pequenos-sanos/assets/index-C7AoTPzR.js:82
[  129891ms] [LOG] [WS] 🗺️ Broadcast recibido. Avatares: 1 [Hijo Test(2)] @ https://jimsimrodev.github.io/pequenos-sanos/assets/index-C7AoTPzR.js:82
[  129917ms] [LOG] [WS] 🗺️ Broadcast recibido. Avatares: 1 [Hijo Test(2)] @ https://jimsimrodev.github.io/pequenos-sanos/assets/index-C7AoTPzR.js:82
[  129960ms] [LOG] [WS] 🗺️ Broadcast recibido. Avatares: 1 [Hijo Test(2)] @ https://jimsimrodev.github.io/pequenos-sanos/assets/index-C7AoTPzR.js:82
[  129985ms] [LOG] [WS] 🗺️ Broadcast recibido. Avatares: 1 [Hijo Test(2)] @ https://jimsimrodev.github.io/pequenos-sanos/assets/index-C7AoTPzR.js:82
[  130014ms] [LOG] [WS] 🗺️ Broadcast recibido. Avatares: 1 [Hijo Test(2)] @ https://jimsimrodev.github.io/pequenos-sanos/assets/index-C7AoTPzR.js:82
[  130061ms] [LOG] [WS] 🗺️ Broadcast recibido. Avatares: 1 [Hijo Test(2)] @ https://jimsimrodev.github.io/pequenos-sanos/assets/index-C7AoTPzR.js:82
[  130083ms] [LOG] [WS] 🗺️ Broadcast recibido. Avatares: 1 [Hijo Test(2)] @ https://jimsimrodev.github.io/pequenos-sanos/assets/index-C7AoTPzR.js:82
[  130111ms] [LOG] [WS] 🗺️ Broadcast recibido. Avatares: 1 [Hijo Test(2)] @ https://jimsimrodev.github.io/pequenos-sanos/assets/index-C7AoTPzR.js:82
[  130155ms] [LOG] [WS] 🗺️ Broadcast recibido. Avatares: 1 [Hijo Test(2)] @ https://jimsimrodev.github.io/pequenos-sanos/assets/index-C7AoTPzR.js:82
[  130183ms] [LOG] [WS] 🗺️ Broadcast recibido. Avatares: 1 [Hijo Test(2)] @ https://jimsimrodev.github.io/pequenos-sanos/assets/index-C7AoTPzR.js:82
[  130220ms] [LOG] [WS] 🗺️ Broadcast recibido. Avatares: 1 [Hijo Test(2)] @ https://jimsimrodev.github.io/pequenos-sanos/assets/index-C7AoTPzR.js:82
[  130249ms] [LOG] [WS] 🗺️ Broadcast recibido. Avatares: 1 [Hijo Test(2)] @ https://jimsimrodev.github.io/pequenos-sanos/assets/index-C7AoTPzR.js:82
[  130279ms] [LOG] [WS] 🗺️ Broadcast recibido. Avatares: 1 [Hijo Test(2)] @ https://jimsimrodev.github.io/pequenos-sanos/assets/index-C7AoTPzR.js:82
[  130333ms] [LOG] [WS] 🗺️ Broadcast recibido. Avatares: 1 [Hijo Test(2)] @ https://jimsimrodev.github.io/pequenos-sanos/assets/index-C7AoTPzR.js:82
[  130363ms] [LOG] [WS] 🗺️ Broadcast recibido. Avatares: 1 [Hijo Test(2)] @ https://jimsimrodev.github.io/pequenos-sanos/assets/index-C7AoTPzR.js:82
[  130383ms] [LOG] [WS] 🗺️ Broadcast recibido. Avatares: 1 [Hijo Test(2)] @ https://jimsimrodev.github.io/pequenos-sanos/assets/index-C7AoTPzR.js:82
[  130412ms] [LOG] [WS] 🗺️ Broadcast recibido. Avatares: 1 [Hijo Test(2)] @ https://jimsimrodev.github.io/pequenos-sanos/assets/index-C7AoTPzR.js:82
[  130442ms] [LOG] [WS] 🗺️ Broadcast recibido. Avatares: 1 [Hijo Test(2)] @ https://jimsimrodev.github.io/pequenos-sanos/assets/index-C7AoTPzR.js:82
[  130496ms] [LOG] [WS] 🗺️ Broadcast recibido. Avatares: 1 [Hijo Test(2)] @ https://jimsimrodev.github.io/pequenos-sanos/assets/index-C7AoTPzR.js:82
[  130523ms] [LOG] [WS] 🗺️ Broadcast recibido. Avatares: 1 [Hijo Test(2)] @ https://jimsimrodev.github.io/pequenos-sanos/assets/index-C7AoTPzR.js:82
[  130554ms] [LOG] [WS] 🗺️ Broadcast recibido. Avatares: 1 [Hijo Test(2)] @ https://jimsimrodev.github.io/pequenos-sanos/assets/index-C7AoTPzR.js:82
[  130584ms] [LOG] [WS] 🗺️ Broadcast recibido. Avatares: 1 [Hijo Test(2)] @ https://jimsimrodev.github.io/pequenos-sanos/assets/index-C7AoTPzR.js:82
[  130614ms] [LOG] [WS] 🗺️ Broadcast recibido. Avatares: 1 [Hijo Test(2)] @ https://jimsimrodev.github.io/pequenos-sanos/assets/index-C7AoTPzR.js:82
[  130640ms] [LOG] [WS] 🗺️ Broadcast recibido. Avatares: 1 [Hijo Test(2)] @ https://jimsimrodev.github.io/pequenos-sanos/assets/index-C7AoTPzR.js:82
[  130682ms] [LOG] [WS] 🗺️ Broadcast recibido. Avatares: 1 [Hijo Test(2)] @ https://jimsimrodev.github.io/pequenos-sanos/assets/index-C7AoTPzR.js:82
[  130712ms] [LOG] [WS] 🗺️ Broadcast recibido. Avatares: 1 [Hijo Test(2)] @ https://jimsimrodev.github.io/pequenos-sanos/assets/index-C7AoTPzR.js:82
[  130749ms] [LOG] [WS] 🗺️ Broadcast recibido. Avatares: 1 [Hijo Test(2)] @ https://jimsimrodev.github.io/pequenos-sanos/assets/index-C7AoTPzR.js:82
[  130780ms] [LOG] [WS] 🗺️ Broadcast recibido. Avatares: 1 [Hijo Test(2)] @ https://jimsimrodev.github.io/pequenos-sanos/assets/index-C7AoTPzR.js:82
[  130809ms] [LOG] [WS] 🗺️ Broadcast recibido. Avatares: 1 [Hijo Test(2)] @ https://jimsimrodev.github.io/pequenos-sanos/assets/index-C7AoTPzR.js:82
[  130843ms] [LOG] [WS] 🗺️ Broadcast recibido. Avatares: 1 [Hijo Test(2)] @ https://jimsimrodev.github.io/pequenos-sanos/assets/index-C7AoTPzR.js:82
[  130885ms] [LOG] [WS] 🗺️ Broadcast recibido. Avatares: 1 [Hijo Test(2)] @ https://jimsimrodev.github.io/pequenos-sanos/assets/index-C7AoTPzR.js:82
[  130917ms] [LOG] [WS] 🗺️ Broadcast recibido. Avatares: 1 [Hijo Test(2)] @ https://jimsimrodev.github.io/pequenos-sanos/assets/index-C7AoTPzR.js:82
[  130946ms] [LOG] [WS] 🗺️ Broadcast recibido. Avatares: 1 [Hijo Test(2)] @ https://jimsimrodev.github.io/pequenos-sanos/assets/index-C7AoTPzR.js:82
[  131003ms] [LOG] [WS] 🗺️ Broadcast recibido. Avatares: 1 [Hijo Test(2)] @ https://jimsimrodev.github.io/pequenos-sanos/assets/index-C7AoTPzR.js:82
[  131035ms] [LOG] [WS] 🗺️ Broadcast recibido. Avatares: 1 [Hijo Test(2)] @ https://jimsimrodev.github.io/pequenos-sanos/assets/index-C7AoTPzR.js:82
[  131068ms] [LOG] [WS] 🗺️ Broadcast recibido. Avatares: 1 [Hijo Test(2)] @ https://jimsimrodev.github.io/pequenos-sanos/assets/index-C7AoTPzR.js:82
[  131099ms] [LOG] [WS] 🗺️ Broadcast recibido. Avatares: 1 [Hijo Test(2)] @ https://jimsimrodev.github.io/pequenos-sanos/assets/index-C7AoTPzR.js:82
[  131129ms] [LOG] [WS] 🗺️ Broadcast recibido. Avatares: 1 [Hijo Test(2)] @ https://jimsimrodev.github.io/pequenos-sanos/assets/index-C7AoTPzR.js:82
[  131159ms] [LOG] [WS] 🗺️ Broadcast recibido. Avatares: 1 [Hijo Test(2)] @ https://jimsimrodev.github.io/pequenos-sanos/assets/index-C7AoTPzR.js:82
[  131189ms] [LOG] [WS] 🗺️ Broadcast recibido. Avatares: 1 [Hijo Test(2)] @ https://jimsimrodev.github.io/pequenos-sanos/assets/index-C7AoTPzR.js:82
[  131223ms] [LOG] [WS] 🗺️ Broadcast recibido. Avatares: 1 [Hijo Test(2)] @ https://jimsimrodev.github.io/pequenos-sanos/assets/index-C7AoTPzR.js:82
[  131252ms] [LOG] [WS] 🗺️ Broadcast recibido. Avatares: 1 [Hijo Test(2)] @ https://jimsimrodev.github.io/pequenos-sanos/assets/index-C7AoTPzR.js:82
[  131280ms] [LOG] [WS] 🗺️ Broadcast recibido. Avatares: 1 [Hijo Test(2)] @ https://jimsimrodev.github.io/pequenos-sanos/assets/index-C7AoTPzR.js:82
[  131311ms] [LOG] [WS] 🗺️ Broadcast recibido. Avatares: 1 [Hijo Test(2)] @ https://jimsimrodev.github.io/pequenos-sanos/assets/index-C7AoTPzR.js:82
[  131336ms] [LOG] [WS] 🗺️ Broadcast recibido. Avatares: 1 [Hijo Test(2)] @ https://jimsimrodev.github.io/pequenos-sanos/assets/index-C7AoTPzR.js:82
[  131368ms] [LOG] [WS] 🗺️ Broadcast recibido. Avatares: 1 [Hijo Test(2)] @ https://jimsimrodev.github.io/pequenos-sanos/assets/index-C7AoTPzR.js:82
[  131398ms] [LOG] [WS] 🗺️ Broadcast recibido. Avatares: 1 [Hijo Test(2)] @ https://jimsimrodev.github.io/pequenos-sanos/assets/index-C7AoTPzR.js:82
[  131442ms] [LOG] [WS] 🗺️ Broadcast recibido. Avatares: 1 [Hijo Test(2)] @ https://jimsimrodev.github.io/pequenos-sanos/assets/index-C7AoTPzR.js:82
[  131470ms] [LOG] [WS] 🗺️ Broadcast recibido. Avatares: 1 [Hijo Test(2)] @ https://jimsimrodev.github.io/pequenos-sanos/assets/index-C7AoTPzR.js:82
[  131522ms] [LOG] [WS] 🗺️ Broadcast recibido. Avatares: 1 [Hijo Test(2)] @ https://jimsimrodev.github.io/pequenos-sanos/assets/index-C7AoTPzR.js:82
[  131557ms] [LOG] [WS] 🗺️ Broadcast recibido. Avatares: 1 [Hijo Test(2)] @ https://jimsimrodev.github.io/pequenos-sanos/assets/index-C7AoTPzR.js:82
[  131581ms] [LOG] [WS] 🗺️ Broadcast recibido. Avatares: 1 [Hijo Test(2)] @ https://jimsimrodev.github.io/pequenos-sanos/assets/index-C7AoTPzR.js:82
[  131637ms] [LOG] [WS] 🗺️ Broadcast recibido. Avatares: 1 [Hijo Test(2)] @ https://jimsimrodev.github.io/pequenos-sanos/assets/index-C7AoTPzR.js:82
[  131728ms] [LOG] [WS] 🗺️ Broadcast recibido. Avatares: 1 [Hijo Test(2)] @ https://jimsimrodev.github.io/pequenos-sanos/assets/index-C7AoTPzR.js:82
[  131762ms] [LOG] [WS] 🗺️ Broadcast recibido. Avatares: 1 [Hijo Test(2)] @ https://jimsimrodev.github.io/pequenos-sanos/assets/index-C7AoTPzR.js:82
[  131792ms] [LOG] [WS] 🗺️ Broadcast recibido. Avatares: 1 [Hijo Test(2)] @ https://jimsimrodev.github.io/pequenos-sanos/assets/index-C7AoTPzR.js:82
[  131793ms] [LOG] [WS] 🗺️ Broadcast recibido. Avatares: 1 [Hijo Test(2)] @ https://jimsimrodev.github.io/pequenos-sanos/assets/index-C7AoTPzR.js:82
[  131793ms] [LOG] [WS] 🗺️ Broadcast recibido. Avatares: 1 [Hijo Test(2)] @ https://jimsimrodev.github.io/pequenos-sanos/assets/index-C7AoTPzR.js:82
[  131904ms] [LOG] [WS] 🗺️ Broadcast recibido. Avatares: 1 [Hijo Test(2)] @ https://jimsimrodev.github.io/pequenos-sanos/assets/index-C7AoTPzR.js:82
[  131934ms] [LOG] [WS] 🗺️ Broadcast recibido. Avatares: 1 [Hijo Test(2)] @ https://jimsimrodev.github.io/pequenos-sanos/assets/index-C7AoTPzR.js:82
[  131934ms] [LOG] [WS] 🗺️ Broadcast recibido. Avatares: 1 [Hijo Test(2)] @ https://jimsimrodev.github.io/pequenos-sanos/assets/index-C7AoTPzR.js:82
[  131965ms] [LOG] [WS] 🗺️ Broadcast recibido. Avatares: 1 [Hijo Test(2)] @ https://jimsimrodev.github.io/pequenos-sanos/assets/index-C7AoTPzR.js:82
[  131990ms] [LOG] [WS] 🗺️ Broadcast recibido. Avatares: 1 [Hijo Test(2)] @ https://jimsimrodev.github.io/pequenos-sanos/assets/index-C7AoTPzR.js:82
[  131991ms] [LOG] [WS] 🗺️ Broadcast recibido. Avatares: 1 [Hijo Test(2)] @ https://jimsimrodev.github.io/pequenos-sanos/assets/index-C7AoTPzR.js:82
[  132100ms] [LOG] [WS] 🗺️ Broadcast recibido. Avatares: 1 [Hijo Test(2)] @ https://jimsimrodev.github.io/pequenos-sanos/assets/index-C7AoTPzR.js:82
[  132127ms] [LOG] [WS] 🗺️ Broadcast recibido. Avatares: 1 [Hijo Test(2)] @ https://jimsimrodev.github.io/pequenos-sanos/assets/index-C7AoTPzR.js:82
[  132127ms] [LOG] [WS] 🗺️ Broadcast recibido. Avatares: 1 [Hijo Test(2)] @ https://jimsimrodev.github.io/pequenos-sanos/assets/index-C7AoTPzR.js:82
[  132160ms] [LOG] [WS] 🗺️ Broadcast recibido. Avatares: 1 [Hijo Test(2)] @ https://jimsimrodev.github.io/pequenos-sanos/assets/index-C7AoTPzR.js:82
[  132190ms] [LOG] [WS] 🗺️ Broadcast recibido. Avatares: 1 [Hijo Test(2)] @ https://jimsimrodev.github.io/pequenos-sanos/assets/index-C7AoTPzR.js:82
[  132224ms] [LOG] [WS] 🗺️ Broadcast recibido. Avatares: 1 [Hijo Test(2)] @ https://jimsimrodev.github.io/pequenos-sanos/assets/index-C7AoTPzR.js:82
[  132258ms] [LOG] [WS] 🗺️ Broadcast recibido. Avatares: 1 [Hijo Test(2)] @ https://jimsimrodev.github.io/pequenos-sanos/assets/index-C7AoTPzR.js:82
[  132259ms] [LOG] [WS] 🗺️ Broadcast recibido. Avatares: 1 [Hijo Test(2)] @ https://jimsimrodev.github.io/pequenos-sanos/assets/index-C7AoTPzR.js:82
[  132283ms] [LOG] [WS] 🗺️ Broadcast recibido. Avatares: 1 [Hijo Test(2)] @ https://jimsimrodev.github.io/pequenos-sanos/assets/index-C7AoTPzR.js:82
[  132308ms] [LOG] [WS] 🗺️ Broadcast recibido. Avatares: 1 [Hijo Test(2)] @ https://jimsimrodev.github.io/pequenos-sanos/assets/index-C7AoTPzR.js:82
[  132337ms] [LOG] [WS] 🗺️ Broadcast recibido. Avatares: 1 [Hijo Test(2)] @ https://jimsimrodev.github.io/pequenos-sanos/assets/index-C7AoTPzR.js:82
[  132365ms] [LOG] [WS] 🗺️ Broadcast recibido. Avatares: 1 [Hijo Test(2)] @ https://jimsimrodev.github.io/pequenos-sanos/assets/index-C7AoTPzR.js:82
[  132427ms] [LOG] [WS] 🗺️ Broadcast recibido. Avatares: 1 [Hijo Test(2)] @ https://jimsimrodev.github.io/pequenos-sanos/assets/index-C7AoTPzR.js:82
[  132449ms] [LOG] [WS] 🗺️ Broadcast recibido. Avatares: 1 [Hijo Test(2)] @ https://jimsimrodev.github.io/pequenos-sanos/assets/index-C7AoTPzR.js:82
[  132476ms] [LOG] [WS] 🗺️ Broadcast recibido. Avatares: 1 [Hijo Test(2)] @ https://jimsimrodev.github.io/pequenos-sanos/assets/index-C7AoTPzR.js:82
[  132499ms] [LOG] [WS] 🗺️ Broadcast recibido. Avatares: 1 [Hijo Test(2)] @ https://jimsimrodev.github.io/pequenos-sanos/assets/index-C7AoTPzR.js:82
[  132527ms] [LOG] [WS] 🗺️ Broadcast recibido. Avatares: 1 [Hijo Test(2)] @ https://jimsimrodev.github.io/pequenos-sanos/assets/index-C7AoTPzR.js:82
[  132555ms] [LOG] [WS] 🗺️ Broadcast recibido. Avatares: 1 [Hijo Test(2)] @ https://jimsimrodev.github.io/pequenos-sanos/assets/index-C7AoTPzR.js:82
[  132599ms] [LOG] [WS] 🗺️ Broadcast recibido. Avatares: 1 [Hijo Test(2)] @ https://jimsimrodev.github.io/pequenos-sanos/assets/index-C7AoTPzR.js:82
[  132622ms] [LOG] [WS] 🗺️ Broadcast recibido. Avatares: 1 [Hijo Test(2)] @ https://jimsimrodev.github.io/pequenos-sanos/assets/index-C7AoTPzR.js:82
[  132667ms] [LOG] [WS] 🗺️ Broadcast recibido. Avatares: 1 [Hijo Test(2)] @ https://jimsimrodev.github.io/pequenos-sanos/assets/index-C7AoTPzR.js:82
[  132687ms] [LOG] [WS] 🗺️ Broadcast recibido. Avatares: 1 [Hijo Test(2)] @ https://jimsimrodev.github.io/pequenos-sanos/assets/index-C7AoTPzR.js:82
[  132732ms] [LOG] [WS] 🗺️ Broadcast recibido. Avatares: 1 [Hijo Test(2)] @ https://jimsimrodev.github.io/pequenos-sanos/assets/index-C7AoTPzR.js:82
[  132766ms] [LOG] [WS] 🗺️ Broadcast recibido. Avatares: 1 [Hijo Test(2)] @ https://jimsimrodev.github.io/pequenos-sanos/assets/index-C7AoTPzR.js:82
[  132800ms] [LOG] [WS] 🗺️ Broadcast recibido. Avatares: 1 [Hijo Test(2)] @ https://jimsimrodev.github.io/pequenos-sanos/assets/index-C7AoTPzR.js:82
[  132823ms] [LOG] [WS] 🗺️ Broadcast recibido. Avatares: 1 [Hijo Test(2)] @ https://jimsimrodev.github.io/pequenos-sanos/assets/index-C7AoTPzR.js:82
[  132869ms] [LOG] [WS] 🗺️ Broadcast recibido. Avatares: 1 [Hijo Test(2)] @ https://jimsimrodev.github.io/pequenos-sanos/assets/index-C7AoTPzR.js:82
[  132936ms] [LOG] [WS] 🗺️ Broadcast recibido. Avatares: 1 [Hijo Test(2)] @ https://jimsimrodev.github.io/pequenos-sanos/assets/index-C7AoTPzR.js:82
[  132968ms] [LOG] [WS] 🗺️ Broadcast recibido. Avatares: 1 [Hijo Test(2)] @ https://jimsimrodev.github.io/pequenos-sanos/assets/index-C7AoTPzR.js:82
[  133010ms] [LOG] [WS] 🗺️ Broadcast recibido. Avatares: 1 [Hijo Test(2)] @ https://jimsimrodev.github.io/pequenos-sanos/assets/index-C7AoTPzR.js:82
[  133051ms] [LOG] [WS] 🗺️ Broadcast recibido. Avatares: 1 [Hijo Test(2)] @ https://jimsimrodev.github.io/pequenos-sanos/assets/index-C7AoTPzR.js:82
[  133084ms] [LOG] [WS] 🗺️ Broadcast recibido. Avatares: 1 [Hijo Test(2)] @ https://jimsimrodev.github.io/pequenos-sanos/assets/index-C7AoTPzR.js:82
[  133085ms] [LOG] [WS] 🗺️ Broadcast recibido. Avatares: 1 [Hijo Test(2)] @ https://jimsimrodev.github.io/pequenos-sanos/assets/index-C7AoTPzR.js:82
[  133109ms] [LOG] [WS] 🗺️ Broadcast recibido. Avatares: 1 [Hijo Test(2)] @ https://jimsimrodev.github.io/pequenos-sanos/assets/index-C7AoTPzR.js:82
[  133139ms] [LOG] [WS] 🗺️ Broadcast recibido. Avatares: 1 [Hijo Test(2)] @ https://jimsimrodev.github.io/pequenos-sanos/assets/index-C7AoTPzR.js:82
[  133169ms] [LOG] [WS] 🗺️ Broadcast recibido. Avatares: 1 [Hijo Test(2)] @ https://jimsimrodev.github.io/pequenos-sanos/assets/index-C7AoTPzR.js:82
[  133194ms] [LOG] [WS] 🗺️ Broadcast recibido. Avatares: 1 [Hijo Test(2)] @ https://jimsimrodev.github.io/pequenos-sanos/assets/index-C7AoTPzR.js:82
[  133219ms] [LOG] [WS] 🗺️ Broadcast recibido. Avatares: 1 [Hijo Test(2)] @ https://jimsimrodev.github.io/pequenos-sanos/assets/index-C7AoTPzR.js:82
[  133244ms] [LOG] [WS] 🗺️ Broadcast recibido. Avatares: 1 [Hijo Test(2)] @ https://jimsimrodev.github.io/pequenos-sanos/assets/index-C7AoTPzR.js:82
[  133292ms] [LOG] [WS] 🗺️ Broadcast recibido. Avatares: 1 [Hijo Test(2)] @ https://jimsimrodev.github.io/pequenos-sanos/assets/index-C7AoTPzR.js:82
[  133319ms] [LOG] [WS] 🗺️ Broadcast recibido. Avatares: 1 [Hijo Test(2)] @ https://jimsimrodev.github.io/pequenos-sanos/assets/index-C7AoTPzR.js:82
[  133353ms] [LOG] [WS] 🗺️ Broadcast recibido. Avatares: 1 [Hijo Test(2)] @ https://jimsimrodev.github.io/pequenos-sanos/assets/index-C7AoTPzR.js:82
[  133380ms] [LOG] [WS] 🗺️ Broadcast recibido. Avatares: 1 [Hijo Test(2)] @ https://jimsimrodev.github.io/pequenos-sanos/assets/index-C7AoTPzR.js:82
[  133427ms] [LOG] [WS] 🗺️ Broadcast recibido. Avatares: 1 [Hijo Test(2)] @ https://jimsimrodev.github.io/pequenos-sanos/assets/index-C7AoTPzR.js:82
[  133452ms] [LOG] [WS] 🗺️ Broadcast recibido. Avatares: 1 [Hijo Test(2)] @ https://jimsimrodev.github.io/pequenos-sanos/assets/index-C7AoTPzR.js:82
[  133477ms] [LOG] [WS] 🗺️ Broadcast recibido. Avatares: 1 [Hijo Test(2)] @ https://jimsimrodev.github.io/pequenos-sanos/assets/index-C7AoTPzR.js:82
[  133524ms] [LOG] [WS] 🗺️ Broadcast recibido. Avatares: 1 [Hijo Test(2)] @ https://jimsimrodev.github.io/pequenos-sanos/assets/index-C7AoTPzR.js:82
[  133549ms] [LOG] [WS] 🗺️ Broadcast recibido. Avatares: 1 [Hijo Test(2)] @ https://jimsimrodev.github.io/pequenos-sanos/assets/index-C7AoTPzR.js:82
[  133574ms] [LOG] [WS] 🗺️ Broadcast recibido. Avatares: 1 [Hijo Test(2)] @ https://jimsimrodev.github.io/pequenos-sanos/assets/index-C7AoTPzR.js:82
[  133630ms] [LOG] [WS] 🗺️ Broadcast recibido. Avatares: 1 [Hijo Test(2)] @ https://jimsimrodev.github.io/pequenos-sanos/assets/index-C7AoTPzR.js:82
[  133648ms] [LOG] [WS] 🗺️ Broadcast recibido. Avatares: 1 [Hijo Test(2)] @ https://jimsimrodev.github.io/pequenos-sanos/assets/index-C7AoTPzR.js:82
[  133672ms] [LOG] [WS] 🗺️ Broadcast recibido. Avatares: 1 [Hijo Test(2)] @ https://jimsimrodev.github.io/pequenos-sanos/assets/index-C7AoTPzR.js:82
[  133717ms] [LOG] [WS] 🗺️ Broadcast recibido. Avatares: 1 [Hijo Test(2)] @ https://jimsimrodev.github.io/pequenos-sanos/assets/index-C7AoTPzR.js:82
[  133740ms] [LOG] [WS] 🗺️ Broadcast recibido. Avatares: 1 [Hijo Test(2)] @ https://jimsimrodev.github.io/pequenos-sanos/assets/index-C7AoTPzR.js:82
[  133794ms] [LOG] [WS] 🗺️ Broadcast recibido. Avatares: 1 [Hijo Test(2)] @ https://jimsimrodev.github.io/pequenos-sanos/assets/index-C7AoTPzR.js:82
[  133822ms] [LOG] [WS] 🗺️ Broadcast recibido. Avatares: 1 [Hijo Test(2)] @ https://jimsimrodev.github.io/pequenos-sanos/assets/index-C7AoTPzR.js:82
[  133849ms] [LOG] [WS] 🗺️ Broadcast recibido. Avatares: 1 [Hijo Test(2)] @ https://jimsimrodev.github.io/pequenos-sanos/assets/index-C7AoTPzR.js:82
[  133880ms] [LOG] [WS] 🗺️ Broadcast recibido. Avatares: 1 [Hijo Test(2)] @ https://jimsimrodev.github.io/pequenos-sanos/assets/index-C7AoTPzR.js:82
[  133924ms] [LOG] [WS] 🗺️ Broadcast recibido. Avatares: 1 [Hijo Test(2)] @ https://jimsimrodev.github.io/pequenos-sanos/assets/index-C7AoTPzR.js:82
[  133950ms] [LOG] [WS] 🗺️ Broadcast recibido. Avatares: 1 [Hijo Test(2)] @ https://jimsimrodev.github.io/pequenos-sanos/assets/index-C7AoTPzR.js:82
[  133976ms] [LOG] [WS] 🗺️ Broadcast recibido. Avatares: 1 [Hijo Test(2)] @ https://jimsimrodev.github.io/pequenos-sanos/assets/index-C7AoTPzR.js:82
[  134027ms] [LOG] [WS] 🗺️ Broadcast recibido. Avatares: 1 [Hijo Test(2)] @ https://jimsimrodev.github.io/pequenos-sanos/assets/index-C7AoTPzR.js:82
[  134048ms] [LOG] [WS] 🗺️ Broadcast recibido. Avatares: 1 [Hijo Test(2)] @ https://jimsimrodev.github.io/pequenos-sanos/assets/index-C7AoTPzR.js:82
[  134072ms] [LOG] [WS] 🗺️ Broadcast recibido. Avatares: 1 [Hijo Test(2)] @ https://jimsimrodev.github.io/pequenos-sanos/assets/index-C7AoTPzR.js:82
[  134121ms] [LOG] [WS] 🗺️ Broadcast recibido. Avatares: 1 [Hijo Test(2)] @ https://jimsimrodev.github.io/pequenos-sanos/assets/index-C7AoTPzR.js:82
[  134147ms] [LOG] [WS] 🗺️ Broadcast recibido. Avatares: 1 [Hijo Test(2)] @ https://jimsimrodev.github.io/pequenos-sanos/assets/index-C7AoTPzR.js:82
[  134171ms] [LOG] [WS] 🗺️ Broadcast recibido. Avatares: 1 [Hijo Test(2)] @ https://jimsimrodev.github.io/pequenos-sanos/assets/index-C7AoTPzR.js:82
[  134222ms] [LOG] [WS] 🗺️ Broadcast recibido. Avatares: 1 [Hijo Test(2)] @ https://jimsimrodev.github.io/pequenos-sanos/assets/index-C7AoTPzR.js:82
[  134252ms] [LOG] [WS] 🗺️ Broadcast recibido. Avatares: 1 [Hijo Test(2)] @ https://jimsimrodev.github.io/pequenos-sanos/assets/index-C7AoTPzR.js:82
[  134280ms] [LOG] [WS] 🗺️ Broadcast recibido. Avatares: 1 [Hijo Test(2)] @ https://jimsimrodev.github.io/pequenos-sanos/assets/index-C7AoTPzR.js:82
[  134317ms] [LOG] [WS] 🗺️ Broadcast recibido. Avatares: 1 [Hijo Test(2)] @ https://jimsimrodev.github.io/pequenos-sanos/assets/index-C7AoTPzR.js:82
[  134344ms] [LOG] [WS] 🗺️ Broadcast recibido. Avatares: 1 [Hijo Test(2)] @ https://jimsimrodev.github.io/pequenos-sanos/assets/index-C7AoTPzR.js:82
[  134384ms] [LOG] [WS] 🗺️ Broadcast recibido. Avatares: 1 [Hijo Test(2)] @ https://jimsimrodev.github.io/pequenos-sanos/assets/index-C7AoTPzR.js:82
[  134415ms] [LOG] [WS] 🗺️ Broadcast recibido. Avatares: 1 [Hijo Test(2)] @ https://jimsimrodev.github.io/pequenos-sanos/assets/index-C7AoTPzR.js:82
[  134445ms] [LOG] [WS] 🗺️ Broadcast recibido. Avatares: 1 [Hijo Test(2)] @ https://jimsimrodev.github.io/pequenos-sanos/assets/index-C7AoTPzR.js:82
[  134479ms] [LOG] [WS] 🗺️ Broadcast recibido. Avatares: 1 [Hijo Test(2)] @ https://jimsimrodev.github.io/pequenos-sanos/assets/index-C7AoTPzR.js:82
[  134508ms] [LOG] [WS] 🗺️ Broadcast recibido. Avatares: 1 [Hijo Test(2)] @ https://jimsimrodev.github.io/pequenos-sanos/assets/index-C7AoTPzR.js:82
[  134536ms] [LOG] [WS] 🗺️ Broadcast recibido. Avatares: 1 [Hijo Test(2)] @ https://jimsimrodev.github.io/pequenos-sanos/assets/index-C7AoTPzR.js:82
[  134570ms] [LOG] [WS] 🗺️ Broadcast recibido. Avatares: 1 [Hijo Test(2)] @ https://jimsimrodev.github.io/pequenos-sanos/assets/index-C7AoTPzR.js:82
[  134600ms] [LOG] [WS] 🗺️ Broadcast recibido. Avatares: 1 [Hijo Test(2)] @ https://jimsimrodev.github.io/pequenos-sanos/assets/index-C7AoTPzR.js:82
[  134652ms] [LOG] [WS] 🗺️ Broadcast recibido. Avatares: 1 [Hijo Test(2)] @ https://jimsimrodev.github.io/pequenos-sanos/assets/index-C7AoTPzR.js:82
[  134688ms] [LOG] [WS] 🗺️ Broadcast recibido. Avatares: 1 [Hijo Test(2)] @ https://jimsimrodev.github.io/pequenos-sanos/assets/index-C7AoTPzR.js:82
[  134716ms] [LOG] [WS] 🗺️ Broadcast recibido. Avatares: 1 [Hijo Test(2)] @ https://jimsimrodev.github.io/pequenos-sanos/assets/index-C7AoTPzR.js:82
[  134745ms] [LOG] [WS] 🗺️ Broadcast recibido. Avatares: 1 [Hijo Test(2)] @ https://jimsimrodev.github.io/pequenos-sanos/assets/index-C7AoTPzR.js:82
[  134772ms] [LOG] [WS] 🗺️ Broadcast recibido. Avatares: 1 [Hijo Test(2)] @ https://jimsimrodev.github.io/pequenos-sanos/assets/index-C7AoTPzR.js:82
[  134823ms] [LOG] [WS] 🗺️ Broadcast recibido. Avatares: 1 [Hijo Test(2)] @ https://jimsimrodev.github.io/pequenos-sanos/assets/index-C7AoTPzR.js:82
[  134847ms] [LOG] [WS] 🗺️ Broadcast recibido. Avatares: 1 [Hijo Test(2)] @ https://jimsimrodev.github.io/pequenos-sanos/assets/index-C7AoTPzR.js:82
[  134871ms] [LOG] [WS] 🗺️ Broadcast recibido. Avatares: 1 [Hijo Test(2)] @ https://jimsimrodev.github.io/pequenos-sanos/assets/index-C7AoTPzR.js:82
[  134905ms] [LOG] [WS] 🗺️ Broadcast recibido. Avatares: 1 [Hijo Test(2)] @ https://jimsimrodev.github.io/pequenos-sanos/assets/index-C7AoTPzR.js:82
[  134936ms] [LOG] [WS] 🗺️ Broadcast recibido. Avatares: 1 [Hijo Test(2)] @ https://jimsimrodev.github.io/pequenos-sanos/assets/index-C7AoTPzR.js:82
[  134967ms] [LOG] [WS] 🗺️ Broadcast recibido. Avatares: 1 [Hijo Test(2)] @ https://jimsimrodev.github.io/pequenos-sanos/assets/index-C7AoTPzR.js:82
[  135000ms] [LOG] [WS] 🗺️ Broadcast recibido. Avatares: 1 [Hijo Test(2)] @ https://jimsimrodev.github.io/pequenos-sanos/assets/index-C7AoTPzR.js:82
[  135053ms] [LOG] [WS] 🗺️ Broadcast recibido. Avatares: 1 [Hijo Test(2)] @ https://jimsimrodev.github.io/pequenos-sanos/assets/index-C7AoTPzR.js:82
[  135084ms] [LOG] [WS] 🗺️ Broadcast recibido. Avatares: 1 [Hijo Test(2)] @ https://jimsimrodev.github.io/pequenos-sanos/assets/index-C7AoTPzR.js:82
[  135121ms] [LOG] [WS] 🗺️ Broadcast recibido. Avatares: 1 [Hijo Test(2)] @ https://jimsimrodev.github.io/pequenos-sanos/assets/index-C7AoTPzR.js:82
[  135149ms] [LOG] [WS] 🗺️ Broadcast recibido. Avatares: 1 [Hijo Test(2)] @ https://jimsimrodev.github.io/pequenos-sanos/assets/index-C7AoTPzR.js:82
[  135176ms] [LOG] [WS] 🗺️ Broadcast recibido. Avatares: 1 [Hijo Test(2)] @ https://jimsimrodev.github.io/pequenos-sanos/assets/index-C7AoTPzR.js:82
[  135210ms] [LOG] [WS] 🗺️ Broadcast recibido. Avatares: 1 [Hijo Test(2)] @ https://jimsimrodev.github.io/pequenos-sanos/assets/index-C7AoTPzR.js:82
[  135240ms] [LOG] [WS] 🗺️ Broadcast recibido. Avatares: 1 [Hijo Test(2)] @ https://jimsimrodev.github.io/pequenos-sanos/assets/index-C7AoTPzR.js:82
[  135266ms] [LOG] [WS] 🗺️ Broadcast recibido. Avatares: 1 [Hijo Test(2)] @ https://jimsimrodev.github.io/pequenos-sanos/assets/index-C7AoTPzR.js:82
[  135319ms] [LOG] [WS] 🗺️ Broadcast recibido. Avatares: 1 [Hijo Test(2)] @ https://jimsimrodev.github.io/pequenos-sanos/assets/index-C7AoTPzR.js:82
[  135359ms] [LOG] [WS] 🗺️ Broadcast recibido. Avatares: 1 [Hijo Test(2)] @ https://jimsimrodev.github.io/pequenos-sanos/assets/index-C7AoTPzR.js:82
[  135392ms] [LOG] [WS] 🗺️ Broadcast recibido. Avatares: 1 [Hijo Test(2)] @ https://jimsimrodev.github.io/pequenos-sanos/assets/index-C7AoTPzR.js:82
[  135416ms] [LOG] [WS] 🗺️ Broadcast recibido. Avatares: 1 [Hijo Test(2)] @ https://jimsimrodev.github.io/pequenos-sanos/assets/index-C7AoTPzR.js:82
[  135448ms] [LOG] [WS] 🗺️ Broadcast recibido. Avatares: 1 [Hijo Test(2)] @ https://jimsimrodev.github.io/pequenos-sanos/assets/index-C7AoTPzR.js:82
[  135486ms] [LOG] [WS] 🗺️ Broadcast recibido. Avatares: 1 [Hijo Test(2)] @ https://jimsimrodev.github.io/pequenos-sanos/assets/index-C7AoTPzR.js:82
[  135515ms] [LOG] [WS] 🗺️ Broadcast recibido. Avatares: 1 [Hijo Test(2)] @ https://jimsimrodev.github.io/pequenos-sanos/assets/index-C7AoTPzR.js:82
[  135544ms] [LOG] [WS] 🗺️ Broadcast recibido. Avatares: 1 [Hijo Test(2)] @ https://jimsimrodev.github.io/pequenos-sanos/assets/index-C7AoTPzR.js:82
[  135567ms] [LOG] [WS] 🗺️ Broadcast recibido. Avatares: 1 [Hijo Test(2)] @ https://jimsimrodev.github.io/pequenos-sanos/assets/index-C7AoTPzR.js:82
[  135596ms] [LOG] [WS] 🗺️ Broadcast recibido. Avatares: 1 [Hijo Test(2)] @ https://jimsimrodev.github.io/pequenos-sanos/assets/index-C7AoTPzR.js:82
[  135631ms] [LOG] [WS] 🗺️ Broadcast recibido. Avatares: 1 [Hijo Test(2)] @ https://jimsimrodev.github.io/pequenos-sanos/assets/index-C7AoTPzR.js:82
[  135658ms] [LOG] [WS] 🗺️ Broadcast recibido. Avatares: 1 [Hijo Test(2)] @ https://jimsimrodev.github.io/pequenos-sanos/assets/index-C7AoTPzR.js:82
[  135689ms] [LOG] [WS] 🗺️ Broadcast recibido. Avatares: 1 [Hijo Test(2)] @ https://jimsimrodev.github.io/pequenos-sanos/assets/index-C7AoTPzR.js:82
[  135743ms] [LOG] [WS] 🗺️ Broadcast recibido. Avatares: 1 [Hijo Test(2)] @ https://jimsimrodev.github.io/pequenos-sanos/assets/index-C7AoTPzR.js:82
[  135767ms] [LOG] [WS] 🗺️ Broadcast recibido. Avatares: 1 [Hijo Test(2)] @ https://jimsimrodev.github.io/pequenos-sanos/assets/index-C7AoTPzR.js:82
[  135794ms] [LOG] [WS] 🗺️ Broadcast recibido. Avatares: 1 [Hijo Test(2)] @ https://jimsimrodev.github.io/pequenos-sanos/assets/index-C7AoTPzR.js:82
[  135823ms] [LOG] [WS] 🗺️ Broadcast recibido. Avatares: 1 [Hijo Test(2)] @ https://jimsimrodev.github.io/pequenos-sanos/assets/index-C7AoTPzR.js:82
[  135878ms] [LOG] [WS] 🗺️ Broadcast recibido. Avatares: 1 [Hijo Test(2)] @ https://jimsimrodev.github.io/pequenos-sanos/assets/index-C7AoTPzR.js:82
[  135903ms] [LOG] [WS] 🗺️ Broadcast recibido. Avatares: 1 [Hijo Test(2)] @ https://jimsimrodev.github.io/pequenos-sanos/assets/index-C7AoTPzR.js:82
[  135933ms] [LOG] [WS] 🗺️ Broadcast recibido. Avatares: 1 [Hijo Test(2)] @ https://jimsimrodev.github.io/pequenos-sanos/assets/index-C7AoTPzR.js:82
[  135964ms] [LOG] [WS] 🗺️ Broadcast recibido. Avatares: 1 [Hijo Test(2)] @ https://jimsimrodev.github.io/pequenos-sanos/assets/index-C7AoTPzR.js:82
[  135994ms] [LOG] [WS] 🗺️ Broadcast recibido. Avatares: 1 [Hijo Test(2)] @ https://jimsimrodev.github.io/pequenos-sanos/assets/index-C7AoTPzR.js:82
[  136023ms] [LOG] [WS] 🗺️ Broadcast recibido. Avatares: 1 [Hijo Test(2)] @ https://jimsimrodev.github.io/pequenos-sanos/assets/index-C7AoTPzR.js:82
[  136053ms] [LOG] [WS] 🗺️ Broadcast recibido. Avatares: 1 [Hijo Test(2)] @ https://jimsimrodev.github.io/pequenos-sanos/assets/index-C7AoTPzR.js:82
[  136102ms] [LOG] [WS] 🗺️ Broadcast recibido. Avatares: 1 [Hijo Test(2)] @ https://jimsimrodev.github.io/pequenos-sanos/assets/index-C7AoTPzR.js:82
[  136130ms] [LOG] [WS] 🗺️ Broadcast recibido. Avatares: 1 [Hijo Test(2)] @ https://jimsimrodev.github.io/pequenos-sanos/assets/index-C7AoTPzR.js:82
[  136154ms] [LOG] [WS] 🗺️ Broadcast recibido. Avatares: 1 [Hijo Test(2)] @ https://jimsimrodev.github.io/pequenos-sanos/assets/index-C7AoTPzR.js:82
[  136188ms] [LOG] [WS] 🗺️ Broadcast recibido. Avatares: 1 [Hijo Test(2)] @ https://jimsimrodev.github.io/pequenos-sanos/assets/index-C7AoTPzR.js:82
[  136216ms] [LOG] [WS] 🗺️ Broadcast recibido. Avatares: 1 [Hijo Test(2)] @ https://jimsimrodev.github.io/pequenos-sanos/assets/index-C7AoTPzR.js:82
[  136261ms] [LOG] [WS] 🗺️ Broadcast recibido. Avatares: 1 [Hijo Test(2)] @ https://jimsimrodev.github.io/pequenos-sanos/assets/index-C7AoTPzR.js:82
[  136286ms] [LOG] [WS] 🗺️ Broadcast recibido. Avatares: 1 [Hijo Test(2)] @ https://jimsimrodev.github.io/pequenos-sanos/assets/index-C7AoTPzR.js:82
[  136319ms] [LOG] [WS] 🗺️ Broadcast recibido. Avatares: 1 [Hijo Test(2)] @ https://jimsimrodev.github.io/pequenos-sanos/assets/index-C7AoTPzR.js:82
[  136372ms] [LOG] [WS] 🗺️ Broadcast recibido. Avatares: 1 [Hijo Test(2)] @ https://jimsimrodev.github.io/pequenos-sanos/assets/index-C7AoTPzR.js:82
[  136396ms] [LOG] [WS] 🗺️ Broadcast recibido. Avatares: 1 [Hijo Test(2)] @ https://jimsimrodev.github.io/pequenos-sanos/assets/index-C7AoTPzR.js:82
[  136426ms] [LOG] [WS] 🗺️ Broadcast recibido. Avatares: 1 [Hijo Test(2)] @ https://jimsimrodev.github.io/pequenos-sanos/assets/index-C7AoTPzR.js:82
[  136457ms] [LOG] [WS] 🗺️ Broadcast recibido. Avatares: 1 [Hijo Test(2)] @ https://jimsimrodev.github.io/pequenos-sanos/assets/index-C7AoTPzR.js:82
[  136488ms] [LOG] [WS] 🗺️ Broadcast recibido. Avatares: 1 [Hijo Test(2)] @ https://jimsimrodev.github.io/pequenos-sanos/assets/index-C7AoTPzR.js:82
[  136518ms] [LOG] [WS] 🗺️ Broadcast recibido. Avatares: 1 [Hijo Test(2)] @ https://jimsimrodev.github.io/pequenos-sanos/assets/index-C7AoTPzR.js:82
[  136547ms] [LOG] [WS] 🗺️ Broadcast recibido. Avatares: 1 [Hijo Test(2)] @ https://jimsimrodev.github.io/pequenos-sanos/assets/index-C7AoTPzR.js:82
[  136606ms] [LOG] [WS] 🗺️ Broadcast recibido. Avatares: 1 [Hijo Test(2)] @ https://jimsimrodev.github.io/pequenos-sanos/assets/index-C7AoTPzR.js:82
[  136637ms] [LOG] [WS] 🗺️ Broadcast recibido. Avatares: 1 [Hijo Test(2)] @ https://jimsimrodev.github.io/pequenos-sanos/assets/index-C7AoTPzR.js:82
[  136668ms] [LOG] [WS] 🗺️ Broadcast recibido. Avatares: 1 [Hijo Test(2)] @ https://jimsimrodev.github.io/pequenos-sanos/assets/index-C7AoTPzR.js:82
[  136701ms] [LOG] [WS] 🗺️ Broadcast recibido. Avatares: 1 [Hijo Test(2)] @ https://jimsimrodev.github.io/pequenos-sanos/assets/index-C7AoTPzR.js:82
[  136732ms] [LOG] [WS] 🗺️ Broadcast recibido. Avatares: 1 [Hijo Test(2)] @ https://jimsimrodev.github.io/pequenos-sanos/assets/index-C7AoTPzR.js:82
[  136762ms] [LOG] [WS] 🗺️ Broadcast recibido. Avatares: 1 [Hijo Test(2)] @ https://jimsimrodev.github.io/pequenos-sanos/assets/index-C7AoTPzR.js:82
[  136789ms] [LOG] [WS] 🗺️ Broadcast recibido. Avatares: 1 [Hijo Test(2)] @ https://jimsimrodev.github.io/pequenos-sanos/assets/index-C7AoTPzR.js:82
[  136821ms] [LOG] [WS] 🗺️ Broadcast recibido. Avatares: 1 [Hijo Test(2)] @ https://jimsimrodev.github.io/pequenos-sanos/assets/index-C7AoTPzR.js:82
[  136847ms] [LOG] [WS] 🗺️ Broadcast recibido. Avatares: 1 [Hijo Test(2)] @ https://jimsimrodev.github.io/pequenos-sanos/assets/index-C7AoTPzR.js:82
[  136908ms] [LOG] [WS] 🗺️ Broadcast recibido. Avatares: 1 [Hijo Test(2)] @ https://jimsimrodev.github.io/pequenos-sanos/assets/index-C7AoTPzR.js:82
[  136943ms] [LOG] [WS] 🗺️ Broadcast recibido. Avatares: 1 [Hijo Test(2)] @ https://jimsimrodev.github.io/pequenos-sanos/assets/index-C7AoTPzR.js:82
[  136972ms] [LOG] [WS] 🗺️ Broadcast recibido. Avatares: 1 [Hijo Test(2)] @ https://jimsimrodev.github.io/pequenos-sanos/assets/index-C7AoTPzR.js:82
[  136999ms] [LOG] [WS] 🗺️ Broadcast recibido. Avatares: 1 [Hijo Test(2)] @ https://jimsimrodev.github.io/pequenos-sanos/assets/index-C7AoTPzR.js:82
[  137025ms] [LOG] [WS] 🗺️ Broadcast recibido. Avatares: 1 [Hijo Test(2)] @ https://jimsimrodev.github.io/pequenos-sanos/assets/index-C7AoTPzR.js:82
[  137073ms] [LOG] [WS] 🗺️ Broadcast recibido. Avatares: 1 [Hijo Test(2)] @ https://jimsimrodev.github.io/pequenos-sanos/assets/index-C7AoTPzR.js:82
[  137103ms] [LOG] [WS] 🗺️ Broadcast recibido. Avatares: 1 [Hijo Test(2)] @ https://jimsimrodev.github.io/pequenos-sanos/assets/index-C7AoTPzR.js:82
[  137127ms] [LOG] [WS] 🗺️ Broadcast recibido. Avatares: 1 [Hijo Test(2)] @ https://jimsimrodev.github.io/pequenos-sanos/assets/index-C7AoTPzR.js:82
[  137151ms] [LOG] [WS] 🗺️ Broadcast recibido. Avatares: 1 [Hijo Test(2)] @ https://jimsimrodev.github.io/pequenos-sanos/assets/index-C7AoTPzR.js:82
[  137182ms] [LOG] [WS] 🗺️ Broadcast recibido. Avatares: 1 [Hijo Test(2)] @ https://jimsimrodev.github.io/pequenos-sanos/assets/index-C7AoTPzR.js:82
[  137206ms] [LOG] [WS] 🗺️ Broadcast recibido. Avatares: 1 [Hijo Test(2)] @ https://jimsimrodev.github.io/pequenos-sanos/assets/index-C7AoTPzR.js:82
[  137257ms] [LOG] [WS] 🗺️ Broadcast recibido. Avatares: 1 [Hijo Test(2)] @ https://jimsimrodev.github.io/pequenos-sanos/assets/index-C7AoTPzR.js:82
[  137286ms] [LOG] [WS] 🗺️ Broadcast recibido. Avatares: 1 [Hijo Test(2)] @ https://jimsimrodev.github.io/pequenos-sanos/assets/index-C7AoTPzR.js:82
[  137314ms] [LOG] [WS] 🗺️ Broadcast recibido. Avatares: 1 [Hijo Test(2)] @ https://jimsimrodev.github.io/pequenos-sanos/assets/index-C7AoTPzR.js:82
[  137356ms] [LOG] [WS] 🗺️ Broadcast recibido. Avatares: 1 [Hijo Test(2)] @ https://jimsimrodev.github.io/pequenos-sanos/assets/index-C7AoTPzR.js:82
[  137384ms] [LOG] [WS] 🗺️ Broadcast recibido. Avatares: 1 [Hijo Test(2)] @ https://jimsimrodev.github.io/pequenos-sanos/assets/index-C7AoTPzR.js:82
[  137414ms] [LOG] [WS] 🗺️ Broadcast recibido. Avatares: 1 [Hijo Test(2)] @ https://jimsimrodev.github.io/pequenos-sanos/assets/index-C7AoTPzR.js:82
[  137446ms] [LOG] [WS] 🗺️ Broadcast recibido. Avatares: 1 [Hijo Test(2)] @ https://jimsimrodev.github.io/pequenos-sanos/assets/index-C7AoTPzR.js:82
[  137474ms] [LOG] [WS] 🗺️ Broadcast recibido. Avatares: 1 [Hijo Test(2)] @ https://jimsimrodev.github.io/pequenos-sanos/assets/index-C7AoTPzR.js:82
[  137523ms] [LOG] [WS] 🗺️ Broadcast recibido. Avatares: 1 [Hijo Test(2)] @ https://jimsimrodev.github.io/pequenos-sanos/assets/index-C7AoTPzR.js:82
[  137556ms] [LOG] [WS] 🗺️ Broadcast recibido. Avatares: 1 [Hijo Test(2)] @ https://jimsimrodev.github.io/pequenos-sanos/assets/index-C7AoTPzR.js:82
[  137579ms] [LOG] [WS] 🗺️ Broadcast recibido. Avatares: 1 [Hijo Test(2)] @ https://jimsimrodev.github.io/pequenos-sanos/assets/index-C7AoTPzR.js:82
[  137611ms] [LOG] [WS] 🗺️ Broadcast recibido. Avatares: 1 [Hijo Test(2)] @ https://jimsimrodev.github.io/pequenos-sanos/assets/index-C7AoTPzR.js:82
[  137654ms] [LOG] [WS] 🗺️ Broadcast recibido. Avatares: 1 [Hijo Test(2)] @ https://jimsimrodev.github.io/pequenos-sanos/assets/index-C7AoTPzR.js:82
[  137676ms] [LOG] [WS] 🗺️ Broadcast recibido. Avatares: 1 [Hijo Test(2)] @ https://jimsimrodev.github.io/pequenos-sanos/assets/index-C7AoTPzR.js:82
[  137710ms] [LOG] [WS] 🗺️ Broadcast recibido. Avatares: 1 [Hijo Test(2)] @ https://jimsimrodev.github.io/pequenos-sanos/assets/index-C7AoTPzR.js:82
[  137756ms] [LOG] [WS] 🗺️ Broadcast recibido. Avatares: 1 [Hijo Test(2)] @ https://jimsimrodev.github.io/pequenos-sanos/assets/index-C7AoTPzR.js:82
[  137783ms] [LOG] [WS] 🗺️ Broadcast recibido. Avatares: 1 [Hijo Test(2)] @ https://jimsimrodev.github.io/pequenos-sanos/assets/index-C7AoTPzR.js:82
[  137806ms] [LOG] [WS] 🗺️ Broadcast recibido. Avatares: 1 [Hijo Test(2)] @ https://jimsimrodev.github.io/pequenos-sanos/assets/index-C7AoTPzR.js:82
[  137854ms] [LOG] [WS] 🗺️ Broadcast recibido. Avatares: 1 [Hijo Test(2)] @ https://jimsimrodev.github.io/pequenos-sanos/assets/index-C7AoTPzR.js:82
[  137879ms] [LOG] [WS] 🗺️ Broadcast recibido. Avatares: 1 [Hijo Test(2)] @ https://jimsimrodev.github.io/pequenos-sanos/assets/index-C7AoTPzR.js:82
[  137905ms] [LOG] [WS] 🗺️ Broadcast recibido. Avatares: 1 [Hijo Test(2)] @ https://jimsimrodev.github.io/pequenos-sanos/assets/index-C7AoTPzR.js:82
[  137934ms] [LOG] [WS] 🗺️ Broadcast recibido. Avatares: 1 [Hijo Test(2)] @ https://jimsimrodev.github.io/pequenos-sanos/assets/index-C7AoTPzR.js:82
[  137980ms] [LOG] [WS] 🗺️ Broadcast recibido. Avatares: 1 [Hijo Test(2)] @ https://jimsimrodev.github.io/pequenos-sanos/assets/index-C7AoTPzR.js:82
[  138008ms] [LOG] [WS] 🗺️ Broadcast recibido. Avatares: 1 [Hijo Test(2)] @ https://jimsimrodev.github.io/pequenos-sanos/assets/index-C7AoTPzR.js:82
[  138034ms] [LOG] [WS] 🗺️ Broadcast recibido. Avatares: 1 [Hijo Test(2)] @ https://jimsimrodev.github.io/pequenos-sanos/assets/index-C7AoTPzR.js:82
[  138066ms] [LOG] [WS] 🗺️ Broadcast recibido. Avatares: 1 [Hijo Test(2)] @ https://jimsimrodev.github.io/pequenos-sanos/assets/index-C7AoTPzR.js:82
[  138100ms] [LOG] [WS] 🗺️ Broadcast recibido. Avatares: 1 [Hijo Test(2)] @ https://jimsimrodev.github.io/pequenos-sanos/assets/index-C7AoTPzR.js:82
[  138146ms] [LOG] [WS] 🗺️ Broadcast recibido. Avatares: 1 [Hijo Test(2)] @ https://jimsimrodev.github.io/pequenos-sanos/assets/index-C7AoTPzR.js:82
[  138171ms] [LOG] [WS] 🗺️ Broadcast recibido. Avatares: 1 [Hijo Test(2)] @ https://jimsimrodev.github.io/pequenos-sanos/assets/index-C7AoTPzR.js:82
[  138196ms] [LOG] [WS] 🗺️ Broadcast recibido. Avatares: 1 [Hijo Test(2)] @ https://jimsimrodev.github.io/pequenos-sanos/assets/index-C7AoTPzR.js:82
[  138249ms] [LOG] [WS] 🗺️ Broadcast recibido. Avatares: 1 [Hijo Test(2)] @ https://jimsimrodev.github.io/pequenos-sanos/assets/index-C7AoTPzR.js:82
[  138286ms] [LOG] [WS] 🗺️ Broadcast recibido. Avatares: 1 [Hijo Test(2)] @ https://jimsimrodev.github.io/pequenos-sanos/assets/index-C7AoTPzR.js:82
[  138317ms] [LOG] [WS] 🗺️ Broadcast recibido. Avatares: 1 [Hijo Test(2)] @ https://jimsimrodev.github.io/pequenos-sanos/assets/index-C7AoTPzR.js:82
[  138353ms] [LOG] [WS] 🗺️ Broadcast recibido. Avatares: 1 [Hijo Test(2)] @ https://jimsimrodev.github.io/pequenos-sanos/assets/index-C7AoTPzR.js:82
[  138385ms] [LOG] [WS] 🗺️ Broadcast recibido. Avatares: 1 [Hijo Test(2)] @ https://jimsimrodev.github.io/pequenos-sanos/assets/index-C7AoTPzR.js:82
[  138417ms] [LOG] [WS] 🗺️ Broadcast recibido. Avatares: 1 [Hijo Test(2)] @ https://jimsimrodev.github.io/pequenos-sanos/assets/index-C7AoTPzR.js:82
[  138443ms] [LOG] [WS] 🗺️ Broadcast recibido. Avatares: 1 [Hijo Test(2)] @ https://jimsimrodev.github.io/pequenos-sanos/assets/index-C7AoTPzR.js:82
[  138480ms] [LOG] [WS] 🗺️ Broadcast recibido. Avatares: 1 [Hijo Test(2)] @ https://jimsimrodev.github.io/pequenos-sanos/assets/index-C7AoTPzR.js:82
[  138510ms] [LOG] [WS] 🗺️ Broadcast recibido. Avatares: 1 [Hijo Test(2)] @ https://jimsimrodev.github.io/pequenos-sanos/assets/index-C7AoTPzR.js:82
[  138543ms] [LOG] [WS] 🗺️ Broadcast recibido. Avatares: 1 [Hijo Test(2)] @ https://jimsimrodev.github.io/pequenos-sanos/assets/index-C7AoTPzR.js:82
[  138568ms] [LOG] [WS] 🗺️ Broadcast recibido. Avatares: 1 [Hijo Test(2)] @ https://jimsimrodev.github.io/pequenos-sanos/assets/index-C7AoTPzR.js:82
[  138594ms] [LOG] [WS] 🗺️ Broadcast recibido. Avatares: 1 [Hijo Test(2)] @ https://jimsimrodev.github.io/pequenos-sanos/assets/index-C7AoTPzR.js:82
[  138632ms] [LOG] [WS] 🗺️ Broadcast recibido. Avatares: 1 [Hijo Test(2)] @ https://jimsimrodev.github.io/pequenos-sanos/assets/index-C7AoTPzR.js:82
[  138681ms] [LOG] [WS] 🗺️ Broadcast recibido. Avatares: 1 [Hijo Test(2)] @ https://jimsimrodev.github.io/pequenos-sanos/assets/index-C7AoTPzR.js:82
[  138709ms] [LOG] [WS] 🗺️ Broadcast recibido. Avatares: 1 [Hijo Test(2)] @ https://jimsimrodev.github.io/pequenos-sanos/assets/index-C7AoTPzR.js:82
[  138734ms] [LOG] [WS] 🗺️ Broadcast recibido. Avatares: 1 [Hijo Test(2)] @ https://jimsimrodev.github.io/pequenos-sanos/assets/index-C7AoTPzR.js:82
[  138762ms] [LOG] [WS] 🗺️ Broadcast recibido. Avatares: 1 [Hijo Test(2)] @ https://jimsimrodev.github.io/pequenos-sanos/assets/index-C7AoTPzR.js:82
[  138791ms] [LOG] [WS] 🗺️ Broadcast recibido. Avatares: 1 [Hijo Test(2)] @ https://jimsimrodev.github.io/pequenos-sanos/assets/index-C7AoTPzR.js:82
[  138843ms] [LOG] [WS] 🗺️ Broadcast recibido. Avatares: 1 [Hijo Test(2)] @ https://jimsimrodev.github.io/pequenos-sanos/assets/index-C7AoTPzR.js:82
[  138868ms] [LOG] [WS] 🗺️ Broadcast recibido. Avatares: 1 [Hijo Test(2)] @ https://jimsimrodev.github.io/pequenos-sanos/assets/index-C7AoTPzR.js:82
[  138892ms] [LOG] [WS] 🗺️ Broadcast recibido. Avatares: 1 [Hijo Test(2)] @ https://jimsimrodev.github.io/pequenos-sanos/assets/index-C7AoTPzR.js:82
[  138940ms] [LOG] [WS] 🗺️ Broadcast recibido. Avatares: 1 [Hijo Test(2)] @ https://jimsimrodev.github.io/pequenos-sanos/assets/index-C7AoTPzR.js:82
[  138963ms] [LOG] [WS] 🗺️ Broadcast recibido. Avatares: 1 [Hijo Test(2)] @ https://jimsimrodev.github.io/pequenos-sanos/assets/index-C7AoTPzR.js:82
[  139007ms] [LOG] [WS] 🗺️ Broadcast recibido. Avatares: 1 [Hijo Test(2)] @ https://jimsimrodev.github.io/pequenos-sanos/assets/index-C7AoTPzR.js:82
[  139036ms] [LOG] [WS] 🗺️ Broadcast recibido. Avatares: 1 [Hijo Test(2)] @ https://jimsimrodev.github.io/pequenos-sanos/assets/index-C7AoTPzR.js:82
[  139062ms] [LOG] [WS] 🗺️ Broadcast recibido. Avatares: 1 [Hijo Test(2)] @ https://jimsimrodev.github.io/pequenos-sanos/assets/index-C7AoTPzR.js:82
[  139088ms] [LOG] [WS] 🗺️ Broadcast recibido. Avatares: 1 [Hijo Test(2)] @ https://jimsimrodev.github.io/pequenos-sanos/assets/index-C7AoTPzR.js:82
[  139141ms] [LOG] [WS] 🗺️ Broadcast recibido. Avatares: 1 [Hijo Test(2)] @ https://jimsimrodev.github.io/pequenos-sanos/assets/index-C7AoTPzR.js:82
[  139167ms] [LOG] [WS] 🗺️ Broadcast recibido. Avatares: 1 [Hijo Test(2)] @ https://jimsimrodev.github.io/pequenos-sanos/assets/index-C7AoTPzR.js:82
[  139194ms] [LOG] [WS] 🗺️ Broadcast recibido. Avatares: 1 [Hijo Test(2)] @ https://jimsimrodev.github.io/pequenos-sanos/assets/index-C7AoTPzR.js:82
[  139218ms] [LOG] [WS] 🗺️ Broadcast recibido. Avatares: 1 [Hijo Test(2)] @ https://jimsimrodev.github.io/pequenos-sanos/assets/index-C7AoTPzR.js:82
[  139267ms] [LOG] [WS] 🗺️ Broadcast recibido. Avatares: 1 [Hijo Test(2)] @ https://jimsimrodev.github.io/pequenos-sanos/assets/index-C7AoTPzR.js:82
[  139292ms] [LOG] [WS] 🗺️ Broadcast recibido. Avatares: 1 [Hijo Test(2)] @ https://jimsimrodev.github.io/pequenos-sanos/assets/index-C7AoTPzR.js:82
[  139337ms] [LOG] [WS] 🗺️ Broadcast recibido. Avatares: 1 [Hijo Test(2)] @ https://jimsimrodev.github.io/pequenos-sanos/assets/index-C7AoTPzR.js:82
[  139384ms] [LOG] [WS] 🗺️ Broadcast recibido. Avatares: 1 [Hijo Test(2)] @ https://jimsimrodev.github.io/pequenos-sanos/assets/index-C7AoTPzR.js:82
[  139416ms] [LOG] [WS] 🗺️ Broadcast recibido. Avatares: 1 [Hijo Test(2)] @ https://jimsimrodev.github.io/pequenos-sanos/assets/index-C7AoTPzR.js:82
[  139453ms] [LOG] [WS] 🗺️ Broadcast recibido. Avatares: 1 [Hijo Test(2)] @ https://jimsimrodev.github.io/pequenos-sanos/assets/index-C7AoTPzR.js:82
[  139485ms] [LOG] [WS] 🗺️ Broadcast recibido. Avatares: 1 [Hijo Test(2)] @ https://jimsimrodev.github.io/pequenos-sanos/assets/index-C7AoTPzR.js:82
[  139522ms] [LOG] [WS] 🗺️ Broadcast recibido. Avatares: 1 [Hijo Test(2)] @ https://jimsimrodev.github.io/pequenos-sanos/assets/index-C7AoTPzR.js:82
[  139548ms] [LOG] [WS] 🗺️ Broadcast recibido. Avatares: 1 [Hijo Test(2)] @ https://jimsimrodev.github.io/pequenos-sanos/assets/index-C7AoTPzR.js:82
[  139575ms] [LOG] [WS] 🗺️ Broadcast recibido. Avatares: 1 [Hijo Test(2)] @ https://jimsimrodev.github.io/pequenos-sanos/assets/index-C7AoTPzR.js:82
[  139604ms] [LOG] [WS] 🗺️ Broadcast recibido. Avatares: 1 [Hijo Test(2)] @ https://jimsimrodev.github.io/pequenos-sanos/assets/index-C7AoTPzR.js:82
[  139632ms] [LOG] [WS] 🗺️ Broadcast recibido. Avatares: 1 [Hijo Test(2)] @ https://jimsimrodev.github.io/pequenos-sanos/assets/index-C7AoTPzR.js:82
[  139658ms] [LOG] [WS] 🗺️ Broadcast recibido. Avatares: 1 [Hijo Test(2)] @ https://jimsimrodev.github.io/pequenos-sanos/assets/index-C7AoTPzR.js:82
[  139706ms] [LOG] [WS] 🗺️ Broadcast recibido. Avatares: 1 [Hijo Test(2)] @ https://jimsimrodev.github.io/pequenos-sanos/assets/index-C7AoTPzR.js:82
[  139728ms] [LOG] [WS] 🗺️ Broadcast recibido. Avatares: 1 [Hijo Test(2)] @ https://jimsimrodev.github.io/pequenos-sanos/assets/index-C7AoTPzR.js:82
[  139756ms] [LOG] [WS] 🗺️ Broadcast recibido. Avatares: 1 [Hijo Test(2)] @ https://jimsimrodev.github.io/pequenos-sanos/assets/index-C7AoTPzR.js:82
[  139781ms] [LOG] [WS] 🗺️ Broadcast recibido. Avatares: 1 [Hijo Test(2)] @ https://jimsimrodev.github.io/pequenos-sanos/assets/index-C7AoTPzR.js:82
[  139812ms] [LOG] [WS] 🗺️ Broadcast recibido. Avatares: 1 [Hijo Test(2)] @ https://jimsimrodev.github.io/pequenos-sanos/assets/index-C7AoTPzR.js:82
[  139860ms] [LOG] [WS] 🗺️ Broadcast recibido. Avatares: 1 [Hijo Test(2)] @ https://jimsimrodev.github.io/pequenos-sanos/assets/index-C7AoTPzR.js:82
[  139884ms] [LOG] [WS] 🗺️ Broadcast recibido. Avatares: 1 [Hijo Test(2)] @ https://jimsimrodev.github.io/pequenos-sanos/assets/index-C7AoTPzR.js:82
[  139929ms] [LOG] [WS] 🗺️ Broadcast recibido. Avatares: 1 [Hijo Test(2)] @ https://jimsimrodev.github.io/pequenos-sanos/assets/index-C7AoTPzR.js:82
[  139962ms] [LOG] [WS] 🗺️ Broadcast recibido. Avatares: 1 [Hijo Test(2)] @ https://jimsimrodev.github.io/pequenos-sanos/assets/index-C7AoTPzR.js:82
[  139989ms] [LOG] [WS] 🗺️ Broadcast recibido. Avatares: 1 [Hijo Test(2)] @ https://jimsimrodev.github.io/pequenos-sanos/assets/index-C7AoTPzR.js:82
[  140010ms] [LOG] [WS] 🗺️ Broadcast recibido. Avatares: 1 [Hijo Test(2)] @ https://jimsimrodev.github.io/pequenos-sanos/assets/index-C7AoTPzR.js:82
[  140064ms] [LOG] [WS] 🗺️ Broadcast recibido. Avatares: 1 [Hijo Test(2)] @ https://jimsimrodev.github.io/pequenos-sanos/assets/index-C7AoTPzR.js:82
[  140090ms] [LOG] [WS] 🗺️ Broadcast recibido. Avatares: 1 [Hijo Test(2)] @ https://jimsimrodev.github.io/pequenos-sanos/assets/index-C7AoTPzR.js:82
[  140117ms] [LOG] [WS] 🗺️ Broadcast recibido. Avatares: 1 [Hijo Test(2)] @ https://jimsimrodev.github.io/pequenos-sanos/assets/index-C7AoTPzR.js:82
[  140146ms] [LOG] [WS] 🗺️ Broadcast recibido. Avatares: 1 [Hijo Test(2)] @ https://jimsimrodev.github.io/pequenos-sanos/assets/index-C7AoTPzR.js:82
[  140189ms] [LOG] [WS] 🗺️ Broadcast recibido. Avatares: 1 [Hijo Test(2)] @ https://jimsimrodev.github.io/pequenos-sanos/assets/index-C7AoTPzR.js:82
[  140215ms] [LOG] [WS] 🗺️ Broadcast recibido. Avatares: 1 [Hijo Test(2)] @ https://jimsimrodev.github.io/pequenos-sanos/assets/index-C7AoTPzR.js:82
[  140249ms] [LOG] [WS] 🗺️ Broadcast recibido. Avatares: 1 [Hijo Test(2)] @ https://jimsimrodev.github.io/pequenos-sanos/assets/index-C7AoTPzR.js:82
[  140278ms] [LOG] [WS] 🗺️ Broadcast recibido. Avatares: 1 [Hijo Test(2)] @ https://jimsimrodev.github.io/pequenos-sanos/assets/index-C7AoTPzR.js:82
[  140324ms] [LOG] [WS] 🗺️ Broadcast recibido. Avatares: 1 [Hijo Test(2)] @ https://jimsimrodev.github.io/pequenos-sanos/assets/index-C7AoTPzR.js:82
[  140350ms] [LOG] [WS] 🗺️ Broadcast recibido. Avatares: 1 [Hijo Test(2)] @ https://jimsimrodev.github.io/pequenos-sanos/assets/index-C7AoTPzR.js:82
[  140383ms] [LOG] [WS] 🗺️ Broadcast recibido. Avatares: 1 [Hijo Test(2)] @ https://jimsimrodev.github.io/pequenos-sanos/assets/index-C7AoTPzR.js:82
[  140410ms] [LOG] [WS] 🗺️ Broadcast recibido. Avatares: 1 [Hijo Test(2)] @ https://jimsimrodev.github.io/pequenos-sanos/assets/index-C7AoTPzR.js:82
[  140437ms] [LOG] [WS] 🗺️ Broadcast recibido. Avatares: 1 [Hijo Test(2)] @ https://jimsimrodev.github.io/pequenos-sanos/assets/index-C7AoTPzR.js:82
[  140489ms] [LOG] [WS] 🗺️ Broadcast recibido. Avatares: 1 [Hijo Test(2)] @ https://jimsimrodev.github.io/pequenos-sanos/assets/index-C7AoTPzR.js:82
[  140518ms] [LOG] [WS] 🗺️ Broadcast recibido. Avatares: 1 [Hijo Test(2)] @ https://jimsimrodev.github.io/pequenos-sanos/assets/index-C7AoTPzR.js:82
[  140548ms] [LOG] [WS] 🗺️ Broadcast recibido. Avatares: 1 [Hijo Test(2)] @ https://jimsimrodev.github.io/pequenos-sanos/assets/index-C7AoTPzR.js:82
[  140574ms] [LOG] [WS] 🗺️ Broadcast recibido. Avatares: 1 [Hijo Test(2)] @ https://jimsimrodev.github.io/pequenos-sanos/assets/index-C7AoTPzR.js:82
[  140605ms] [LOG] [WS] 🗺️ Broadcast recibido. Avatares: 1 [Hijo Test(2)] @ https://jimsimrodev.github.io/pequenos-sanos/assets/index-C7AoTPzR.js:82
[  140653ms] [LOG] [WS] 🗺️ Broadcast recibido. Avatares: 1 [Hijo Test(2)] @ https://jimsimrodev.github.io/pequenos-sanos/assets/index-C7AoTPzR.js:82
[  140685ms] [LOG] [WS] 🗺️ Broadcast recibido. Avatares: 1 [Hijo Test(2)] @ https://jimsimrodev.github.io/pequenos-sanos/assets/index-C7AoTPzR.js:82
[  140716ms] [LOG] [WS] 🗺️ Broadcast recibido. Avatares: 1 [Hijo Test(2)] @ https://jimsimrodev.github.io/pequenos-sanos/assets/index-C7AoTPzR.js:82
[  140752ms] [LOG] [WS] 🗺️ Broadcast recibido. Avatares: 1 [Hijo Test(2)] @ https://jimsimrodev.github.io/pequenos-sanos/assets/index-C7AoTPzR.js:82
[  140784ms] [LOG] [WS] 🗺️ Broadcast recibido. Avatares: 1 [Hijo Test(2)] @ https://jimsimrodev.github.io/pequenos-sanos/assets/index-C7AoTPzR.js:82
[  140812ms] [LOG] [WS] 🗺️ Broadcast recibido. Avatares: 1 [Hijo Test(2)] @ https://jimsimrodev.github.io/pequenos-sanos/assets/index-C7AoTPzR.js:82
[  140844ms] [LOG] [WS] 🗺️ Broadcast recibido. Avatares: 1 [Hijo Test(2)] @ https://jimsimrodev.github.io/pequenos-sanos/assets/index-C7AoTPzR.js:82
[  140876ms] [LOG] [WS] 🗺️ Broadcast recibido. Avatares: 1 [Hijo Test(2)] @ https://jimsimrodev.github.io/pequenos-sanos/assets/index-C7AoTPzR.js:82
[  140914ms] [LOG] [WS] 🗺️ Broadcast recibido. Avatares: 1 [Hijo Test(2)] @ https://jimsimrodev.github.io/pequenos-sanos/assets/index-C7AoTPzR.js:82
[  140949ms] [LOG] [WS] 🗺️ Broadcast recibido. Avatares: 1 [Hijo Test(2)] @ https://jimsimrodev.github.io/pequenos-sanos/assets/index-C7AoTPzR.js:82
[  140979ms] [LOG] [WS] 🗺️ Broadcast recibido. Avatares: 1 [Hijo Test(2)] @ https://jimsimrodev.github.io/pequenos-sanos/assets/index-C7AoTPzR.js:82
[  141013ms] [LOG] [WS] 🗺️ Broadcast recibido. Avatares: 1 [Hijo Test(2)] @ https://jimsimrodev.github.io/pequenos-sanos/assets/index-C7AoTPzR.js:82
[  141053ms] [LOG] [WS] 🗺️ Broadcast recibido. Avatares: 1 [Hijo Test(2)] @ https://jimsimrodev.github.io/pequenos-sanos/assets/index-C7AoTPzR.js:82
[  141103ms] [LOG] [WS] 🗺️ Broadcast recibido. Avatares: 1 [Hijo Test(2)] @ https://jimsimrodev.github.io/pequenos-sanos/assets/index-C7AoTPzR.js:82
[  141156ms] [LOG] [WS] 🗺️ Broadcast recibido. Avatares: 1 [Hijo Test(2)] @ https://jimsimrodev.github.io/pequenos-sanos/assets/index-C7AoTPzR.js:82
[  141193ms] [LOG] [WS] 🗺️ Broadcast recibido. Avatares: 1 [Hijo Test(2)] @ https://jimsimrodev.github.io/pequenos-sanos/assets/index-C7AoTPzR.js:82
[  141223ms] [LOG] [WS] 🗺️ Broadcast recibido. Avatares: 1 [Hijo Test(2)] @ https://jimsimrodev.github.io/pequenos-sanos/assets/index-C7AoTPzR.js:82
[  141255ms] [LOG] [WS] 🗺️ Broadcast recibido. Avatares: 1 [Hijo Test(2)] @ https://jimsimrodev.github.io/pequenos-sanos/assets/index-C7AoTPzR.js:82
[  141287ms] [LOG] [WS] 🗺️ Broadcast recibido. Avatares: 1 [Hijo Test(2)] @ https://jimsimrodev.github.io/pequenos-sanos/assets/index-C7AoTPzR.js:82
[  141311ms] [LOG] [WS] 🗺️ Broadcast recibido. Avatares: 1 [Hijo Test(2)] @ https://jimsimrodev.github.io/pequenos-sanos/assets/index-C7AoTPzR.js:82
[  141336ms] [LOG] [WS] 🗺️ Broadcast recibido. Avatares: 1 [Hijo Test(2)] @ https://jimsimrodev.github.io/pequenos-sanos/assets/index-C7AoTPzR.js:82
[  141360ms] [LOG] [WS] 🗺️ Broadcast recibido. Avatares: 1 [Hijo Test(2)] @ https://jimsimrodev.github.io/pequenos-sanos/assets/index-C7AoTPzR.js:82
[  141395ms] [LOG] [WS] 🗺️ Broadcast recibido. Avatares: 1 [Hijo Test(2)] @ https://jimsimrodev.github.io/pequenos-sanos/assets/index-C7AoTPzR.js:82
[  141422ms] [LOG] [WS] 🗺️ Broadcast recibido. Avatares: 1 [Hijo Test(2)] @ https://jimsimrodev.github.io/pequenos-sanos/assets/index-C7AoTPzR.js:82
[  141449ms] [LOG] [WS] 🗺️ Broadcast recibido. Avatares: 1 [Hijo Test(2)] @ https://jimsimrodev.github.io/pequenos-sanos/assets/index-C7AoTPzR.js:82
[  141477ms] [LOG] [WS] 🗺️ Broadcast recibido. Avatares: 1 [Hijo Test(2)] @ https://jimsimrodev.github.io/pequenos-sanos/assets/index-C7AoTPzR.js:82
[  141512ms] [LOG] [WS] 🗺️ Broadcast recibido. Avatares: 1 [Hijo Test(2)] @ https://jimsimrodev.github.io/pequenos-sanos/assets/index-C7AoTPzR.js:82
[  141547ms] [LOG] [WS] 🗺️ Broadcast recibido. Avatares: 1 [Hijo Test(2)] @ https://jimsimrodev.github.io/pequenos-sanos/assets/index-C7AoTPzR.js:82
[  141574ms] [LOG] [WS] 🗺️ Broadcast recibido. Avatares: 1 [Hijo Test(2)] @ https://jimsimrodev.github.io/pequenos-sanos/assets/index-C7AoTPzR.js:82
[  141605ms] [LOG] [WS] 🗺️ Broadcast recibido. Avatares: 1 [Hijo Test(2)] @ https://jimsimrodev.github.io/pequenos-sanos/assets/index-C7AoTPzR.js:82
[  141638ms] [LOG] [WS] 🗺️ Broadcast recibido. Avatares: 1 [Hijo Test(2)] @ https://jimsimrodev.github.io/pequenos-sanos/assets/index-C7AoTPzR.js:82
[  141662ms] [LOG] [WS] 🗺️ Broadcast recibido. Avatares: 1 [Hijo Test(2)] @ https://jimsimrodev.github.io/pequenos-sanos/assets/index-C7AoTPzR.js:82
[  141722ms] [LOG] [WS] 🗺️ Broadcast recibido. Avatares: 1 [Hijo Test(2)] @ https://jimsimrodev.github.io/pequenos-sanos/assets/index-C7AoTPzR.js:82
[  141753ms] [LOG] [WS] 🗺️ Broadcast recibido. Avatares: 1 [Hijo Test(2)] @ https://jimsimrodev.github.io/pequenos-sanos/assets/index-C7AoTPzR.js:82
[  141782ms] [LOG] [WS] 🗺️ Broadcast recibido. Avatares: 1 [Hijo Test(2)] @ https://jimsimrodev.github.io/pequenos-sanos/assets/index-C7AoTPzR.js:82
[  141814ms] [LOG] [WS] 🗺️ Broadcast recibido. Avatares: 1 [Hijo Test(2)] @ https://jimsimrodev.github.io/pequenos-sanos/assets/index-C7AoTPzR.js:82
[  141835ms] [LOG] [WS] 🗺️ Broadcast recibido. Avatares: 1 [Hijo Test(2)] @ https://jimsimrodev.github.io/pequenos-sanos/assets/index-C7AoTPzR.js:82
[  141855ms] [LOG] [WS] 🗺️ Broadcast recibido. Avatares: 1 [Hijo Test(2)] @ https://jimsimrodev.github.io/pequenos-sanos/assets/index-C7AoTPzR.js:82
[  141910ms] [LOG] [WS] 🗺️ Broadcast recibido. Avatares: 1 [Hijo Test(2)] @ https://jimsimrodev.github.io/pequenos-sanos/assets/index-C7AoTPzR.js:82
[  141939ms] [LOG] [WS] 🗺️ Broadcast recibido. Avatares: 1 [Hijo Test(2)] @ https://jimsimrodev.github.io/pequenos-sanos/assets/index-C7AoTPzR.js:82
[  141962ms] [LOG] [WS] 🗺️ Broadcast recibido. Avatares: 1 [Hijo Test(2)] @ https://jimsimrodev.github.io/pequenos-sanos/assets/index-C7AoTPzR.js:82
[  141989ms] [LOG] [WS] 🗺️ Broadcast recibido. Avatares: 1 [Hijo Test(2)] @ https://jimsimrodev.github.io/pequenos-sanos/assets/index-C7AoTPzR.js:82
[  142034ms] [LOG] [WS] 🗺️ Broadcast recibido. Avatares: 1 [Hijo Test(2)] @ https://jimsimrodev.github.io/pequenos-sanos/assets/index-C7AoTPzR.js:82
[  142060ms] [LOG] [WS] 🗺️ Broadcast recibido. Avatares: 1 [Hijo Test(2)] @ https://jimsimrodev.github.io/pequenos-sanos/assets/index-C7AoTPzR.js:82
[  142091ms] [LOG] [WS] 🗺️ Broadcast recibido. Avatares: 1 [Hijo Test(2)] @ https://jimsimrodev.github.io/pequenos-sanos/assets/index-C7AoTPzR.js:82
[  142128ms] [LOG] [WS] 🗺️ Broadcast recibido. Avatares: 1 [Hijo Test(2)] @ https://jimsimrodev.github.io/pequenos-sanos/assets/index-C7AoTPzR.js:82
[  142156ms] [LOG] [WS] 🗺️ Broadcast recibido. Avatares: 1 [Hijo Test(2)] @ https://jimsimrodev.github.io/pequenos-sanos/assets/index-C7AoTPzR.js:82
[  142193ms] [LOG] [WS] 🗺️ Broadcast recibido. Avatares: 1 [Hijo Test(2)] @ https://jimsimrodev.github.io/pequenos-sanos/assets/index-C7AoTPzR.js:82
[  142218ms] [LOG] [WS] 🗺️ Broadcast recibido. Avatares: 1 [Hijo Test(2)] @ https://jimsimrodev.github.io/pequenos-sanos/assets/index-C7AoTPzR.js:82
[  142269ms] [LOG] [WS] 🗺️ Broadcast recibido. Avatares: 1 [Hijo Test(2)] @ https://jimsimrodev.github.io/pequenos-sanos/assets/index-C7AoTPzR.js:82
[  142295ms] [LOG] [WS] 🗺️ Broadcast recibido. Avatares: 1 [Hijo Test(2)] @ https://jimsimrodev.github.io/pequenos-sanos/assets/index-C7AoTPzR.js:82
[  142318ms] [LOG] [WS] 🗺️ Broadcast recibido. Avatares: 1 [Hijo Test(2)] @ https://jimsimrodev.github.io/pequenos-sanos/assets/index-C7AoTPzR.js:82
[  142368ms] [LOG] [WS] 🗺️ Broadcast recibido. Avatares: 1 [Hijo Test(2)] @ https://jimsimrodev.github.io/pequenos-sanos/assets/index-C7AoTPzR.js:82
[  142395ms] [LOG] [WS] 🗺️ Broadcast recibido. Avatares: 1 [Hijo Test(2)] @ https://jimsimrodev.github.io/pequenos-sanos/assets/index-C7AoTPzR.js:82
[  142416ms] [LOG] [WS] 🗺️ Broadcast recibido. Avatares: 1 [Hijo Test(2)] @ https://jimsimrodev.github.io/pequenos-sanos/assets/index-C7AoTPzR.js:82
[  142461ms] [LOG] [WS] 🗺️ Broadcast recibido. Avatares: 1 [Hijo Test(2)] @ https://jimsimrodev.github.io/pequenos-sanos/assets/index-C7AoTPzR.js:82
[  142491ms] [LOG] [WS] 🗺️ Broadcast recibido. Avatares: 1 [Hijo Test(2)] @ https://jimsimrodev.github.io/pequenos-sanos/assets/index-C7AoTPzR.js:82
[  142514ms] [LOG] [WS] 🗺️ Broadcast recibido. Avatares: 1 [Hijo Test(2)] @ https://jimsimrodev.github.io/pequenos-sanos/assets/index-C7AoTPzR.js:82
[  142570ms] [LOG] [WS] 🗺️ Broadcast recibido. Avatares: 1 [Hijo Test(2)] @ https://jimsimrodev.github.io/pequenos-sanos/assets/index-C7AoTPzR.js:82
[  142592ms] [LOG] [WS] 🗺️ Broadcast recibido. Avatares: 1 [Hijo Test(2)] @ https://jimsimrodev.github.io/pequenos-sanos/assets/index-C7AoTPzR.js:82
[  142615ms] [LOG] [WS] 🗺️ Broadcast recibido. Avatares: 1 [Hijo Test(2)] @ https://jimsimrodev.github.io/pequenos-sanos/assets/index-C7AoTPzR.js:82
[  142660ms] [LOG] [WS] 🗺️ Broadcast recibido. Avatares: 1 [Hijo Test(2)] @ https://jimsimrodev.github.io/pequenos-sanos/assets/index-C7AoTPzR.js:82
[  142688ms] [LOG] [WS] 🗺️ Broadcast recibido. Avatares: 1 [Hijo Test(2)] @ https://jimsimrodev.github.io/pequenos-sanos/assets/index-C7AoTPzR.js:82
[  142716ms] [LOG] [WS] 🗺️ Broadcast recibido. Avatares: 1 [Hijo Test(2)] @ https://jimsimrodev.github.io/pequenos-sanos/assets/index-C7AoTPzR.js:82
[  142762ms] [LOG] [WS] 🗺️ Broadcast recibido. Avatares: 1 [Hijo Test(2)] @ https://jimsimrodev.github.io/pequenos-sanos/assets/index-C7AoTPzR.js:82
[  142787ms] [LOG] [WS] 🗺️ Broadcast recibido. Avatares: 1 [Hijo Test(2)] @ https://jimsimrodev.github.io/pequenos-sanos/assets/index-C7AoTPzR.js:82
[  142829ms] [LOG] [WS] 🗺️ Broadcast recibido. Avatares: 1 [Hijo Test(2)] @ https://jimsimrodev.github.io/pequenos-sanos/assets/index-C7AoTPzR.js:82
[  142852ms] [LOG] [WS] 🗺️ Broadcast recibido. Avatares: 1 [Hijo Test(2)] @ https://jimsimrodev.github.io/pequenos-sanos/assets/index-C7AoTPzR.js:82
[  142883ms] [LOG] [WS] 🗺️ Broadcast recibido. Avatares: 1 [Hijo Test(2)] @ https://jimsimrodev.github.io/pequenos-sanos/assets/index-C7AoTPzR.js:82
[  142934ms] [LOG] [WS] 🗺️ Broadcast recibido. Avatares: 1 [Hijo Test(2)] @ https://jimsimrodev.github.io/pequenos-sanos/assets/index-C7AoTPzR.js:82
[  142959ms] [LOG] [WS] 🗺️ Broadcast recibido. Avatares: 1 [Hijo Test(2)] @ https://jimsimrodev.github.io/pequenos-sanos/assets/index-C7AoTPzR.js:82
[  142984ms] [LOG] [WS] 🗺️ Broadcast recibido. Avatares: 1 [Hijo Test(2)] @ https://jimsimrodev.github.io/pequenos-sanos/assets/index-C7AoTPzR.js:82
[  143037ms] [LOG] [WS] 🗺️ Broadcast recibido. Avatares: 1 [Hijo Test(2)] @ https://jimsimrodev.github.io/pequenos-sanos/assets/index-C7AoTPzR.js:82
[  143075ms] [LOG] [WS] 🗺️ Broadcast recibido. Avatares: 1 [Hijo Test(2)] @ https://jimsimrodev.github.io/pequenos-sanos/assets/index-C7AoTPzR.js:82
[  143101ms] [LOG] [WS] 🗺️ Broadcast recibido. Avatares: 1 [Hijo Test(2)] @ https://jimsimrodev.github.io/pequenos-sanos/assets/index-C7AoTPzR.js:82
[  143128ms] [LOG] [WS] 🗺️ Broadcast recibido. Avatares: 1 [Hijo Test(2)] @ https://jimsimrodev.github.io/pequenos-sanos/assets/index-C7AoTPzR.js:82
[  143154ms] [LOG] [WS] 🗺️ Broadcast recibido. Avatares: 1 [Hijo Test(2)] @ https://jimsimrodev.github.io/pequenos-sanos/assets/index-C7AoTPzR.js:82
[  143181ms] [LOG] [WS] 🗺️ Broadcast recibido. Avatares: 1 [Hijo Test(2)] @ https://jimsimrodev.github.io/pequenos-sanos/assets/index-C7AoTPzR.js:82
[  143207ms] [LOG] [WS] 🗺️ Broadcast recibido. Avatares: 1 [Hijo Test(2)] @ https://jimsimrodev.github.io/pequenos-sanos/assets/index-C7AoTPzR.js:82
[  143251ms] [LOG] [WS] 🗺️ Broadcast recibido. Avatares: 1 [Hijo Test(2)] @ https://jimsimrodev.github.io/pequenos-sanos/assets/index-C7AoTPzR.js:82
[  143278ms] [LOG] [WS] 🗺️ Broadcast recibido. Avatares: 1 [Hijo Test(2)] @ https://jimsimrodev.github.io/pequenos-sanos/assets/index-C7AoTPzR.js:82
[  143333ms] [LOG] [WS] 🗺️ Broadcast recibido. Avatares: 1 [Hijo Test(2)] @ https://jimsimrodev.github.io/pequenos-sanos/assets/index-C7AoTPzR.js:82
[  143356ms] [LOG] [WS] 🗺️ Broadcast recibido. Avatares: 1 [Hijo Test(2)] @ https://jimsimrodev.github.io/pequenos-sanos/assets/index-C7AoTPzR.js:82
[  143391ms] [LOG] [WS] 🗺️ Broadcast recibido. Avatares: 1 [Hijo Test(2)] @ https://jimsimrodev.github.io/pequenos-sanos/assets/index-C7AoTPzR.js:82
[  143422ms] [LOG] [WS] 🗺️ Broadcast recibido. Avatares: 1 [Hijo Test(2)] @ https://jimsimrodev.github.io/pequenos-sanos/assets/index-C7AoTPzR.js:82
[  143458ms] [LOG] [WS] 🗺️ Broadcast recibido. Avatares: 1 [Hijo Test(2)] @ https://jimsimrodev.github.io/pequenos-sanos/assets/index-C7AoTPzR.js:82
[  143488ms] [LOG] [WS] 🗺️ Broadcast recibido. Avatares: 1 [Hijo Test(2)] @ https://jimsimrodev.github.io/pequenos-sanos/assets/index-C7AoTPzR.js:82
[  143515ms] [LOG] [WS] 🗺️ Broadcast recibido. Avatares: 1 [Hijo Test(2)] @ https://jimsimrodev.github.io/pequenos-sanos/assets/index-C7AoTPzR.js:82
[  143545ms] [LOG] [WS] 🗺️ Broadcast recibido. Avatares: 1 [Hijo Test(2)] @ https://jimsimrodev.github.io/pequenos-sanos/assets/index-C7AoTPzR.js:82
[  143574ms] [LOG] [WS] 🗺️ Broadcast recibido. Avatares: 1 [Hijo Test(2)] @ https://jimsimrodev.github.io/pequenos-sanos/assets/index-C7AoTPzR.js:82
[  143606ms] [LOG] [WS] 🗺️ Broadcast recibido. Avatares: 1 [Hijo Test(2)] @ https://jimsimrodev.github.io/pequenos-sanos/assets/index-C7AoTPzR.js:82
[  143637ms] [LOG] [WS] 🗺️ Broadcast recibido. Avatares: 1 [Hijo Test(2)] @ https://jimsimrodev.github.io/pequenos-sanos/assets/index-C7AoTPzR.js:82
[  143698ms] [LOG] [WS] 🗺️ Broadcast recibido. Avatares: 1 [Hijo Test(2)] @ https://jimsimrodev.github.io/pequenos-sanos/assets/index-C7AoTPzR.js:82
[  143728ms] [LOG] [WS] 🗺️ Broadcast recibido. Avatares: 1 [Hijo Test(2)] @ https://jimsimrodev.github.io/pequenos-sanos/assets/index-C7AoTPzR.js:82
[  143756ms] [LOG] [WS] 🗺️ Broadcast recibido. Avatares: 1 [Hijo Test(2)] @ https://jimsimrodev.github.io/pequenos-sanos/assets/index-C7AoTPzR.js:82
[  143796ms] [LOG] [WS] 🗺️ Broadcast recibido. Avatares: 1 [Hijo Test(2)] @ https://jimsimrodev.github.io/pequenos-sanos/assets/index-C7AoTPzR.js:82
[  143825ms] [LOG] [WS] 🗺️ Broadcast recibido. Avatares: 1 [Hijo Test(2)] @ https://jimsimrodev.github.io/pequenos-sanos/assets/index-C7AoTPzR.js:82
[  143848ms] [LOG] [WS] 🗺️ Broadcast recibido. Avatares: 1 [Hijo Test(2)] @ https://jimsimrodev.github.io/pequenos-sanos/assets/index-C7AoTPzR.js:82
[  143879ms] [LOG] [WS] 🗺️ Broadcast recibido. Avatares: 1 [Hijo Test(2)] @ https://jimsimrodev.github.io/pequenos-sanos/assets/index-C7AoTPzR.js:82
[  143914ms] [LOG] [WS] 🗺️ Broadcast recibido. Avatares: 1 [Hijo Test(2)] @ https://jimsimrodev.github.io/pequenos-sanos/assets/index-C7AoTPzR.js:82
[  143948ms] [LOG] [WS] 🗺️ Broadcast recibido. Avatares: 1 [Hijo Test(2)] @ https://jimsimrodev.github.io/pequenos-sanos/assets/index-C7AoTPzR.js:82
[  143969ms] [LOG] [WS] 🗺️ Broadcast recibido. Avatares: 1 [Hijo Test(2)] @ https://jimsimrodev.github.io/pequenos-sanos/assets/index-C7AoTPzR.js:82
[  144005ms] [LOG] [WS] 🗺️ Broadcast recibido. Avatares: 1 [Hijo Test(2)] @ https://jimsimrodev.github.io/pequenos-sanos/assets/index-C7AoTPzR.js:82
[  144037ms] [LOG] [WS] 🗺️ Broadcast recibido. Avatares: 1 [Hijo Test(2)] @ https://jimsimrodev.github.io/pequenos-sanos/assets/index-C7AoTPzR.js:82
[  144073ms] [LOG] [WS] 🗺️ Broadcast recibido. Avatares: 1 [Hijo Test(2)] @ https://jimsimrodev.github.io/pequenos-sanos/assets/index-C7AoTPzR.js:82
[  144105ms] [LOG] [WS] 🗺️ Broadcast recibido. Avatares: 1 [Hijo Test(2)] @ https://jimsimrodev.github.io/pequenos-sanos/assets/index-C7AoTPzR.js:82
[  144142ms] [LOG] [WS] 🗺️ Broadcast recibido. Avatares: 1 [Hijo Test(2)] @ https://jimsimrodev.github.io/pequenos-sanos/assets/index-C7AoTPzR.js:82
[  144176ms] [LOG] [WS] 🗺️ Broadcast recibido. Avatares: 1 [Hijo Test(2)] @ https://jimsimrodev.github.io/pequenos-sanos/assets/index-C7AoTPzR.js:82
[  144207ms] [LOG] [WS] 🗺️ Broadcast recibido. Avatares: 1 [Hijo Test(2)] @ https://jimsimrodev.github.io/pequenos-sanos/assets/index-C7AoTPzR.js:82
[  144241ms] [LOG] [WS] 🗺️ Broadcast recibido. Avatares: 1 [Hijo Test(2)] @ https://jimsimrodev.github.io/pequenos-sanos/assets/index-C7AoTPzR.js:82
[  144272ms] [LOG] [WS] 🗺️ Broadcast recibido. Avatares: 1 [Hijo Test(2)] @ https://jimsimrodev.github.io/pequenos-sanos/assets/index-C7AoTPzR.js:82
[  144326ms] [LOG] [WS] 🗺️ Broadcast recibido. Avatares: 1 [Hijo Test(2)] @ https://jimsimrodev.github.io/pequenos-sanos/assets/index-C7AoTPzR.js:82
[  144355ms] [LOG] [WS] 🗺️ Broadcast recibido. Avatares: 1 [Hijo Test(2)] @ https://jimsimrodev.github.io/pequenos-sanos/assets/index-C7AoTPzR.js:82
[  144376ms] [LOG] [WS] 🗺️ Broadcast recibido. Avatares: 1 [Hijo Test(2)] @ https://jimsimrodev.github.io/pequenos-sanos/assets/index-C7AoTPzR.js:82
[  144409ms] [LOG] [WS] 🗺️ Broadcast recibido. Avatares: 1 [Hijo Test(2)] @ https://jimsimrodev.github.io/pequenos-sanos/assets/index-C7AoTPzR.js:82
[  144442ms] [LOG] [WS] 🗺️ Broadcast recibido. Avatares: 1 [Hijo Test(2)] @ https://jimsimrodev.github.io/pequenos-sanos/assets/index-C7AoTPzR.js:82
[  144471ms] [LOG] [WS] 🗺️ Broadcast recibido. Avatares: 1 [Hijo Test(2)] @ https://jimsimrodev.github.io/pequenos-sanos/assets/index-C7AoTPzR.js:82
[  144506ms] [LOG] [WS] 🗺️ Broadcast recibido. Avatares: 1 [Hijo Test(2)] @ https://jimsimrodev.github.io/pequenos-sanos/assets/index-C7AoTPzR.js:82
[  144532ms] [LOG] [WS] 🗺️ Broadcast recibido. Avatares: 1 [Hijo Test(2)] @ https://jimsimrodev.github.io/pequenos-sanos/assets/index-C7AoTPzR.js:82
[  144573ms] [LOG] [WS] 🗺️ Broadcast recibido. Avatares: 1 [Hijo Test(2)] @ https://jimsimrodev.github.io/pequenos-sanos/assets/index-C7AoTPzR.js:82
[  144604ms] [LOG] [WS] 🗺️ Broadcast recibido. Avatares: 1 [Hijo Test(2)] @ https://jimsimrodev.github.io/pequenos-sanos/assets/index-C7AoTPzR.js:82
[  145010ms] [LOG] [WS] 🗺️ Broadcast recibido. Avatares: 1 [Hijo Test(2)] @ https://jimsimrodev.github.io/pequenos-sanos/assets/index-C7AoTPzR.js:82
[  145033ms] [LOG] [WS] 🗺️ Broadcast recibido. Avatares: 1 [Hijo Test(2)] @ https://jimsimrodev.github.io/pequenos-sanos/assets/index-C7AoTPzR.js:82
[  145034ms] [LOG] [WS] 🗺️ Broadcast recibido. Avatares: 1 [Hijo Test(2)] @ https://jimsimrodev.github.io/pequenos-sanos/assets/index-C7AoTPzR.js:82
[  145034ms] [LOG] [WS] 🗺️ Broadcast recibido. Avatares: 1 [Hijo Test(2)] @ https://jimsimrodev.github.io/pequenos-sanos/assets/index-C7AoTPzR.js:82
[  145035ms] [LOG] [WS] 🗺️ Broadcast recibido. Avatares: 1 [Hijo Test(2)] @ https://jimsimrodev.github.io/pequenos-sanos/assets/index-C7AoTPzR.js:82
[  145035ms] [LOG] [WS] 🗺️ Broadcast recibido. Avatares: 1 [Hijo Test(2)] @ https://jimsimrodev.github.io/pequenos-sanos/assets/index-C7AoTPzR.js:82
[  145035ms] [LOG] [WS] 🗺️ Broadcast recibido. Avatares: 1 [Hijo Test(2)] @ https://jimsimrodev.github.io/pequenos-sanos/assets/index-C7AoTPzR.js:82
[  145035ms] [LOG] [WS] 🗺️ Broadcast recibido. Avatares: 1 [Hijo Test(2)] @ https://jimsimrodev.github.io/pequenos-sanos/assets/index-C7AoTPzR.js:82
[  145036ms] [LOG] [WS] 🗺️ Broadcast recibido. Avatares: 1 [Hijo Test(2)] @ https://jimsimrodev.github.io/pequenos-sanos/assets/index-C7AoTPzR.js:82
[  145036ms] [LOG] [WS] 🗺️ Broadcast recibido. Avatares: 1 [Hijo Test(2)] @ https://jimsimrodev.github.io/pequenos-sanos/assets/index-C7AoTPzR.js:82
[  145036ms] [LOG] [WS] 🗺️ Broadcast recibido. Avatares: 1 [Hijo Test(2)] @ https://jimsimrodev.github.io/pequenos-sanos/assets/index-C7AoTPzR.js:82
[  145036ms] [LOG] [WS] 🗺️ Broadcast recibido. Avatares: 1 [Hijo Test(2)] @ https://jimsimrodev.github.io/pequenos-sanos/assets/index-C7AoTPzR.js:82
[  145066ms] [LOG] [WS] 🗺️ Broadcast recibido. Avatares: 1 [Hijo Test(2)] @ https://jimsimrodev.github.io/pequenos-sanos/assets/index-C7AoTPzR.js:82
[  145096ms] [LOG] [WS] 🗺️ Broadcast recibido. Avatares: 1 [Hijo Test(2)] @ https://jimsimrodev.github.io/pequenos-sanos/assets/index-C7AoTPzR.js:82
[  145131ms] [LOG] [WS] 🗺️ Broadcast recibido. Avatares: 1 [Hijo Test(2)] @ https://jimsimrodev.github.io/pequenos-sanos/assets/index-C7AoTPzR.js:82
[  145157ms] [LOG] [WS] 🗺️ Broadcast recibido. Avatares: 1 [Hijo Test(2)] @ https://jimsimrodev.github.io/pequenos-sanos/assets/index-C7AoTPzR.js:82
[  145175ms] [LOG] [WS] 🗺️ Broadcast recibido. Avatares: 1 [Hijo Test(2)] @ https://jimsimrodev.github.io/pequenos-sanos/assets/index-C7AoTPzR.js:82
[  145205ms] [LOG] [WS] 🗺️ Broadcast recibido. Avatares: 1 [Hijo Test(2)] @ https://jimsimrodev.github.io/pequenos-sanos/assets/index-C7AoTPzR.js:82
[  145224ms] [LOG] [WS] 🗺️ Broadcast recibido. Avatares: 1 [Hijo Test(2)] @ https://jimsimrodev.github.io/pequenos-sanos/assets/index-C7AoTPzR.js:82
[  145257ms] [LOG] [WS] 🗺️ Broadcast recibido. Avatares: 1 [Hijo Test(2)] @ https://jimsimrodev.github.io/pequenos-sanos/assets/index-C7AoTPzR.js:82
[  145308ms] [LOG] [WS] 🗺️ Broadcast recibido. Avatares: 1 [Hijo Test(2)] @ https://jimsimrodev.github.io/pequenos-sanos/assets/index-C7AoTPzR.js:82
[  145333ms] [LOG] [WS] 🗺️ Broadcast recibido. Avatares: 1 [Hijo Test(2)] @ https://jimsimrodev.github.io/pequenos-sanos/assets/index-C7AoTPzR.js:82
[  145357ms] [LOG] [WS] 🗺️ Broadcast recibido. Avatares: 1 [Hijo Test(2)] @ https://jimsimrodev.github.io/pequenos-sanos/assets/index-C7AoTPzR.js:82
[  145412ms] [LOG] [WS] 🗺️ Broadcast recibido. Avatares: 1 [Hijo Test(2)] @ https://jimsimrodev.github.io/pequenos-sanos/assets/index-C7AoTPzR.js:82
[  145440ms] [LOG] [WS] 🗺️ Broadcast recibido. Avatares: 1 [Hijo Test(2)] @ https://jimsimrodev.github.io/pequenos-sanos/assets/index-C7AoTPzR.js:82
[  145475ms] [LOG] [WS] 🗺️ Broadcast recibido. Avatares: 1 [Hijo Test(2)] @ https://jimsimrodev.github.io/pequenos-sanos/assets/index-C7AoTPzR.js:82
[  145508ms] [LOG] [WS] 🗺️ Broadcast recibido. Avatares: 1 [Hijo Test(2)] @ https://jimsimrodev.github.io/pequenos-sanos/assets/index-C7AoTPzR.js:82
[  145538ms] [LOG] [WS] 🗺️ Broadcast recibido. Avatares: 1 [Hijo Test(2)] @ https://jimsimrodev.github.io/pequenos-sanos/assets/index-C7AoTPzR.js:82
[  145576ms] [LOG] [WS] 🗺️ Broadcast recibido. Avatares: 1 [Hijo Test(2)] @ https://jimsimrodev.github.io/pequenos-sanos/assets/index-C7AoTPzR.js:82
[  145610ms] [LOG] [WS] 🗺️ Broadcast recibido. Avatares: 1 [Hijo Test(2)] @ https://jimsimrodev.github.io/pequenos-sanos/assets/index-C7AoTPzR.js:82
[  145640ms] [LOG] [WS] 🗺️ Broadcast recibido. Avatares: 1 [Hijo Test(2)] @ https://jimsimrodev.github.io/pequenos-sanos/assets/index-C7AoTPzR.js:82
[  145670ms] [LOG] [WS] 🗺️ Broadcast recibido. Avatares: 1 [Hijo Test(2)] @ https://jimsimrodev.github.io/pequenos-sanos/assets/index-C7AoTPzR.js:82
[  145696ms] [LOG] [WS] 🗺️ Broadcast recibido. Avatares: 1 [Hijo Test(2)] @ https://jimsimrodev.github.io/pequenos-sanos/assets/index-C7AoTPzR.js:82
[  145720ms] [LOG] [WS] 🗺️ Broadcast recibido. Avatares: 1 [Hijo Test(2)] @ https://jimsimrodev.github.io/pequenos-sanos/assets/index-C7AoTPzR.js:82
[  145769ms] [LOG] [WS] 🗺️ Broadcast recibido. Avatares: 1 [Hijo Test(2)] @ https://jimsimrodev.github.io/pequenos-sanos/assets/index-C7AoTPzR.js:82
[  145798ms] [LOG] [WS] 🗺️ Broadcast recibido. Avatares: 1 [Hijo Test(2)] @ https://jimsimrodev.github.io/pequenos-sanos/assets/index-C7AoTPzR.js:82
[  145820ms] [LOG] [WS] 🗺️ Broadcast recibido. Avatares: 1 [Hijo Test(2)] @ https://jimsimrodev.github.io/pequenos-sanos/assets/index-C7AoTPzR.js:82
[  145864ms] [LOG] [WS] 🗺️ Broadcast recibido. Avatares: 1 [Hijo Test(2)] @ https://jimsimrodev.github.io/pequenos-sanos/assets/index-C7AoTPzR.js:82
[  145897ms] [LOG] [WS] 🗺️ Broadcast recibido. Avatares: 1 [Hijo Test(2)] @ https://jimsimrodev.github.io/pequenos-sanos/assets/index-C7AoTPzR.js:82
[  145920ms] [LOG] [WS] 🗺️ Broadcast recibido. Avatares: 1 [Hijo Test(2)] @ https://jimsimrodev.github.io/pequenos-sanos/assets/index-C7AoTPzR.js:82
[  145963ms] [LOG] [WS] 🗺️ Broadcast recibido. Avatares: 1 [Hijo Test(2)] @ https://jimsimrodev.github.io/pequenos-sanos/assets/index-C7AoTPzR.js:82
[  145988ms] [LOG] [WS] 🗺️ Broadcast recibido. Avatares: 1 [Hijo Test(2)] @ https://jimsimrodev.github.io/pequenos-sanos/assets/index-C7AoTPzR.js:82
[  146025ms] [LOG] [WS] 🗺️ Broadcast recibido. Avatares: 1 [Hijo Test(2)] @ https://jimsimrodev.github.io/pequenos-sanos/assets/index-C7AoTPzR.js:82
[  146047ms] [LOG] [WS] 🗺️ Broadcast recibido. Avatares: 1 [Hijo Test(2)] @ https://jimsimrodev.github.io/pequenos-sanos/assets/index-C7AoTPzR.js:82
[  146098ms] [LOG] [WS] 🗺️ Broadcast recibido. Avatares: 1 [Hijo Test(2)] @ https://jimsimrodev.github.io/pequenos-sanos/assets/index-C7AoTPzR.js:82
[  146122ms] [LOG] [WS] 🗺️ Broadcast recibido. Avatares: 1 [Hijo Test(2)] @ https://jimsimrodev.github.io/pequenos-sanos/assets/index-C7AoTPzR.js:82
[  146160ms] [LOG] [WS] 🗺️ Broadcast recibido. Avatares: 1 [Hijo Test(2)] @ https://jimsimrodev.github.io/pequenos-sanos/assets/index-C7AoTPzR.js:82
[  146186ms] [LOG] [WS] 🗺️ Broadcast recibido. Avatares: 1 [Hijo Test(2)] @ https://jimsimrodev.github.io/pequenos-sanos/assets/index-C7AoTPzR.js:82
[  146225ms] [LOG] [WS] 🗺️ Broadcast recibido. Avatares: 1 [Hijo Test(2)] @ https://jimsimrodev.github.io/pequenos-sanos/assets/index-C7AoTPzR.js:82
[  146251ms] [LOG] [WS] 🗺️ Broadcast recibido. Avatares: 1 [Hijo Test(2)] @ https://jimsimrodev.github.io/pequenos-sanos/assets/index-C7AoTPzR.js:82
[  146276ms] [LOG] [WS] 🗺️ Broadcast recibido. Avatares: 1 [Hijo Test(2)] @ https://jimsimrodev.github.io/pequenos-sanos/assets/index-C7AoTPzR.js:82
[  146331ms] [LOG] [WS] 🗺️ Broadcast recibido. Avatares: 1 [Hijo Test(2)] @ https://jimsimrodev.github.io/pequenos-sanos/assets/index-C7AoTPzR.js:82
[  146353ms] [LOG] [WS] 🗺️ Broadcast recibido. Avatares: 1 [Hijo Test(2)] @ https://jimsimrodev.github.io/pequenos-sanos/assets/index-C7AoTPzR.js:82
[  146397ms] [LOG] [WS] 🗺️ Broadcast recibido. Avatares: 1 [Hijo Test(2)] @ https://jimsimrodev.github.io/pequenos-sanos/assets/index-C7AoTPzR.js:82
[  146423ms] [LOG] [WS] 🗺️ Broadcast recibido. Avatares: 1 [Hijo Test(2)] @ https://jimsimrodev.github.io/pequenos-sanos/assets/index-C7AoTPzR.js:82
[  146450ms] [LOG] [WS] 🗺️ Broadcast recibido. Avatares: 1 [Hijo Test(2)] @ https://jimsimrodev.github.io/pequenos-sanos/assets/index-C7AoTPzR.js:82
[  146475ms] [LOG] [WS] 🗺️ Broadcast recibido. Avatares: 1 [Hijo Test(2)] @ https://jimsimrodev.github.io/pequenos-sanos/assets/index-C7AoTPzR.js:82
[  146529ms] [LOG] [WS] 🗺️ Broadcast recibido. Avatares: 1 [Hijo Test(2)] @ https://jimsimrodev.github.io/pequenos-sanos/assets/index-C7AoTPzR.js:82
[  146550ms] [LOG] [WS] 🗺️ Broadcast recibido. Avatares: 1 [Hijo Test(2)] @ https://jimsimrodev.github.io/pequenos-sanos/assets/index-C7AoTPzR.js:82
[  146588ms] [LOG] [WS] 🗺️ Broadcast recibido. Avatares: 1 [Hijo Test(2)] @ https://jimsimrodev.github.io/pequenos-sanos/assets/index-C7AoTPzR.js:82
[  146613ms] [LOG] [WS] 🗺️ Broadcast recibido. Avatares: 1 [Hijo Test(2)] @ https://jimsimrodev.github.io/pequenos-sanos/assets/index-C7AoTPzR.js:82
[  146672ms] [LOG] [WS] 🗺️ Broadcast recibido. Avatares: 1 [Hijo Test(2)] @ https://jimsimrodev.github.io/pequenos-sanos/assets/index-C7AoTPzR.js:82
[  146701ms] [LOG] [WS] 🗺️ Broadcast recibido. Avatares: 1 [Hijo Test(2)] @ https://jimsimrodev.github.io/pequenos-sanos/assets/index-C7AoTPzR.js:82
[  146725ms] [LOG] [WS] 🗺️ Broadcast recibido. Avatares: 1 [Hijo Test(2)] @ https://jimsimrodev.github.io/pequenos-sanos/assets/index-C7AoTPzR.js:82
[  146756ms] [LOG] [WS] 🗺️ Broadcast recibido. Avatares: 1 [Hijo Test(2)] @ https://jimsimrodev.github.io/pequenos-sanos/assets/index-C7AoTPzR.js:82
[  146787ms] [LOG] [WS] 🗺️ Broadcast recibido. Avatares: 1 [Hijo Test(2)] @ https://jimsimrodev.github.io/pequenos-sanos/assets/index-C7AoTPzR.js:82
[  146814ms] [LOG] [WS] 🗺️ Broadcast recibido. Avatares: 1 [Hijo Test(2)] @ https://jimsimrodev.github.io/pequenos-sanos/assets/index-C7AoTPzR.js:82
[  146860ms] [LOG] [WS] 🗺️ Broadcast recibido. Avatares: 1 [Hijo Test(2)] @ https://jimsimrodev.github.io/pequenos-sanos/assets/index-C7AoTPzR.js:82
[  146885ms] [LOG] [WS] 🗺️ Broadcast recibido. Avatares: 1 [Hijo Test(2)] @ https://jimsimrodev.github.io/pequenos-sanos/assets/index-C7AoTPzR.js:82
[  146919ms] [LOG] [WS] 🗺️ Broadcast recibido. Avatares: 1 [Hijo Test(2)] @ https://jimsimrodev.github.io/pequenos-sanos/assets/index-C7AoTPzR.js:82
[  146951ms] [LOG] [WS] 🗺️ Broadcast recibido. Avatares: 1 [Hijo Test(2)] @ https://jimsimrodev.github.io/pequenos-sanos/assets/index-C7AoTPzR.js:82
[  146980ms] [LOG] [WS] 🗺️ Broadcast recibido. Avatares: 1 [Hijo Test(2)] @ https://jimsimrodev.github.io/pequenos-sanos/assets/index-C7AoTPzR.js:82
[  147019ms] [LOG] [WS] 🗺️ Broadcast recibido. Avatares: 1 [Hijo Test(2)] @ https://jimsimrodev.github.io/pequenos-sanos/assets/index-C7AoTPzR.js:82
[  147053ms] [LOG] [WS] 🗺️ Broadcast recibido. Avatares: 1 [Hijo Test(2)] @ https://jimsimrodev.github.io/pequenos-sanos/assets/index-C7AoTPzR.js:82
[  147085ms] [LOG] [WS] 🗺️ Broadcast recibido. Avatares: 1 [Hijo Test(2)] @ https://jimsimrodev.github.io/pequenos-sanos/assets/index-C7AoTPzR.js:82
[  147110ms] [LOG] [WS] 🗺️ Broadcast recibido. Avatares: 1 [Hijo Test(2)] @ https://jimsimrodev.github.io/pequenos-sanos/assets/index-C7AoTPzR.js:82
[  147140ms] [LOG] [WS] 🗺️ Broadcast recibido. Avatares: 1 [Hijo Test(2)] @ https://jimsimrodev.github.io/pequenos-sanos/assets/index-C7AoTPzR.js:82
[  147191ms] [LOG] [WS] 🗺️ Broadcast recibido. Avatares: 1 [Hijo Test(2)] @ https://jimsimrodev.github.io/pequenos-sanos/assets/index-C7AoTPzR.js:82
[  147222ms] [LOG] [WS] 🗺️ Broadcast recibido. Avatares: 1 [Hijo Test(2)] @ https://jimsimrodev.github.io/pequenos-sanos/assets/index-C7AoTPzR.js:82
[  147248ms] [LOG] [WS] 🗺️ Broadcast recibido. Avatares: 1 [Hijo Test(2)] @ https://jimsimrodev.github.io/pequenos-sanos/assets/index-C7AoTPzR.js:82
[  147273ms] [LOG] [WS] 🗺️ Broadcast recibido. Avatares: 1 [Hijo Test(2)] @ https://jimsimrodev.github.io/pequenos-sanos/assets/index-C7AoTPzR.js:82
[  147308ms] [LOG] [WS] 🗺️ Broadcast recibido. Avatares: 1 [Hijo Test(2)] @ https://jimsimrodev.github.io/pequenos-sanos/assets/index-C7AoTPzR.js:82
[  147353ms] [LOG] [WS] 🗺️ Broadcast recibido. Avatares: 1 [Hijo Test(2)] @ https://jimsimrodev.github.io/pequenos-sanos/assets/index-C7AoTPzR.js:82
[  147385ms] [LOG] [WS] 🗺️ Broadcast recibido. Avatares: 1 [Hijo Test(2)] @ https://jimsimrodev.github.io/pequenos-sanos/assets/index-C7AoTPzR.js:82
[  147413ms] [LOG] [WS] 🗺️ Broadcast recibido. Avatares: 1 [Hijo Test(2)] @ https://jimsimrodev.github.io/pequenos-sanos/assets/index-C7AoTPzR.js:82
[  147437ms] [LOG] [WS] 🗺️ Broadcast recibido. Avatares: 1 [Hijo Test(2)] @ https://jimsimrodev.github.io/pequenos-sanos/assets/index-C7AoTPzR.js:82
[  147483ms] [LOG] [WS] 🗺️ Broadcast recibido. Avatares: 1 [Hijo Test(2)] @ https://jimsimrodev.github.io/pequenos-sanos/assets/index-C7AoTPzR.js:82
[  147555ms] [LOG] [WS] 🗺️ Broadcast recibido. Avatares: 1 [Hijo Test(2)] @ https://jimsimrodev.github.io/pequenos-sanos/assets/index-C7AoTPzR.js:82
[  147580ms] [LOG] [WS] 🗺️ Broadcast recibido. Avatares: 1 [Hijo Test(2)] @ https://jimsimrodev.github.io/pequenos-sanos/assets/index-C7AoTPzR.js:82
[  147623ms] [LOG] [WS] 🗺️ Broadcast recibido. Avatares: 1 [Hijo Test(2)] @ https://jimsimrodev.github.io/pequenos-sanos/assets/index-C7AoTPzR.js:82
[  147643ms] [LOG] [WS] 🗺️ Broadcast recibido. Avatares: 1 [Hijo Test(2)] @ https://jimsimrodev.github.io/pequenos-sanos/assets/index-C7AoTPzR.js:82
[  147669ms] [LOG] [WS] 🗺️ Broadcast recibido. Avatares: 1 [Hijo Test(2)] @ https://jimsimrodev.github.io/pequenos-sanos/assets/index-C7AoTPzR.js:82
[  147694ms] [LOG] [WS] 🗺️ Broadcast recibido. Avatares: 1 [Hijo Test(2)] @ https://jimsimrodev.github.io/pequenos-sanos/assets/index-C7AoTPzR.js:82
[  147748ms] [LOG] [WS] 🗺️ Broadcast recibido. Avatares: 1 [Hijo Test(2)] @ https://jimsimrodev.github.io/pequenos-sanos/assets/index-C7AoTPzR.js:82
[  147771ms] [LOG] [WS] 🗺️ Broadcast recibido. Avatares: 1 [Hijo Test(2)] @ https://jimsimrodev.github.io/pequenos-sanos/assets/index-C7AoTPzR.js:82
[  147821ms] [LOG] [WS] 🗺️ Broadcast recibido. Avatares: 1 [Hijo Test(2)] @ https://jimsimrodev.github.io/pequenos-sanos/assets/index-C7AoTPzR.js:82
[  147844ms] [LOG] [WS] 🗺️ Broadcast recibido. Avatares: 1 [Hijo Test(2)] @ https://jimsimrodev.github.io/pequenos-sanos/assets/index-C7AoTPzR.js:82
[  147895ms] [LOG] [WS] 🗺️ Broadcast recibido. Avatares: 1 [Hijo Test(2)] @ https://jimsimrodev.github.io/pequenos-sanos/assets/index-C7AoTPzR.js:82
[  147921ms] [LOG] [WS] 🗺️ Broadcast recibido. Avatares: 1 [Hijo Test(2)] @ https://jimsimrodev.github.io/pequenos-sanos/assets/index-C7AoTPzR.js:82
[  147961ms] [LOG] [WS] 🗺️ Broadcast recibido. Avatares: 1 [Hijo Test(2)] @ https://jimsimrodev.github.io/pequenos-sanos/assets/index-C7AoTPzR.js:82
[  147986ms] [LOG] [WS] 🗺️ Broadcast recibido. Avatares: 1 [Hijo Test(2)] @ https://jimsimrodev.github.io/pequenos-sanos/assets/index-C7AoTPzR.js:82
[  148031ms] [LOG] [WS] 🗺️ Broadcast recibido. Avatares: 1 [Hijo Test(2)] @ https://jimsimrodev.github.io/pequenos-sanos/assets/index-C7AoTPzR.js:82
[  148055ms] [LOG] [WS] 🗺️ Broadcast recibido. Avatares: 1 [Hijo Test(2)] @ https://jimsimrodev.github.io/pequenos-sanos/assets/index-C7AoTPzR.js:82
[  148098ms] [LOG] [WS] 🗺️ Broadcast recibido. Avatares: 1 [Hijo Test(2)] @ https://jimsimrodev.github.io/pequenos-sanos/assets/index-C7AoTPzR.js:82
[  148129ms] [LOG] [WS] 🗺️ Broadcast recibido. Avatares: 1 [Hijo Test(2)] @ https://jimsimrodev.github.io/pequenos-sanos/assets/index-C7AoTPzR.js:82
[  148154ms] [LOG] [WS] 🗺️ Broadcast recibido. Avatares: 1 [Hijo Test(2)] @ https://jimsimrodev.github.io/pequenos-sanos/assets/index-C7AoTPzR.js:82
[  148155ms] [LOG] [WS] 🗺️ Broadcast recibido. Avatares: 1 [Hijo Test(2)] @ https://jimsimrodev.github.io/pequenos-sanos/assets/index-C7AoTPzR.js:82
[  148183ms] [LOG] [WS] 🗺️ Broadcast recibido. Avatares: 1 [Hijo Test(2)] @ https://jimsimrodev.github.io/pequenos-sanos/assets/index-C7AoTPzR.js:82
[  148204ms] [LOG] [WS] 🗺️ Broadcast recibido. Avatares: 1 [Hijo Test(2)] @ https://jimsimrodev.github.io/pequenos-sanos/assets/index-C7AoTPzR.js:82
[  148227ms] [LOG] [WS] 🗺️ Broadcast recibido. Avatares: 1 [Hijo Test(2)] @ https://jimsimrodev.github.io/pequenos-sanos/assets/index-C7AoTPzR.js:82
[  148257ms] [LOG] [WS] 🗺️ Broadcast recibido. Avatares: 1 [Hijo Test(2)] @ https://jimsimrodev.github.io/pequenos-sanos/assets/index-C7AoTPzR.js:82
[  148308ms] [LOG] [WS] 🗺️ Broadcast recibido. Avatares: 1 [Hijo Test(2)] @ https://jimsimrodev.github.io/pequenos-sanos/assets/index-C7AoTPzR.js:82
[  148332ms] [LOG] [WS] 🗺️ Broadcast recibido. Avatares: 1 [Hijo Test(2)] @ https://jimsimrodev.github.io/pequenos-sanos/assets/index-C7AoTPzR.js:82
[  148372ms] [LOG] [WS] 🗺️ Broadcast recibido. Avatares: 1 [Hijo Test(2)] @ https://jimsimrodev.github.io/pequenos-sanos/assets/index-C7AoTPzR.js:82
[  148400ms] [LOG] [WS] 🗺️ Broadcast recibido. Avatares: 1 [Hijo Test(2)] @ https://jimsimrodev.github.io/pequenos-sanos/assets/index-C7AoTPzR.js:82
[  148429ms] [LOG] [WS] 🗺️ Broadcast recibido. Avatares: 1 [Hijo Test(2)] @ https://jimsimrodev.github.io/pequenos-sanos/assets/index-C7AoTPzR.js:82
[  148476ms] [LOG] [WS] 🗺️ Broadcast recibido. Avatares: 1 [Hijo Test(2)] @ https://jimsimrodev.github.io/pequenos-sanos/assets/index-C7AoTPzR.js:82
[  148500ms] [LOG] [WS] 🗺️ Broadcast recibido. Avatares: 1 [Hijo Test(2)] @ https://jimsimrodev.github.io/pequenos-sanos/assets/index-C7AoTPzR.js:82
[  148523ms] [LOG] [WS] 🗺️ Broadcast recibido. Avatares: 1 [Hijo Test(2)] @ https://jimsimrodev.github.io/pequenos-sanos/assets/index-C7AoTPzR.js:82
[  148566ms] [LOG] [WS] 🗺️ Broadcast recibido. Avatares: 1 [Hijo Test(2)] @ https://jimsimrodev.github.io/pequenos-sanos/assets/index-C7AoTPzR.js:82
[  148588ms] [LOG] [WS] 🗺️ Broadcast recibido. Avatares: 1 [Hijo Test(2)] @ https://jimsimrodev.github.io/pequenos-sanos/assets/index-C7AoTPzR.js:82
[  148637ms] [LOG] [WS] 🗺️ Broadcast recibido. Avatares: 1 [Hijo Test(2)] @ https://jimsimrodev.github.io/pequenos-sanos/assets/index-C7AoTPzR.js:82
[  148656ms] [LOG] [WS] 🗺️ Broadcast recibido. Avatares: 1 [Hijo Test(2)] @ https://jimsimrodev.github.io/pequenos-sanos/assets/index-C7AoTPzR.js:82
[  148712ms] [LOG] [WS] 🗺️ Broadcast recibido. Avatares: 1 [Hijo Test(2)] @ https://jimsimrodev.github.io/pequenos-sanos/assets/index-C7AoTPzR.js:82
[  148737ms] [LOG] [WS] 🗺️ Broadcast recibido. Avatares: 1 [Hijo Test(2)] @ https://jimsimrodev.github.io/pequenos-sanos/assets/index-C7AoTPzR.js:82
[  148761ms] [LOG] [WS] 🗺️ Broadcast recibido. Avatares: 1 [Hijo Test(2)] @ https://jimsimrodev.github.io/pequenos-sanos/assets/index-C7AoTPzR.js:82
[  148807ms] [LOG] [WS] 🗺️ Broadcast recibido. Avatares: 1 [Hijo Test(2)] @ https://jimsimrodev.github.io/pequenos-sanos/assets/index-C7AoTPzR.js:82
[  148831ms] [LOG] [WS] 🗺️ Broadcast recibido. Avatares: 1 [Hijo Test(2)] @ https://jimsimrodev.github.io/pequenos-sanos/assets/index-C7AoTPzR.js:82
[  148854ms] [LOG] [WS] 🗺️ Broadcast recibido. Avatares: 1 [Hijo Test(2)] @ https://jimsimrodev.github.io/pequenos-sanos/assets/index-C7AoTPzR.js:82
[  148890ms] [LOG] [WS] 🗺️ Broadcast recibido. Avatares: 1 [Hijo Test(2)] @ https://jimsimrodev.github.io/pequenos-sanos/assets/index-C7AoTPzR.js:82
[  148937ms] [LOG] [WS] 🗺️ Broadcast recibido. Avatares: 1 [Hijo Test(2)] @ https://jimsimrodev.github.io/pequenos-sanos/assets/index-C7AoTPzR.js:82
[  148960ms] [LOG] [WS] 🗺️ Broadcast recibido. Avatares: 1 [Hijo Test(2)] @ https://jimsimrodev.github.io/pequenos-sanos/assets/index-C7AoTPzR.js:82
[  149014ms] [LOG] [WS] 🗺️ Broadcast recibido. Avatares: 1 [Hijo Test(2)] @ https://jimsimrodev.github.io/pequenos-sanos/assets/index-C7AoTPzR.js:82
[  149038ms] [LOG] [WS] 🗺️ Broadcast recibido. Avatares: 1 [Hijo Test(2)] @ https://jimsimrodev.github.io/pequenos-sanos/assets/index-C7AoTPzR.js:82
[  149068ms] [LOG] [WS] 🗺️ Broadcast recibido. Avatares: 1 [Hijo Test(2)] @ https://jimsimrodev.github.io/pequenos-sanos/assets/index-C7AoTPzR.js:82
[  149092ms] [LOG] [WS] 🗺️ Broadcast recibido. Avatares: 1 [Hijo Test(2)] @ https://jimsimrodev.github.io/pequenos-sanos/assets/index-C7AoTPzR.js:82
[  149130ms] [LOG] [WS] 🗺️ Broadcast recibido. Avatares: 1 [Hijo Test(2)] @ https://jimsimrodev.github.io/pequenos-sanos/assets/index-C7AoTPzR.js:82
[  149156ms] [LOG] [WS] 🗺️ Broadcast recibido. Avatares: 1 [Hijo Test(2)] @ https://jimsimrodev.github.io/pequenos-sanos/assets/index-C7AoTPzR.js:82
[  149196ms] [LOG] [WS] 🗺️ Broadcast recibido. Avatares: 1 [Hijo Test(2)] @ https://jimsimrodev.github.io/pequenos-sanos/assets/index-C7AoTPzR.js:82
[  149222ms] [LOG] [WS] 🗺️ Broadcast recibido. Avatares: 1 [Hijo Test(2)] @ https://jimsimrodev.github.io/pequenos-sanos/assets/index-C7AoTPzR.js:82
[  149248ms] [LOG] [WS] 🗺️ Broadcast recibido. Avatares: 1 [Hijo Test(2)] @ https://jimsimrodev.github.io/pequenos-sanos/assets/index-C7AoTPzR.js:82
[  149295ms] [LOG] [WS] 🗺️ Broadcast recibido. Avatares: 1 [Hijo Test(2)] @ https://jimsimrodev.github.io/pequenos-sanos/assets/index-C7AoTPzR.js:82
[  149325ms] [LOG] [WS] 🗺️ Broadcast recibido. Avatares: 1 [Hijo Test(2)] @ https://jimsimrodev.github.io/pequenos-sanos/assets/index-C7AoTPzR.js:82
[  149352ms] [LOG] [WS] 🗺️ Broadcast recibido. Avatares: 1 [Hijo Test(2)] @ https://jimsimrodev.github.io/pequenos-sanos/assets/index-C7AoTPzR.js:82
[  149399ms] [LOG] [WS] 🗺️ Broadcast recibido. Avatares: 1 [Hijo Test(2)] @ https://jimsimrodev.github.io/pequenos-sanos/assets/index-C7AoTPzR.js:82
[  149424ms] [LOG] [WS] 🗺️ Broadcast recibido. Avatares: 1 [Hijo Test(2)] @ https://jimsimrodev.github.io/pequenos-sanos/assets/index-C7AoTPzR.js:82
[  149450ms] [LOG] [WS] 🗺️ Broadcast recibido. Avatares: 1 [Hijo Test(2)] @ https://jimsimrodev.github.io/pequenos-sanos/assets/index-C7AoTPzR.js:82
[  149477ms] [LOG] [WS] 🗺️ Broadcast recibido. Avatares: 1 [Hijo Test(2)] @ https://jimsimrodev.github.io/pequenos-sanos/assets/index-C7AoTPzR.js:82
[  149536ms] [LOG] [WS] 🗺️ Broadcast recibido. Avatares: 1 [Hijo Test(2)] @ https://jimsimrodev.github.io/pequenos-sanos/assets/index-C7AoTPzR.js:82
[  149559ms] [LOG] [WS] 🗺️ Broadcast recibido. Avatares: 1 [Hijo Test(2)] @ https://jimsimrodev.github.io/pequenos-sanos/assets/index-C7AoTPzR.js:82
[  149597ms] [LOG] [WS] 🗺️ Broadcast recibido. Avatares: 1 [Hijo Test(2)] @ https://jimsimrodev.github.io/pequenos-sanos/assets/index-C7AoTPzR.js:82
[  149618ms] [LOG] [WS] 🗺️ Broadcast recibido. Avatares: 1 [Hijo Test(2)] @ https://jimsimrodev.github.io/pequenos-sanos/assets/index-C7AoTPzR.js:82
[  149653ms] [LOG] [WS] 🗺️ Broadcast recibido. Avatares: 1 [Hijo Test(2)] @ https://jimsimrodev.github.io/pequenos-sanos/assets/index-C7AoTPzR.js:82
[  149677ms] [LOG] [WS] 🗺️ Broadcast recibido. Avatares: 1 [Hijo Test(2)] @ https://jimsimrodev.github.io/pequenos-sanos/assets/index-C7AoTPzR.js:82
[  149711ms] [LOG] [WS] 🗺️ Broadcast recibido. Avatares: 1 [Hijo Test(2)] @ https://jimsimrodev.github.io/pequenos-sanos/assets/index-C7AoTPzR.js:82
[  149747ms] [LOG] [WS] 🗺️ Broadcast recibido. Avatares: 1 [Hijo Test(2)] @ https://jimsimrodev.github.io/pequenos-sanos/assets/index-C7AoTPzR.js:82
[  149778ms] [LOG] [WS] 🗺️ Broadcast recibido. Avatares: 1 [Hijo Test(2)] @ https://jimsimrodev.github.io/pequenos-sanos/assets/index-C7AoTPzR.js:82
[  149840ms] [LOG] [WS] 🗺️ Broadcast recibido. Avatares: 1 [Hijo Test(2)] @ https://jimsimrodev.github.io/pequenos-sanos/assets/index-C7AoTPzR.js:82
[  149867ms] [LOG] [WS] 🗺️ Broadcast recibido. Avatares: 1 [Hijo Test(2)] @ https://jimsimrodev.github.io/pequenos-sanos/assets/index-C7AoTPzR.js:82
[  149895ms] [LOG] [WS] 🗺️ Broadcast recibido. Avatares: 1 [Hijo Test(2)] @ https://jimsimrodev.github.io/pequenos-sanos/assets/index-C7AoTPzR.js:82
[  149924ms] [LOG] [WS] 🗺️ Broadcast recibido. Avatares: 1 [Hijo Test(2)] @ https://jimsimrodev.github.io/pequenos-sanos/assets/index-C7AoTPzR.js:82
[  149950ms] [LOG] [WS] 🗺️ Broadcast recibido. Avatares: 1 [Hijo Test(2)] @ https://jimsimrodev.github.io/pequenos-sanos/assets/index-C7AoTPzR.js:82
[  149992ms] [LOG] [WS] 🗺️ Broadcast recibido. Avatares: 1 [Hijo Test(2)] @ https://jimsimrodev.github.io/pequenos-sanos/assets/index-C7AoTPzR.js:82
[  150017ms] [LOG] [WS] 🗺️ Broadcast recibido. Avatares: 1 [Hijo Test(2)] @ https://jimsimrodev.github.io/pequenos-sanos/assets/index-C7AoTPzR.js:82
[  150041ms] [LOG] [WS] 🗺️ Broadcast recibido. Avatares: 1 [Hijo Test(2)] @ https://jimsimrodev.github.io/pequenos-sanos/assets/index-C7AoTPzR.js:82
[  150086ms] [LOG] [WS] 🗺️ Broadcast recibido. Avatares: 1 [Hijo Test(2)] @ https://jimsimrodev.github.io/pequenos-sanos/assets/index-C7AoTPzR.js:82
[  150107ms] [LOG] [WS] 🗺️ Broadcast recibido. Avatares: 1 [Hijo Test(2)] @ https://jimsimrodev.github.io/pequenos-sanos/assets/index-C7AoTPzR.js:82
[  150160ms] [LOG] [WS] 🗺️ Broadcast recibido. Avatares: 1 [Hijo Test(2)] @ https://jimsimrodev.github.io/pequenos-sanos/assets/index-C7AoTPzR.js:82
[  150187ms] [LOG] [WS] 🗺️ Broadcast recibido. Avatares: 1 [Hijo Test(2)] @ https://jimsimrodev.github.io/pequenos-sanos/assets/index-C7AoTPzR.js:82
[  150214ms] [LOG] [WS] 🗺️ Broadcast recibido. Avatares: 1 [Hijo Test(2)] @ https://jimsimrodev.github.io/pequenos-sanos/assets/index-C7AoTPzR.js:82
[  150239ms] [LOG] [WS] 🗺️ Broadcast recibido. Avatares: 1 [Hijo Test(2)] @ https://jimsimrodev.github.io/pequenos-sanos/assets/index-C7AoTPzR.js:82
[  150289ms] [LOG] [WS] 🗺️ Broadcast recibido. Avatares: 1 [Hijo Test(2)] @ https://jimsimrodev.github.io/pequenos-sanos/assets/index-C7AoTPzR.js:82
[  150313ms] [LOG] [WS] 🗺️ Broadcast recibido. Avatares: 1 [Hijo Test(2)] @ https://jimsimrodev.github.io/pequenos-sanos/assets/index-C7AoTPzR.js:82
[  150341ms] [LOG] [WS] 🗺️ Broadcast recibido. Avatares: 1 [Hijo Test(2)] @ https://jimsimrodev.github.io/pequenos-sanos/assets/index-C7AoTPzR.js:82
[  150393ms] [LOG] [WS] 🗺️ Broadcast recibido. Avatares: 1 [Hijo Test(2)] @ https://jimsimrodev.github.io/pequenos-sanos/assets/index-C7AoTPzR.js:82
[  150423ms] [LOG] [WS] 🗺️ Broadcast recibido. Avatares: 1 [Hijo Test(2)] @ https://jimsimrodev.github.io/pequenos-sanos/assets/index-C7AoTPzR.js:82
[  150451ms] [LOG] [WS] 🗺️ Broadcast recibido. Avatares: 1 [Hijo Test(2)] @ https://jimsimrodev.github.io/pequenos-sanos/assets/index-C7AoTPzR.js:82
[  150476ms] [LOG] [WS] 🗺️ Broadcast recibido. Avatares: 1 [Hijo Test(2)] @ https://jimsimrodev.github.io/pequenos-sanos/assets/index-C7AoTPzR.js:82
[  150503ms] [LOG] [WS] 🗺️ Broadcast recibido. Avatares: 1 [Hijo Test(2)] @ https://jimsimrodev.github.io/pequenos-sanos/assets/index-C7AoTPzR.js:82
[  150557ms] [LOG] [WS] 🗺️ Broadcast recibido. Avatares: 1 [Hijo Test(2)] @ https://jimsimrodev.github.io/pequenos-sanos/assets/index-C7AoTPzR.js:82
[  150592ms] [LOG] [WS] 🗺️ Broadcast recibido. Avatares: 1 [Hijo Test(2)] @ https://jimsimrodev.github.io/pequenos-sanos/assets/index-C7AoTPzR.js:82
[  150622ms] [LOG] [WS] 🗺️ Broadcast recibido. Avatares: 1 [Hijo Test(2)] @ https://jimsimrodev.github.io/pequenos-sanos/assets/index-C7AoTPzR.js:82
[  150650ms] [LOG] [WS] 🗺️ Broadcast recibido. Avatares: 1 [Hijo Test(2)] @ https://jimsimrodev.github.io/pequenos-sanos/assets/index-C7AoTPzR.js:82
[  150680ms] [LOG] [WS] 🗺️ Broadcast recibido. Avatares: 1 [Hijo Test(2)] @ https://jimsimrodev.github.io/pequenos-sanos/assets/index-C7AoTPzR.js:82
[  150722ms] [LOG] [WS] 🗺️ Broadcast recibido. Avatares: 1 [Hijo Test(2)] @ https://jimsimrodev.github.io/pequenos-sanos/assets/index-C7AoTPzR.js:82
[  150760ms] [LOG] [WS] 🗺️ Broadcast recibido. Avatares: 1 [Hijo Test(2)] @ https://jimsimrodev.github.io/pequenos-sanos/assets/index-C7AoTPzR.js:82
[  150796ms] [LOG] [WS] 🗺️ Broadcast recibido. Avatares: 1 [Hijo Test(2)] @ https://jimsimrodev.github.io/pequenos-sanos/assets/index-C7AoTPzR.js:82
[  150824ms] [LOG] [WS] 🗺️ Broadcast recibido. Avatares: 1 [Hijo Test(2)] @ https://jimsimrodev.github.io/pequenos-sanos/assets/index-C7AoTPzR.js:82
[  150855ms] [LOG] [WS] 🗺️ Broadcast recibido. Avatares: 1 [Hijo Test(2)] @ https://jimsimrodev.github.io/pequenos-sanos/assets/index-C7AoTPzR.js:82
[  150892ms] [LOG] [WS] 🗺️ Broadcast recibido. Avatares: 1 [Hijo Test(2)] @ https://jimsimrodev.github.io/pequenos-sanos/assets/index-C7AoTPzR.js:82
[  150923ms] [LOG] [WS] 🗺️ Broadcast recibido. Avatares: 1 [Hijo Test(2)] @ https://jimsimrodev.github.io/pequenos-sanos/assets/index-C7AoTPzR.js:82
[  150959ms] [LOG] [WS] 🗺️ Broadcast recibido. Avatares: 1 [Hijo Test(2)] @ https://jimsimrodev.github.io/pequenos-sanos/assets/index-C7AoTPzR.js:82
[  150993ms] [LOG] [WS] 🗺️ Broadcast recibido. Avatares: 1 [Hijo Test(2)] @ https://jimsimrodev.github.io/pequenos-sanos/assets/index-C7AoTPzR.js:82
[  151030ms] [LOG] [WS] 🗺️ Broadcast recibido. Avatares: 1 [Hijo Test(2)] @ https://jimsimrodev.github.io/pequenos-sanos/assets/index-C7AoTPzR.js:82
[  151063ms] [LOG] [WS] 🗺️ Broadcast recibido. Avatares: 1 [Hijo Test(2)] @ https://jimsimrodev.github.io/pequenos-sanos/assets/index-C7AoTPzR.js:82
[  151108ms] [LOG] [WS] 🗺️ Broadcast recibido. Avatares: 1 [Hijo Test(2)] @ https://jimsimrodev.github.io/pequenos-sanos/assets/index-C7AoTPzR.js:82
[  151151ms] [LOG] [WS] 🗺️ Broadcast recibido. Avatares: 1 [Hijo Test(2)] @ https://jimsimrodev.github.io/pequenos-sanos/assets/index-C7AoTPzR.js:82
[  151185ms] [LOG] [WS] 🗺️ Broadcast recibido. Avatares: 1 [Hijo Test(2)] @ https://jimsimrodev.github.io/pequenos-sanos/assets/index-C7AoTPzR.js:82
[  151221ms] [LOG] [WS] 🗺️ Broadcast recibido. Avatares: 1 [Hijo Test(2)] @ https://jimsimrodev.github.io/pequenos-sanos/assets/index-C7AoTPzR.js:82
[  151248ms] [LOG] [WS] 🗺️ Broadcast recibido. Avatares: 1 [Hijo Test(2)] @ https://jimsimrodev.github.io/pequenos-sanos/assets/index-C7AoTPzR.js:82
[  151277ms] [LOG] [WS] 🗺️ Broadcast recibido. Avatares: 1 [Hijo Test(2)] @ https://jimsimrodev.github.io/pequenos-sanos/assets/index-C7AoTPzR.js:82
[  151307ms] [LOG] [WS] 🗺️ Broadcast recibido. Avatares: 1 [Hijo Test(2)] @ https://jimsimrodev.github.io/pequenos-sanos/assets/index-C7AoTPzR.js:82
[  151338ms] [LOG] [WS] 🗺️ Broadcast recibido. Avatares: 1 [Hijo Test(2)] @ https://jimsimrodev.github.io/pequenos-sanos/assets/index-C7AoTPzR.js:82
[  151366ms] [LOG] [WS] 🗺️ Broadcast recibido. Avatares: 1 [Hijo Test(2)] @ https://jimsimrodev.github.io/pequenos-sanos/assets/index-C7AoTPzR.js:82
[  151393ms] [LOG] [WS] 🗺️ Broadcast recibido. Avatares: 1 [Hijo Test(2)] @ https://jimsimrodev.github.io/pequenos-sanos/assets/index-C7AoTPzR.js:82
[  151413ms] [LOG] [WS] 🗺️ Broadcast recibido. Avatares: 1 [Hijo Test(2)] @ https://jimsimrodev.github.io/pequenos-sanos/assets/index-C7AoTPzR.js:82
[  151442ms] [LOG] [WS] 🗺️ Broadcast recibido. Avatares: 1 [Hijo Test(2)] @ https://jimsimrodev.github.io/pequenos-sanos/assets/index-C7AoTPzR.js:82
[  151472ms] [LOG] [WS] 🗺️ Broadcast recibido. Avatares: 1 [Hijo Test(2)] @ https://jimsimrodev.github.io/pequenos-sanos/assets/index-C7AoTPzR.js:82
[  151500ms] [LOG] [WS] 🗺️ Broadcast recibido. Avatares: 1 [Hijo Test(2)] @ https://jimsimrodev.github.io/pequenos-sanos/assets/index-C7AoTPzR.js:82
[  151527ms] [LOG] [WS] 🗺️ Broadcast recibido. Avatares: 1 [Hijo Test(2)] @ https://jimsimrodev.github.io/pequenos-sanos/assets/index-C7AoTPzR.js:82
[  151560ms] [LOG] [WS] 🗺️ Broadcast recibido. Avatares: 1 [Hijo Test(2)] @ https://jimsimrodev.github.io/pequenos-sanos/assets/index-C7AoTPzR.js:82
[  151615ms] [LOG] [WS] 🗺️ Broadcast recibido. Avatares: 1 [Hijo Test(2)] @ https://jimsimrodev.github.io/pequenos-sanos/assets/index-C7AoTPzR.js:82
[  151644ms] [LOG] [WS] 🗺️ Broadcast recibido. Avatares: 1 [Hijo Test(2)] @ https://jimsimrodev.github.io/pequenos-sanos/assets/index-C7AoTPzR.js:82
[  151677ms] [LOG] [WS] 🗺️ Broadcast recibido. Avatares: 1 [Hijo Test(2)] @ https://jimsimrodev.github.io/pequenos-sanos/assets/index-C7AoTPzR.js:82
[  151715ms] [LOG] [WS] 🗺️ Broadcast recibido. Avatares: 1 [Hijo Test(2)] @ https://jimsimrodev.github.io/pequenos-sanos/assets/index-C7AoTPzR.js:82
[  151743ms] [LOG] [WS] 🗺️ Broadcast recibido. Avatares: 1 [Hijo Test(2)] @ https://jimsimrodev.github.io/pequenos-sanos/assets/index-C7AoTPzR.js:82
