[     116ms] [VERBOSE] [DOM] Input elements should have autocomplete attributes (suggested: "current-password"): (More info: https://goo.gl/9p2vKq) %o @ https://jimsimrodev.github.io/pequenos-sanos/#/register:0
[   64438ms] [VERBOSE] [DOM] Input elements should have autocomplete attributes (suggested: "current-password"): (More info: https://goo.gl/9p2vKq) %o @ https://jimsimrodev.github.io/pequenos-sanos/#/login:0
[  197439ms] [LOG] %c %c %c %c %c Phaser v3.90.0 (WebGL | Web Audio) %c https://phaser.io/v390 background: #ff0000 background: #ffff00 background: #00ff00 background: #00ffff color: #ffffff; background: #000000 background: transparent @ https://jimsimrodev.github.io/pequenos-sanos/assets/index-C7AoTPzR.js:543
[  198011ms] [WARNING] [.WebGL-0x210400168a00]GL Driver Message (OpenGL, Performance, GL_CLOSE_PATH_NV, High): GPU stall due to ReadPixels @ https://jimsimrodev.github.io/pequenos-sanos/#/game/2:0
[  198017ms] [WARNING] [.WebGL-0x210400168a00]GL Driver Message (OpenGL, Performance, GL_CLOSE_PATH_NV, High): GPU stall due to ReadPixels @ https://jimsimrodev.github.io/pequenos-sanos/#/game/2:0
[  198065ms] [WARNING] [.WebGL-0x210400168a00]GL Driver Message (OpenGL, Performance, GL_CLOSE_PATH_NV, High): GPU stall due to ReadPixels @ https://jimsimrodev.github.io/pequenos-sanos/#/game/2:0
[  198108ms] [WARNING] [.WebGL-0x210400168a00]GL Driver Message (OpenGL, Performance, GL_CLOSE_PATH_NV, High): GPU stall due to ReadPixels (this message will no longer repeat) @ https://jimsimrodev.github.io/pequenos-sanos/#/game/2:0
[  199444ms] [LOG] [WS] ✅ Conectado al servidor. perfilId= 2 @ https://jimsimrodev.github.io/pequenos-sanos/assets/index-C7AoTPzR.js:82
[  199446ms] [LOG] [WS] 📍 Enviando posición inicial: {perfilId: 2, nombre: Hijo Test, x: 600, y: 480, direccion: idle} @ https://jimsimrodev.github.io/pequenos-sanos/assets/index-C7AoTPzR.js:82
[  199846ms] [LOG] [WS] 🗺️ Broadcast recibido. Avatares: 1 [Hijo Test(2)] @ https://jimsimrodev.github.io/pequenos-sanos/assets/index-C7AoTPzR.js:82
[  199884ms] [LOG] [WS] 🗺️ Broadcast recibido. Avatares: 1 [Hijo Test(2)] @ https://jimsimrodev.github.io/pequenos-sanos/assets/index-C7AoTPzR.js:82
[  199917ms] [LOG] [WS] 🗺️ Broadcast recibido. Avatares: 1 [Hijo Test(2)] @ https://jimsimrodev.github.io/pequenos-sanos/assets/index-C7AoTPzR.js:82
[  199953ms] [LOG] [WS] 🗺️ Broadcast recibido. Avatares: 1 [Hijo Test(2)] @ https://jimsimrodev.github.io/pequenos-sanos/assets/index-C7AoTPzR.js:82
[  199988ms] [LOG] [WS] 🗺️ Broadcast recibido. Avatares: 1 [Hijo Test(2)] @ https://jimsimrodev.github.io/pequenos-sanos/assets/index-C7AoTPzR.js:82
[  199988ms] [LOG] [WS] 🗺️ Broadcast recibido. Avatares: 1 [Hijo Test(2)] @ https://jimsimrodev.github.io/pequenos-sanos/assets/index-C7AoTPzR.js:82
[  199989ms] [LOG] [WS] 🗺️ Broadcast recibido. Avatares: 1 [Hijo Test(2)] @ https://jimsimrodev.github.io/pequenos-sanos/assets/index-C7AoTPzR.js:82
[  199991ms] [LOG] [WS] 🗺️ Broadcast recibido. Avatares: 1 [Hijo Test(2)] @ https://jimsimrodev.github.io/pequenos-sanos/assets/index-C7AoTPzR.js:82
[  199992ms] [LOG] [WS] 🗺️ Broadcast recibido. Avatares: 1 [Hijo Test(2)] @ https://jimsimrodev.github.io/pequenos-sanos/assets/index-C7AoTPzR.js:82
[  199995ms] [LOG] [WS] 🗺️ Broadcast recibido. Avatares: 1 [Hijo Test(2)] @ https://jimsimrodev.github.io/pequenos-sanos/assets/index-C7AoTPzR.js:82
[  200031ms] [LOG] [WS] 🗺️ Broadcast recibido. Avatares: 1 [Hijo Test(2)] @ https://jimsimrodev.github.io/pequenos-sanos/assets/index-C7AoTPzR.js:82
[  200065ms] [LOG] [WS] 🗺️ Broadcast recibido. Avatares: 1 [Hijo Test(2)] @ https://jimsimrodev.github.io/pequenos-sanos/assets/index-C7AoTPzR.js:82
[  200100ms] [LOG] [WS] 🗺️ Broadcast recibido. Avatares: 1 [Hijo Test(2)] @ https://jimsimrodev.github.io/pequenos-sanos/assets/index-C7AoTPzR.js:82
[  200139ms] [LOG] [WS] 🗺️ Broadcast recibido. Avatares: 1 [Hijo Test(2)] @ https://jimsimrodev.github.io/pequenos-sanos/assets/index-C7AoTPzR.js:82
[  200172ms] [LOG] [WS] 🗺️ Broadcast recibido. Avatares: 1 [Hijo Test(2)] @ https://jimsimrodev.github.io/pequenos-sanos/assets/index-C7AoTPzR.js:82
[  200204ms] [LOG] [WS] 🗺️ Broadcast recibido. Avatares: 1 [Hijo Test(2)] @ https://jimsimrodev.github.io/pequenos-sanos/assets/index-C7AoTPzR.js:82
[  200242ms] [LOG] [WS] 🗺️ Broadcast recibido. Avatares: 1 [Hijo Test(2)] @ https://jimsimrodev.github.io/pequenos-sanos/assets/index-C7AoTPzR.js:82
[  200272ms] [LOG] [WS] 🗺️ Broadcast recibido. Avatares: 1 [Hijo Test(2)] @ https://jimsimrodev.github.io/pequenos-sanos/assets/index-C7AoTPzR.js:82
[  200312ms] [LOG] [WS] 🗺️ Broadcast recibido. Avatares: 1 [Hijo Test(2)] @ https://jimsimrodev.github.io/pequenos-sanos/assets/index-C7AoTPzR.js:82
[  200345ms] [LOG] [WS] 🗺️ Broadcast recibido. Avatares: 1 [Hijo Test(2)] @ https://jimsimrodev.github.io/pequenos-sanos/assets/index-C7AoTPzR.js:82
[  200382ms] [LOG] [WS] 🗺️ Broadcast recibido. Avatares: 1 [Hijo Test(2)] @ https://jimsimrodev.github.io/pequenos-sanos/assets/index-C7AoTPzR.js:82
[  200383ms] [LOG] [WS] 🗺️ Broadcast recibido. Avatares: 1 [Hijo Test(2)] @ https://jimsimrodev.github.io/pequenos-sanos/assets/index-C7AoTPzR.js:82
[  200413ms] [LOG] [WS] 🗺️ Broadcast recibido. Avatares: 1 [Hijo Test(2)] @ https://jimsimrodev.github.io/pequenos-sanos/assets/index-C7AoTPzR.js:82
[  200447ms] [LOG] [WS] 🗺️ Broadcast recibido. Avatares: 1 [Hijo Test(2)] @ https://jimsimrodev.github.io/pequenos-sanos/assets/index-C7AoTPzR.js:82
[  200486ms] [LOG] [WS] 🗺️ Broadcast recibido. Avatares: 1 [Hijo Test(2)] @ https://jimsimrodev.github.io/pequenos-sanos/assets/index-C7AoTPzR.js:82
[  200525ms] [LOG] [WS] 🗺️ Broadcast recibido. Avatares: 1 [Hijo Test(2)] @ https://jimsimrodev.github.io/pequenos-sanos/assets/index-C7AoTPzR.js:82
[  200564ms] [LOG] [WS] 🗺️ Broadcast recibido. Avatares: 1 [Hijo Test(2)] @ https://jimsimrodev.github.io/pequenos-sanos/assets/index-C7AoTPzR.js:82
[  200603ms] [LOG] [WS] 🗺️ Broadcast recibido. Avatares: 1 [Hijo Test(2)] @ https://jimsimrodev.github.io/pequenos-sanos/assets/index-C7AoTPzR.js:82
[  200639ms] [LOG] [WS] 🗺️ Broadcast recibido. Avatares: 1 [Hijo Test(2)] @ https://jimsimrodev.github.io/pequenos-sanos/assets/index-C7AoTPzR.js:82
[  200678ms] [LOG] [WS] 🗺️ Broadcast recibido. Avatares: 1 [Hijo Test(2)] @ https://jimsimrodev.github.io/pequenos-sanos/assets/index-C7AoTPzR.js:82
[  200715ms] [LOG] [WS] 🗺️ Broadcast recibido. Avatares: 1 [Hijo Test(2)] @ https://jimsimrodev.github.io/pequenos-sanos/assets/index-C7AoTPzR.js:82
[  200748ms] [LOG] [WS] 🗺️ Broadcast recibido. Avatares: 1 [Hijo Test(2)] @ https://jimsimrodev.github.io/pequenos-sanos/assets/index-C7AoTPzR.js:82
[  200748ms] [LOG] [WS] 🗺️ Broadcast recibido. Avatares: 1 [Hijo Test(2)] @ https://jimsimrodev.github.io/pequenos-sanos/assets/index-C7AoTPzR.js:82
[  200835ms] [LOG] [WS] 🗺️ Broadcast recibido. Avatares: 1 [Hijo Test(2)] @ https://jimsimrodev.github.io/pequenos-sanos/assets/index-C7AoTPzR.js:82
[  200870ms] [LOG] [WS] 🗺️ Broadcast recibido. Avatares: 1 [Hijo Test(2)] @ https://jimsimrodev.github.io/pequenos-sanos/assets/index-C7AoTPzR.js:82
[  200871ms] [LOG] [WS] 🗺️ Broadcast recibido. Avatares: 1 [Hijo Test(2)] @ https://jimsimrodev.github.io/pequenos-sanos/assets/index-C7AoTPzR.js:82
[  200956ms] [LOG] [WS] 🗺️ Broadcast recibido. Avatares: 1 [Hijo Test(2)] @ https://jimsimrodev.github.io/pequenos-sanos/assets/index-C7AoTPzR.js:82
[  201000ms] [LOG] [WS] 🗺️ Broadcast recibido. Avatares: 1 [Hijo Test(2)] @ https://jimsimrodev.github.io/pequenos-sanos/assets/index-C7AoTPzR.js:82
[  201001ms] [LOG] [WS] 🗺️ Broadcast recibido. Avatares: 1 [Hijo Test(2)] @ https://jimsimrodev.github.io/pequenos-sanos/assets/index-C7AoTPzR.js:82
[  201002ms] [LOG] [WS] 🗺️ Broadcast recibido. Avatares: 1 [Hijo Test(2)] @ https://jimsimrodev.github.io/pequenos-sanos/assets/index-C7AoTPzR.js:82
[  201039ms] [LOG] [WS] 🗺️ Broadcast recibido. Avatares: 1 [Hijo Test(2)] @ https://jimsimrodev.github.io/pequenos-sanos/assets/index-C7AoTPzR.js:82
[  201070ms] [LOG] [WS] 🗺️ Broadcast recibido. Avatares: 1 [Hijo Test(2)] @ https://jimsimrodev.github.io/pequenos-sanos/assets/index-C7AoTPzR.js:82
[  201140ms] [LOG] [WS] 🗺️ Broadcast recibido. Avatares: 1 [Hijo Test(2)] @ https://jimsimrodev.github.io/pequenos-sanos/assets/index-C7AoTPzR.js:82
[  201176ms] [LOG] [WS] 🗺️ Broadcast recibido. Avatares: 1 [Hijo Test(2)] @ https://jimsimrodev.github.io/pequenos-sanos/assets/index-C7AoTPzR.js:82
[  201177ms] [LOG] [WS] 🗺️ Broadcast recibido. Avatares: 1 [Hijo Test(2)] @ https://jimsimrodev.github.io/pequenos-sanos/assets/index-C7AoTPzR.js:82
[  201178ms] [LOG] [WS] 🗺️ Broadcast recibido. Avatares: 1 [Hijo Test(2)] @ https://jimsimrodev.github.io/pequenos-sanos/assets/index-C7AoTPzR.js:82
[  201232ms] [LOG] [WS] 🗺️ Broadcast recibido. Avatares: 1 [Hijo Test(2)] @ https://jimsimrodev.github.io/pequenos-sanos/assets/index-C7AoTPzR.js:82
[  201265ms] [LOG] [WS] 🗺️ Broadcast recibido. Avatares: 1 [Hijo Test(2)] @ https://jimsimrodev.github.io/pequenos-sanos/assets/index-C7AoTPzR.js:82
[  201345ms] [LOG] [WS] 🗺️ Broadcast recibido. Avatares: 1 [Hijo Test(2)] @ https://jimsimrodev.github.io/pequenos-sanos/assets/index-C7AoTPzR.js:82
[  201382ms] [LOG] [WS] 🗺️ Broadcast recibido. Avatares: 1 [Hijo Test(2)] @ https://jimsimrodev.github.io/pequenos-sanos/assets/index-C7AoTPzR.js:82
[  201383ms] [LOG] [WS] 🗺️ Broadcast recibido. Avatares: 1 [Hijo Test(2)] @ https://jimsimrodev.github.io/pequenos-sanos/assets/index-C7AoTPzR.js:82
[  201384ms] [LOG] [WS] 🗺️ Broadcast recibido. Avatares: 1 [Hijo Test(2)] @ https://jimsimrodev.github.io/pequenos-sanos/assets/index-C7AoTPzR.js:82
[  201417ms] [LOG] [WS] 🗺️ Broadcast recibido. Avatares: 1 [Hijo Test(2)] @ https://jimsimrodev.github.io/pequenos-sanos/assets/index-C7AoTPzR.js:82
[  201449ms] [LOG] [WS] 🗺️ Broadcast recibido. Avatares: 1 [Hijo Test(2)] @ https://jimsimrodev.github.io/pequenos-sanos/assets/index-C7AoTPzR.js:82
[  201484ms] [LOG] [WS] 🗺️ Broadcast recibido. Avatares: 1 [Hijo Test(2)] @ https://jimsimrodev.github.io/pequenos-sanos/assets/index-C7AoTPzR.js:82
[  201546ms] [LOG] [WS] 🗺️ Broadcast recibido. Avatares: 1 [Hijo Test(2)] @ https://jimsimrodev.github.io/pequenos-sanos/assets/index-C7AoTPzR.js:82
[  201579ms] [LOG] [WS] 🗺️ Broadcast recibido. Avatares: 1 [Hijo Test(2)] @ https://jimsimrodev.github.io/pequenos-sanos/assets/index-C7AoTPzR.js:82
[  201580ms] [LOG] [WS] 🗺️ Broadcast recibido. Avatares: 1 [Hijo Test(2)] @ https://jimsimrodev.github.io/pequenos-sanos/assets/index-C7AoTPzR.js:82
[  201645ms] [LOG] [WS] 🗺️ Broadcast recibido. Avatares: 1 [Hijo Test(2)] @ https://jimsimrodev.github.io/pequenos-sanos/assets/index-C7AoTPzR.js:82
[  201677ms] [LOG] [WS] 🗺️ Broadcast recibido. Avatares: 1 [Hijo Test(2)] @ https://jimsimrodev.github.io/pequenos-sanos/assets/index-C7AoTPzR.js:82
[  201679ms] [LOG] [WS] 🗺️ Broadcast recibido. Avatares: 1 [Hijo Test(2)] @ https://jimsimrodev.github.io/pequenos-sanos/assets/index-C7AoTPzR.js:82
[  201754ms] [LOG] [WS] 🗺️ Broadcast recibido. Avatares: 1 [Hijo Test(2)] @ https://jimsimrodev.github.io/pequenos-sanos/assets/index-C7AoTPzR.js:82
[  201784ms] [LOG] [WS] 🗺️ Broadcast recibido. Avatares: 1 [Hijo Test(2)] @ https://jimsimrodev.github.io/pequenos-sanos/assets/index-C7AoTPzR.js:82
[  201821ms] [LOG] [WS] 🗺️ Broadcast recibido. Avatares: 1 [Hijo Test(2)] @ https://jimsimrodev.github.io/pequenos-sanos/assets/index-C7AoTPzR.js:82
[  201857ms] [LOG] [WS] 🗺️ Broadcast recibido. Avatares: 1 [Hijo Test(2)] @ https://jimsimrodev.github.io/pequenos-sanos/assets/index-C7AoTPzR.js:82
[  201858ms] [LOG] [WS] 🗺️ Broadcast recibido. Avatares: 1 [Hijo Test(2)] @ https://jimsimrodev.github.io/pequenos-sanos/assets/index-C7AoTPzR.js:82
[  201885ms] [LOG] [WS] 🗺️ Broadcast recibido. Avatares: 1 [Hijo Test(2)] @ https://jimsimrodev.github.io/pequenos-sanos/assets/index-C7AoTPzR.js:82
[  201916ms] [LOG] [WS] 🗺️ Broadcast recibido. Avatares: 1 [Hijo Test(2)] @ https://jimsimrodev.github.io/pequenos-sanos/assets/index-C7AoTPzR.js:82
[  201950ms] [LOG] [WS] 🗺️ Broadcast recibido. Avatares: 1 [Hijo Test(2)] @ https://jimsimrodev.github.io/pequenos-sanos/assets/index-C7AoTPzR.js:82
[  201985ms] [LOG] [WS] 🗺️ Broadcast recibido. Avatares: 1 [Hijo Test(2)] @ https://jimsimrodev.github.io/pequenos-sanos/assets/index-C7AoTPzR.js:82
[  202030ms] [LOG] [WS] 🗺️ Broadcast recibido. Avatares: 1 [Hijo Test(2)] @ https://jimsimrodev.github.io/pequenos-sanos/assets/index-C7AoTPzR.js:82
[  202072ms] [LOG] [WS] 🗺️ Broadcast recibido. Avatares: 1 [Hijo Test(2)] @ https://jimsimrodev.github.io/pequenos-sanos/assets/index-C7AoTPzR.js:82
[  202146ms] [LOG] [WS] 🗺️ Broadcast recibido. Avatares: 1 [Hijo Test(2)] @ https://jimsimrodev.github.io/pequenos-sanos/assets/index-C7AoTPzR.js:82
[  202184ms] [LOG] [WS] 🗺️ Broadcast recibido. Avatares: 1 [Hijo Test(2)] @ https://jimsimrodev.github.io/pequenos-sanos/assets/index-C7AoTPzR.js:82
[  202185ms] [LOG] [WS] 🗺️ Broadcast recibido. Avatares: 1 [Hijo Test(2)] @ https://jimsimrodev.github.io/pequenos-sanos/assets/index-C7AoTPzR.js:82
[  202186ms] [LOG] [WS] 🗺️ Broadcast recibido. Avatares: 1 [Hijo Test(2)] @ https://jimsimrodev.github.io/pequenos-sanos/assets/index-C7AoTPzR.js:82
[  202212ms] [LOG] [WS] 🗺️ Broadcast recibido. Avatares: 1 [Hijo Test(2)] @ https://jimsimrodev.github.io/pequenos-sanos/assets/index-C7AoTPzR.js:82
[  202248ms] [LOG] [WS] 🗺️ Broadcast recibido. Avatares: 1 [Hijo Test(2)] @ https://jimsimrodev.github.io/pequenos-sanos/assets/index-C7AoTPzR.js:82
[  202318ms] [LOG] [WS] 🗺️ Broadcast recibido. Avatares: 1 [Hijo Test(2)] @ https://jimsimrodev.github.io/pequenos-sanos/assets/index-C7AoTPzR.js:82
[  202345ms] [LOG] [WS] 🗺️ Broadcast recibido. Avatares: 1 [Hijo Test(2)] @ https://jimsimrodev.github.io/pequenos-sanos/assets/index-C7AoTPzR.js:82
[  202346ms] [LOG] [WS] 🗺️ Broadcast recibido. Avatares: 1 [Hijo Test(2)] @ https://jimsimrodev.github.io/pequenos-sanos/assets/index-C7AoTPzR.js:82
[  202383ms] [LOG] [WS] 🗺️ Broadcast recibido. Avatares: 1 [Hijo Test(2)] @ https://jimsimrodev.github.io/pequenos-sanos/assets/index-C7AoTPzR.js:82
[  202458ms] [LOG] [WS] 🗺️ Broadcast recibido. Avatares: 1 [Hijo Test(2)] @ https://jimsimrodev.github.io/pequenos-sanos/assets/index-C7AoTPzR.js:82
[  202502ms] [LOG] [WS] 🗺️ Broadcast recibido. Avatares: 1 [Hijo Test(2)] @ https://jimsimrodev.github.io/pequenos-sanos/assets/index-C7AoTPzR.js:82
[  202551ms] [LOG] [WS] 🗺️ Broadcast recibido. Avatares: 1 [Hijo Test(2)] @ https://jimsimrodev.github.io/pequenos-sanos/assets/index-C7AoTPzR.js:82
[  202596ms] [LOG] [WS] 🗺️ Broadcast recibido. Avatares: 1 [Hijo Test(2)] @ https://jimsimrodev.github.io/pequenos-sanos/assets/index-C7AoTPzR.js:82
[  202597ms] [LOG] [WS] 🗺️ Broadcast recibido. Avatares: 1 [Hijo Test(2)] @ https://jimsimrodev.github.io/pequenos-sanos/assets/index-C7AoTPzR.js:82
[  202598ms] [LOG] [WS] 🗺️ Broadcast recibido. Avatares: 1 [Hijo Test(2)] @ https://jimsimrodev.github.io/pequenos-sanos/assets/index-C7AoTPzR.js:82
[  202631ms] [LOG] [WS] 🗺️ Broadcast recibido. Avatares: 1 [Hijo Test(2)] @ https://jimsimrodev.github.io/pequenos-sanos/assets/index-C7AoTPzR.js:82
[  202669ms] [LOG] [WS] 🗺️ Broadcast recibido. Avatares: 1 [Hijo Test(2)] @ https://jimsimrodev.github.io/pequenos-sanos/assets/index-C7AoTPzR.js:82
[  202744ms] [LOG] [WS] 🗺️ Broadcast recibido. Avatares: 1 [Hijo Test(2)] @ https://jimsimrodev.github.io/pequenos-sanos/assets/index-C7AoTPzR.js:82
[  202775ms] [LOG] [WS] 🗺️ Broadcast recibido. Avatares: 1 [Hijo Test(2)] @ https://jimsimrodev.github.io/pequenos-sanos/assets/index-C7AoTPzR.js:82
[  202776ms] [LOG] [WS] 🗺️ Broadcast recibido. Avatares: 1 [Hijo Test(2)] @ https://jimsimrodev.github.io/pequenos-sanos/assets/index-C7AoTPzR.js:82
[  202814ms] [LOG] [WS] 🗺️ Broadcast recibido. Avatares: 1 [Hijo Test(2)] @ https://jimsimrodev.github.io/pequenos-sanos/assets/index-C7AoTPzR.js:82
[  202853ms] [LOG] [WS] 🗺️ Broadcast recibido. Avatares: 1 [Hijo Test(2)] @ https://jimsimrodev.github.io/pequenos-sanos/assets/index-C7AoTPzR.js:82
[  202853ms] [LOG] [WS] 🗺️ Broadcast recibido. Avatares: 1 [Hijo Test(2)] @ https://jimsimrodev.github.io/pequenos-sanos/assets/index-C7AoTPzR.js:82
[  202890ms] [LOG] [WS] 🗺️ Broadcast recibido. Avatares: 1 [Hijo Test(2)] @ https://jimsimrodev.github.io/pequenos-sanos/assets/index-C7AoTPzR.js:82
[  202891ms] [LOG] [WS] 🗺️ Broadcast recibido. Avatares: 1 [Hijo Test(2)] @ https://jimsimrodev.github.io/pequenos-sanos/assets/index-C7AoTPzR.js:82
[  202934ms] [LOG] [WS] 🗺️ Broadcast recibido. Avatares: 1 [Hijo Test(2)] @ https://jimsimrodev.github.io/pequenos-sanos/assets/index-C7AoTPzR.js:82
[  203053ms] [LOG] [WS] 🗺️ Broadcast recibido. Avatares: 1 [Hijo Test(2)] @ https://jimsimrodev.github.io/pequenos-sanos/assets/index-C7AoTPzR.js:82
[  203103ms] [LOG] [WS] 🗺️ Broadcast recibido. Avatares: 1 [Hijo Test(2)] @ https://jimsimrodev.github.io/pequenos-sanos/assets/index-C7AoTPzR.js:82
[  203105ms] [LOG] [WS] 🗺️ Broadcast recibido. Avatares: 1 [Hijo Test(2)] @ https://jimsimrodev.github.io/pequenos-sanos/assets/index-C7AoTPzR.js:82
[  203106ms] [LOG] [WS] 🗺️ Broadcast recibido. Avatares: 1 [Hijo Test(2)] @ https://jimsimrodev.github.io/pequenos-sanos/assets/index-C7AoTPzR.js:82
[  203151ms] [LOG] [WS] 🗺️ Broadcast recibido. Avatares: 1 [Hijo Test(2)] @ https://jimsimrodev.github.io/pequenos-sanos/assets/index-C7AoTPzR.js:82
[  203191ms] [LOG] [WS] 🗺️ Broadcast recibido. Avatares: 1 [Hijo Test(2)] @ https://jimsimrodev.github.io/pequenos-sanos/assets/index-C7AoTPzR.js:82
[  203192ms] [LOG] [WS] 🗺️ Broadcast recibido. Avatares: 1 [Hijo Test(2)] @ https://jimsimrodev.github.io/pequenos-sanos/assets/index-C7AoTPzR.js:82
[  203233ms] [LOG] [WS] 🗺️ Broadcast recibido. Avatares: 1 [Hijo Test(2)] @ https://jimsimrodev.github.io/pequenos-sanos/assets/index-C7AoTPzR.js:82
[  203268ms] [LOG] [WS] 🗺️ Broadcast recibido. Avatares: 1 [Hijo Test(2)] @ https://jimsimrodev.github.io/pequenos-sanos/assets/index-C7AoTPzR.js:82
[  203269ms] [LOG] [WS] 🗺️ Broadcast recibido. Avatares: 1 [Hijo Test(2)] @ https://jimsimrodev.github.io/pequenos-sanos/assets/index-C7AoTPzR.js:82
[  203310ms] [LOG] [WS] 🗺️ Broadcast recibido. Avatares: 1 [Hijo Test(2)] @ https://jimsimrodev.github.io/pequenos-sanos/assets/index-C7AoTPzR.js:82
[  203342ms] [LOG] [WS] 🗺️ Broadcast recibido. Avatares: 1 [Hijo Test(2)] @ https://jimsimrodev.github.io/pequenos-sanos/assets/index-C7AoTPzR.js:82
[  203378ms] [LOG] [WS] 🗺️ Broadcast recibido. Avatares: 1 [Hijo Test(2)] @ https://jimsimrodev.github.io/pequenos-sanos/assets/index-C7AoTPzR.js:82
[  203413ms] [LOG] [WS] 🗺️ Broadcast recibido. Avatares: 1 [Hijo Test(2)] @ https://jimsimrodev.github.io/pequenos-sanos/assets/index-C7AoTPzR.js:82
[  203450ms] [LOG] [WS] 🗺️ Broadcast recibido. Avatares: 1 [Hijo Test(2)] @ https://jimsimrodev.github.io/pequenos-sanos/assets/index-C7AoTPzR.js:82
[  203482ms] [LOG] [WS] 🗺️ Broadcast recibido. Avatares: 1 [Hijo Test(2)] @ https://jimsimrodev.github.io/pequenos-sanos/assets/index-C7AoTPzR.js:82
[  203483ms] [LOG] [WS] 🗺️ Broadcast recibido. Avatares: 1 [Hijo Test(2)] @ https://jimsimrodev.github.io/pequenos-sanos/assets/index-C7AoTPzR.js:82
[  203512ms] [LOG] [WS] 🗺️ Broadcast recibido. Avatares: 1 [Hijo Test(2)] @ https://jimsimrodev.github.io/pequenos-sanos/assets/index-C7AoTPzR.js:82
[  203537ms] [LOG] [WS] 🗺️ Broadcast recibido. Avatares: 1 [Hijo Test(2)] @ https://jimsimrodev.github.io/pequenos-sanos/assets/index-C7AoTPzR.js:82
[  203579ms] [LOG] [WS] 🗺️ Broadcast recibido. Avatares: 1 [Hijo Test(2)] @ https://jimsimrodev.github.io/pequenos-sanos/assets/index-C7AoTPzR.js:82
[  203634ms] [LOG] [WS] 🗺️ Broadcast recibido. Avatares: 1 [Hijo Test(2)] @ https://jimsimrodev.github.io/pequenos-sanos/assets/index-C7AoTPzR.js:82
[  203676ms] [LOG] [WS] 🗺️ Broadcast recibido. Avatares: 1 [Hijo Test(2)] @ https://jimsimrodev.github.io/pequenos-sanos/assets/index-C7AoTPzR.js:82
[  203717ms] [LOG] [WS] 🗺️ Broadcast recibido. Avatares: 1 [Hijo Test(2)] @ https://jimsimrodev.github.io/pequenos-sanos/assets/index-C7AoTPzR.js:82
[  203755ms] [LOG] [WS] 🗺️ Broadcast recibido. Avatares: 1 [Hijo Test(2)] @ https://jimsimrodev.github.io/pequenos-sanos/assets/index-C7AoTPzR.js:82
[  203756ms] [LOG] [WS] 🗺️ Broadcast recibido. Avatares: 1 [Hijo Test(2)] @ https://jimsimrodev.github.io/pequenos-sanos/assets/index-C7AoTPzR.js:82
[  203791ms] [LOG] [WS] 🗺️ Broadcast recibido. Avatares: 1 [Hijo Test(2)] @ https://jimsimrodev.github.io/pequenos-sanos/assets/index-C7AoTPzR.js:82
[  203824ms] [LOG] [WS] 🗺️ Broadcast recibido. Avatares: 1 [Hijo Test(2)] @ https://jimsimrodev.github.io/pequenos-sanos/assets/index-C7AoTPzR.js:82
[  203858ms] [LOG] [WS] 🗺️ Broadcast recibido. Avatares: 1 [Hijo Test(2)] @ https://jimsimrodev.github.io/pequenos-sanos/assets/index-C7AoTPzR.js:82
[  203925ms] [LOG] [WS] 🗺️ Broadcast recibido. Avatares: 1 [Hijo Test(2)] @ https://jimsimrodev.github.io/pequenos-sanos/assets/index-C7AoTPzR.js:82
[  203955ms] [LOG] [WS] 🗺️ Broadcast recibido. Avatares: 1 [Hijo Test(2)] @ https://jimsimrodev.github.io/pequenos-sanos/assets/index-C7AoTPzR.js:82
[  203956ms] [LOG] [WS] 🗺️ Broadcast recibido. Avatares: 1 [Hijo Test(2)] @ https://jimsimrodev.github.io/pequenos-sanos/assets/index-C7AoTPzR.js:82
[  203984ms] [LOG] [WS] 🗺️ Broadcast recibido. Avatares: 1 [Hijo Test(2)] @ https://jimsimrodev.github.io/pequenos-sanos/assets/index-C7AoTPzR.js:82
[  204037ms] [LOG] [WS] 🗺️ Broadcast recibido. Avatares: 1 [Hijo Test(2)] @ https://jimsimrodev.github.io/pequenos-sanos/assets/index-C7AoTPzR.js:82
[  204062ms] [LOG] [WS] 🗺️ Broadcast recibido. Avatares: 1 [Hijo Test(2)] @ https://jimsimrodev.github.io/pequenos-sanos/assets/index-C7AoTPzR.js:82
[  204124ms] [LOG] [WS] 🗺️ Broadcast recibido. Avatares: 1 [Hijo Test(2)] @ https://jimsimrodev.github.io/pequenos-sanos/assets/index-C7AoTPzR.js:82
[  204159ms] [LOG] [WS] 🗺️ Broadcast recibido. Avatares: 1 [Hijo Test(2)] @ https://jimsimrodev.github.io/pequenos-sanos/assets/index-C7AoTPzR.js:82
[  204159ms] [LOG] [WS] 🗺️ Broadcast recibido. Avatares: 1 [Hijo Test(2)] @ https://jimsimrodev.github.io/pequenos-sanos/assets/index-C7AoTPzR.js:82
[  204189ms] [LOG] [WS] 🗺️ Broadcast recibido. Avatares: 1 [Hijo Test(2)] @ https://jimsimrodev.github.io/pequenos-sanos/assets/index-C7AoTPzR.js:82
[  204222ms] [LOG] [WS] 🗺️ Broadcast recibido. Avatares: 1 [Hijo Test(2)] @ https://jimsimrodev.github.io/pequenos-sanos/assets/index-C7AoTPzR.js:82
[  204251ms] [LOG] [WS] 🗺️ Broadcast recibido. Avatares: 1 [Hijo Test(2)] @ https://jimsimrodev.github.io/pequenos-sanos/assets/index-C7AoTPzR.js:82
[  204285ms] [LOG] [WS] 🗺️ Broadcast recibido. Avatares: 1 [Hijo Test(2)] @ https://jimsimrodev.github.io/pequenos-sanos/assets/index-C7AoTPzR.js:82
[  204315ms] [LOG] [WS] 🗺️ Broadcast recibido. Avatares: 1 [Hijo Test(2)] @ https://jimsimrodev.github.io/pequenos-sanos/assets/index-C7AoTPzR.js:82
[  204344ms] [LOG] [WS] 🗺️ Broadcast recibido. Avatares: 1 [Hijo Test(2)] @ https://jimsimrodev.github.io/pequenos-sanos/assets/index-C7AoTPzR.js:82
[  204372ms] [LOG] [WS] 🗺️ Broadcast recibido. Avatares: 1 [Hijo Test(2)] @ https://jimsimrodev.github.io/pequenos-sanos/assets/index-C7AoTPzR.js:82
[  204402ms] [LOG] [WS] 🗺️ Broadcast recibido. Avatares: 1 [Hijo Test(2)] @ https://jimsimrodev.github.io/pequenos-sanos/assets/index-C7AoTPzR.js:82
[  204435ms] [LOG] [WS] 🗺️ Broadcast recibido. Avatares: 1 [Hijo Test(2)] @ https://jimsimrodev.github.io/pequenos-sanos/assets/index-C7AoTPzR.js:82
[  204526ms] [LOG] [WS] 🗺️ Broadcast recibido. Avatares: 1 [Hijo Test(2)] @ https://jimsimrodev.github.io/pequenos-sanos/assets/index-C7AoTPzR.js:82
[  204554ms] [LOG] [WS] 🗺️ Broadcast recibido. Avatares: 1 [Hijo Test(2)] @ https://jimsimrodev.github.io/pequenos-sanos/assets/index-C7AoTPzR.js:82
[  204554ms] [LOG] [WS] 🗺️ Broadcast recibido. Avatares: 1 [Hijo Test(2)] @ https://jimsimrodev.github.io/pequenos-sanos/assets/index-C7AoTPzR.js:82
[  204645ms] [LOG] [WS] 🗺️ Broadcast recibido. Avatares: 1 [Hijo Test(2)] @ https://jimsimrodev.github.io/pequenos-sanos/assets/index-C7AoTPzR.js:82
[  204673ms] [LOG] [WS] 🗺️ Broadcast recibido. Avatares: 1 [Hijo Test(2)] @ https://jimsimrodev.github.io/pequenos-sanos/assets/index-C7AoTPzR.js:82
[  204674ms] [LOG] [WS] 🗺️ Broadcast recibido. Avatares: 1 [Hijo Test(2)] @ https://jimsimrodev.github.io/pequenos-sanos/assets/index-C7AoTPzR.js:82
[  204732ms] [LOG] [WS] 🗺️ Broadcast recibido. Avatares: 1 [Hijo Test(2)] @ https://jimsimrodev.github.io/pequenos-sanos/assets/index-C7AoTPzR.js:82
[  204764ms] [LOG] [WS] 🗺️ Broadcast recibido. Avatares: 1 [Hijo Test(2)] @ https://jimsimrodev.github.io/pequenos-sanos/assets/index-C7AoTPzR.js:82
[  204765ms] [LOG] [WS] 🗺️ Broadcast recibido. Avatares: 1 [Hijo Test(2)] @ https://jimsimrodev.github.io/pequenos-sanos/assets/index-C7AoTPzR.js:82
[  204795ms] [LOG] [WS] 🗺️ Broadcast recibido. Avatares: 1 [Hijo Test(2)] @ https://jimsimrodev.github.io/pequenos-sanos/assets/index-C7AoTPzR.js:82
[  204823ms] [LOG] [WS] 🗺️ Broadcast recibido. Avatares: 1 [Hijo Test(2)] @ https://jimsimrodev.github.io/pequenos-sanos/assets/index-C7AoTPzR.js:82
[  204851ms] [LOG] [WS] 🗺️ Broadcast recibido. Avatares: 1 [Hijo Test(2)] @ https://jimsimrodev.github.io/pequenos-sanos/assets/index-C7AoTPzR.js:82
[  204883ms] [LOG] [WS] 🗺️ Broadcast recibido. Avatares: 1 [Hijo Test(2)] @ https://jimsimrodev.github.io/pequenos-sanos/assets/index-C7AoTPzR.js:82
[  204943ms] [LOG] [WS] 🗺️ Broadcast recibido. Avatares: 1 [Hijo Test(2)] @ https://jimsimrodev.github.io/pequenos-sanos/assets/index-C7AoTPzR.js:82
[  204970ms] [LOG] [WS] 🗺️ Broadcast recibido. Avatares: 1 [Hijo Test(2)] @ https://jimsimrodev.github.io/pequenos-sanos/assets/index-C7AoTPzR.js:82
[  204971ms] [LOG] [WS] 🗺️ Broadcast recibido. Avatares: 1 [Hijo Test(2)] @ https://jimsimrodev.github.io/pequenos-sanos/assets/index-C7AoTPzR.js:82
[  205030ms] [LOG] [WS] 🗺️ Broadcast recibido. Avatares: 1 [Hijo Test(2)] @ https://jimsimrodev.github.io/pequenos-sanos/assets/index-C7AoTPzR.js:82
[  205059ms] [LOG] [WS] 🗺️ Broadcast recibido. Avatares: 1 [Hijo Test(2)] @ https://jimsimrodev.github.io/pequenos-sanos/assets/index-C7AoTPzR.js:82
[  205135ms] [LOG] [WS] 🗺️ Broadcast recibido. Avatares: 1 [Hijo Test(2)] @ https://jimsimrodev.github.io/pequenos-sanos/assets/index-C7AoTPzR.js:82
[  205167ms] [LOG] [WS] 🗺️ Broadcast recibido. Avatares: 1 [Hijo Test(2)] @ https://jimsimrodev.github.io/pequenos-sanos/assets/index-C7AoTPzR.js:82
[  205169ms] [LOG] [WS] 🗺️ Broadcast recibido. Avatares: 1 [Hijo Test(2)] @ https://jimsimrodev.github.io/pequenos-sanos/assets/index-C7AoTPzR.js:82
[  205223ms] [LOG] [WS] 🗺️ Broadcast recibido. Avatares: 1 [Hijo Test(2)] @ https://jimsimrodev.github.io/pequenos-sanos/assets/index-C7AoTPzR.js:82
[  205256ms] [LOG] [WS] 🗺️ Broadcast recibido. Avatares: 1 [Hijo Test(2)] @ https://jimsimrodev.github.io/pequenos-sanos/assets/index-C7AoTPzR.js:82
[  205257ms] [LOG] [WS] 🗺️ Broadcast recibido. Avatares: 1 [Hijo Test(2)] @ https://jimsimrodev.github.io/pequenos-sanos/assets/index-C7AoTPzR.js:82
[  205338ms] [LOG] [WS] 🗺️ Broadcast recibido. Avatares: 1 [Hijo Test(2)] @ https://jimsimrodev.github.io/pequenos-sanos/assets/index-C7AoTPzR.js:82
[  205364ms] [LOG] [WS] 🗺️ Broadcast recibido. Avatares: 1 [Hijo Test(2)] @ https://jimsimrodev.github.io/pequenos-sanos/assets/index-C7AoTPzR.js:82
[  205365ms] [LOG] [WS] 🗺️ Broadcast recibido. Avatares: 1 [Hijo Test(2)] @ https://jimsimrodev.github.io/pequenos-sanos/assets/index-C7AoTPzR.js:82
[  205365ms] [LOG] [WS] 🗺️ Broadcast recibido. Avatares: 1 [Hijo Test(2)] @ https://jimsimrodev.github.io/pequenos-sanos/assets/index-C7AoTPzR.js:82
[  205387ms] [LOG] [WS] 🗺️ Broadcast recibido. Avatares: 1 [Hijo Test(2)] @ https://jimsimrodev.github.io/pequenos-sanos/assets/index-C7AoTPzR.js:82
[  205414ms] [LOG] [WS] 🗺️ Broadcast recibido. Avatares: 1 [Hijo Test(2)] @ https://jimsimrodev.github.io/pequenos-sanos/assets/index-C7AoTPzR.js:82
[  205524ms] [LOG] [WS] 🗺️ Broadcast recibido. Avatares: 1 [Hijo Test(2)] @ https://jimsimrodev.github.io/pequenos-sanos/assets/index-C7AoTPzR.js:82
[  205548ms] [LOG] [WS] 🗺️ Broadcast recibido. Avatares: 1 [Hijo Test(2)] @ https://jimsimrodev.github.io/pequenos-sanos/assets/index-C7AoTPzR.js:82
[  205549ms] [LOG] [WS] 🗺️ Broadcast recibido. Avatares: 1 [Hijo Test(2)] @ https://jimsimrodev.github.io/pequenos-sanos/assets/index-C7AoTPzR.js:82
[  205577ms] [LOG] [WS] 🗺️ Broadcast recibido. Avatares: 1 [Hijo Test(2)] @ https://jimsimrodev.github.io/pequenos-sanos/assets/index-C7AoTPzR.js:82
[  205654ms] [LOG] [WS] 🗺️ Broadcast recibido. Avatares: 1 [Hijo Test(2)] @ https://jimsimrodev.github.io/pequenos-sanos/assets/index-C7AoTPzR.js:82
[  205698ms] [LOG] [WS] 🗺️ Broadcast recibido. Avatares: 1 [Hijo Test(2)] @ https://jimsimrodev.github.io/pequenos-sanos/assets/index-C7AoTPzR.js:82
[  205736ms] [LOG] [WS] 🗺️ Broadcast recibido. Avatares: 1 [Hijo Test(2)] @ https://jimsimrodev.github.io/pequenos-sanos/assets/index-C7AoTPzR.js:82
[  205737ms] [LOG] [WS] 🗺️ Broadcast recibido. Avatares: 1 [Hijo Test(2)] @ https://jimsimrodev.github.io/pequenos-sanos/assets/index-C7AoTPzR.js:82
[  205768ms] [LOG] [WS] 🗺️ Broadcast recibido. Avatares: 1 [Hijo Test(2)] @ https://jimsimrodev.github.io/pequenos-sanos/assets/index-C7AoTPzR.js:82
[  205770ms] [LOG] [WS] 🗺️ Broadcast recibido. Avatares: 1 [Hijo Test(2)] @ https://jimsimrodev.github.io/pequenos-sanos/assets/index-C7AoTPzR.js:82
[  205806ms] [LOG] [WS] 🗺️ Broadcast recibido. Avatares: 1 [Hijo Test(2)] @ https://jimsimrodev.github.io/pequenos-sanos/assets/index-C7AoTPzR.js:82
[  205839ms] [LOG] [WS] 🗺️ Broadcast recibido. Avatares: 1 [Hijo Test(2)] @ https://jimsimrodev.github.io/pequenos-sanos/assets/index-C7AoTPzR.js:82
[  205869ms] [LOG] [WS] 🗺️ Broadcast recibido. Avatares: 1 [Hijo Test(2)] @ https://jimsimrodev.github.io/pequenos-sanos/assets/index-C7AoTPzR.js:82
[  205900ms] [LOG] [WS] 🗺️ Broadcast recibido. Avatares: 1 [Hijo Test(2)] @ https://jimsimrodev.github.io/pequenos-sanos/assets/index-C7AoTPzR.js:82
[  205959ms] [LOG] [WS] 🗺️ Broadcast recibido. Avatares: 1 [Hijo Test(2)] @ https://jimsimrodev.github.io/pequenos-sanos/assets/index-C7AoTPzR.js:82
[  205987ms] [LOG] [WS] 🗺️ Broadcast recibido. Avatares: 1 [Hijo Test(2)] @ https://jimsimrodev.github.io/pequenos-sanos/assets/index-C7AoTPzR.js:82
[  206014ms] [LOG] [WS] 🗺️ Broadcast recibido. Avatares: 1 [Hijo Test(2)] @ https://jimsimrodev.github.io/pequenos-sanos/assets/index-C7AoTPzR.js:82
[  206042ms] [LOG] [WS] 🗺️ Broadcast recibido. Avatares: 1 [Hijo Test(2)] @ https://jimsimrodev.github.io/pequenos-sanos/assets/index-C7AoTPzR.js:82
[  206070ms] [LOG] [WS] 🗺️ Broadcast recibido. Avatares: 1 [Hijo Test(2)] @ https://jimsimrodev.github.io/pequenos-sanos/assets/index-C7AoTPzR.js:82
[  206098ms] [LOG] [WS] 🗺️ Broadcast recibido. Avatares: 1 [Hijo Test(2)] @ https://jimsimrodev.github.io/pequenos-sanos/assets/index-C7AoTPzR.js:82
[  206129ms] [LOG] [WS] 🗺️ Broadcast recibido. Avatares: 1 [Hijo Test(2)] @ https://jimsimrodev.github.io/pequenos-sanos/assets/index-C7AoTPzR.js:82
[  206160ms] [LOG] [WS] 🗺️ Broadcast recibido. Avatares: 1 [Hijo Test(2)] @ https://jimsimrodev.github.io/pequenos-sanos/assets/index-C7AoTPzR.js:82
[  206196ms] [LOG] [WS] 🗺️ Broadcast recibido. Avatares: 1 [Hijo Test(2)] @ https://jimsimrodev.github.io/pequenos-sanos/assets/index-C7AoTPzR.js:82
[  206237ms] [LOG] [WS] 🗺️ Broadcast recibido. Avatares: 1 [Hijo Test(2)] @ https://jimsimrodev.github.io/pequenos-sanos/assets/index-C7AoTPzR.js:82
[  206265ms] [LOG] [WS] 🗺️ Broadcast recibido. Avatares: 1 [Hijo Test(2)] @ https://jimsimrodev.github.io/pequenos-sanos/assets/index-C7AoTPzR.js:82
[  206292ms] [LOG] [WS] 🗺️ Broadcast recibido. Avatares: 1 [Hijo Test(2)] @ https://jimsimrodev.github.io/pequenos-sanos/assets/index-C7AoTPzR.js:82
[  206326ms] [LOG] [WS] 🗺️ Broadcast recibido. Avatares: 1 [Hijo Test(2)] @ https://jimsimrodev.github.io/pequenos-sanos/assets/index-C7AoTPzR.js:82
[  206352ms] [LOG] [WS] 🗺️ Broadcast recibido. Avatares: 1 [Hijo Test(2)] @ https://jimsimrodev.github.io/pequenos-sanos/assets/index-C7AoTPzR.js:82
[  206380ms] [LOG] [WS] 🗺️ Broadcast recibido. Avatares: 1 [Hijo Test(2)] @ https://jimsimrodev.github.io/pequenos-sanos/assets/index-C7AoTPzR.js:82
[  206412ms] [LOG] [WS] 🗺️ Broadcast recibido. Avatares: 1 [Hijo Test(2)] @ https://jimsimrodev.github.io/pequenos-sanos/assets/index-C7AoTPzR.js:82
[  206444ms] [LOG] [WS] 🗺️ Broadcast recibido. Avatares: 1 [Hijo Test(2)] @ https://jimsimrodev.github.io/pequenos-sanos/assets/index-C7AoTPzR.js:82
[  206474ms] [LOG] [WS] 🗺️ Broadcast recibido. Avatares: 1 [Hijo Test(2)] @ https://jimsimrodev.github.io/pequenos-sanos/assets/index-C7AoTPzR.js:82
[  206501ms] [LOG] [WS] 🗺️ Broadcast recibido. Avatares: 1 [Hijo Test(2)] @ https://jimsimrodev.github.io/pequenos-sanos/assets/index-C7AoTPzR.js:82
[  206531ms] [LOG] [WS] 🗺️ Broadcast recibido. Avatares: 1 [Hijo Test(2)] @ https://jimsimrodev.github.io/pequenos-sanos/assets/index-C7AoTPzR.js:82
[  206558ms] [LOG] [WS] 🗺️ Broadcast recibido. Avatares: 1 [Hijo Test(2)] @ https://jimsimrodev.github.io/pequenos-sanos/assets/index-C7AoTPzR.js:82
[  206593ms] [LOG] [WS] 🗺️ Broadcast recibido. Avatares: 1 [Hijo Test(2)] @ https://jimsimrodev.github.io/pequenos-sanos/assets/index-C7AoTPzR.js:82
[  206623ms] [LOG] [WS] 🗺️ Broadcast recibido. Avatares: 1 [Hijo Test(2)] @ https://jimsimrodev.github.io/pequenos-sanos/assets/index-C7AoTPzR.js:82
[  206673ms] [LOG] [WS] 🗺️ Broadcast recibido. Avatares: 1 [Hijo Test(2)] @ https://jimsimrodev.github.io/pequenos-sanos/assets/index-C7AoTPzR.js:82
[  206706ms] [LOG] [WS] 🗺️ Broadcast recibido. Avatares: 1 [Hijo Test(2)] @ https://jimsimrodev.github.io/pequenos-sanos/assets/index-C7AoTPzR.js:82
[  206731ms] [LOG] [WS] 🗺️ Broadcast recibido. Avatares: 1 [Hijo Test(2)] @ https://jimsimrodev.github.io/pequenos-sanos/assets/index-C7AoTPzR.js:82
[  206761ms] [LOG] [WS] 🗺️ Broadcast recibido. Avatares: 1 [Hijo Test(2)] @ https://jimsimrodev.github.io/pequenos-sanos/assets/index-C7AoTPzR.js:82
[  206796ms] [LOG] [WS] 🗺️ Broadcast recibido. Avatares: 1 [Hijo Test(2)] @ https://jimsimrodev.github.io/pequenos-sanos/assets/index-C7AoTPzR.js:82
[  206825ms] [LOG] [WS] 🗺️ Broadcast recibido. Avatares: 1 [Hijo Test(2)] @ https://jimsimrodev.github.io/pequenos-sanos/assets/index-C7AoTPzR.js:82
[  206852ms] [LOG] [WS] 🗺️ Broadcast recibido. Avatares: 1 [Hijo Test(2)] @ https://jimsimrodev.github.io/pequenos-sanos/assets/index-C7AoTPzR.js:82
[  206910ms] [LOG] [WS] 🗺️ Broadcast recibido. Avatares: 1 [Hijo Test(2)] @ https://jimsimrodev.github.io/pequenos-sanos/assets/index-C7AoTPzR.js:82
[  206938ms] [LOG] [WS] 🗺️ Broadcast recibido. Avatares: 1 [Hijo Test(2)] @ https://jimsimrodev.github.io/pequenos-sanos/assets/index-C7AoTPzR.js:82
[  206961ms] [LOG] [WS] 🗺️ Broadcast recibido. Avatares: 1 [Hijo Test(2)] @ https://jimsimrodev.github.io/pequenos-sanos/assets/index-C7AoTPzR.js:82
[  206990ms] [LOG] [WS] 🗺️ Broadcast recibido. Avatares: 1 [Hijo Test(2)] @ https://jimsimrodev.github.io/pequenos-sanos/assets/index-C7AoTPzR.js:82
[  207019ms] [LOG] [WS] 🗺️ Broadcast recibido. Avatares: 1 [Hijo Test(2)] @ https://jimsimrodev.github.io/pequenos-sanos/assets/index-C7AoTPzR.js:82
[  207072ms] [LOG] [WS] 🗺️ Broadcast recibido. Avatares: 1 [Hijo Test(2)] @ https://jimsimrodev.github.io/pequenos-sanos/assets/index-C7AoTPzR.js:82
[  207096ms] [LOG] [WS] 🗺️ Broadcast recibido. Avatares: 1 [Hijo Test(2)] @ https://jimsimrodev.github.io/pequenos-sanos/assets/index-C7AoTPzR.js:82
[  207125ms] [LOG] [WS] 🗺️ Broadcast recibido. Avatares: 1 [Hijo Test(2)] @ https://jimsimrodev.github.io/pequenos-sanos/assets/index-C7AoTPzR.js:82
[  207149ms] [LOG] [WS] 🗺️ Broadcast recibido. Avatares: 1 [Hijo Test(2)] @ https://jimsimrodev.github.io/pequenos-sanos/assets/index-C7AoTPzR.js:82
[  207203ms] [LOG] [WS] 🗺️ Broadcast recibido. Avatares: 1 [Hijo Test(2)] @ https://jimsimrodev.github.io/pequenos-sanos/assets/index-C7AoTPzR.js:82
[  207233ms] [LOG] [WS] 🗺️ Broadcast recibido. Avatares: 1 [Hijo Test(2)] @ https://jimsimrodev.github.io/pequenos-sanos/assets/index-C7AoTPzR.js:82
[  207261ms] [LOG] [WS] 🗺️ Broadcast recibido. Avatares: 1 [Hijo Test(2)] @ https://jimsimrodev.github.io/pequenos-sanos/assets/index-C7AoTPzR.js:82
[  207284ms] [LOG] [WS] 🗺️ Broadcast recibido. Avatares: 1 [Hijo Test(2)] @ https://jimsimrodev.github.io/pequenos-sanos/assets/index-C7AoTPzR.js:82
[  207312ms] [LOG] [WS] 🗺️ Broadcast recibido. Avatares: 1 [Hijo Test(2)] @ https://jimsimrodev.github.io/pequenos-sanos/assets/index-C7AoTPzR.js:82
[  207368ms] [LOG] [WS] 🗺️ Broadcast recibido. Avatares: 1 [Hijo Test(2)] @ https://jimsimrodev.github.io/pequenos-sanos/assets/index-C7AoTPzR.js:82
[  207396ms] [LOG] [WS] 🗺️ Broadcast recibido. Avatares: 1 [Hijo Test(2)] @ https://jimsimrodev.github.io/pequenos-sanos/assets/index-C7AoTPzR.js:82
[  207427ms] [LOG] [WS] 🗺️ Broadcast recibido. Avatares: 1 [Hijo Test(2)] @ https://jimsimrodev.github.io/pequenos-sanos/assets/index-C7AoTPzR.js:82
[  207455ms] [LOG] [WS] 🗺️ Broadcast recibido. Avatares: 1 [Hijo Test(2)] @ https://jimsimrodev.github.io/pequenos-sanos/assets/index-C7AoTPzR.js:82
[  207483ms] [LOG] [WS] 🗺️ Broadcast recibido. Avatares: 1 [Hijo Test(2)] @ https://jimsimrodev.github.io/pequenos-sanos/assets/index-C7AoTPzR.js:82
[  207509ms] [LOG] [WS] 🗺️ Broadcast recibido. Avatares: 1 [Hijo Test(2)] @ https://jimsimrodev.github.io/pequenos-sanos/assets/index-C7AoTPzR.js:82
[  207560ms] [LOG] [WS] 🗺️ Broadcast recibido. Avatares: 1 [Hijo Test(2)] @ https://jimsimrodev.github.io/pequenos-sanos/assets/index-C7AoTPzR.js:82
[  207588ms] [LOG] [WS] 🗺️ Broadcast recibido. Avatares: 1 [Hijo Test(2)] @ https://jimsimrodev.github.io/pequenos-sanos/assets/index-C7AoTPzR.js:82
[  207614ms] [LOG] [WS] 🗺️ Broadcast recibido. Avatares: 1 [Hijo Test(2)] @ https://jimsimrodev.github.io/pequenos-sanos/assets/index-C7AoTPzR.js:82
[  207646ms] [LOG] [WS] 🗺️ Broadcast recibido. Avatares: 1 [Hijo Test(2)] @ https://jimsimrodev.github.io/pequenos-sanos/assets/index-C7AoTPzR.js:82
[  207680ms] [LOG] [WS] 🗺️ Broadcast recibido. Avatares: 1 [Hijo Test(2)] @ https://jimsimrodev.github.io/pequenos-sanos/assets/index-C7AoTPzR.js:82
[  207713ms] [LOG] [WS] 🗺️ Broadcast recibido. Avatares: 1 [Hijo Test(2)] @ https://jimsimrodev.github.io/pequenos-sanos/assets/index-C7AoTPzR.js:82
[  207751ms] [LOG] [WS] 🗺️ Broadcast recibido. Avatares: 1 [Hijo Test(2)] @ https://jimsimrodev.github.io/pequenos-sanos/assets/index-C7AoTPzR.js:82
[  207783ms] [LOG] [WS] 🗺️ Broadcast recibido. Avatares: 1 [Hijo Test(2)] @ https://jimsimrodev.github.io/pequenos-sanos/assets/index-C7AoTPzR.js:82
[  207809ms] [LOG] [WS] 🗺️ Broadcast recibido. Avatares: 1 [Hijo Test(2)] @ https://jimsimrodev.github.io/pequenos-sanos/assets/index-C7AoTPzR.js:82
[  207842ms] [LOG] [WS] 🗺️ Broadcast recibido. Avatares: 1 [Hijo Test(2)] @ https://jimsimrodev.github.io/pequenos-sanos/assets/index-C7AoTPzR.js:82
[  207879ms] [LOG] [WS] 🗺️ Broadcast recibido. Avatares: 1 [Hijo Test(2)] @ https://jimsimrodev.github.io/pequenos-sanos/assets/index-C7AoTPzR.js:82
[  207930ms] [LOG] [WS] 🗺️ Broadcast recibido. Avatares: 1 [Hijo Test(2)] @ https://jimsimrodev.github.io/pequenos-sanos/assets/index-C7AoTPzR.js:82
[  207958ms] [LOG] [WS] 🗺️ Broadcast recibido. Avatares: 1 [Hijo Test(2)] @ https://jimsimrodev.github.io/pequenos-sanos/assets/index-C7AoTPzR.js:82
[  207987ms] [LOG] [WS] 🗺️ Broadcast recibido. Avatares: 1 [Hijo Test(2)] @ https://jimsimrodev.github.io/pequenos-sanos/assets/index-C7AoTPzR.js:82
[  208019ms] [LOG] [WS] 🗺️ Broadcast recibido. Avatares: 1 [Hijo Test(2)] @ https://jimsimrodev.github.io/pequenos-sanos/assets/index-C7AoTPzR.js:82
[  208052ms] [LOG] [WS] 🗺️ Broadcast recibido. Avatares: 1 [Hijo Test(2)] @ https://jimsimrodev.github.io/pequenos-sanos/assets/index-C7AoTPzR.js:82
[  208083ms] [LOG] [WS] 🗺️ Broadcast recibido. Avatares: 1 [Hijo Test(2)] @ https://jimsimrodev.github.io/pequenos-sanos/assets/index-C7AoTPzR.js:82
[  208114ms] [LOG] [WS] 🗺️ Broadcast recibido. Avatares: 1 [Hijo Test(2)] @ https://jimsimrodev.github.io/pequenos-sanos/assets/index-C7AoTPzR.js:82
[  208143ms] [LOG] [WS] 🗺️ Broadcast recibido. Avatares: 1 [Hijo Test(2)] @ https://jimsimrodev.github.io/pequenos-sanos/assets/index-C7AoTPzR.js:82
[  208177ms] [LOG] [WS] 🗺️ Broadcast recibido. Avatares: 1 [Hijo Test(2)] @ https://jimsimrodev.github.io/pequenos-sanos/assets/index-C7AoTPzR.js:82
[  208210ms] [LOG] [WS] 🗺️ Broadcast recibido. Avatares: 1 [Hijo Test(2)] @ https://jimsimrodev.github.io/pequenos-sanos/assets/index-C7AoTPzR.js:82
[  208241ms] [LOG] [WS] 🗺️ Broadcast recibido. Avatares: 1 [Hijo Test(2)] @ https://jimsimrodev.github.io/pequenos-sanos/assets/index-C7AoTPzR.js:82
[  208275ms] [LOG] [WS] 🗺️ Broadcast recibido. Avatares: 1 [Hijo Test(2)] @ https://jimsimrodev.github.io/pequenos-sanos/assets/index-C7AoTPzR.js:82
[  208311ms] [LOG] [WS] 🗺️ Broadcast recibido. Avatares: 1 [Hijo Test(2)] @ https://jimsimrodev.github.io/pequenos-sanos/assets/index-C7AoTPzR.js:82
[  208346ms] [LOG] [WS] 🗺️ Broadcast recibido. Avatares: 1 [Hijo Test(2)] @ https://jimsimrodev.github.io/pequenos-sanos/assets/index-C7AoTPzR.js:82
[  208376ms] [LOG] [WS] 🗺️ Broadcast recibido. Avatares: 1 [Hijo Test(2)] @ https://jimsimrodev.github.io/pequenos-sanos/assets/index-C7AoTPzR.js:82
[  208410ms] [LOG] [WS] 🗺️ Broadcast recibido. Avatares: 1 [Hijo Test(2)] @ https://jimsimrodev.github.io/pequenos-sanos/assets/index-C7AoTPzR.js:82
[  208439ms] [LOG] [WS] 🗺️ Broadcast recibido. Avatares: 1 [Hijo Test(2)] @ https://jimsimrodev.github.io/pequenos-sanos/assets/index-C7AoTPzR.js:82
[  208470ms] [LOG] [WS] 🗺️ Broadcast recibido. Avatares: 1 [Hijo Test(2)] @ https://jimsimrodev.github.io/pequenos-sanos/assets/index-C7AoTPzR.js:82
[  208525ms] [LOG] [WS] 🗺️ Broadcast recibido. Avatares: 1 [Hijo Test(2)] @ https://jimsimrodev.github.io/pequenos-sanos/assets/index-C7AoTPzR.js:82
[  208558ms] [LOG] [WS] 🗺️ Broadcast recibido. Avatares: 1 [Hijo Test(2)] @ https://jimsimrodev.github.io/pequenos-sanos/assets/index-C7AoTPzR.js:82
[  208585ms] [LOG] [WS] 🗺️ Broadcast recibido. Avatares: 1 [Hijo Test(2)] @ https://jimsimrodev.github.io/pequenos-sanos/assets/index-C7AoTPzR.js:82
[  208616ms] [LOG] [WS] 🗺️ Broadcast recibido. Avatares: 1 [Hijo Test(2)] @ https://jimsimrodev.github.io/pequenos-sanos/assets/index-C7AoTPzR.js:82
[  208645ms] [LOG] [WS] 🗺️ Broadcast recibido. Avatares: 1 [Hijo Test(2)] @ https://jimsimrodev.github.io/pequenos-sanos/assets/index-C7AoTPzR.js:82
[  208673ms] [LOG] [WS] 🗺️ Broadcast recibido. Avatares: 1 [Hijo Test(2)] @ https://jimsimrodev.github.io/pequenos-sanos/assets/index-C7AoTPzR.js:82
[  208725ms] [LOG] [WS] 🗺️ Broadcast recibido. Avatares: 1 [Hijo Test(2)] @ https://jimsimrodev.github.io/pequenos-sanos/assets/index-C7AoTPzR.js:82
[  208756ms] [LOG] [WS] 🗺️ Broadcast recibido. Avatares: 1 [Hijo Test(2)] @ https://jimsimrodev.github.io/pequenos-sanos/assets/index-C7AoTPzR.js:82
[  208789ms] [LOG] [WS] 🗺️ Broadcast recibido. Avatares: 1 [Hijo Test(2)] @ https://jimsimrodev.github.io/pequenos-sanos/assets/index-C7AoTPzR.js:82
[  208818ms] [LOG] [WS] 🗺️ Broadcast recibido. Avatares: 1 [Hijo Test(2)] @ https://jimsimrodev.github.io/pequenos-sanos/assets/index-C7AoTPzR.js:82
[  208843ms] [LOG] [WS] 🗺️ Broadcast recibido. Avatares: 1 [Hijo Test(2)] @ https://jimsimrodev.github.io/pequenos-sanos/assets/index-C7AoTPzR.js:82
[  208872ms] [LOG] [WS] 🗺️ Broadcast recibido. Avatares: 1 [Hijo Test(2)] @ https://jimsimrodev.github.io/pequenos-sanos/assets/index-C7AoTPzR.js:82
[  208901ms] [LOG] [WS] 🗺️ Broadcast recibido. Avatares: 1 [Hijo Test(2)] @ https://jimsimrodev.github.io/pequenos-sanos/assets/index-C7AoTPzR.js:82
[  208928ms] [LOG] [WS] 🗺️ Broadcast recibido. Avatares: 1 [Hijo Test(2)] @ https://jimsimrodev.github.io/pequenos-sanos/assets/index-C7AoTPzR.js:82
[  208985ms] [LOG] [WS] 🗺️ Broadcast recibido. Avatares: 1 [Hijo Test(2)] @ https://jimsimrodev.github.io/pequenos-sanos/assets/index-C7AoTPzR.js:82
[  209019ms] [LOG] [WS] 🗺️ Broadcast recibido. Avatares: 1 [Hijo Test(2)] @ https://jimsimrodev.github.io/pequenos-sanos/assets/index-C7AoTPzR.js:82
[  209056ms] [LOG] [WS] 🗺️ Broadcast recibido. Avatares: 1 [Hijo Test(2)] @ https://jimsimrodev.github.io/pequenos-sanos/assets/index-C7AoTPzR.js:82
[  209089ms] [LOG] [WS] 🗺️ Broadcast recibido. Avatares: 1 [Hijo Test(2)] @ https://jimsimrodev.github.io/pequenos-sanos/assets/index-C7AoTPzR.js:82
[  209126ms] [LOG] [WS] 🗺️ Broadcast recibido. Avatares: 1 [Hijo Test(2)] @ https://jimsimrodev.github.io/pequenos-sanos/assets/index-C7AoTPzR.js:82
[  209160ms] [LOG] [WS] 🗺️ Broadcast recibido. Avatares: 1 [Hijo Test(2)] @ https://jimsimrodev.github.io/pequenos-sanos/assets/index-C7AoTPzR.js:82
[  209188ms] [LOG] [WS] 🗺️ Broadcast recibido. Avatares: 1 [Hijo Test(2)] @ https://jimsimrodev.github.io/pequenos-sanos/assets/index-C7AoTPzR.js:82
[  209223ms] [LOG] [WS] 🗺️ Broadcast recibido. Avatares: 1 [Hijo Test(2)] @ https://jimsimrodev.github.io/pequenos-sanos/assets/index-C7AoTPzR.js:82
[  209262ms] [LOG] [WS] 🗺️ Broadcast recibido. Avatares: 1 [Hijo Test(2)] @ https://jimsimrodev.github.io/pequenos-sanos/assets/index-C7AoTPzR.js:82
[  209297ms] [LOG] [WS] 🗺️ Broadcast recibido. Avatares: 1 [Hijo Test(2)] @ https://jimsimrodev.github.io/pequenos-sanos/assets/index-C7AoTPzR.js:82
[  209339ms] [LOG] [WS] 🗺️ Broadcast recibido. Avatares: 1 [Hijo Test(2)] @ https://jimsimrodev.github.io/pequenos-sanos/assets/index-C7AoTPzR.js:82
[  209372ms] [LOG] [WS] 🗺️ Broadcast recibido. Avatares: 1 [Hijo Test(2)] @ https://jimsimrodev.github.io/pequenos-sanos/assets/index-C7AoTPzR.js:82
[  209406ms] [LOG] [WS] 🗺️ Broadcast recibido. Avatares: 1 [Hijo Test(2)] @ https://jimsimrodev.github.io/pequenos-sanos/assets/index-C7AoTPzR.js:82
[  209446ms] [LOG] [WS] 🗺️ Broadcast recibido. Avatares: 1 [Hijo Test(2)] @ https://jimsimrodev.github.io/pequenos-sanos/assets/index-C7AoTPzR.js:82
[  209477ms] [LOG] [WS] 🗺️ Broadcast recibido. Avatares: 1 [Hijo Test(2)] @ https://jimsimrodev.github.io/pequenos-sanos/assets/index-C7AoTPzR.js:82
[  209515ms] [LOG] [WS] 🗺️ Broadcast recibido. Avatares: 1 [Hijo Test(2)] @ https://jimsimrodev.github.io/pequenos-sanos/assets/index-C7AoTPzR.js:82
[  209547ms] [LOG] [WS] 🗺️ Broadcast recibido. Avatares: 1 [Hijo Test(2)] @ https://jimsimrodev.github.io/pequenos-sanos/assets/index-C7AoTPzR.js:82
[  209578ms] [LOG] [WS] 🗺️ Broadcast recibido. Avatares: 1 [Hijo Test(2)] @ https://jimsimrodev.github.io/pequenos-sanos/assets/index-C7AoTPzR.js:82
[  209611ms] [LOG] [WS] 🗺️ Broadcast recibido. Avatares: 1 [Hijo Test(2)] @ https://jimsimrodev.github.io/pequenos-sanos/assets/index-C7AoTPzR.js:82
[  209649ms] [LOG] [WS] 🗺️ Broadcast recibido. Avatares: 1 [Hijo Test(2)] @ https://jimsimrodev.github.io/pequenos-sanos/assets/index-C7AoTPzR.js:82
[  209682ms] [LOG] [WS] 🗺️ Broadcast recibido. Avatares: 1 [Hijo Test(2)] @ https://jimsimrodev.github.io/pequenos-sanos/assets/index-C7AoTPzR.js:82
[  209710ms] [LOG] [WS] 🗺️ Broadcast recibido. Avatares: 1 [Hijo Test(2)] @ https://jimsimrodev.github.io/pequenos-sanos/assets/index-C7AoTPzR.js:82
[  209742ms] [LOG] [WS] 🗺️ Broadcast recibido. Avatares: 1 [Hijo Test(2)] @ https://jimsimrodev.github.io/pequenos-sanos/assets/index-C7AoTPzR.js:82
[  209771ms] [LOG] [WS] 🗺️ Broadcast recibido. Avatares: 1 [Hijo Test(2)] @ https://jimsimrodev.github.io/pequenos-sanos/assets/index-C7AoTPzR.js:82
[  209798ms] [LOG] [WS] 🗺️ Broadcast recibido. Avatares: 1 [Hijo Test(2)] @ https://jimsimrodev.github.io/pequenos-sanos/assets/index-C7AoTPzR.js:82
[  209828ms] [LOG] [WS] 🗺️ Broadcast recibido. Avatares: 1 [Hijo Test(2)] @ https://jimsimrodev.github.io/pequenos-sanos/assets/index-C7AoTPzR.js:82
[  209857ms] [LOG] [WS] 🗺️ Broadcast recibido. Avatares: 1 [Hijo Test(2)] @ https://jimsimrodev.github.io/pequenos-sanos/assets/index-C7AoTPzR.js:82
[  209880ms] [LOG] [WS] 🗺️ Broadcast recibido. Avatares: 1 [Hijo Test(2)] @ https://jimsimrodev.github.io/pequenos-sanos/assets/index-C7AoTPzR.js:82
[  209908ms] [LOG] [WS] 🗺️ Broadcast recibido. Avatares: 1 [Hijo Test(2)] @ https://jimsimrodev.github.io/pequenos-sanos/assets/index-C7AoTPzR.js:82
[  209936ms] [LOG] [WS] 🗺️ Broadcast recibido. Avatares: 1 [Hijo Test(2)] @ https://jimsimrodev.github.io/pequenos-sanos/assets/index-C7AoTPzR.js:82
[  209965ms] [LOG] [WS] 🗺️ Broadcast recibido. Avatares: 1 [Hijo Test(2)] @ https://jimsimrodev.github.io/pequenos-sanos/assets/index-C7AoTPzR.js:82
[  209990ms] [LOG] [WS] 🗺️ Broadcast recibido. Avatares: 1 [Hijo Test(2)] @ https://jimsimrodev.github.io/pequenos-sanos/assets/index-C7AoTPzR.js:82
[  210018ms] [LOG] [WS] 🗺️ Broadcast recibido. Avatares: 1 [Hijo Test(2)] @ https://jimsimrodev.github.io/pequenos-sanos/assets/index-C7AoTPzR.js:82
[  210084ms] [LOG] [WS] 🗺️ Broadcast recibido. Avatares: 1 [Hijo Test(2)] @ https://jimsimrodev.github.io/pequenos-sanos/assets/index-C7AoTPzR.js:82
[  210113ms] [LOG] [WS] 🗺️ Broadcast recibido. Avatares: 1 [Hijo Test(2)] @ https://jimsimrodev.github.io/pequenos-sanos/assets/index-C7AoTPzR.js:82
[  210142ms] [LOG] [WS] 🗺️ Broadcast recibido. Avatares: 1 [Hijo Test(2)] @ https://jimsimrodev.github.io/pequenos-sanos/assets/index-C7AoTPzR.js:82
[  210179ms] [LOG] [WS] 🗺️ Broadcast recibido. Avatares: 1 [Hijo Test(2)] @ https://jimsimrodev.github.io/pequenos-sanos/assets/index-C7AoTPzR.js:82
[  210213ms] [LOG] [WS] 🗺️ Broadcast recibido. Avatares: 1 [Hijo Test(2)] @ https://jimsimrodev.github.io/pequenos-sanos/assets/index-C7AoTPzR.js:82
[  210244ms] [LOG] [WS] 🗺️ Broadcast recibido. Avatares: 1 [Hijo Test(2)] @ https://jimsimrodev.github.io/pequenos-sanos/assets/index-C7AoTPzR.js:82
[  210277ms] [LOG] [WS] 🗺️ Broadcast recibido. Avatares: 1 [Hijo Test(2)] @ https://jimsimrodev.github.io/pequenos-sanos/assets/index-C7AoTPzR.js:82
[  210310ms] [LOG] [WS] 🗺️ Broadcast recibido. Avatares: 1 [Hijo Test(2)] @ https://jimsimrodev.github.io/pequenos-sanos/assets/index-C7AoTPzR.js:82
[  210343ms] [LOG] [WS] 🗺️ Broadcast recibido. Avatares: 1 [Hijo Test(2)] @ https://jimsimrodev.github.io/pequenos-sanos/assets/index-C7AoTPzR.js:82
[  210379ms] [LOG] [WS] 🗺️ Broadcast recibido. Avatares: 1 [Hijo Test(2)] @ https://jimsimrodev.github.io/pequenos-sanos/assets/index-C7AoTPzR.js:82
[  210409ms] [LOG] [WS] 🗺️ Broadcast recibido. Avatares: 1 [Hijo Test(2)] @ https://jimsimrodev.github.io/pequenos-sanos/assets/index-C7AoTPzR.js:82
[  210440ms] [LOG] [WS] 🗺️ Broadcast recibido. Avatares: 1 [Hijo Test(2)] @ https://jimsimrodev.github.io/pequenos-sanos/assets/index-C7AoTPzR.js:82
[  210474ms] [LOG] [WS] 🗺️ Broadcast recibido. Avatares: 1 [Hijo Test(2)] @ https://jimsimrodev.github.io/pequenos-sanos/assets/index-C7AoTPzR.js:82
[  210502ms] [LOG] [WS] 🗺️ Broadcast recibido. Avatares: 1 [Hijo Test(2)] @ https://jimsimrodev.github.io/pequenos-sanos/assets/index-C7AoTPzR.js:82
[  210533ms] [LOG] [WS] 🗺️ Broadcast recibido. Avatares: 1 [Hijo Test(2)] @ https://jimsimrodev.github.io/pequenos-sanos/assets/index-C7AoTPzR.js:82
[  210566ms] [LOG] [WS] 🗺️ Broadcast recibido. Avatares: 1 [Hijo Test(2)] @ https://jimsimrodev.github.io/pequenos-sanos/assets/index-C7AoTPzR.js:82
[  210593ms] [LOG] [WS] 🗺️ Broadcast recibido. Avatares: 1 [Hijo Test(2)] @ https://jimsimrodev.github.io/pequenos-sanos/assets/index-C7AoTPzR.js:82
[  210624ms] [LOG] [WS] 🗺️ Broadcast recibido. Avatares: 1 [Hijo Test(2)] @ https://jimsimrodev.github.io/pequenos-sanos/assets/index-C7AoTPzR.js:82
[  210656ms] [LOG] [WS] 🗺️ Broadcast recibido. Avatares: 1 [Hijo Test(2)] @ https://jimsimrodev.github.io/pequenos-sanos/assets/index-C7AoTPzR.js:82
[  210689ms] [LOG] [WS] 🗺️ Broadcast recibido. Avatares: 1 [Hijo Test(2)] @ https://jimsimrodev.github.io/pequenos-sanos/assets/index-C7AoTPzR.js:82
[  210720ms] [LOG] [WS] 🗺️ Broadcast recibido. Avatares: 1 [Hijo Test(2)] @ https://jimsimrodev.github.io/pequenos-sanos/assets/index-C7AoTPzR.js:82
[  210758ms] [LOG] [WS] 🗺️ Broadcast recibido. Avatares: 1 [Hijo Test(2)] @ https://jimsimrodev.github.io/pequenos-sanos/assets/index-C7AoTPzR.js:82
[  210792ms] [LOG] [WS] 🗺️ Broadcast recibido. Avatares: 1 [Hijo Test(2)] @ https://jimsimrodev.github.io/pequenos-sanos/assets/index-C7AoTPzR.js:82
[  210827ms] [LOG] [WS] 🗺️ Broadcast recibido. Avatares: 1 [Hijo Test(2)] @ https://jimsimrodev.github.io/pequenos-sanos/assets/index-C7AoTPzR.js:82
[  210857ms] [LOG] [WS] 🗺️ Broadcast recibido. Avatares: 1 [Hijo Test(2)] @ https://jimsimrodev.github.io/pequenos-sanos/assets/index-C7AoTPzR.js:82
[  210893ms] [LOG] [WS] 🗺️ Broadcast recibido. Avatares: 1 [Hijo Test(2)] @ https://jimsimrodev.github.io/pequenos-sanos/assets/index-C7AoTPzR.js:82
[  210924ms] [LOG] [WS] 🗺️ Broadcast recibido. Avatares: 1 [Hijo Test(2)] @ https://jimsimrodev.github.io/pequenos-sanos/assets/index-C7AoTPzR.js:82
[  210959ms] [LOG] [WS] 🗺️ Broadcast recibido. Avatares: 1 [Hijo Test(2)] @ https://jimsimrodev.github.io/pequenos-sanos/assets/index-C7AoTPzR.js:82
[  210989ms] [LOG] [WS] 🗺️ Broadcast recibido. Avatares: 1 [Hijo Test(2)] @ https://jimsimrodev.github.io/pequenos-sanos/assets/index-C7AoTPzR.js:82
[  211024ms] [LOG] [WS] 🗺️ Broadcast recibido. Avatares: 1 [Hijo Test(2)] @ https://jimsimrodev.github.io/pequenos-sanos/assets/index-C7AoTPzR.js:82
[  211057ms] [LOG] [WS] 🗺️ Broadcast recibido. Avatares: 1 [Hijo Test(2)] @ https://jimsimrodev.github.io/pequenos-sanos/assets/index-C7AoTPzR.js:82
[  211086ms] [LOG] [WS] 🗺️ Broadcast recibido. Avatares: 1 [Hijo Test(2)] @ https://jimsimrodev.github.io/pequenos-sanos/assets/index-C7AoTPzR.js:82
[  211120ms] [LOG] [WS] 🗺️ Broadcast recibido. Avatares: 1 [Hijo Test(2)] @ https://jimsimrodev.github.io/pequenos-sanos/assets/index-C7AoTPzR.js:82
[  211151ms] [LOG] [WS] 🗺️ Broadcast recibido. Avatares: 1 [Hijo Test(2)] @ https://jimsimrodev.github.io/pequenos-sanos/assets/index-C7AoTPzR.js:82
[  211189ms] [LOG] [WS] 🗺️ Broadcast recibido. Avatares: 1 [Hijo Test(2)] @ https://jimsimrodev.github.io/pequenos-sanos/assets/index-C7AoTPzR.js:82
[  211221ms] [LOG] [WS] 🗺️ Broadcast recibido. Avatares: 1 [Hijo Test(2)] @ https://jimsimrodev.github.io/pequenos-sanos/assets/index-C7AoTPzR.js:82
[  211251ms] [LOG] [WS] 🗺️ Broadcast recibido. Avatares: 1 [Hijo Test(2)] @ https://jimsimrodev.github.io/pequenos-sanos/assets/index-C7AoTPzR.js:82
[  211285ms] [LOG] [WS] 🗺️ Broadcast recibido. Avatares: 1 [Hijo Test(2)] @ https://jimsimrodev.github.io/pequenos-sanos/assets/index-C7AoTPzR.js:82
[  211318ms] [LOG] [WS] 🗺️ Broadcast recibido. Avatares: 1 [Hijo Test(2)] @ https://jimsimrodev.github.io/pequenos-sanos/assets/index-C7AoTPzR.js:82
[  211350ms] [LOG] [WS] 🗺️ Broadcast recibido. Avatares: 1 [Hijo Test(2)] @ https://jimsimrodev.github.io/pequenos-sanos/assets/index-C7AoTPzR.js:82
[  211387ms] [LOG] [WS] 🗺️ Broadcast recibido. Avatares: 1 [Hijo Test(2)] @ https://jimsimrodev.github.io/pequenos-sanos/assets/index-C7AoTPzR.js:82
[  211420ms] [LOG] [WS] 🗺️ Broadcast recibido. Avatares: 1 [Hijo Test(2)] @ https://jimsimrodev.github.io/pequenos-sanos/assets/index-C7AoTPzR.js:82
[  211454ms] [LOG] [WS] 🗺️ Broadcast recibido. Avatares: 1 [Hijo Test(2)] @ https://jimsimrodev.github.io/pequenos-sanos/assets/index-C7AoTPzR.js:82
[  211487ms] [LOG] [WS] 🗺️ Broadcast recibido. Avatares: 1 [Hijo Test(2)] @ https://jimsimrodev.github.io/pequenos-sanos/assets/index-C7AoTPzR.js:82
[  211517ms] [LOG] [WS] 🗺️ Broadcast recibido. Avatares: 1 [Hijo Test(2)] @ https://jimsimrodev.github.io/pequenos-sanos/assets/index-C7AoTPzR.js:82
[  211553ms] [LOG] [WS] 🗺️ Broadcast recibido. Avatares: 1 [Hijo Test(2)] @ https://jimsimrodev.github.io/pequenos-sanos/assets/index-C7AoTPzR.js:82
[  211581ms] [LOG] [WS] 🗺️ Broadcast recibido. Avatares: 1 [Hijo Test(2)] @ https://jimsimrodev.github.io/pequenos-sanos/assets/index-C7AoTPzR.js:82
[  211609ms] [LOG] [WS] 🗺️ Broadcast recibido. Avatares: 1 [Hijo Test(2)] @ https://jimsimrodev.github.io/pequenos-sanos/assets/index-C7AoTPzR.js:82
[  211639ms] [LOG] [WS] 🗺️ Broadcast recibido. Avatares: 1 [Hijo Test(2)] @ https://jimsimrodev.github.io/pequenos-sanos/assets/index-C7AoTPzR.js:82
[  211673ms] [LOG] [WS] 🗺️ Broadcast recibido. Avatares: 1 [Hijo Test(2)] @ https://jimsimrodev.github.io/pequenos-sanos/assets/index-C7AoTPzR.js:82
[  211705ms] [LOG] [WS] 🗺️ Broadcast recibido. Avatares: 1 [Hijo Test(2)] @ https://jimsimrodev.github.io/pequenos-sanos/assets/index-C7AoTPzR.js:82
[  211763ms] [LOG] [WS] 🗺️ Broadcast recibido. Avatares: 1 [Hijo Test(2)] @ https://jimsimrodev.github.io/pequenos-sanos/assets/index-C7AoTPzR.js:82
[  211794ms] [LOG] [WS] 🗺️ Broadcast recibido. Avatares: 1 [Hijo Test(2)] @ https://jimsimrodev.github.io/pequenos-sanos/assets/index-C7AoTPzR.js:82
[  211827ms] [LOG] [WS] 🗺️ Broadcast recibido. Avatares: 1 [Hijo Test(2)] @ https://jimsimrodev.github.io/pequenos-sanos/assets/index-C7AoTPzR.js:82
[  211858ms] [LOG] [WS] 🗺️ Broadcast recibido. Avatares: 1 [Hijo Test(2)] @ https://jimsimrodev.github.io/pequenos-sanos/assets/index-C7AoTPzR.js:82
[  211891ms] [LOG] [WS] 🗺️ Broadcast recibido. Avatares: 1 [Hijo Test(2)] @ https://jimsimrodev.github.io/pequenos-sanos/assets/index-C7AoTPzR.js:82
[  211939ms] [LOG] [WS] 🗺️ Broadcast recibido. Avatares: 1 [Hijo Test(2)] @ https://jimsimrodev.github.io/pequenos-sanos/assets/index-C7AoTPzR.js:82
[  211980ms] [LOG] [WS] 🗺️ Broadcast recibido. Avatares: 1 [Hijo Test(2)] @ https://jimsimrodev.github.io/pequenos-sanos/assets/index-C7AoTPzR.js:82
[  212017ms] [LOG] [WS] 🗺️ Broadcast recibido. Avatares: 1 [Hijo Test(2)] @ https://jimsimrodev.github.io/pequenos-sanos/assets/index-C7AoTPzR.js:82
[  212058ms] [LOG] [WS] 🗺️ Broadcast recibido. Avatares: 1 [Hijo Test(2)] @ https://jimsimrodev.github.io/pequenos-sanos/assets/index-C7AoTPzR.js:82
[  212090ms] [LOG] [WS] 🗺️ Broadcast recibido. Avatares: 1 [Hijo Test(2)] @ https://jimsimrodev.github.io/pequenos-sanos/assets/index-C7AoTPzR.js:82
[  212120ms] [LOG] [WS] 🗺️ Broadcast recibido. Avatares: 1 [Hijo Test(2)] @ https://jimsimrodev.github.io/pequenos-sanos/assets/index-C7AoTPzR.js:82
[  212158ms] [LOG] [WS] 🗺️ Broadcast recibido. Avatares: 1 [Hijo Test(2)] @ https://jimsimrodev.github.io/pequenos-sanos/assets/index-C7AoTPzR.js:82
[  212211ms] [LOG] [WS] 🗺️ Broadcast recibido. Avatares: 1 [Hijo Test(2)] @ https://jimsimrodev.github.io/pequenos-sanos/assets/index-C7AoTPzR.js:82
[  212249ms] [LOG] [WS] 🗺️ Broadcast recibido. Avatares: 1 [Hijo Test(2)] @ https://jimsimrodev.github.io/pequenos-sanos/assets/index-C7AoTPzR.js:82
[  212251ms] [LOG] [WS] 🗺️ Broadcast recibido. Avatares: 1 [Hijo Test(2)] @ https://jimsimrodev.github.io/pequenos-sanos/assets/index-C7AoTPzR.js:82
[  212282ms] [LOG] [WS] 🗺️ Broadcast recibido. Avatares: 1 [Hijo Test(2)] @ https://jimsimrodev.github.io/pequenos-sanos/assets/index-C7AoTPzR.js:82
[  212319ms] [LOG] [WS] 🗺️ Broadcast recibido. Avatares: 1 [Hijo Test(2)] @ https://jimsimrodev.github.io/pequenos-sanos/assets/index-C7AoTPzR.js:82
[  212350ms] [LOG] [WS] 🗺️ Broadcast recibido. Avatares: 1 [Hijo Test(2)] @ https://jimsimrodev.github.io/pequenos-sanos/assets/index-C7AoTPzR.js:82
[  212383ms] [LOG] [WS] 🗺️ Broadcast recibido. Avatares: 1 [Hijo Test(2)] @ https://jimsimrodev.github.io/pequenos-sanos/assets/index-C7AoTPzR.js:82
[  212419ms] [LOG] [WS] 🗺️ Broadcast recibido. Avatares: 1 [Hijo Test(2)] @ https://jimsimrodev.github.io/pequenos-sanos/assets/index-C7AoTPzR.js:82
[  212452ms] [LOG] [WS] 🗺️ Broadcast recibido. Avatares: 1 [Hijo Test(2)] @ https://jimsimrodev.github.io/pequenos-sanos/assets/index-C7AoTPzR.js:82
[  212484ms] [LOG] [WS] 🗺️ Broadcast recibido. Avatares: 1 [Hijo Test(2)] @ https://jimsimrodev.github.io/pequenos-sanos/assets/index-C7AoTPzR.js:82
[  212516ms] [LOG] [WS] 🗺️ Broadcast recibido. Avatares: 1 [Hijo Test(2)] @ https://jimsimrodev.github.io/pequenos-sanos/assets/index-C7AoTPzR.js:82
[  212549ms] [LOG] [WS] 🗺️ Broadcast recibido. Avatares: 1 [Hijo Test(2)] @ https://jimsimrodev.github.io/pequenos-sanos/assets/index-C7AoTPzR.js:82
[  212587ms] [LOG] [WS] 🗺️ Broadcast recibido. Avatares: 1 [Hijo Test(2)] @ https://jimsimrodev.github.io/pequenos-sanos/assets/index-C7AoTPzR.js:82
[  212614ms] [LOG] [WS] 🗺️ Broadcast recibido. Avatares: 1 [Hijo Test(2)] @ https://jimsimrodev.github.io/pequenos-sanos/assets/index-C7AoTPzR.js:82
[  212644ms] [LOG] [WS] 🗺️ Broadcast recibido. Avatares: 1 [Hijo Test(2)] @ https://jimsimrodev.github.io/pequenos-sanos/assets/index-C7AoTPzR.js:82
[  212675ms] [LOG] [WS] 🗺️ Broadcast recibido. Avatares: 1 [Hijo Test(2)] @ https://jimsimrodev.github.io/pequenos-sanos/assets/index-C7AoTPzR.js:82
[  212713ms] [LOG] [WS] 🗺️ Broadcast recibido. Avatares: 1 [Hijo Test(2)] @ https://jimsimrodev.github.io/pequenos-sanos/assets/index-C7AoTPzR.js:82
[  212747ms] [LOG] [WS] 🗺️ Broadcast recibido. Avatares: 1 [Hijo Test(2)] @ https://jimsimrodev.github.io/pequenos-sanos/assets/index-C7AoTPzR.js:82
[  212780ms] [LOG] [WS] 🗺️ Broadcast recibido. Avatares: 1 [Hijo Test(2)] @ https://jimsimrodev.github.io/pequenos-sanos/assets/index-C7AoTPzR.js:82
[  212818ms] [LOG] [WS] 🗺️ Broadcast recibido. Avatares: 1 [Hijo Test(2)] @ https://jimsimrodev.github.io/pequenos-sanos/assets/index-C7AoTPzR.js:82
[  212857ms] [LOG] [WS] 🗺️ Broadcast recibido. Avatares: 1 [Hijo Test(2)] @ https://jimsimrodev.github.io/pequenos-sanos/assets/index-C7AoTPzR.js:82
[  212891ms] [LOG] [WS] 🗺️ Broadcast recibido. Avatares: 1 [Hijo Test(2)] @ https://jimsimrodev.github.io/pequenos-sanos/assets/index-C7AoTPzR.js:82
[  212892ms] [LOG] [WS] 🗺️ Broadcast recibido. Avatares: 1 [Hijo Test(2)] @ https://jimsimrodev.github.io/pequenos-sanos/assets/index-C7AoTPzR.js:82
[  212932ms] [LOG] [WS] 🗺️ Broadcast recibido. Avatares: 1 [Hijo Test(2)] @ https://jimsimrodev.github.io/pequenos-sanos/assets/index-C7AoTPzR.js:82
[  212973ms] [LOG] [WS] 🗺️ Broadcast recibido. Avatares: 1 [Hijo Test(2)] @ https://jimsimrodev.github.io/pequenos-sanos/assets/index-C7AoTPzR.js:82
[  213010ms] [LOG] [WS] 🗺️ Broadcast recibido. Avatares: 1 [Hijo Test(2)] @ https://jimsimrodev.github.io/pequenos-sanos/assets/index-C7AoTPzR.js:82
[  213047ms] [LOG] [WS] 🗺️ Broadcast recibido. Avatares: 1 [Hijo Test(2)] @ https://jimsimrodev.github.io/pequenos-sanos/assets/index-C7AoTPzR.js:82
[  213094ms] [LOG] [WS] 🗺️ Broadcast recibido. Avatares: 1 [Hijo Test(2)] @ https://jimsimrodev.github.io/pequenos-sanos/assets/index-C7AoTPzR.js:82
[  213134ms] [LOG] [WS] 🗺️ Broadcast recibido. Avatares: 1 [Hijo Test(2)] @ https://jimsimrodev.github.io/pequenos-sanos/assets/index-C7AoTPzR.js:82
[  213135ms] [LOG] [WS] 🗺️ Broadcast recibido. Avatares: 1 [Hijo Test(2)] @ https://jimsimrodev.github.io/pequenos-sanos/assets/index-C7AoTPzR.js:82
[  213171ms] [LOG] [WS] 🗺️ Broadcast recibido. Avatares: 1 [Hijo Test(2)] @ https://jimsimrodev.github.io/pequenos-sanos/assets/index-C7AoTPzR.js:82
[  213210ms] [LOG] [WS] 🗺️ Broadcast recibido. Avatares: 1 [Hijo Test(2)] @ https://jimsimrodev.github.io/pequenos-sanos/assets/index-C7AoTPzR.js:82
[  213248ms] [LOG] [WS] 🗺️ Broadcast recibido. Avatares: 1 [Hijo Test(2)] @ https://jimsimrodev.github.io/pequenos-sanos/assets/index-C7AoTPzR.js:82
[  213284ms] [LOG] [WS] 🗺️ Broadcast recibido. Avatares: 1 [Hijo Test(2)] @ https://jimsimrodev.github.io/pequenos-sanos/assets/index-C7AoTPzR.js:82
[  213329ms] [LOG] [WS] 🗺️ Broadcast recibido. Avatares: 1 [Hijo Test(2)] @ https://jimsimrodev.github.io/pequenos-sanos/assets/index-C7AoTPzR.js:82
[  213329ms] [LOG] [WS] 🗺️ Broadcast recibido. Avatares: 1 [Hijo Test(2)] @ https://jimsimrodev.github.io/pequenos-sanos/assets/index-C7AoTPzR.js:82
[  213364ms] [LOG] [WS] 🗺️ Broadcast recibido. Avatares: 1 [Hijo Test(2)] @ https://jimsimrodev.github.io/pequenos-sanos/assets/index-C7AoTPzR.js:82
[  213406ms] [LOG] [WS] 🗺️ Broadcast recibido. Avatares: 1 [Hijo Test(2)] @ https://jimsimrodev.github.io/pequenos-sanos/assets/index-C7AoTPzR.js:82
[  213450ms] [LOG] [WS] 🗺️ Broadcast recibido. Avatares: 1 [Hijo Test(2)] @ https://jimsimrodev.github.io/pequenos-sanos/assets/index-C7AoTPzR.js:82
[  213481ms] [LOG] [WS] 🗺️ Broadcast recibido. Avatares: 1 [Hijo Test(2)] @ https://jimsimrodev.github.io/pequenos-sanos/assets/index-C7AoTPzR.js:82
[  213481ms] [LOG] [WS] 🗺️ Broadcast recibido. Avatares: 1 [Hijo Test(2)] @ https://jimsimrodev.github.io/pequenos-sanos/assets/index-C7AoTPzR.js:82
[  213519ms] [LOG] [WS] 🗺️ Broadcast recibido. Avatares: 1 [Hijo Test(2)] @ https://jimsimrodev.github.io/pequenos-sanos/assets/index-C7AoTPzR.js:82
[  213551ms] [LOG] [WS] 🗺️ Broadcast recibido. Avatares: 1 [Hijo Test(2)] @ https://jimsimrodev.github.io/pequenos-sanos/assets/index-C7AoTPzR.js:82
[  213579ms] [LOG] [WS] 🗺️ Broadcast recibido. Avatares: 1 [Hijo Test(2)] @ https://jimsimrodev.github.io/pequenos-sanos/assets/index-C7AoTPzR.js:82
[  213608ms] [LOG] [WS] 🗺️ Broadcast recibido. Avatares: 1 [Hijo Test(2)] @ https://jimsimrodev.github.io/pequenos-sanos/assets/index-C7AoTPzR.js:82
[  213638ms] [LOG] [WS] 🗺️ Broadcast recibido. Avatares: 1 [Hijo Test(2)] @ https://jimsimrodev.github.io/pequenos-sanos/assets/index-C7AoTPzR.js:82
[  213674ms] [LOG] [WS] 🗺️ Broadcast recibido. Avatares: 1 [Hijo Test(2)] @ https://jimsimrodev.github.io/pequenos-sanos/assets/index-C7AoTPzR.js:82
[  213710ms] [LOG] [WS] 🗺️ Broadcast recibido. Avatares: 1 [Hijo Test(2)] @ https://jimsimrodev.github.io/pequenos-sanos/assets/index-C7AoTPzR.js:82
[  213744ms] [LOG] [WS] 🗺️ Broadcast recibido. Avatares: 1 [Hijo Test(2)] @ https://jimsimrodev.github.io/pequenos-sanos/assets/index-C7AoTPzR.js:82
[  213779ms] [LOG] [WS] 🗺️ Broadcast recibido. Avatares: 1 [Hijo Test(2)] @ https://jimsimrodev.github.io/pequenos-sanos/assets/index-C7AoTPzR.js:82
[  213809ms] [LOG] [WS] 🗺️ Broadcast recibido. Avatares: 1 [Hijo Test(2)] @ https://jimsimrodev.github.io/pequenos-sanos/assets/index-C7AoTPzR.js:82
[  213876ms] [LOG] [WS] 🗺️ Broadcast recibido. Avatares: 1 [Hijo Test(2)] @ https://jimsimrodev.github.io/pequenos-sanos/assets/index-C7AoTPzR.js:82
[  213912ms] [LOG] [WS] 🗺️ Broadcast recibido. Avatares: 1 [Hijo Test(2)] @ https://jimsimrodev.github.io/pequenos-sanos/assets/index-C7AoTPzR.js:82
[  213913ms] [LOG] [WS] 🗺️ Broadcast recibido. Avatares: 1 [Hijo Test(2)] @ https://jimsimrodev.github.io/pequenos-sanos/assets/index-C7AoTPzR.js:82
[  213949ms] [LOG] [WS] 🗺️ Broadcast recibido. Avatares: 1 [Hijo Test(2)] @ https://jimsimrodev.github.io/pequenos-sanos/assets/index-C7AoTPzR.js:82
[  213984ms] [LOG] [WS] 🗺️ Broadcast recibido. Avatares: 1 [Hijo Test(2)] @ https://jimsimrodev.github.io/pequenos-sanos/assets/index-C7AoTPzR.js:82
[  214020ms] [LOG] [WS] 🗺️ Broadcast recibido. Avatares: 1 [Hijo Test(2)] @ https://jimsimrodev.github.io/pequenos-sanos/assets/index-C7AoTPzR.js:82
[  214056ms] [LOG] [WS] 🗺️ Broadcast recibido. Avatares: 1 [Hijo Test(2)] @ https://jimsimrodev.github.io/pequenos-sanos/assets/index-C7AoTPzR.js:82
[  214088ms] [LOG] [WS] 🗺️ Broadcast recibido. Avatares: 1 [Hijo Test(2)] @ https://jimsimrodev.github.io/pequenos-sanos/assets/index-C7AoTPzR.js:82
[  214119ms] [LOG] [WS] 🗺️ Broadcast recibido. Avatares: 1 [Hijo Test(2)] @ https://jimsimrodev.github.io/pequenos-sanos/assets/index-C7AoTPzR.js:82
[  214153ms] [LOG] [WS] 🗺️ Broadcast recibido. Avatares: 1 [Hijo Test(2)] @ https://jimsimrodev.github.io/pequenos-sanos/assets/index-C7AoTPzR.js:82
[  214190ms] [LOG] [WS] 🗺️ Broadcast recibido. Avatares: 1 [Hijo Test(2)] @ https://jimsimrodev.github.io/pequenos-sanos/assets/index-C7AoTPzR.js:82
[  214230ms] [LOG] [WS] 🗺️ Broadcast recibido. Avatares: 1 [Hijo Test(2)] @ https://jimsimrodev.github.io/pequenos-sanos/assets/index-C7AoTPzR.js:82
[  214274ms] [LOG] [WS] 🗺️ Broadcast recibido. Avatares: 1 [Hijo Test(2)] @ https://jimsimrodev.github.io/pequenos-sanos/assets/index-C7AoTPzR.js:82
[  214307ms] [LOG] [WS] 🗺️ Broadcast recibido. Avatares: 1 [Hijo Test(2)] @ https://jimsimrodev.github.io/pequenos-sanos/assets/index-C7AoTPzR.js:82
[  214340ms] [LOG] [WS] 🗺️ Broadcast recibido. Avatares: 1 [Hijo Test(2)] @ https://jimsimrodev.github.io/pequenos-sanos/assets/index-C7AoTPzR.js:82
[  214376ms] [LOG] [WS] 🗺️ Broadcast recibido. Avatares: 1 [Hijo Test(2)] @ https://jimsimrodev.github.io/pequenos-sanos/assets/index-C7AoTPzR.js:82
[  214409ms] [LOG] [WS] 🗺️ Broadcast recibido. Avatares: 1 [Hijo Test(2)] @ https://jimsimrodev.github.io/pequenos-sanos/assets/index-C7AoTPzR.js:82
[  214410ms] [LOG] [WS] 🗺️ Broadcast recibido. Avatares: 1 [Hijo Test(2)] @ https://jimsimrodev.github.io/pequenos-sanos/assets/index-C7AoTPzR.js:82
[  214451ms] [LOG] [WS] 🗺️ Broadcast recibido. Avatares: 1 [Hijo Test(2)] @ https://jimsimrodev.github.io/pequenos-sanos/assets/index-C7AoTPzR.js:82
[  214488ms] [LOG] [WS] 🗺️ Broadcast recibido. Avatares: 1 [Hijo Test(2)] @ https://jimsimrodev.github.io/pequenos-sanos/assets/index-C7AoTPzR.js:82
[  214522ms] [LOG] [WS] 🗺️ Broadcast recibido. Avatares: 1 [Hijo Test(2)] @ https://jimsimrodev.github.io/pequenos-sanos/assets/index-C7AoTPzR.js:82
[  214564ms] [LOG] [WS] 🗺️ Broadcast recibido. Avatares: 1 [Hijo Test(2)] @ https://jimsimrodev.github.io/pequenos-sanos/assets/index-C7AoTPzR.js:82
[  214598ms] [LOG] [WS] 🗺️ Broadcast recibido. Avatares: 1 [Hijo Test(2)] @ https://jimsimrodev.github.io/pequenos-sanos/assets/index-C7AoTPzR.js:82
[  214628ms] [LOG] [WS] 🗺️ Broadcast recibido. Avatares: 1 [Hijo Test(2)] @ https://jimsimrodev.github.io/pequenos-sanos/assets/index-C7AoTPzR.js:82
[  214666ms] [LOG] [WS] 🗺️ Broadcast recibido. Avatares: 1 [Hijo Test(2)] @ https://jimsimrodev.github.io/pequenos-sanos/assets/index-C7AoTPzR.js:82
[  214701ms] [LOG] [WS] 🗺️ Broadcast recibido. Avatares: 1 [Hijo Test(2)] @ https://jimsimrodev.github.io/pequenos-sanos/assets/index-C7AoTPzR.js:82
[  214734ms] [LOG] [WS] 🗺️ Broadcast recibido. Avatares: 1 [Hijo Test(2)] @ https://jimsimrodev.github.io/pequenos-sanos/assets/index-C7AoTPzR.js:82
[  214735ms] [LOG] [WS] 🗺️ Broadcast recibido. Avatares: 1 [Hijo Test(2)] @ https://jimsimrodev.github.io/pequenos-sanos/assets/index-C7AoTPzR.js:82
[  214770ms] [LOG] [WS] 🗺️ Broadcast recibido. Avatares: 1 [Hijo Test(2)] @ https://jimsimrodev.github.io/pequenos-sanos/assets/index-C7AoTPzR.js:82
[  214836ms] [LOG] [WS] 🗺️ Broadcast recibido. Avatares: 1 [Hijo Test(2)] @ https://jimsimrodev.github.io/pequenos-sanos/assets/index-C7AoTPzR.js:82
[  214867ms] [LOG] [WS] 🗺️ Broadcast recibido. Avatares: 1 [Hijo Test(2)] @ https://jimsimrodev.github.io/pequenos-sanos/assets/index-C7AoTPzR.js:82
[  214926ms] [LOG] [WS] 🗺️ Broadcast recibido. Avatares: 1 [Hijo Test(2)] @ https://jimsimrodev.github.io/pequenos-sanos/assets/index-C7AoTPzR.js:82
[  214956ms] [LOG] [WS] 🗺️ Broadcast recibido. Avatares: 1 [Hijo Test(2)] @ https://jimsimrodev.github.io/pequenos-sanos/assets/index-C7AoTPzR.js:82
[  214957ms] [LOG] [WS] 🗺️ Broadcast recibido. Avatares: 1 [Hijo Test(2)] @ https://jimsimrodev.github.io/pequenos-sanos/assets/index-C7AoTPzR.js:82
[  215021ms] [LOG] [WS] 🗺️ Broadcast recibido. Avatares: 1 [Hijo Test(2)] @ https://jimsimrodev.github.io/pequenos-sanos/assets/index-C7AoTPzR.js:82
[  215053ms] [LOG] [WS] 🗺️ Broadcast recibido. Avatares: 1 [Hijo Test(2)] @ https://jimsimrodev.github.io/pequenos-sanos/assets/index-C7AoTPzR.js:82
[  215054ms] [LOG] [WS] 🗺️ Broadcast recibido. Avatares: 1 [Hijo Test(2)] @ https://jimsimrodev.github.io/pequenos-sanos/assets/index-C7AoTPzR.js:82
[  215122ms] [LOG] [WS] 🗺️ Broadcast recibido. Avatares: 1 [Hijo Test(2)] @ https://jimsimrodev.github.io/pequenos-sanos/assets/index-C7AoTPzR.js:82
[  215157ms] [LOG] [WS] 🗺️ Broadcast recibido. Avatares: 1 [Hijo Test(2)] @ https://jimsimrodev.github.io/pequenos-sanos/assets/index-C7AoTPzR.js:82
[  215158ms] [LOG] [WS] 🗺️ Broadcast recibido. Avatares: 1 [Hijo Test(2)] @ https://jimsimrodev.github.io/pequenos-sanos/assets/index-C7AoTPzR.js:82
[  215197ms] [LOG] [WS] 🗺️ Broadcast recibido. Avatares: 1 [Hijo Test(2)] @ https://jimsimrodev.github.io/pequenos-sanos/assets/index-C7AoTPzR.js:82
[  215230ms] [LOG] [WS] 🗺️ Broadcast recibido. Avatares: 1 [Hijo Test(2)] @ https://jimsimrodev.github.io/pequenos-sanos/assets/index-C7AoTPzR.js:82
[  215267ms] [LOG] [WS] 🗺️ Broadcast recibido. Avatares: 1 [Hijo Test(2)] @ https://jimsimrodev.github.io/pequenos-sanos/assets/index-C7AoTPzR.js:82
[  215338ms] [LOG] [WS] 🗺️ Broadcast recibido. Avatares: 1 [Hijo Test(2)] @ https://jimsimrodev.github.io/pequenos-sanos/assets/index-C7AoTPzR.js:82
[  215383ms] [LOG] [WS] 🗺️ Broadcast recibido. Avatares: 1 [Hijo Test(2)] @ https://jimsimrodev.github.io/pequenos-sanos/assets/index-C7AoTPzR.js:82
[  215384ms] [LOG] [WS] 🗺️ Broadcast recibido. Avatares: 1 [Hijo Test(2)] @ https://jimsimrodev.github.io/pequenos-sanos/assets/index-C7AoTPzR.js:82
[  215385ms] [LOG] [WS] 🗺️ Broadcast recibido. Avatares: 1 [Hijo Test(2)] @ https://jimsimrodev.github.io/pequenos-sanos/assets/index-C7AoTPzR.js:82
[  215474ms] [LOG] [WS] 🗺️ Broadcast recibido. Avatares: 1 [Hijo Test(2)] @ https://jimsimrodev.github.io/pequenos-sanos/assets/index-C7AoTPzR.js:82
[  215535ms] [LOG] [WS] 🗺️ Broadcast recibido. Avatares: 1 [Hijo Test(2)] @ https://jimsimrodev.github.io/pequenos-sanos/assets/index-C7AoTPzR.js:82
[  215537ms] [LOG] [WS] 🗺️ Broadcast recibido. Avatares: 1 [Hijo Test(2)] @ https://jimsimrodev.github.io/pequenos-sanos/assets/index-C7AoTPzR.js:82
[  215614ms] [LOG] [WS] 🗺️ Broadcast recibido. Avatares: 1 [Hijo Test(2)] @ https://jimsimrodev.github.io/pequenos-sanos/assets/index-C7AoTPzR.js:82
[  215615ms] [LOG] [WS] 🗺️ Broadcast recibido. Avatares: 1 [Hijo Test(2)] @ https://jimsimrodev.github.io/pequenos-sanos/assets/index-C7AoTPzR.js:82
[  215616ms] [LOG] [WS] 🗺️ Broadcast recibido. Avatares: 1 [Hijo Test(2)] @ https://jimsimrodev.github.io/pequenos-sanos/assets/index-C7AoTPzR.js:82
[  215674ms] [LOG] [WS] 🗺️ Broadcast recibido. Avatares: 1 [Hijo Test(2)] @ https://jimsimrodev.github.io/pequenos-sanos/assets/index-C7AoTPzR.js:82
[  215712ms] [LOG] [WS] 🗺️ Broadcast recibido. Avatares: 1 [Hijo Test(2)] @ https://jimsimrodev.github.io/pequenos-sanos/assets/index-C7AoTPzR.js:82
[  215713ms] [LOG] [WS] 🗺️ Broadcast recibido. Avatares: 1 [Hijo Test(2)] @ https://jimsimrodev.github.io/pequenos-sanos/assets/index-C7AoTPzR.js:82
[  215750ms] [LOG] [WS] 🗺️ Broadcast recibido. Avatares: 1 [Hijo Test(2)] @ https://jimsimrodev.github.io/pequenos-sanos/assets/index-C7AoTPzR.js:82
[  215788ms] [LOG] [WS] 🗺️ Broadcast recibido. Avatares: 1 [Hijo Test(2)] @ https://jimsimrodev.github.io/pequenos-sanos/assets/index-C7AoTPzR.js:82
[  215788ms] [LOG] [WS] 🗺️ Broadcast recibido. Avatares: 1 [Hijo Test(2)] @ https://jimsimrodev.github.io/pequenos-sanos/assets/index-C7AoTPzR.js:82
[  215836ms] [LOG] [WS] 🗺️ Broadcast recibido. Avatares: 1 [Hijo Test(2)] @ https://jimsimrodev.github.io/pequenos-sanos/assets/index-C7AoTPzR.js:82
[  215884ms] [LOG] [WS] 🗺️ Broadcast recibido. Avatares: 1 [Hijo Test(2)] @ https://jimsimrodev.github.io/pequenos-sanos/assets/index-C7AoTPzR.js:82
[  215885ms] [LOG] [WS] 🗺️ Broadcast recibido. Avatares: 1 [Hijo Test(2)] @ https://jimsimrodev.github.io/pequenos-sanos/assets/index-C7AoTPzR.js:82
[  216276ms] [LOG] [WS] 🗺️ Broadcast recibido. Avatares: 1 [Hijo Test(2)] @ https://jimsimrodev.github.io/pequenos-sanos/assets/index-C7AoTPzR.js:82
[  216309ms] [LOG] [WS] 🗺️ Broadcast recibido. Avatares: 1 [Hijo Test(2)] @ https://jimsimrodev.github.io/pequenos-sanos/assets/index-C7AoTPzR.js:82
[  216310ms] [LOG] [WS] 🗺️ Broadcast recibido. Avatares: 1 [Hijo Test(2)] @ https://jimsimrodev.github.io/pequenos-sanos/assets/index-C7AoTPzR.js:82
[  216311ms] [LOG] [WS] 🗺️ Broadcast recibido. Avatares: 1 [Hijo Test(2)] @ https://jimsimrodev.github.io/pequenos-sanos/assets/index-C7AoTPzR.js:82
[  216311ms] [LOG] [WS] 🗺️ Broadcast recibido. Avatares: 1 [Hijo Test(2)] @ https://jimsimrodev.github.io/pequenos-sanos/assets/index-C7AoTPzR.js:82
[  216312ms] [LOG] [WS] 🗺️ Broadcast recibido. Avatares: 1 [Hijo Test(2)] @ https://jimsimrodev.github.io/pequenos-sanos/assets/index-C7AoTPzR.js:82
[  216313ms] [LOG] [WS] 🗺️ Broadcast recibido. Avatares: 1 [Hijo Test(2)] @ https://jimsimrodev.github.io/pequenos-sanos/assets/index-C7AoTPzR.js:82
[  216313ms] [LOG] [WS] 🗺️ Broadcast recibido. Avatares: 1 [Hijo Test(2)] @ https://jimsimrodev.github.io/pequenos-sanos/assets/index-C7AoTPzR.js:82
[  216314ms] [LOG] [WS] 🗺️ Broadcast recibido. Avatares: 1 [Hijo Test(2)] @ https://jimsimrodev.github.io/pequenos-sanos/assets/index-C7AoTPzR.js:82
[  216314ms] [LOG] [WS] 🗺️ Broadcast recibido. Avatares: 1 [Hijo Test(2)] @ https://jimsimrodev.github.io/pequenos-sanos/assets/index-C7AoTPzR.js:82
[  216315ms] [LOG] [WS] 🗺️ Broadcast recibido. Avatares: 1 [Hijo Test(2)] @ https://jimsimrodev.github.io/pequenos-sanos/assets/index-C7AoTPzR.js:82
[  216316ms] [LOG] [WS] 🗺️ Broadcast recibido. Avatares: 1 [Hijo Test(2)] @ https://jimsimrodev.github.io/pequenos-sanos/assets/index-C7AoTPzR.js:82
[  216347ms] [LOG] [WS] 🗺️ Broadcast recibido. Avatares: 1 [Hijo Test(2)] @ https://jimsimrodev.github.io/pequenos-sanos/assets/index-C7AoTPzR.js:82
[  216348ms] [LOG] [WS] 🗺️ Broadcast recibido. Avatares: 1 [Hijo Test(2)] @ https://jimsimrodev.github.io/pequenos-sanos/assets/index-C7AoTPzR.js:82
[  216385ms] [LOG] [WS] 🗺️ Broadcast recibido. Avatares: 1 [Hijo Test(2)] @ https://jimsimrodev.github.io/pequenos-sanos/assets/index-C7AoTPzR.js:82
[  216444ms] [LOG] [WS] 🗺️ Broadcast recibido. Avatares: 1 [Hijo Test(2)] @ https://jimsimrodev.github.io/pequenos-sanos/assets/index-C7AoTPzR.js:82
[  216482ms] [LOG] [WS] 🗺️ Broadcast recibido. Avatares: 1 [Hijo Test(2)] @ https://jimsimrodev.github.io/pequenos-sanos/assets/index-C7AoTPzR.js:82
[  216482ms] [LOG] [WS] 🗺️ Broadcast recibido. Avatares: 1 [Hijo Test(2)] @ https://jimsimrodev.github.io/pequenos-sanos/assets/index-C7AoTPzR.js:82
[  216514ms] [LOG] [WS] 🗺️ Broadcast recibido. Avatares: 1 [Hijo Test(2)] @ https://jimsimrodev.github.io/pequenos-sanos/assets/index-C7AoTPzR.js:82
[  216553ms] [LOG] [WS] 🗺️ Broadcast recibido. Avatares: 1 [Hijo Test(2)] @ https://jimsimrodev.github.io/pequenos-sanos/assets/index-C7AoTPzR.js:82
[  216595ms] [LOG] [WS] 🗺️ Broadcast recibido. Avatares: 1 [Hijo Test(2)] @ https://jimsimrodev.github.io/pequenos-sanos/assets/index-C7AoTPzR.js:82
[  216633ms] [LOG] [WS] 🗺️ Broadcast recibido. Avatares: 1 [Hijo Test(2)] @ https://jimsimrodev.github.io/pequenos-sanos/assets/index-C7AoTPzR.js:82
[  216669ms] [LOG] [WS] 🗺️ Broadcast recibido. Avatares: 1 [Hijo Test(2)] @ https://jimsimrodev.github.io/pequenos-sanos/assets/index-C7AoTPzR.js:82
[  216669ms] [LOG] [WS] 🗺️ Broadcast recibido. Avatares: 1 [Hijo Test(2)] @ https://jimsimrodev.github.io/pequenos-sanos/assets/index-C7AoTPzR.js:82
[  216702ms] [LOG] [WS] 🗺️ Broadcast recibido. Avatares: 1 [Hijo Test(2)] @ https://jimsimrodev.github.io/pequenos-sanos/assets/index-C7AoTPzR.js:82
[  216730ms] [LOG] [WS] 🗺️ Broadcast recibido. Avatares: 1 [Hijo Test(2)] @ https://jimsimrodev.github.io/pequenos-sanos/assets/index-C7AoTPzR.js:82
[  216762ms] [LOG] [WS] 🗺️ Broadcast recibido. Avatares: 1 [Hijo Test(2)] @ https://jimsimrodev.github.io/pequenos-sanos/assets/index-C7AoTPzR.js:82
[  216792ms] [LOG] [WS] 🗺️ Broadcast recibido. Avatares: 1 [Hijo Test(2)] @ https://jimsimrodev.github.io/pequenos-sanos/assets/index-C7AoTPzR.js:82
[  216821ms] [LOG] [WS] 🗺️ Broadcast recibido. Avatares: 1 [Hijo Test(2)] @ https://jimsimrodev.github.io/pequenos-sanos/assets/index-C7AoTPzR.js:82
[  216855ms] [LOG] [WS] 🗺️ Broadcast recibido. Avatares: 1 [Hijo Test(2)] @ https://jimsimrodev.github.io/pequenos-sanos/assets/index-C7AoTPzR.js:82
[  216893ms] [LOG] [WS] 🗺️ Broadcast recibido. Avatares: 1 [Hijo Test(2)] @ https://jimsimrodev.github.io/pequenos-sanos/assets/index-C7AoTPzR.js:82
[  216924ms] [LOG] [WS] 🗺️ Broadcast recibido. Avatares: 1 [Hijo Test(2)] @ https://jimsimrodev.github.io/pequenos-sanos/assets/index-C7AoTPzR.js:82
[  216971ms] [LOG] [WS] 🗺️ Broadcast recibido. Avatares: 1 [Hijo Test(2)] @ https://jimsimrodev.github.io/pequenos-sanos/assets/index-C7AoTPzR.js:82
[  217053ms] [LOG] [WS] 🗺️ Broadcast recibido. Avatares: 1 [Hijo Test(2)] @ https://jimsimrodev.github.io/pequenos-sanos/assets/index-C7AoTPzR.js:82
[  217087ms] [LOG] [WS] 🗺️ Broadcast recibido. Avatares: 1 [Hijo Test(2)] @ https://jimsimrodev.github.io/pequenos-sanos/assets/index-C7AoTPzR.js:82
[  217087ms] [LOG] [WS] 🗺️ Broadcast recibido. Avatares: 1 [Hijo Test(2)] @ https://jimsimrodev.github.io/pequenos-sanos/assets/index-C7AoTPzR.js:82
[  217088ms] [LOG] [WS] 🗺️ Broadcast recibido. Avatares: 1 [Hijo Test(2)] @ https://jimsimrodev.github.io/pequenos-sanos/assets/index-C7AoTPzR.js:82
[  217121ms] [LOG] [WS] 🗺️ Broadcast recibido. Avatares: 1 [Hijo Test(2)] @ https://jimsimrodev.github.io/pequenos-sanos/assets/index-C7AoTPzR.js:82
[  217150ms] [LOG] [WS] 🗺️ Broadcast recibido. Avatares: 1 [Hijo Test(2)] @ https://jimsimrodev.github.io/pequenos-sanos/assets/index-C7AoTPzR.js:82
[  217219ms] [LOG] [WS] 🗺️ Broadcast recibido. Avatares: 1 [Hijo Test(2)] @ https://jimsimrodev.github.io/pequenos-sanos/assets/index-C7AoTPzR.js:82
[  217251ms] [LOG] [WS] 🗺️ Broadcast recibido. Avatares: 1 [Hijo Test(2)] @ https://jimsimrodev.github.io/pequenos-sanos/assets/index-C7AoTPzR.js:82
[  217252ms] [LOG] [WS] 🗺️ Broadcast recibido. Avatares: 1 [Hijo Test(2)] @ https://jimsimrodev.github.io/pequenos-sanos/assets/index-C7AoTPzR.js:82
[  217282ms] [LOG] [WS] 🗺️ Broadcast recibido. Avatares: 1 [Hijo Test(2)] @ https://jimsimrodev.github.io/pequenos-sanos/assets/index-C7AoTPzR.js:82
[  217314ms] [LOG] [WS] 🗺️ Broadcast recibido. Avatares: 1 [Hijo Test(2)] @ https://jimsimrodev.github.io/pequenos-sanos/assets/index-C7AoTPzR.js:82
[  217343ms] [LOG] [WS] 🗺️ Broadcast recibido. Avatares: 1 [Hijo Test(2)] @ https://jimsimrodev.github.io/pequenos-sanos/assets/index-C7AoTPzR.js:82
[  217383ms] [LOG] [WS] 🗺️ Broadcast recibido. Avatares: 1 [Hijo Test(2)] @ https://jimsimrodev.github.io/pequenos-sanos/assets/index-C7AoTPzR.js:82
[  217416ms] [LOG] [WS] 🗺️ Broadcast recibido. Avatares: 1 [Hijo Test(2)] @ https://jimsimrodev.github.io/pequenos-sanos/assets/index-C7AoTPzR.js:82
[  217450ms] [LOG] [WS] 🗺️ Broadcast recibido. Avatares: 1 [Hijo Test(2)] @ https://jimsimrodev.github.io/pequenos-sanos/assets/index-C7AoTPzR.js:82
[  217543ms] [LOG] [WS] 🗺️ Broadcast recibido. Avatares: 1 [Hijo Test(2)] @ https://jimsimrodev.github.io/pequenos-sanos/assets/index-C7AoTPzR.js:82
[  217574ms] [LOG] [WS] 🗺️ Broadcast recibido. Avatares: 1 [Hijo Test(2)] @ https://jimsimrodev.github.io/pequenos-sanos/assets/index-C7AoTPzR.js:82
[  217575ms] [LOG] [WS] 🗺️ Broadcast recibido. Avatares: 1 [Hijo Test(2)] @ https://jimsimrodev.github.io/pequenos-sanos/assets/index-C7AoTPzR.js:82
[  217575ms] [LOG] [WS] 🗺️ Broadcast recibido. Avatares: 1 [Hijo Test(2)] @ https://jimsimrodev.github.io/pequenos-sanos/assets/index-C7AoTPzR.js:82
[  217633ms] [LOG] [WS] 🗺️ Broadcast recibido. Avatares: 1 [Hijo Test(2)] @ https://jimsimrodev.github.io/pequenos-sanos/assets/index-C7AoTPzR.js:82
[  217663ms] [LOG] [WS] 🗺️ Broadcast recibido. Avatares: 1 [Hijo Test(2)] @ https://jimsimrodev.github.io/pequenos-sanos/assets/index-C7AoTPzR.js:82
[  217695ms] [LOG] [WS] 🗺️ Broadcast recibido. Avatares: 1 [Hijo Test(2)] @ https://jimsimrodev.github.io/pequenos-sanos/assets/index-C7AoTPzR.js:82
[  217729ms] [LOG] [WS] 🗺️ Broadcast recibido. Avatares: 1 [Hijo Test(2)] @ https://jimsimrodev.github.io/pequenos-sanos/assets/index-C7AoTPzR.js:82
[  217764ms] [LOG] [WS] 🗺️ Broadcast recibido. Avatares: 1 [Hijo Test(2)] @ https://jimsimrodev.github.io/pequenos-sanos/assets/index-C7AoTPzR.js:82
[  217800ms] [LOG] [WS] 🗺️ Broadcast recibido. Avatares: 1 [Hijo Test(2)] @ https://jimsimrodev.github.io/pequenos-sanos/assets/index-C7AoTPzR.js:82
[  217830ms] [LOG] [WS] 🗺️ Broadcast recibido. Avatares: 1 [Hijo Test(2)] @ https://jimsimrodev.github.io/pequenos-sanos/assets/index-C7AoTPzR.js:82
[  217861ms] [LOG] [WS] 🗺️ Broadcast recibido. Avatares: 1 [Hijo Test(2)] @ https://jimsimrodev.github.io/pequenos-sanos/assets/index-C7AoTPzR.js:82
[  217919ms] [LOG] [WS] 🗺️ Broadcast recibido. Avatares: 1 [Hijo Test(2)] @ https://jimsimrodev.github.io/pequenos-sanos/assets/index-C7AoTPzR.js:82
[  217956ms] [LOG] [WS] 🗺️ Broadcast recibido. Avatares: 1 [Hijo Test(2)] @ https://jimsimrodev.github.io/pequenos-sanos/assets/index-C7AoTPzR.js:82
[  217956ms] [LOG] [WS] 🗺️ Broadcast recibido. Avatares: 1 [Hijo Test(2)] @ https://jimsimrodev.github.io/pequenos-sanos/assets/index-C7AoTPzR.js:82
[  217995ms] [LOG] [WS] 🗺️ Broadcast recibido. Avatares: 1 [Hijo Test(2)] @ https://jimsimrodev.github.io/pequenos-sanos/assets/index-C7AoTPzR.js:82
[  218026ms] [LOG] [WS] 🗺️ Broadcast recibido. Avatares: 1 [Hijo Test(2)] @ https://jimsimrodev.github.io/pequenos-sanos/assets/index-C7AoTPzR.js:82
[  218054ms] [LOG] [WS] 🗺️ Broadcast recibido. Avatares: 1 [Hijo Test(2)] @ https://jimsimrodev.github.io/pequenos-sanos/assets/index-C7AoTPzR.js:82
[  218087ms] [LOG] [WS] 🗺️ Broadcast recibido. Avatares: 1 [Hijo Test(2)] @ https://jimsimrodev.github.io/pequenos-sanos/assets/index-C7AoTPzR.js:82
[  218119ms] [LOG] [WS] 🗺️ Broadcast recibido. Avatares: 1 [Hijo Test(2)] @ https://jimsimrodev.github.io/pequenos-sanos/assets/index-C7AoTPzR.js:82
[  218150ms] [LOG] [WS] 🗺️ Broadcast recibido. Avatares: 1 [Hijo Test(2)] @ https://jimsimrodev.github.io/pequenos-sanos/assets/index-C7AoTPzR.js:82
[  218235ms] [LOG] [WS] 🗺️ Broadcast recibido. Avatares: 1 [Hijo Test(2)] @ https://jimsimrodev.github.io/pequenos-sanos/assets/index-C7AoTPzR.js:82
[  218265ms] [LOG] [WS] 🗺️ Broadcast recibido. Avatares: 1 [Hijo Test(2)] @ https://jimsimrodev.github.io/pequenos-sanos/assets/index-C7AoTPzR.js:82
[  218265ms] [LOG] [WS] 🗺️ Broadcast recibido. Avatares: 1 [Hijo Test(2)] @ https://jimsimrodev.github.io/pequenos-sanos/assets/index-C7AoTPzR.js:82
[  218325ms] [LOG] [WS] 🗺️ Broadcast recibido. Avatares: 1 [Hijo Test(2)] @ https://jimsimrodev.github.io/pequenos-sanos/assets/index-C7AoTPzR.js:82
[  218360ms] [LOG] [WS] 🗺️ Broadcast recibido. Avatares: 1 [Hijo Test(2)] @ https://jimsimrodev.github.io/pequenos-sanos/assets/index-C7AoTPzR.js:82
[  218361ms] [LOG] [WS] 🗺️ Broadcast recibido. Avatares: 1 [Hijo Test(2)] @ https://jimsimrodev.github.io/pequenos-sanos/assets/index-C7AoTPzR.js:82
[  218392ms] [LOG] [WS] 🗺️ Broadcast recibido. Avatares: 1 [Hijo Test(2)] @ https://jimsimrodev.github.io/pequenos-sanos/assets/index-C7AoTPzR.js:82
[  218423ms] [LOG] [WS] 🗺️ Broadcast recibido. Avatares: 1 [Hijo Test(2)] @ https://jimsimrodev.github.io/pequenos-sanos/assets/index-C7AoTPzR.js:82
[  218455ms] [LOG] [WS] 🗺️ Broadcast recibido. Avatares: 1 [Hijo Test(2)] @ https://jimsimrodev.github.io/pequenos-sanos/assets/index-C7AoTPzR.js:82
[  218519ms] [LOG] [WS] 🗺️ Broadcast recibido. Avatares: 1 [Hijo Test(2)] @ https://jimsimrodev.github.io/pequenos-sanos/assets/index-C7AoTPzR.js:82
[  218548ms] [LOG] [WS] 🗺️ Broadcast recibido. Avatares: 1 [Hijo Test(2)] @ https://jimsimrodev.github.io/pequenos-sanos/assets/index-C7AoTPzR.js:82
[  218549ms] [LOG] [WS] 🗺️ Broadcast recibido. Avatares: 1 [Hijo Test(2)] @ https://jimsimrodev.github.io/pequenos-sanos/assets/index-C7AoTPzR.js:82
[  218590ms] [LOG] [WS] 🗺️ Broadcast recibido. Avatares: 1 [Hijo Test(2)] @ https://jimsimrodev.github.io/pequenos-sanos/assets/index-C7AoTPzR.js:82
[  218620ms] [LOG] [WS] 🗺️ Broadcast recibido. Avatares: 1 [Hijo Test(2)] @ https://jimsimrodev.github.io/pequenos-sanos/assets/index-C7AoTPzR.js:82
[  218660ms] [LOG] [WS] 🗺️ Broadcast recibido. Avatares: 1 [Hijo Test(2)] @ https://jimsimrodev.github.io/pequenos-sanos/assets/index-C7AoTPzR.js:82
[  218745ms] [LOG] [WS] 🗺️ Broadcast recibido. Avatares: 1 [Hijo Test(2)] @ https://jimsimrodev.github.io/pequenos-sanos/assets/index-C7AoTPzR.js:82
[  218774ms] [LOG] [WS] 🗺️ Broadcast recibido. Avatares: 1 [Hijo Test(2)] @ https://jimsimrodev.github.io/pequenos-sanos/assets/index-C7AoTPzR.js:82
[  218775ms] [LOG] [WS] 🗺️ Broadcast recibido. Avatares: 1 [Hijo Test(2)] @ https://jimsimrodev.github.io/pequenos-sanos/assets/index-C7AoTPzR.js:82
[  218832ms] [LOG] [WS] 🗺️ Broadcast recibido. Avatares: 1 [Hijo Test(2)] @ https://jimsimrodev.github.io/pequenos-sanos/assets/index-C7AoTPzR.js:82
[  218859ms] [LOG] [WS] 🗺️ Broadcast recibido. Avatares: 1 [Hijo Test(2)] @ https://jimsimrodev.github.io/pequenos-sanos/assets/index-C7AoTPzR.js:82
[  218859ms] [LOG] [WS] 🗺️ Broadcast recibido. Avatares: 1 [Hijo Test(2)] @ https://jimsimrodev.github.io/pequenos-sanos/assets/index-C7AoTPzR.js:82
[  218860ms] [LOG] [WS] 🗺️ Broadcast recibido. Avatares: 1 [Hijo Test(2)] @ https://jimsimrodev.github.io/pequenos-sanos/assets/index-C7AoTPzR.js:82
[  218921ms] [LOG] [WS] 🗺️ Broadcast recibido. Avatares: 1 [Hijo Test(2)] @ https://jimsimrodev.github.io/pequenos-sanos/assets/index-C7AoTPzR.js:82
[  218953ms] [LOG] [WS] 🗺️ Broadcast recibido. Avatares: 1 [Hijo Test(2)] @ https://jimsimrodev.github.io/pequenos-sanos/assets/index-C7AoTPzR.js:82
[  218985ms] [LOG] [WS] 🗺️ Broadcast recibido. Avatares: 1 [Hijo Test(2)] @ https://jimsimrodev.github.io/pequenos-sanos/assets/index-C7AoTPzR.js:82
[  219017ms] [LOG] [WS] 🗺️ Broadcast recibido. Avatares: 1 [Hijo Test(2)] @ https://jimsimrodev.github.io/pequenos-sanos/assets/index-C7AoTPzR.js:82
[  219043ms] [LOG] [WS] 🗺️ Broadcast recibido. Avatares: 1 [Hijo Test(2)] @ https://jimsimrodev.github.io/pequenos-sanos/assets/index-C7AoTPzR.js:82
[  219074ms] [LOG] [WS] 🗺️ Broadcast recibido. Avatares: 1 [Hijo Test(2)] @ https://jimsimrodev.github.io/pequenos-sanos/assets/index-C7AoTPzR.js:82
[  219108ms] [LOG] [WS] 🗺️ Broadcast recibido. Avatares: 1 [Hijo Test(2)] @ https://jimsimrodev.github.io/pequenos-sanos/assets/index-C7AoTPzR.js:82
[  219138ms] [LOG] [WS] 🗺️ Broadcast recibido. Avatares: 1 [Hijo Test(2)] @ https://jimsimrodev.github.io/pequenos-sanos/assets/index-C7AoTPzR.js:82
[  219167ms] [LOG] [WS] 🗺️ Broadcast recibido. Avatares: 1 [Hijo Test(2)] @ https://jimsimrodev.github.io/pequenos-sanos/assets/index-C7AoTPzR.js:82
[  219241ms] [LOG] [WS] 🗺️ Broadcast recibido. Avatares: 1 [Hijo Test(2)] @ https://jimsimrodev.github.io/pequenos-sanos/assets/index-C7AoTPzR.js:82
[  219287ms] [LOG] [WS] 🗺️ Broadcast recibido. Avatares: 1 [Hijo Test(2)] @ https://jimsimrodev.github.io/pequenos-sanos/assets/index-C7AoTPzR.js:82
[  219288ms] [LOG] [WS] 🗺️ Broadcast recibido. Avatares: 1 [Hijo Test(2)] @ https://jimsimrodev.github.io/pequenos-sanos/assets/index-C7AoTPzR.js:82
[  219326ms] [LOG] [WS] 🗺️ Broadcast recibido. Avatares: 1 [Hijo Test(2)] @ https://jimsimrodev.github.io/pequenos-sanos/assets/index-C7AoTPzR.js:82
[  219369ms] [LOG] [WS] 🗺️ Broadcast recibido. Avatares: 1 [Hijo Test(2)] @ https://jimsimrodev.github.io/pequenos-sanos/assets/index-C7AoTPzR.js:82
[  219369ms] [LOG] [WS] 🗺️ Broadcast recibido. Avatares: 1 [Hijo Test(2)] @ https://jimsimrodev.github.io/pequenos-sanos/assets/index-C7AoTPzR.js:82
[  219403ms] [LOG] [WS] 🗺️ Broadcast recibido. Avatares: 1 [Hijo Test(2)] @ https://jimsimrodev.github.io/pequenos-sanos/assets/index-C7AoTPzR.js:82
[  219446ms] [LOG] [WS] 🗺️ Broadcast recibido. Avatares: 1 [Hijo Test(2)] @ https://jimsimrodev.github.io/pequenos-sanos/assets/index-C7AoTPzR.js:82
[  219486ms] [LOG] [WS] 🗺️ Broadcast recibido. Avatares: 1 [Hijo Test(2)] @ https://jimsimrodev.github.io/pequenos-sanos/assets/index-C7AoTPzR.js:82
[  219527ms] [LOG] [WS] 🗺️ Broadcast recibido. Avatares: 1 [Hijo Test(2)] @ https://jimsimrodev.github.io/pequenos-sanos/assets/index-C7AoTPzR.js:82
[  219568ms] [LOG] [WS] 🗺️ Broadcast recibido. Avatares: 1 [Hijo Test(2)] @ https://jimsimrodev.github.io/pequenos-sanos/assets/index-C7AoTPzR.js:82
[  219568ms] [LOG] [WS] 🗺️ Broadcast recibido. Avatares: 1 [Hijo Test(2)] @ https://jimsimrodev.github.io/pequenos-sanos/assets/index-C7AoTPzR.js:82
[  219609ms] [LOG] [WS] 🗺️ Broadcast recibido. Avatares: 1 [Hijo Test(2)] @ https://jimsimrodev.github.io/pequenos-sanos/assets/index-C7AoTPzR.js:82
[  219661ms] [LOG] [WS] 🗺️ Broadcast recibido. Avatares: 1 [Hijo Test(2)] @ https://jimsimrodev.github.io/pequenos-sanos/assets/index-C7AoTPzR.js:82
[  219698ms] [LOG] [WS] 🗺️ Broadcast recibido. Avatares: 1 [Hijo Test(2)] @ https://jimsimrodev.github.io/pequenos-sanos/assets/index-C7AoTPzR.js:82
[  219699ms] [LOG] [WS] 🗺️ Broadcast recibido. Avatares: 1 [Hijo Test(2)] @ https://jimsimrodev.github.io/pequenos-sanos/assets/index-C7AoTPzR.js:82
[  219763ms] [LOG] [WS] 🗺️ Broadcast recibido. Avatares: 1 [Hijo Test(2)] @ https://jimsimrodev.github.io/pequenos-sanos/assets/index-C7AoTPzR.js:82
[  219823ms] [LOG] [WS] 🗺️ Broadcast recibido. Avatares: 1 [Hijo Test(2)] @ https://jimsimrodev.github.io/pequenos-sanos/assets/index-C7AoTPzR.js:82
[  219825ms] [LOG] [WS] 🗺️ Broadcast recibido. Avatares: 1 [Hijo Test(2)] @ https://jimsimrodev.github.io/pequenos-sanos/assets/index-C7AoTPzR.js:82
[  219866ms] [LOG] [WS] 🗺️ Broadcast recibido. Avatares: 1 [Hijo Test(2)] @ https://jimsimrodev.github.io/pequenos-sanos/assets/index-C7AoTPzR.js:82
[  219867ms] [LOG] [WS] 🗺️ Broadcast recibido. Avatares: 1 [Hijo Test(2)] @ https://jimsimrodev.github.io/pequenos-sanos/assets/index-C7AoTPzR.js:82
[  219903ms] [LOG] [WS] 🗺️ Broadcast recibido. Avatares: 1 [Hijo Test(2)] @ https://jimsimrodev.github.io/pequenos-sanos/assets/index-C7AoTPzR.js:82
[  219934ms] [LOG] [WS] 🗺️ Broadcast recibido. Avatares: 1 [Hijo Test(2)] @ https://jimsimrodev.github.io/pequenos-sanos/assets/index-C7AoTPzR.js:82
[  219966ms] [LOG] [WS] 🗺️ Broadcast recibido. Avatares: 1 [Hijo Test(2)] @ https://jimsimrodev.github.io/pequenos-sanos/assets/index-C7AoTPzR.js:82
[  220001ms] [LOG] [WS] 🗺️ Broadcast recibido. Avatares: 1 [Hijo Test(2)] @ https://jimsimrodev.github.io/pequenos-sanos/assets/index-C7AoTPzR.js:82
[  220036ms] [LOG] [WS] 🗺️ Broadcast recibido. Avatares: 1 [Hijo Test(2)] @ https://jimsimrodev.github.io/pequenos-sanos/assets/index-C7AoTPzR.js:82
[  220070ms] [LOG] [WS] 🗺️ Broadcast recibido. Avatares: 1 [Hijo Test(2)] @ https://jimsimrodev.github.io/pequenos-sanos/assets/index-C7AoTPzR.js:82
[  220104ms] [LOG] [WS] 🗺️ Broadcast recibido. Avatares: 1 [Hijo Test(2)] @ https://jimsimrodev.github.io/pequenos-sanos/assets/index-C7AoTPzR.js:82
[  220134ms] [LOG] [WS] 🗺️ Broadcast recibido. Avatares: 1 [Hijo Test(2)] @ https://jimsimrodev.github.io/pequenos-sanos/assets/index-C7AoTPzR.js:82
[  220164ms] [LOG] [WS] 🗺️ Broadcast recibido. Avatares: 1 [Hijo Test(2)] @ https://jimsimrodev.github.io/pequenos-sanos/assets/index-C7AoTPzR.js:82
[  220198ms] [LOG] [WS] 🗺️ Broadcast recibido. Avatares: 1 [Hijo Test(2)] @ https://jimsimrodev.github.io/pequenos-sanos/assets/index-C7AoTPzR.js:82
[  220234ms] [LOG] [WS] 🗺️ Broadcast recibido. Avatares: 1 [Hijo Test(2)] @ https://jimsimrodev.github.io/pequenos-sanos/assets/index-C7AoTPzR.js:82
[  220266ms] [LOG] [WS] 🗺️ Broadcast recibido. Avatares: 1 [Hijo Test(2)] @ https://jimsimrodev.github.io/pequenos-sanos/assets/index-C7AoTPzR.js:82
[  220300ms] [LOG] [WS] 🗺️ Broadcast recibido. Avatares: 1 [Hijo Test(2)] @ https://jimsimrodev.github.io/pequenos-sanos/assets/index-C7AoTPzR.js:82
[  220336ms] [LOG] [WS] 🗺️ Broadcast recibido. Avatares: 1 [Hijo Test(2)] @ https://jimsimrodev.github.io/pequenos-sanos/assets/index-C7AoTPzR.js:82
[  220373ms] [LOG] [WS] 🗺️ Broadcast recibido. Avatares: 1 [Hijo Test(2)] @ https://jimsimrodev.github.io/pequenos-sanos/assets/index-C7AoTPzR.js:82
[  220413ms] [LOG] [WS] 🗺️ Broadcast recibido. Avatares: 1 [Hijo Test(2)] @ https://jimsimrodev.github.io/pequenos-sanos/assets/index-C7AoTPzR.js:82
[  220463ms] [LOG] [WS] 🗺️ Broadcast recibido. Avatares: 1 [Hijo Test(2)] @ https://jimsimrodev.github.io/pequenos-sanos/assets/index-C7AoTPzR.js:82
[  220464ms] [LOG] [WS] 🗺️ Broadcast recibido. Avatares: 1 [Hijo Test(2)] @ https://jimsimrodev.github.io/pequenos-sanos/assets/index-C7AoTPzR.js:82
[  220500ms] [LOG] [WS] 🗺️ Broadcast recibido. Avatares: 1 [Hijo Test(2)] @ https://jimsimrodev.github.io/pequenos-sanos/assets/index-C7AoTPzR.js:82
[  220532ms] [LOG] [WS] 🗺️ Broadcast recibido. Avatares: 1 [Hijo Test(2)] @ https://jimsimrodev.github.io/pequenos-sanos/assets/index-C7AoTPzR.js:82
[  220563ms] [LOG] [WS] 🗺️ Broadcast recibido. Avatares: 1 [Hijo Test(2)] @ https://jimsimrodev.github.io/pequenos-sanos/assets/index-C7AoTPzR.js:82
[  220599ms] [LOG] [WS] 🗺️ Broadcast recibido. Avatares: 1 [Hijo Test(2)] @ https://jimsimrodev.github.io/pequenos-sanos/assets/index-C7AoTPzR.js:82
[  220639ms] [LOG] [WS] 🗺️ Broadcast recibido. Avatares: 1 [Hijo Test(2)] @ https://jimsimrodev.github.io/pequenos-sanos/assets/index-C7AoTPzR.js:82
[  220678ms] [LOG] [WS] 🗺️ Broadcast recibido. Avatares: 1 [Hijo Test(2)] @ https://jimsimrodev.github.io/pequenos-sanos/assets/index-C7AoTPzR.js:82
[  220716ms] [LOG] [WS] 🗺️ Broadcast recibido. Avatares: 1 [Hijo Test(2)] @ https://jimsimrodev.github.io/pequenos-sanos/assets/index-C7AoTPzR.js:82
[  220717ms] [LOG] [WS] 🗺️ Broadcast recibido. Avatares: 1 [Hijo Test(2)] @ https://jimsimrodev.github.io/pequenos-sanos/assets/index-C7AoTPzR.js:82
[  220759ms] [LOG] [WS] 🗺️ Broadcast recibido. Avatares: 1 [Hijo Test(2)] @ https://jimsimrodev.github.io/pequenos-sanos/assets/index-C7AoTPzR.js:82
[  220803ms] [LOG] [WS] 🗺️ Broadcast recibido. Avatares: 1 [Hijo Test(2)] @ https://jimsimrodev.github.io/pequenos-sanos/assets/index-C7AoTPzR.js:82
[  220848ms] [LOG] [WS] 🗺️ Broadcast recibido. Avatares: 1 [Hijo Test(2)] @ https://jimsimrodev.github.io/pequenos-sanos/assets/index-C7AoTPzR.js:82
[  220888ms] [LOG] [WS] 🗺️ Broadcast recibido. Avatares: 1 [Hijo Test(2)] @ https://jimsimrodev.github.io/pequenos-sanos/assets/index-C7AoTPzR.js:82
[  220888ms] [LOG] [WS] 🗺️ Broadcast recibido. Avatares: 1 [Hijo Test(2)] @ https://jimsimrodev.github.io/pequenos-sanos/assets/index-C7AoTPzR.js:82
[  220926ms] [LOG] [WS] 🗺️ Broadcast recibido. Avatares: 1 [Hijo Test(2)] @ https://jimsimrodev.github.io/pequenos-sanos/assets/index-C7AoTPzR.js:82
[  220957ms] [LOG] [WS] 🗺️ Broadcast recibido. Avatares: 1 [Hijo Test(2)] @ https://jimsimrodev.github.io/pequenos-sanos/assets/index-C7AoTPzR.js:82
[  220990ms] [LOG] [WS] 🗺️ Broadcast recibido. Avatares: 1 [Hijo Test(2)] @ https://jimsimrodev.github.io/pequenos-sanos/assets/index-C7AoTPzR.js:82
[  221028ms] [LOG] [WS] 🗺️ Broadcast recibido. Avatares: 1 [Hijo Test(2)] @ https://jimsimrodev.github.io/pequenos-sanos/assets/index-C7AoTPzR.js:82
[  221058ms] [LOG] [WS] 🗺️ Broadcast recibido. Avatares: 1 [Hijo Test(2)] @ https://jimsimrodev.github.io/pequenos-sanos/assets/index-C7AoTPzR.js:82
[  221095ms] [LOG] [WS] 🗺️ Broadcast recibido. Avatares: 1 [Hijo Test(2)] @ https://jimsimrodev.github.io/pequenos-sanos/assets/index-C7AoTPzR.js:82
[  221152ms] [LOG] [WS] 🗺️ Broadcast recibido. Avatares: 1 [Hijo Test(2)] @ https://jimsimrodev.github.io/pequenos-sanos/assets/index-C7AoTPzR.js:82
[  221189ms] [LOG] [WS] 🗺️ Broadcast recibido. Avatares: 1 [Hijo Test(2)] @ https://jimsimrodev.github.io/pequenos-sanos/assets/index-C7AoTPzR.js:82
[  221190ms] [LOG] [WS] 🗺️ Broadcast recibido. Avatares: 1 [Hijo Test(2)] @ https://jimsimrodev.github.io/pequenos-sanos/assets/index-C7AoTPzR.js:82
[  221221ms] [LOG] [WS] 🗺️ Broadcast recibido. Avatares: 1 [Hijo Test(2)] @ https://jimsimrodev.github.io/pequenos-sanos/assets/index-C7AoTPzR.js:82
[  221255ms] [LOG] [WS] 🗺️ Broadcast recibido. Avatares: 1 [Hijo Test(2)] @ https://jimsimrodev.github.io/pequenos-sanos/assets/index-C7AoTPzR.js:82
[  221290ms] [LOG] [WS] 🗺️ Broadcast recibido. Avatares: 1 [Hijo Test(2)] @ https://jimsimrodev.github.io/pequenos-sanos/assets/index-C7AoTPzR.js:82
[  221328ms] [LOG] [WS] 🗺️ Broadcast recibido. Avatares: 1 [Hijo Test(2)] @ https://jimsimrodev.github.io/pequenos-sanos/assets/index-C7AoTPzR.js:82
[  221375ms] [LOG] [WS] 🗺️ Broadcast recibido. Avatares: 1 [Hijo Test(2)] @ https://jimsimrodev.github.io/pequenos-sanos/assets/index-C7AoTPzR.js:82
[  221409ms] [LOG] [WS] 🗺️ Broadcast recibido. Avatares: 1 [Hijo Test(2)] @ https://jimsimrodev.github.io/pequenos-sanos/assets/index-C7AoTPzR.js:82
[  221410ms] [LOG] [WS] 🗺️ Broadcast recibido. Avatares: 1 [Hijo Test(2)] @ https://jimsimrodev.github.io/pequenos-sanos/assets/index-C7AoTPzR.js:82
[  221441ms] [LOG] [WS] 🗺️ Broadcast recibido. Avatares: 1 [Hijo Test(2)] @ https://jimsimrodev.github.io/pequenos-sanos/assets/index-C7AoTPzR.js:82
[  221478ms] [LOG] [WS] 🗺️ Broadcast recibido. Avatares: 1 [Hijo Test(2)] @ https://jimsimrodev.github.io/pequenos-sanos/assets/index-C7AoTPzR.js:82
[  221513ms] [LOG] [WS] 🗺️ Broadcast recibido. Avatares: 1 [Hijo Test(2)] @ https://jimsimrodev.github.io/pequenos-sanos/assets/index-C7AoTPzR.js:82
[  221549ms] [LOG] [WS] 🗺️ Broadcast recibido. Avatares: 1 [Hijo Test(2)] @ https://jimsimrodev.github.io/pequenos-sanos/assets/index-C7AoTPzR.js:82
[  221585ms] [LOG] [WS] 🗺️ Broadcast recibido. Avatares: 1 [Hijo Test(2)] @ https://jimsimrodev.github.io/pequenos-sanos/assets/index-C7AoTPzR.js:82
[  221618ms] [LOG] [WS] 🗺️ Broadcast recibido. Avatares: 1 [Hijo Test(2)] @ https://jimsimrodev.github.io/pequenos-sanos/assets/index-C7AoTPzR.js:82
[  221648ms] [LOG] [WS] 🗺️ Broadcast recibido. Avatares: 1 [Hijo Test(2)] @ https://jimsimrodev.github.io/pequenos-sanos/assets/index-C7AoTPzR.js:82
[  221687ms] [LOG] [WS] 🗺️ Broadcast recibido. Avatares: 1 [Hijo Test(2)] @ https://jimsimrodev.github.io/pequenos-sanos/assets/index-C7AoTPzR.js:82
[  221723ms] [LOG] [WS] 🗺️ Broadcast recibido. Avatares: 1 [Hijo Test(2)] @ https://jimsimrodev.github.io/pequenos-sanos/assets/index-C7AoTPzR.js:82
[  221764ms] [LOG] [WS] 🗺️ Broadcast recibido. Avatares: 1 [Hijo Test(2)] @ https://jimsimrodev.github.io/pequenos-sanos/assets/index-C7AoTPzR.js:82
[  221799ms] [LOG] [WS] 🗺️ Broadcast recibido. Avatares: 1 [Hijo Test(2)] @ https://jimsimrodev.github.io/pequenos-sanos/assets/index-C7AoTPzR.js:82
[  221800ms] [LOG] [WS] 🗺️ Broadcast recibido. Avatares: 1 [Hijo Test(2)] @ https://jimsimrodev.github.io/pequenos-sanos/assets/index-C7AoTPzR.js:82
[  221834ms] [LOG] [WS] 🗺️ Broadcast recibido. Avatares: 1 [Hijo Test(2)] @ https://jimsimrodev.github.io/pequenos-sanos/assets/index-C7AoTPzR.js:82
[  221869ms] [LOG] [WS] 🗺️ Broadcast recibido. Avatares: 1 [Hijo Test(2)] @ https://jimsimrodev.github.io/pequenos-sanos/assets/index-C7AoTPzR.js:82
[  221902ms] [LOG] [WS] 🗺️ Broadcast recibido. Avatares: 1 [Hijo Test(2)] @ https://jimsimrodev.github.io/pequenos-sanos/assets/index-C7AoTPzR.js:82
[  221937ms] [LOG] [WS] 🗺️ Broadcast recibido. Avatares: 1 [Hijo Test(2)] @ https://jimsimrodev.github.io/pequenos-sanos/assets/index-C7AoTPzR.js:82
[  221974ms] [LOG] [WS] 🗺️ Broadcast recibido. Avatares: 1 [Hijo Test(2)] @ https://jimsimrodev.github.io/pequenos-sanos/assets/index-C7AoTPzR.js:82
[  222005ms] [LOG] [WS] 🗺️ Broadcast recibido. Avatares: 1 [Hijo Test(2)] @ https://jimsimrodev.github.io/pequenos-sanos/assets/index-C7AoTPzR.js:82
[  222042ms] [LOG] [WS] 🗺️ Broadcast recibido. Avatares: 1 [Hijo Test(2)] @ https://jimsimrodev.github.io/pequenos-sanos/assets/index-C7AoTPzR.js:82
[  222074ms] [LOG] [WS] 🗺️ Broadcast recibido. Avatares: 1 [Hijo Test(2)] @ https://jimsimrodev.github.io/pequenos-sanos/assets/index-C7AoTPzR.js:82
[  222106ms] [LOG] [WS] 🗺️ Broadcast recibido. Avatares: 1 [Hijo Test(2)] @ https://jimsimrodev.github.io/pequenos-sanos/assets/index-C7AoTPzR.js:82
[  222138ms] [LOG] [WS] 🗺️ Broadcast recibido. Avatares: 1 [Hijo Test(2)] @ https://jimsimrodev.github.io/pequenos-sanos/assets/index-C7AoTPzR.js:82
[  222170ms] [LOG] [WS] 🗺️ Broadcast recibido. Avatares: 1 [Hijo Test(2)] @ https://jimsimrodev.github.io/pequenos-sanos/assets/index-C7AoTPzR.js:82
[  222209ms] [LOG] [WS] 🗺️ Broadcast recibido. Avatares: 1 [Hijo Test(2)] @ https://jimsimrodev.github.io/pequenos-sanos/assets/index-C7AoTPzR.js:82
[  222245ms] [LOG] [WS] 🗺️ Broadcast recibido. Avatares: 1 [Hijo Test(2)] @ https://jimsimrodev.github.io/pequenos-sanos/assets/index-C7AoTPzR.js:82
[  222278ms] [LOG] [WS] 🗺️ Broadcast recibido. Avatares: 1 [Hijo Test(2)] @ https://jimsimrodev.github.io/pequenos-sanos/assets/index-C7AoTPzR.js:82
[  222308ms] [LOG] [WS] 🗺️ Broadcast recibido. Avatares: 1 [Hijo Test(2)] @ https://jimsimrodev.github.io/pequenos-sanos/assets/index-C7AoTPzR.js:82
[  222338ms] [LOG] [WS] 🗺️ Broadcast recibido. Avatares: 1 [Hijo Test(2)] @ https://jimsimrodev.github.io/pequenos-sanos/assets/index-C7AoTPzR.js:82
[  222368ms] [LOG] [WS] 🗺️ Broadcast recibido. Avatares: 1 [Hijo Test(2)] @ https://jimsimrodev.github.io/pequenos-sanos/assets/index-C7AoTPzR.js:82
[  222401ms] [LOG] [WS] 🗺️ Broadcast recibido. Avatares: 1 [Hijo Test(2)] @ https://jimsimrodev.github.io/pequenos-sanos/assets/index-C7AoTPzR.js:82
[  222441ms] [LOG] [WS] 🗺️ Broadcast recibido. Avatares: 1 [Hijo Test(2)] @ https://jimsimrodev.github.io/pequenos-sanos/assets/index-C7AoTPzR.js:82
[  222474ms] [LOG] [WS] 🗺️ Broadcast recibido. Avatares: 1 [Hijo Test(2)] @ https://jimsimrodev.github.io/pequenos-sanos/assets/index-C7AoTPzR.js:82
[  222519ms] [LOG] [WS] 🗺️ Broadcast recibido. Avatares: 1 [Hijo Test(2)] @ https://jimsimrodev.github.io/pequenos-sanos/assets/index-C7AoTPzR.js:82
[  222558ms] [LOG] [WS] 🗺️ Broadcast recibido. Avatares: 1 [Hijo Test(2)] @ https://jimsimrodev.github.io/pequenos-sanos/assets/index-C7AoTPzR.js:82
[  222588ms] [LOG] [WS] 🗺️ Broadcast recibido. Avatares: 1 [Hijo Test(2)] @ https://jimsimrodev.github.io/pequenos-sanos/assets/index-C7AoTPzR.js:82
[  222589ms] [LOG] [WS] 🗺️ Broadcast recibido. Avatares: 1 [Hijo Test(2)] @ https://jimsimrodev.github.io/pequenos-sanos/assets/index-C7AoTPzR.js:82
[  222622ms] [LOG] [WS] 🗺️ Broadcast recibido. Avatares: 1 [Hijo Test(2)] @ https://jimsimrodev.github.io/pequenos-sanos/assets/index-C7AoTPzR.js:82
[  222659ms] [LOG] [WS] 🗺️ Broadcast recibido. Avatares: 1 [Hijo Test(2)] @ https://jimsimrodev.github.io/pequenos-sanos/assets/index-C7AoTPzR.js:82
[  222690ms] [LOG] [WS] 🗺️ Broadcast recibido. Avatares: 1 [Hijo Test(2)] @ https://jimsimrodev.github.io/pequenos-sanos/assets/index-C7AoTPzR.js:82
[  222724ms] [LOG] [WS] 🗺️ Broadcast recibido. Avatares: 1 [Hijo Test(2)] @ https://jimsimrodev.github.io/pequenos-sanos/assets/index-C7AoTPzR.js:82
[  222755ms] [LOG] [WS] 🗺️ Broadcast recibido. Avatares: 1 [Hijo Test(2)] @ https://jimsimrodev.github.io/pequenos-sanos/assets/index-C7AoTPzR.js:82
[  222787ms] [LOG] [WS] 🗺️ Broadcast recibido. Avatares: 1 [Hijo Test(2)] @ https://jimsimrodev.github.io/pequenos-sanos/assets/index-C7AoTPzR.js:82
[  222827ms] [LOG] [WS] 🗺️ Broadcast recibido. Avatares: 1 [Hijo Test(2)] @ https://jimsimrodev.github.io/pequenos-sanos/assets/index-C7AoTPzR.js:82
[  222861ms] [LOG] [WS] 🗺️ Broadcast recibido. Avatares: 1 [Hijo Test(2)] @ https://jimsimrodev.github.io/pequenos-sanos/assets/index-C7AoTPzR.js:82
[  222892ms] [LOG] [WS] 🗺️ Broadcast recibido. Avatares: 1 [Hijo Test(2)] @ https://jimsimrodev.github.io/pequenos-sanos/assets/index-C7AoTPzR.js:82
[  222924ms] [LOG] [WS] 🗺️ Broadcast recibido. Avatares: 1 [Hijo Test(2)] @ https://jimsimrodev.github.io/pequenos-sanos/assets/index-C7AoTPzR.js:82
[  222951ms] [LOG] [WS] 🗺️ Broadcast recibido. Avatares: 1 [Hijo Test(2)] @ https://jimsimrodev.github.io/pequenos-sanos/assets/index-C7AoTPzR.js:82
[  222983ms] [LOG] [WS] 🗺️ Broadcast recibido. Avatares: 1 [Hijo Test(2)] @ https://jimsimrodev.github.io/pequenos-sanos/assets/index-C7AoTPzR.js:82
[  223012ms] [LOG] [WS] 🗺️ Broadcast recibido. Avatares: 1 [Hijo Test(2)] @ https://jimsimrodev.github.io/pequenos-sanos/assets/index-C7AoTPzR.js:82
[  223040ms] [LOG] [WS] 🗺️ Broadcast recibido. Avatares: 1 [Hijo Test(2)] @ https://jimsimrodev.github.io/pequenos-sanos/assets/index-C7AoTPzR.js:82
[  223067ms] [LOG] [WS] 🗺️ Broadcast recibido. Avatares: 1 [Hijo Test(2)] @ https://jimsimrodev.github.io/pequenos-sanos/assets/index-C7AoTPzR.js:82
[  223098ms] [LOG] [WS] 🗺️ Broadcast recibido. Avatares: 1 [Hijo Test(2)] @ https://jimsimrodev.github.io/pequenos-sanos/assets/index-C7AoTPzR.js:82
[  223133ms] [LOG] [WS] 🗺️ Broadcast recibido. Avatares: 1 [Hijo Test(2)] @ https://jimsimrodev.github.io/pequenos-sanos/assets/index-C7AoTPzR.js:82
[  223179ms] [LOG] [WS] 🗺️ Broadcast recibido. Avatares: 1 [Hijo Test(2)] @ https://jimsimrodev.github.io/pequenos-sanos/assets/index-C7AoTPzR.js:82
[  223219ms] [LOG] [WS] 🗺️ Broadcast recibido. Avatares: 1 [Hijo Test(2)] @ https://jimsimrodev.github.io/pequenos-sanos/assets/index-C7AoTPzR.js:82
[  223258ms] [LOG] [WS] 🗺️ Broadcast recibido. Avatares: 1 [Hijo Test(2)] @ https://jimsimrodev.github.io/pequenos-sanos/assets/index-C7AoTPzR.js:82
[  223293ms] [LOG] [WS] 🗺️ Broadcast recibido. Avatares: 1 [Hijo Test(2)] @ https://jimsimrodev.github.io/pequenos-sanos/assets/index-C7AoTPzR.js:82
[  223331ms] [LOG] [WS] 🗺️ Broadcast recibido. Avatares: 1 [Hijo Test(2)] @ https://jimsimrodev.github.io/pequenos-sanos/assets/index-C7AoTPzR.js:82
[  223369ms] [LOG] [WS] 🗺️ Broadcast recibido. Avatares: 1 [Hijo Test(2)] @ https://jimsimrodev.github.io/pequenos-sanos/assets/index-C7AoTPzR.js:82
[  223406ms] [LOG] [WS] 🗺️ Broadcast recibido. Avatares: 1 [Hijo Test(2)] @ https://jimsimrodev.github.io/pequenos-sanos/assets/index-C7AoTPzR.js:82
[  223444ms] [LOG] [WS] 🗺️ Broadcast recibido. Avatares: 1 [Hijo Test(2)] @ https://jimsimrodev.github.io/pequenos-sanos/assets/index-C7AoTPzR.js:82
[  223482ms] [LOG] [WS] 🗺️ Broadcast recibido. Avatares: 1 [Hijo Test(2)] @ https://jimsimrodev.github.io/pequenos-sanos/assets/index-C7AoTPzR.js:82
[  223517ms] [LOG] [WS] 🗺️ Broadcast recibido. Avatares: 1 [Hijo Test(2)] @ https://jimsimrodev.github.io/pequenos-sanos/assets/index-C7AoTPzR.js:82
[  223518ms] [LOG] [WS] 🗺️ Broadcast recibido. Avatares: 1 [Hijo Test(2)] @ https://jimsimrodev.github.io/pequenos-sanos/assets/index-C7AoTPzR.js:82
[  223555ms] [LOG] [WS] 🗺️ Broadcast recibido. Avatares: 1 [Hijo Test(2)] @ https://jimsimrodev.github.io/pequenos-sanos/assets/index-C7AoTPzR.js:82
[  223589ms] [LOG] [WS] 🗺️ Broadcast recibido. Avatares: 1 [Hijo Test(2)] @ https://jimsimrodev.github.io/pequenos-sanos/assets/index-C7AoTPzR.js:82
[  223623ms] [LOG] [WS] 🗺️ Broadcast recibido. Avatares: 1 [Hijo Test(2)] @ https://jimsimrodev.github.io/pequenos-sanos/assets/index-C7AoTPzR.js:82
[  223654ms] [LOG] [WS] 🗺️ Broadcast recibido. Avatares: 1 [Hijo Test(2)] @ https://jimsimrodev.github.io/pequenos-sanos/assets/index-C7AoTPzR.js:82
[  223684ms] [LOG] [WS] 🗺️ Broadcast recibido. Avatares: 1 [Hijo Test(2)] @ https://jimsimrodev.github.io/pequenos-sanos/assets/index-C7AoTPzR.js:82
[  223720ms] [LOG] [WS] 🗺️ Broadcast recibido. Avatares: 1 [Hijo Test(2)] @ https://jimsimrodev.github.io/pequenos-sanos/assets/index-C7AoTPzR.js:82
[  223750ms] [LOG] [WS] 🗺️ Broadcast recibido. Avatares: 1 [Hijo Test(2)] @ https://jimsimrodev.github.io/pequenos-sanos/assets/index-C7AoTPzR.js:82
[  223787ms] [LOG] [WS] 🗺️ Broadcast recibido. Avatares: 1 [Hijo Test(2)] @ https://jimsimrodev.github.io/pequenos-sanos/assets/index-C7AoTPzR.js:82
[  223820ms] [LOG] [WS] 🗺️ Broadcast recibido. Avatares: 1 [Hijo Test(2)] @ https://jimsimrodev.github.io/pequenos-sanos/assets/index-C7AoTPzR.js:82
[  223850ms] [LOG] [WS] 🗺️ Broadcast recibido. Avatares: 1 [Hijo Test(2)] @ https://jimsimrodev.github.io/pequenos-sanos/assets/index-C7AoTPzR.js:82
[  223880ms] [LOG] [WS] 🗺️ Broadcast recibido. Avatares: 1 [Hijo Test(2)] @ https://jimsimrodev.github.io/pequenos-sanos/assets/index-C7AoTPzR.js:82
[  223916ms] [LOG] [WS] 🗺️ Broadcast recibido. Avatares: 1 [Hijo Test(2)] @ https://jimsimrodev.github.io/pequenos-sanos/assets/index-C7AoTPzR.js:82
[  223957ms] [LOG] [WS] 🗺️ Broadcast recibido. Avatares: 1 [Hijo Test(2)] @ https://jimsimrodev.github.io/pequenos-sanos/assets/index-C7AoTPzR.js:82
[  223992ms] [LOG] [WS] 🗺️ Broadcast recibido. Avatares: 1 [Hijo Test(2)] @ https://jimsimrodev.github.io/pequenos-sanos/assets/index-C7AoTPzR.js:82
[  224021ms] [LOG] [WS] 🗺️ Broadcast recibido. Avatares: 1 [Hijo Test(2)] @ https://jimsimrodev.github.io/pequenos-sanos/assets/index-C7AoTPzR.js:82
[  224049ms] [LOG] [WS] 🗺️ Broadcast recibido. Avatares: 1 [Hijo Test(2)] @ https://jimsimrodev.github.io/pequenos-sanos/assets/index-C7AoTPzR.js:82
[  224080ms] [LOG] [WS] 🗺️ Broadcast recibido. Avatares: 1 [Hijo Test(2)] @ https://jimsimrodev.github.io/pequenos-sanos/assets/index-C7AoTPzR.js:82
[  224111ms] [LOG] [WS] 🗺️ Broadcast recibido. Avatares: 1 [Hijo Test(2)] @ https://jimsimrodev.github.io/pequenos-sanos/assets/index-C7AoTPzR.js:82
[  224136ms] [LOG] [WS] 🗺️ Broadcast recibido. Avatares: 1 [Hijo Test(2)] @ https://jimsimrodev.github.io/pequenos-sanos/assets/index-C7AoTPzR.js:82
[  224163ms] [LOG] [WS] 🗺️ Broadcast recibido. Avatares: 1 [Hijo Test(2)] @ https://jimsimrodev.github.io/pequenos-sanos/assets/index-C7AoTPzR.js:82
[  224197ms] [LOG] [WS] 🗺️ Broadcast recibido. Avatares: 1 [Hijo Test(2)] @ https://jimsimrodev.github.io/pequenos-sanos/assets/index-C7AoTPzR.js:82
[  224225ms] [LOG] [WS] 🗺️ Broadcast recibido. Avatares: 1 [Hijo Test(2)] @ https://jimsimrodev.github.io/pequenos-sanos/assets/index-C7AoTPzR.js:82
[  224257ms] [LOG] [WS] 🗺️ Broadcast recibido. Avatares: 1 [Hijo Test(2)] @ https://jimsimrodev.github.io/pequenos-sanos/assets/index-C7AoTPzR.js:82
[  224288ms] [LOG] [WS] 🗺️ Broadcast recibido. Avatares: 1 [Hijo Test(2)] @ https://jimsimrodev.github.io/pequenos-sanos/assets/index-C7AoTPzR.js:82
[  224328ms] [LOG] [WS] 🗺️ Broadcast recibido. Avatares: 1 [Hijo Test(2)] @ https://jimsimrodev.github.io/pequenos-sanos/assets/index-C7AoTPzR.js:82
[  224364ms] [LOG] [WS] 🗺️ Broadcast recibido. Avatares: 1 [Hijo Test(2)] @ https://jimsimrodev.github.io/pequenos-sanos/assets/index-C7AoTPzR.js:82
[  224396ms] [LOG] [WS] 🗺️ Broadcast recibido. Avatares: 1 [Hijo Test(2)] @ https://jimsimrodev.github.io/pequenos-sanos/assets/index-C7AoTPzR.js:82
[  224428ms] [LOG] [WS] 🗺️ Broadcast recibido. Avatares: 1 [Hijo Test(2)] @ https://jimsimrodev.github.io/pequenos-sanos/assets/index-C7AoTPzR.js:82
[  224480ms] [LOG] [WS] 🗺️ Broadcast recibido. Avatares: 1 [Hijo Test(2)] @ https://jimsimrodev.github.io/pequenos-sanos/assets/index-C7AoTPzR.js:82
[  224522ms] [LOG] [WS] 🗺️ Broadcast recibido. Avatares: 1 [Hijo Test(2)] @ https://jimsimrodev.github.io/pequenos-sanos/assets/index-C7AoTPzR.js:82
[  224555ms] [LOG] [WS] 🗺️ Broadcast recibido. Avatares: 1 [Hijo Test(2)] @ https://jimsimrodev.github.io/pequenos-sanos/assets/index-C7AoTPzR.js:82
[  224589ms] [LOG] [WS] 🗺️ Broadcast recibido. Avatares: 1 [Hijo Test(2)] @ https://jimsimrodev.github.io/pequenos-sanos/assets/index-C7AoTPzR.js:82
[  224620ms] [LOG] [WS] 🗺️ Broadcast recibido. Avatares: 1 [Hijo Test(2)] @ https://jimsimrodev.github.io/pequenos-sanos/assets/index-C7AoTPzR.js:82
[  224652ms] [LOG] [WS] 🗺️ Broadcast recibido. Avatares: 1 [Hijo Test(2)] @ https://jimsimrodev.github.io/pequenos-sanos/assets/index-C7AoTPzR.js:82
[  224682ms] [LOG] [WS] 🗺️ Broadcast recibido. Avatares: 1 [Hijo Test(2)] @ https://jimsimrodev.github.io/pequenos-sanos/assets/index-C7AoTPzR.js:82
[  224718ms] [LOG] [WS] 🗺️ Broadcast recibido. Avatares: 1 [Hijo Test(2)] @ https://jimsimrodev.github.io/pequenos-sanos/assets/index-C7AoTPzR.js:82
[  224746ms] [LOG] [WS] 🗺️ Broadcast recibido. Avatares: 1 [Hijo Test(2)] @ https://jimsimrodev.github.io/pequenos-sanos/assets/index-C7AoTPzR.js:82
[  224776ms] [LOG] [WS] 🗺️ Broadcast recibido. Avatares: 1 [Hijo Test(2)] @ https://jimsimrodev.github.io/pequenos-sanos/assets/index-C7AoTPzR.js:82
[  224811ms] [LOG] [WS] 🗺️ Broadcast recibido. Avatares: 1 [Hijo Test(2)] @ https://jimsimrodev.github.io/pequenos-sanos/assets/index-C7AoTPzR.js:82
[  224841ms] [LOG] [WS] 🗺️ Broadcast recibido. Avatares: 1 [Hijo Test(2)] @ https://jimsimrodev.github.io/pequenos-sanos/assets/index-C7AoTPzR.js:82
[  224875ms] [LOG] [WS] 🗺️ Broadcast recibido. Avatares: 1 [Hijo Test(2)] @ https://jimsimrodev.github.io/pequenos-sanos/assets/index-C7AoTPzR.js:82
[  224913ms] [LOG] [WS] 🗺️ Broadcast recibido. Avatares: 1 [Hijo Test(2)] @ https://jimsimrodev.github.io/pequenos-sanos/assets/index-C7AoTPzR.js:82
[  224950ms] [LOG] [WS] 🗺️ Broadcast recibido. Avatares: 1 [Hijo Test(2)] @ https://jimsimrodev.github.io/pequenos-sanos/assets/index-C7AoTPzR.js:82
[  224985ms] [LOG] [WS] 🗺️ Broadcast recibido. Avatares: 1 [Hijo Test(2)] @ https://jimsimrodev.github.io/pequenos-sanos/assets/index-C7AoTPzR.js:82
[  225020ms] [LOG] [WS] 🗺️ Broadcast recibido. Avatares: 1 [Hijo Test(2)] @ https://jimsimrodev.github.io/pequenos-sanos/assets/index-C7AoTPzR.js:82
[  225048ms] [LOG] [WS] 🗺️ Broadcast recibido. Avatares: 1 [Hijo Test(2)] @ https://jimsimrodev.github.io/pequenos-sanos/assets/index-C7AoTPzR.js:82
[  225075ms] [LOG] [WS] 🗺️ Broadcast recibido. Avatares: 1 [Hijo Test(2)] @ https://jimsimrodev.github.io/pequenos-sanos/assets/index-C7AoTPzR.js:82
[  225106ms] [LOG] [WS] 🗺️ Broadcast recibido. Avatares: 1 [Hijo Test(2)] @ https://jimsimrodev.github.io/pequenos-sanos/assets/index-C7AoTPzR.js:82
[  225136ms] [LOG] [WS] 🗺️ Broadcast recibido. Avatares: 1 [Hijo Test(2)] @ https://jimsimrodev.github.io/pequenos-sanos/assets/index-C7AoTPzR.js:82
[  225162ms] [LOG] [WS] 🗺️ Broadcast recibido. Avatares: 1 [Hijo Test(2)] @ https://jimsimrodev.github.io/pequenos-sanos/assets/index-C7AoTPzR.js:82
[  225190ms] [LOG] [WS] 🗺️ Broadcast recibido. Avatares: 1 [Hijo Test(2)] @ https://jimsimrodev.github.io/pequenos-sanos/assets/index-C7AoTPzR.js:82
[  225216ms] [LOG] [WS] 🗺️ Broadcast recibido. Avatares: 1 [Hijo Test(2)] @ https://jimsimrodev.github.io/pequenos-sanos/assets/index-C7AoTPzR.js:82
[  225242ms] [LOG] [WS] 🗺️ Broadcast recibido. Avatares: 1 [Hijo Test(2)] @ https://jimsimrodev.github.io/pequenos-sanos/assets/index-C7AoTPzR.js:82
[  225275ms] [LOG] [WS] 🗺️ Broadcast recibido. Avatares: 1 [Hijo Test(2)] @ https://jimsimrodev.github.io/pequenos-sanos/assets/index-C7AoTPzR.js:82
[  225309ms] [LOG] [WS] 🗺️ Broadcast recibido. Avatares: 1 [Hijo Test(2)] @ https://jimsimrodev.github.io/pequenos-sanos/assets/index-C7AoTPzR.js:82
[  225339ms] [LOG] [WS] 🗺️ Broadcast recibido. Avatares: 1 [Hijo Test(2)] @ https://jimsimrodev.github.io/pequenos-sanos/assets/index-C7AoTPzR.js:82
[  225365ms] [LOG] [WS] 🗺️ Broadcast recibido. Avatares: 1 [Hijo Test(2)] @ https://jimsimrodev.github.io/pequenos-sanos/assets/index-C7AoTPzR.js:82
[  225411ms] [LOG] [WS] 🗺️ Broadcast recibido. Avatares: 1 [Hijo Test(2)] @ https://jimsimrodev.github.io/pequenos-sanos/assets/index-C7AoTPzR.js:82
[  225467ms] [LOG] [WS] 🗺️ Broadcast recibido. Avatares: 1 [Hijo Test(2)] @ https://jimsimrodev.github.io/pequenos-sanos/assets/index-C7AoTPzR.js:82
[  225507ms] [LOG] [WS] 🗺️ Broadcast recibido. Avatares: 1 [Hijo Test(2)] @ https://jimsimrodev.github.io/pequenos-sanos/assets/index-C7AoTPzR.js:82
[  225542ms] [LOG] [WS] 🗺️ Broadcast recibido. Avatares: 1 [Hijo Test(2)] @ https://jimsimrodev.github.io/pequenos-sanos/assets/index-C7AoTPzR.js:82
[  225584ms] [LOG] [WS] 🗺️ Broadcast recibido. Avatares: 1 [Hijo Test(2)] @ https://jimsimrodev.github.io/pequenos-sanos/assets/index-C7AoTPzR.js:82
[  225616ms] [LOG] [WS] 🗺️ Broadcast recibido. Avatares: 1 [Hijo Test(2)] @ https://jimsimrodev.github.io/pequenos-sanos/assets/index-C7AoTPzR.js:82
[  225648ms] [LOG] [WS] 🗺️ Broadcast recibido. Avatares: 1 [Hijo Test(2)] @ https://jimsimrodev.github.io/pequenos-sanos/assets/index-C7AoTPzR.js:82
[  225678ms] [LOG] [WS] 🗺️ Broadcast recibido. Avatares: 1 [Hijo Test(2)] @ https://jimsimrodev.github.io/pequenos-sanos/assets/index-C7AoTPzR.js:82
[  225706ms] [LOG] [WS] 🗺️ Broadcast recibido. Avatares: 1 [Hijo Test(2)] @ https://jimsimrodev.github.io/pequenos-sanos/assets/index-C7AoTPzR.js:82
[  225732ms] [LOG] [WS] 🗺️ Broadcast recibido. Avatares: 1 [Hijo Test(2)] @ https://jimsimrodev.github.io/pequenos-sanos/assets/index-C7AoTPzR.js:82
[  225762ms] [LOG] [WS] 🗺️ Broadcast recibido. Avatares: 1 [Hijo Test(2)] @ https://jimsimrodev.github.io/pequenos-sanos/assets/index-C7AoTPzR.js:82
[  225791ms] [LOG] [WS] 🗺️ Broadcast recibido. Avatares: 1 [Hijo Test(2)] @ https://jimsimrodev.github.io/pequenos-sanos/assets/index-C7AoTPzR.js:82
[  225833ms] [LOG] [WS] 🗺️ Broadcast recibido. Avatares: 1 [Hijo Test(2)] @ https://jimsimrodev.github.io/pequenos-sanos/assets/index-C7AoTPzR.js:82
[  225859ms] [LOG] [WS] 🗺️ Broadcast recibido. Avatares: 1 [Hijo Test(2)] @ https://jimsimrodev.github.io/pequenos-sanos/assets/index-C7AoTPzR.js:82
[  225886ms] [LOG] [WS] 🗺️ Broadcast recibido. Avatares: 1 [Hijo Test(2)] @ https://jimsimrodev.github.io/pequenos-sanos/assets/index-C7AoTPzR.js:82
[  225913ms] [LOG] [WS] 🗺️ Broadcast recibido. Avatares: 1 [Hijo Test(2)] @ https://jimsimrodev.github.io/pequenos-sanos/assets/index-C7AoTPzR.js:82
[  225954ms] [LOG] [WS] 🗺️ Broadcast recibido. Avatares: 1 [Hijo Test(2)] @ https://jimsimrodev.github.io/pequenos-sanos/assets/index-C7AoTPzR.js:82
[  225992ms] [LOG] [WS] 🗺️ Broadcast recibido. Avatares: 1 [Hijo Test(2)] @ https://jimsimrodev.github.io/pequenos-sanos/assets/index-C7AoTPzR.js:82
[  226029ms] [LOG] [WS] 🗺️ Broadcast recibido. Avatares: 1 [Hijo Test(2)] @ https://jimsimrodev.github.io/pequenos-sanos/assets/index-C7AoTPzR.js:82
[  226066ms] [LOG] [WS] 🗺️ Broadcast recibido. Avatares: 1 [Hijo Test(2)] @ https://jimsimrodev.github.io/pequenos-sanos/assets/index-C7AoTPzR.js:82
[  226095ms] [LOG] [WS] 🗺️ Broadcast recibido. Avatares: 1 [Hijo Test(2)] @ https://jimsimrodev.github.io/pequenos-sanos/assets/index-C7AoTPzR.js:82
[  226121ms] [LOG] [WS] 🗺️ Broadcast recibido. Avatares: 1 [Hijo Test(2)] @ https://jimsimrodev.github.io/pequenos-sanos/assets/index-C7AoTPzR.js:82
[  226150ms] [LOG] [WS] 🗺️ Broadcast recibido. Avatares: 1 [Hijo Test(2)] @ https://jimsimrodev.github.io/pequenos-sanos/assets/index-C7AoTPzR.js:82
[  226181ms] [LOG] [WS] 🗺️ Broadcast recibido. Avatares: 1 [Hijo Test(2)] @ https://jimsimrodev.github.io/pequenos-sanos/assets/index-C7AoTPzR.js:82
[  226211ms] [LOG] [WS] 🗺️ Broadcast recibido. Avatares: 1 [Hijo Test(2)] @ https://jimsimrodev.github.io/pequenos-sanos/assets/index-C7AoTPzR.js:82
[  226238ms] [LOG] [WS] 🗺️ Broadcast recibido. Avatares: 1 [Hijo Test(2)] @ https://jimsimrodev.github.io/pequenos-sanos/assets/index-C7AoTPzR.js:82
[  226268ms] [LOG] [WS] 🗺️ Broadcast recibido. Avatares: 1 [Hijo Test(2)] @ https://jimsimrodev.github.io/pequenos-sanos/assets/index-C7AoTPzR.js:82
[  226308ms] [LOG] [WS] 🗺️ Broadcast recibido. Avatares: 1 [Hijo Test(2)] @ https://jimsimrodev.github.io/pequenos-sanos/assets/index-C7AoTPzR.js:82
[  226339ms] [LOG] [WS] 🗺️ Broadcast recibido. Avatares: 1 [Hijo Test(2)] @ https://jimsimrodev.github.io/pequenos-sanos/assets/index-C7AoTPzR.js:82
[  226374ms] [LOG] [WS] 🗺️ Broadcast recibido. Avatares: 1 [Hijo Test(2)] @ https://jimsimrodev.github.io/pequenos-sanos/assets/index-C7AoTPzR.js:82
[  226404ms] [LOG] [WS] 🗺️ Broadcast recibido. Avatares: 1 [Hijo Test(2)] @ https://jimsimrodev.github.io/pequenos-sanos/assets/index-C7AoTPzR.js:82
[  226434ms] [LOG] [WS] 🗺️ Broadcast recibido. Avatares: 1 [Hijo Test(2)] @ https://jimsimrodev.github.io/pequenos-sanos/assets/index-C7AoTPzR.js:82
[  226487ms] [LOG] [WS] 🗺️ Broadcast recibido. Avatares: 1 [Hijo Test(2)] @ https://jimsimrodev.github.io/pequenos-sanos/assets/index-C7AoTPzR.js:82
[  226533ms] [LOG] [WS] 🗺️ Broadcast recibido. Avatares: 1 [Hijo Test(2)] @ https://jimsimrodev.github.io/pequenos-sanos/assets/index-C7AoTPzR.js:82
[  226566ms] [LOG] [WS] 🗺️ Broadcast recibido. Avatares: 1 [Hijo Test(2)] @ https://jimsimrodev.github.io/pequenos-sanos/assets/index-C7AoTPzR.js:82
[  226601ms] [LOG] [WS] 🗺️ Broadcast recibido. Avatares: 1 [Hijo Test(2)] @ https://jimsimrodev.github.io/pequenos-sanos/assets/index-C7AoTPzR.js:82
[  226635ms] [LOG] [WS] 🗺️ Broadcast recibido. Avatares: 1 [Hijo Test(2)] @ https://jimsimrodev.github.io/pequenos-sanos/assets/index-C7AoTPzR.js:82
[  226668ms] [LOG] [WS] 🗺️ Broadcast recibido. Avatares: 1 [Hijo Test(2)] @ https://jimsimrodev.github.io/pequenos-sanos/assets/index-C7AoTPzR.js:82
[  226699ms] [LOG] [WS] 🗺️ Broadcast recibido. Avatares: 1 [Hijo Test(2)] @ https://jimsimrodev.github.io/pequenos-sanos/assets/index-C7AoTPzR.js:82
[  226737ms] [LOG] [WS] 🗺️ Broadcast recibido. Avatares: 1 [Hijo Test(2)] @ https://jimsimrodev.github.io/pequenos-sanos/assets/index-C7AoTPzR.js:82
[  226766ms] [LOG] [WS] 🗺️ Broadcast recibido. Avatares: 1 [Hijo Test(2)] @ https://jimsimrodev.github.io/pequenos-sanos/assets/index-C7AoTPzR.js:82
[  226798ms] [LOG] [WS] 🗺️ Broadcast recibido. Avatares: 1 [Hijo Test(2)] @ https://jimsimrodev.github.io/pequenos-sanos/assets/index-C7AoTPzR.js:82
[  226833ms] [LOG] [WS] 🗺️ Broadcast recibido. Avatares: 1 [Hijo Test(2)] @ https://jimsimrodev.github.io/pequenos-sanos/assets/index-C7AoTPzR.js:82
[  226871ms] [LOG] [WS] 🗺️ Broadcast recibido. Avatares: 1 [Hijo Test(2)] @ https://jimsimrodev.github.io/pequenos-sanos/assets/index-C7AoTPzR.js:82
[  226907ms] [LOG] [WS] 🗺️ Broadcast recibido. Avatares: 1 [Hijo Test(2)] @ https://jimsimrodev.github.io/pequenos-sanos/assets/index-C7AoTPzR.js:82
[  226943ms] [LOG] [WS] 🗺️ Broadcast recibido. Avatares: 1 [Hijo Test(2)] @ https://jimsimrodev.github.io/pequenos-sanos/assets/index-C7AoTPzR.js:82
[  226984ms] [LOG] [WS] 🗺️ Broadcast recibido. Avatares: 1 [Hijo Test(2)] @ https://jimsimrodev.github.io/pequenos-sanos/assets/index-C7AoTPzR.js:82
[  227014ms] [LOG] [WS] 🗺️ Broadcast recibido. Avatares: 1 [Hijo Test(2)] @ https://jimsimrodev.github.io/pequenos-sanos/assets/index-C7AoTPzR.js:82
[  227015ms] [LOG] [WS] 🗺️ Broadcast recibido. Avatares: 1 [Hijo Test(2)] @ https://jimsimrodev.github.io/pequenos-sanos/assets/index-C7AoTPzR.js:82
[  227047ms] [LOG] [WS] 🗺️ Broadcast recibido. Avatares: 1 [Hijo Test(2)] @ https://jimsimrodev.github.io/pequenos-sanos/assets/index-C7AoTPzR.js:82
[  227074ms] [LOG] [WS] 🗺️ Broadcast recibido. Avatares: 1 [Hijo Test(2)] @ https://jimsimrodev.github.io/pequenos-sanos/assets/index-C7AoTPzR.js:82
[  227112ms] [LOG] [WS] 🗺️ Broadcast recibido. Avatares: 1 [Hijo Test(2)] @ https://jimsimrodev.github.io/pequenos-sanos/assets/index-C7AoTPzR.js:82
[  227146ms] [LOG] [WS] 🗺️ Broadcast recibido. Avatares: 1 [Hijo Test(2)] @ https://jimsimrodev.github.io/pequenos-sanos/assets/index-C7AoTPzR.js:82
[  227172ms] [LOG] [WS] 🗺️ Broadcast recibido. Avatares: 1 [Hijo Test(2)] @ https://jimsimrodev.github.io/pequenos-sanos/assets/index-C7AoTPzR.js:82
[  227202ms] [LOG] [WS] 🗺️ Broadcast recibido. Avatares: 1 [Hijo Test(2)] @ https://jimsimrodev.github.io/pequenos-sanos/assets/index-C7AoTPzR.js:82
[  227235ms] [LOG] [WS] 🗺️ Broadcast recibido. Avatares: 1 [Hijo Test(2)] @ https://jimsimrodev.github.io/pequenos-sanos/assets/index-C7AoTPzR.js:82
[  227264ms] [LOG] [WS] 🗺️ Broadcast recibido. Avatares: 1 [Hijo Test(2)] @ https://jimsimrodev.github.io/pequenos-sanos/assets/index-C7AoTPzR.js:82
[  227297ms] [LOG] [WS] 🗺️ Broadcast recibido. Avatares: 1 [Hijo Test(2)] @ https://jimsimrodev.github.io/pequenos-sanos/assets/index-C7AoTPzR.js:82
[  227329ms] [LOG] [WS] 🗺️ Broadcast recibido. Avatares: 1 [Hijo Test(2)] @ https://jimsimrodev.github.io/pequenos-sanos/assets/index-C7AoTPzR.js:82
[  227356ms] [LOG] [WS] 🗺️ Broadcast recibido. Avatares: 1 [Hijo Test(2)] @ https://jimsimrodev.github.io/pequenos-sanos/assets/index-C7AoTPzR.js:82
[  227390ms] [LOG] [WS] 🗺️ Broadcast recibido. Avatares: 1 [Hijo Test(2)] @ https://jimsimrodev.github.io/pequenos-sanos/assets/index-C7AoTPzR.js:82
[  227428ms] [LOG] [WS] 🗺️ Broadcast recibido. Avatares: 1 [Hijo Test(2)] @ https://jimsimrodev.github.io/pequenos-sanos/assets/index-C7AoTPzR.js:82
[  227488ms] [LOG] [WS] 🗺️ Broadcast recibido. Avatares: 1 [Hijo Test(2)] @ https://jimsimrodev.github.io/pequenos-sanos/assets/index-C7AoTPzR.js:82
[  227533ms] [LOG] [WS] 🗺️ Broadcast recibido. Avatares: 1 [Hijo Test(2)] @ https://jimsimrodev.github.io/pequenos-sanos/assets/index-C7AoTPzR.js:82
[  227589ms] [LOG] [WS] 🗺️ Broadcast recibido. Avatares: 1 [Hijo Test(2)] @ https://jimsimrodev.github.io/pequenos-sanos/assets/index-C7AoTPzR.js:82
[  227622ms] [LOG] [WS] 🗺️ Broadcast recibido. Avatares: 1 [Hijo Test(2)] @ https://jimsimrodev.github.io/pequenos-sanos/assets/index-C7AoTPzR.js:82
[  227623ms] [LOG] [WS] 🗺️ Broadcast recibido. Avatares: 1 [Hijo Test(2)] @ https://jimsimrodev.github.io/pequenos-sanos/assets/index-C7AoTPzR.js:82
[  227659ms] [LOG] [WS] 🗺️ Broadcast recibido. Avatares: 1 [Hijo Test(2)] @ https://jimsimrodev.github.io/pequenos-sanos/assets/index-C7AoTPzR.js:82
[  227693ms] [LOG] [WS] 🗺️ Broadcast recibido. Avatares: 1 [Hijo Test(2)] @ https://jimsimrodev.github.io/pequenos-sanos/assets/index-C7AoTPzR.js:82
[  227730ms] [LOG] [WS] 🗺️ Broadcast recibido. Avatares: 1 [Hijo Test(2)] @ https://jimsimrodev.github.io/pequenos-sanos/assets/index-C7AoTPzR.js:82
[  227765ms] [LOG] [WS] 🗺️ Broadcast recibido. Avatares: 1 [Hijo Test(2)] @ https://jimsimrodev.github.io/pequenos-sanos/assets/index-C7AoTPzR.js:82
[  227766ms] [LOG] [WS] 🗺️ Broadcast recibido. Avatares: 1 [Hijo Test(2)] @ https://jimsimrodev.github.io/pequenos-sanos/assets/index-C7AoTPzR.js:82
[  227804ms] [LOG] [WS] 🗺️ Broadcast recibido. Avatares: 1 [Hijo Test(2)] @ https://jimsimrodev.github.io/pequenos-sanos/assets/index-C7AoTPzR.js:82
[  227836ms] [LOG] [WS] 🗺️ Broadcast recibido. Avatares: 1 [Hijo Test(2)] @ https://jimsimrodev.github.io/pequenos-sanos/assets/index-C7AoTPzR.js:82
[  227879ms] [LOG] [WS] 🗺️ Broadcast recibido. Avatares: 1 [Hijo Test(2)] @ https://jimsimrodev.github.io/pequenos-sanos/assets/index-C7AoTPzR.js:82
[  227935ms] [LOG] [WS] 🗺️ Broadcast recibido. Avatares: 1 [Hijo Test(2)] @ https://jimsimrodev.github.io/pequenos-sanos/assets/index-C7AoTPzR.js:82
[  227974ms] [LOG] [WS] 🗺️ Broadcast recibido. Avatares: 1 [Hijo Test(2)] @ https://jimsimrodev.github.io/pequenos-sanos/assets/index-C7AoTPzR.js:82
[  227974ms] [LOG] [WS] 🗺️ Broadcast recibido. Avatares: 1 [Hijo Test(2)] @ https://jimsimrodev.github.io/pequenos-sanos/assets/index-C7AoTPzR.js:82
[  228018ms] [LOG] [WS] 🗺️ Broadcast recibido. Avatares: 1 [Hijo Test(2)] @ https://jimsimrodev.github.io/pequenos-sanos/assets/index-C7AoTPzR.js:82
[  228070ms] [LOG] [WS] 🗺️ Broadcast recibido. Avatares: 1 [Hijo Test(2)] @ https://jimsimrodev.github.io/pequenos-sanos/assets/index-C7AoTPzR.js:82
[  228109ms] [LOG] [WS] 🗺️ Broadcast recibido. Avatares: 1 [Hijo Test(2)] @ https://jimsimrodev.github.io/pequenos-sanos/assets/index-C7AoTPzR.js:82
[  228110ms] [LOG] [WS] 🗺️ Broadcast recibido. Avatares: 1 [Hijo Test(2)] @ https://jimsimrodev.github.io/pequenos-sanos/assets/index-C7AoTPzR.js:82
[  228153ms] [LOG] [WS] 🗺️ Broadcast recibido. Avatares: 1 [Hijo Test(2)] @ https://jimsimrodev.github.io/pequenos-sanos/assets/index-C7AoTPzR.js:82
[  228190ms] [LOG] [WS] 🗺️ Broadcast recibido. Avatares: 1 [Hijo Test(2)] @ https://jimsimrodev.github.io/pequenos-sanos/assets/index-C7AoTPzR.js:82
[  228227ms] [LOG] [WS] 🗺️ Broadcast recibido. Avatares: 1 [Hijo Test(2)] @ https://jimsimrodev.github.io/pequenos-sanos/assets/index-C7AoTPzR.js:82
[  228265ms] [LOG] [WS] 🗺️ Broadcast recibido. Avatares: 1 [Hijo Test(2)] @ https://jimsimrodev.github.io/pequenos-sanos/assets/index-C7AoTPzR.js:82
[  228303ms] [LOG] [WS] 🗺️ Broadcast recibido. Avatares: 1 [Hijo Test(2)] @ https://jimsimrodev.github.io/pequenos-sanos/assets/index-C7AoTPzR.js:82
[  228338ms] [LOG] [WS] 🗺️ Broadcast recibido. Avatares: 1 [Hijo Test(2)] @ https://jimsimrodev.github.io/pequenos-sanos/assets/index-C7AoTPzR.js:82
[  228340ms] [LOG] [WS] 🗺️ Broadcast recibido. Avatares: 1 [Hijo Test(2)] @ https://jimsimrodev.github.io/pequenos-sanos/assets/index-C7AoTPzR.js:82
[  228376ms] [LOG] [WS] 🗺️ Broadcast recibido. Avatares: 1 [Hijo Test(2)] @ https://jimsimrodev.github.io/pequenos-sanos/assets/index-C7AoTPzR.js:82
[  228411ms] [LOG] [WS] 🗺️ Broadcast recibido. Avatares: 1 [Hijo Test(2)] @ https://jimsimrodev.github.io/pequenos-sanos/assets/index-C7AoTPzR.js:82
[  228449ms] [LOG] [WS] 🗺️ Broadcast recibido. Avatares: 1 [Hijo Test(2)] @ https://jimsimrodev.github.io/pequenos-sanos/assets/index-C7AoTPzR.js:82
[  228495ms] [LOG] [WS] 🗺️ Broadcast recibido. Avatares: 1 [Hijo Test(2)] @ https://jimsimrodev.github.io/pequenos-sanos/assets/index-C7AoTPzR.js:82
[  228544ms] [LOG] [WS] 🗺️ Broadcast recibido. Avatares: 1 [Hijo Test(2)] @ https://jimsimrodev.github.io/pequenos-sanos/assets/index-C7AoTPzR.js:82
[  228606ms] [LOG] [WS] 🗺️ Broadcast recibido. Avatares: 1 [Hijo Test(2)] @ https://jimsimrodev.github.io/pequenos-sanos/assets/index-C7AoTPzR.js:82
[  228606ms] [LOG] [WS] 🗺️ Broadcast recibido. Avatares: 1 [Hijo Test(2)] @ https://jimsimrodev.github.io/pequenos-sanos/assets/index-C7AoTPzR.js:82
[  228649ms] [LOG] [WS] 🗺️ Broadcast recibido. Avatares: 1 [Hijo Test(2)] @ https://jimsimrodev.github.io/pequenos-sanos/assets/index-C7AoTPzR.js:82
[  228650ms] [LOG] [WS] 🗺️ Broadcast recibido. Avatares: 1 [Hijo Test(2)] @ https://jimsimrodev.github.io/pequenos-sanos/assets/index-C7AoTPzR.js:82
[  228688ms] [LOG] [WS] 🗺️ Broadcast recibido. Avatares: 1 [Hijo Test(2)] @ https://jimsimrodev.github.io/pequenos-sanos/assets/index-C7AoTPzR.js:82
[  228724ms] [LOG] [WS] 🗺️ Broadcast recibido. Avatares: 1 [Hijo Test(2)] @ https://jimsimrodev.github.io/pequenos-sanos/assets/index-C7AoTPzR.js:82
[  228772ms] [LOG] [WS] 🗺️ Broadcast recibido. Avatares: 1 [Hijo Test(2)] @ https://jimsimrodev.github.io/pequenos-sanos/assets/index-C7AoTPzR.js:82
[  228805ms] [LOG] [WS] 🗺️ Broadcast recibido. Avatares: 1 [Hijo Test(2)] @ https://jimsimrodev.github.io/pequenos-sanos/assets/index-C7AoTPzR.js:82
[  228806ms] [LOG] [WS] 🗺️ Broadcast recibido. Avatares: 1 [Hijo Test(2)] @ https://jimsimrodev.github.io/pequenos-sanos/assets/index-C7AoTPzR.js:82
[  228842ms] [LOG] [WS] 🗺️ Broadcast recibido. Avatares: 1 [Hijo Test(2)] @ https://jimsimrodev.github.io/pequenos-sanos/assets/index-C7AoTPzR.js:82
[  228875ms] [LOG] [WS] 🗺️ Broadcast recibido. Avatares: 1 [Hijo Test(2)] @ https://jimsimrodev.github.io/pequenos-sanos/assets/index-C7AoTPzR.js:82
[  228906ms] [LOG] [WS] 🗺️ Broadcast recibido. Avatares: 1 [Hijo Test(2)] @ https://jimsimrodev.github.io/pequenos-sanos/assets/index-C7AoTPzR.js:82
[  228939ms] [LOG] [WS] 🗺️ Broadcast recibido. Avatares: 1 [Hijo Test(2)] @ https://jimsimrodev.github.io/pequenos-sanos/assets/index-C7AoTPzR.js:82
[  228974ms] [LOG] [WS] 🗺️ Broadcast recibido. Avatares: 1 [Hijo Test(2)] @ https://jimsimrodev.github.io/pequenos-sanos/assets/index-C7AoTPzR.js:82
[  229012ms] [LOG] [WS] 🗺️ Broadcast recibido. Avatares: 1 [Hijo Test(2)] @ https://jimsimrodev.github.io/pequenos-sanos/assets/index-C7AoTPzR.js:82
[  229044ms] [LOG] [WS] 🗺️ Broadcast recibido. Avatares: 1 [Hijo Test(2)] @ https://jimsimrodev.github.io/pequenos-sanos/assets/index-C7AoTPzR.js:82
[  229080ms] [LOG] [WS] 🗺️ Broadcast recibido. Avatares: 1 [Hijo Test(2)] @ https://jimsimrodev.github.io/pequenos-sanos/assets/index-C7AoTPzR.js:82
[  229134ms] [LOG] [WS] 🗺️ Broadcast recibido. Avatares: 1 [Hijo Test(2)] @ https://jimsimrodev.github.io/pequenos-sanos/assets/index-C7AoTPzR.js:82
[  229181ms] [LOG] [WS] 🗺️ Broadcast recibido. Avatares: 1 [Hijo Test(2)] @ https://jimsimrodev.github.io/pequenos-sanos/assets/index-C7AoTPzR.js:82
[  229183ms] [LOG] [WS] 🗺️ Broadcast recibido. Avatares: 1 [Hijo Test(2)] @ https://jimsimrodev.github.io/pequenos-sanos/assets/index-C7AoTPzR.js:82
[  229245ms] [LOG] [WS] 🗺️ Broadcast recibido. Avatares: 1 [Hijo Test(2)] @ https://jimsimrodev.github.io/pequenos-sanos/assets/index-C7AoTPzR.js:82
[  229304ms] [LOG] [WS] 🗺️ Broadcast recibido. Avatares: 1 [Hijo Test(2)] @ https://jimsimrodev.github.io/pequenos-sanos/assets/index-C7AoTPzR.js:82
[  229305ms] [LOG] [WS] 🗺️ Broadcast recibido. Avatares: 1 [Hijo Test(2)] @ https://jimsimrodev.github.io/pequenos-sanos/assets/index-C7AoTPzR.js:82
[  229358ms] [LOG] [WS] 🗺️ Broadcast recibido. Avatares: 1 [Hijo Test(2)] @ https://jimsimrodev.github.io/pequenos-sanos/assets/index-C7AoTPzR.js:82
[  229359ms] [LOG] [WS] 🗺️ Broadcast recibido. Avatares: 1 [Hijo Test(2)] @ https://jimsimrodev.github.io/pequenos-sanos/assets/index-C7AoTPzR.js:82
[  229405ms] [LOG] [WS] 🗺️ Broadcast recibido. Avatares: 1 [Hijo Test(2)] @ https://jimsimrodev.github.io/pequenos-sanos/assets/index-C7AoTPzR.js:82
[  229406ms] [LOG] [WS] 🗺️ Broadcast recibido. Avatares: 1 [Hijo Test(2)] @ https://jimsimrodev.github.io/pequenos-sanos/assets/index-C7AoTPzR.js:82
[  229469ms] [LOG] [WS] 🗺️ Broadcast recibido. Avatares: 1 [Hijo Test(2)] @ https://jimsimrodev.github.io/pequenos-sanos/assets/index-C7AoTPzR.js:82
[  229516ms] [LOG] [WS] 🗺️ Broadcast recibido. Avatares: 1 [Hijo Test(2)] @ https://jimsimrodev.github.io/pequenos-sanos/assets/index-C7AoTPzR.js:82
[  229517ms] [LOG] [WS] 🗺️ Broadcast recibido. Avatares: 1 [Hijo Test(2)] @ https://jimsimrodev.github.io/pequenos-sanos/assets/index-C7AoTPzR.js:82
[  229564ms] [LOG] [WS] 🗺️ Broadcast recibido. Avatares: 1 [Hijo Test(2)] @ https://jimsimrodev.github.io/pequenos-sanos/assets/index-C7AoTPzR.js:82
[  229565ms] [LOG] [WS] 🗺️ Broadcast recibido. Avatares: 1 [Hijo Test(2)] @ https://jimsimrodev.github.io/pequenos-sanos/assets/index-C7AoTPzR.js:82
[  229644ms] [LOG] [WS] 🗺️ Broadcast recibido. Avatares: 1 [Hijo Test(2)] @ https://jimsimrodev.github.io/pequenos-sanos/assets/index-C7AoTPzR.js:82
[  229703ms] [LOG] [WS] 🗺️ Broadcast recibido. Avatares: 1 [Hijo Test(2)] @ https://jimsimrodev.github.io/pequenos-sanos/assets/index-C7AoTPzR.js:82
[  229707ms] [LOG] [WS] 🗺️ Broadcast recibido. Avatares: 1 [Hijo Test(2)] @ https://jimsimrodev.github.io/pequenos-sanos/assets/index-C7AoTPzR.js:82
[  229766ms] [LOG] [WS] 🗺️ Broadcast recibido. Avatares: 1 [Hijo Test(2)] @ https://jimsimrodev.github.io/pequenos-sanos/assets/index-C7AoTPzR.js:82
[  229768ms] [LOG] [WS] 🗺️ Broadcast recibido. Avatares: 1 [Hijo Test(2)] @ https://jimsimrodev.github.io/pequenos-sanos/assets/index-C7AoTPzR.js:82
[  229848ms] [LOG] [WS] 🗺️ Broadcast recibido. Avatares: 1 [Hijo Test(2)] @ https://jimsimrodev.github.io/pequenos-sanos/assets/index-C7AoTPzR.js:82
[  229852ms] [LOG] [WS] 🗺️ Broadcast recibido. Avatares: 1 [Hijo Test(2)] @ https://jimsimrodev.github.io/pequenos-sanos/assets/index-C7AoTPzR.js:82
[  229931ms] [LOG] [WS] 🗺️ Broadcast recibido. Avatares: 1 [Hijo Test(2)] @ https://jimsimrodev.github.io/pequenos-sanos/assets/index-C7AoTPzR.js:82
[  229932ms] [LOG] [WS] 🗺️ Broadcast recibido. Avatares: 1 [Hijo Test(2)] @ https://jimsimrodev.github.io/pequenos-sanos/assets/index-C7AoTPzR.js:82
[  229994ms] [LOG] [WS] 🗺️ Broadcast recibido. Avatares: 1 [Hijo Test(2)] @ https://jimsimrodev.github.io/pequenos-sanos/assets/index-C7AoTPzR.js:82
[  229995ms] [LOG] [WS] 🗺️ Broadcast recibido. Avatares: 1 [Hijo Test(2)] @ https://jimsimrodev.github.io/pequenos-sanos/assets/index-C7AoTPzR.js:82
[  229995ms] [LOG] [WS] 🗺️ Broadcast recibido. Avatares: 1 [Hijo Test(2)] @ https://jimsimrodev.github.io/pequenos-sanos/assets/index-C7AoTPzR.js:82
[  230035ms] [LOG] [WS] 🗺️ Broadcast recibido. Avatares: 1 [Hijo Test(2)] @ https://jimsimrodev.github.io/pequenos-sanos/assets/index-C7AoTPzR.js:82
[  230035ms] [LOG] [WS] 🗺️ Broadcast recibido. Avatares: 1 [Hijo Test(2)] @ https://jimsimrodev.github.io/pequenos-sanos/assets/index-C7AoTPzR.js:82
[  230080ms] [LOG] [WS] 🗺️ Broadcast recibido. Avatares: 1 [Hijo Test(2)] @ https://jimsimrodev.github.io/pequenos-sanos/assets/index-C7AoTPzR.js:82
[  230144ms] [LOG] [WS] 🗺️ Broadcast recibido. Avatares: 1 [Hijo Test(2)] @ https://jimsimrodev.github.io/pequenos-sanos/assets/index-C7AoTPzR.js:82
[  230145ms] [LOG] [WS] 🗺️ Broadcast recibido. Avatares: 1 [Hijo Test(2)] @ https://jimsimrodev.github.io/pequenos-sanos/assets/index-C7AoTPzR.js:82
[  230197ms] [LOG] [WS] 🗺️ Broadcast recibido. Avatares: 1 [Hijo Test(2)] @ https://jimsimrodev.github.io/pequenos-sanos/assets/index-C7AoTPzR.js:82
[  230198ms] [LOG] [WS] 🗺️ Broadcast recibido. Avatares: 1 [Hijo Test(2)] @ https://jimsimrodev.github.io/pequenos-sanos/assets/index-C7AoTPzR.js:82
[  230258ms] [LOG] [WS] 🗺️ Broadcast recibido. Avatares: 1 [Hijo Test(2)] @ https://jimsimrodev.github.io/pequenos-sanos/assets/index-C7AoTPzR.js:82
[  230291ms] [LOG] [WS] 🗺️ Broadcast recibido. Avatares: 1 [Hijo Test(2)] @ https://jimsimrodev.github.io/pequenos-sanos/assets/index-C7AoTPzR.js:82
[  230291ms] [LOG] [WS] 🗺️ Broadcast recibido. Avatares: 1 [Hijo Test(2)] @ https://jimsimrodev.github.io/pequenos-sanos/assets/index-C7AoTPzR.js:82
[  230327ms] [LOG] [WS] 🗺️ Broadcast recibido. Avatares: 1 [Hijo Test(2)] @ https://jimsimrodev.github.io/pequenos-sanos/assets/index-C7AoTPzR.js:82
[  230360ms] [LOG] [WS] 🗺️ Broadcast recibido. Avatares: 1 [Hijo Test(2)] @ https://jimsimrodev.github.io/pequenos-sanos/assets/index-C7AoTPzR.js:82
[  230391ms] [LOG] [WS] 🗺️ Broadcast recibido. Avatares: 1 [Hijo Test(2)] @ https://jimsimrodev.github.io/pequenos-sanos/assets/index-C7AoTPzR.js:82
[  230426ms] [LOG] [WS] 🗺️ Broadcast recibido. Avatares: 1 [Hijo Test(2)] @ https://jimsimrodev.github.io/pequenos-sanos/assets/index-C7AoTPzR.js:82
[  230458ms] [LOG] [WS] 🗺️ Broadcast recibido. Avatares: 1 [Hijo Test(2)] @ https://jimsimrodev.github.io/pequenos-sanos/assets/index-C7AoTPzR.js:82
[  230495ms] [LOG] [WS] 🗺️ Broadcast recibido. Avatares: 1 [Hijo Test(2)] @ https://jimsimrodev.github.io/pequenos-sanos/assets/index-C7AoTPzR.js:82
[  230525ms] [LOG] [WS] 🗺️ Broadcast recibido. Avatares: 1 [Hijo Test(2)] @ https://jimsimrodev.github.io/pequenos-sanos/assets/index-C7AoTPzR.js:82
[  230556ms] [LOG] [WS] 🗺️ Broadcast recibido. Avatares: 1 [Hijo Test(2)] @ https://jimsimrodev.github.io/pequenos-sanos/assets/index-C7AoTPzR.js:82
[  230592ms] [LOG] [WS] 🗺️ Broadcast recibido. Avatares: 1 [Hijo Test(2)] @ https://jimsimrodev.github.io/pequenos-sanos/assets/index-C7AoTPzR.js:82
[  230647ms] [LOG] [WS] 🗺️ Broadcast recibido. Avatares: 1 [Hijo Test(2)] @ https://jimsimrodev.github.io/pequenos-sanos/assets/index-C7AoTPzR.js:82
[  230706ms] [LOG] [WS] 🗺️ Broadcast recibido. Avatares: 1 [Hijo Test(2)] @ https://jimsimrodev.github.io/pequenos-sanos/assets/index-C7AoTPzR.js:82
[  230707ms] [LOG] [WS] 🗺️ Broadcast recibido. Avatares: 1 [Hijo Test(2)] @ https://jimsimrodev.github.io/pequenos-sanos/assets/index-C7AoTPzR.js:82
[  230755ms] [LOG] [WS] 🗺️ Broadcast recibido. Avatares: 1 [Hijo Test(2)] @ https://jimsimrodev.github.io/pequenos-sanos/assets/index-C7AoTPzR.js:82
[  230756ms] [LOG] [WS] 🗺️ Broadcast recibido. Avatares: 1 [Hijo Test(2)] @ https://jimsimrodev.github.io/pequenos-sanos/assets/index-C7AoTPzR.js:82
[  230809ms] [LOG] [WS] 🗺️ Broadcast recibido. Avatares: 1 [Hijo Test(2)] @ https://jimsimrodev.github.io/pequenos-sanos/assets/index-C7AoTPzR.js:82
[  230863ms] [LOG] [WS] 🗺️ Broadcast recibido. Avatares: 1 [Hijo Test(2)] @ https://jimsimrodev.github.io/pequenos-sanos/assets/index-C7AoTPzR.js:82
[  230864ms] [LOG] [WS] 🗺️ Broadcast recibido. Avatares: 1 [Hijo Test(2)] @ https://jimsimrodev.github.io/pequenos-sanos/assets/index-C7AoTPzR.js:82
[  230911ms] [LOG] [WS] 🗺️ Broadcast recibido. Avatares: 1 [Hijo Test(2)] @ https://jimsimrodev.github.io/pequenos-sanos/assets/index-C7AoTPzR.js:82
[  230954ms] [LOG] [WS] 🗺️ Broadcast recibido. Avatares: 1 [Hijo Test(2)] @ https://jimsimrodev.github.io/pequenos-sanos/assets/index-C7AoTPzR.js:82
[  230956ms] [LOG] [WS] 🗺️ Broadcast recibido. Avatares: 1 [Hijo Test(2)] @ https://jimsimrodev.github.io/pequenos-sanos/assets/index-C7AoTPzR.js:82
[  231009ms] [LOG] [WS] 🗺️ Broadcast recibido. Avatares: 1 [Hijo Test(2)] @ https://jimsimrodev.github.io/pequenos-sanos/assets/index-C7AoTPzR.js:82
[  231061ms] [LOG] [WS] 🗺️ Broadcast recibido. Avatares: 1 [Hijo Test(2)] @ https://jimsimrodev.github.io/pequenos-sanos/assets/index-C7AoTPzR.js:82
[  231061ms] [LOG] [WS] 🗺️ Broadcast recibido. Avatares: 1 [Hijo Test(2)] @ https://jimsimrodev.github.io/pequenos-sanos/assets/index-C7AoTPzR.js:82
[  231105ms] [LOG] [WS] 🗺️ Broadcast recibido. Avatares: 1 [Hijo Test(2)] @ https://jimsimrodev.github.io/pequenos-sanos/assets/index-C7AoTPzR.js:82
[  231154ms] [LOG] [WS] 🗺️ Broadcast recibido. Avatares: 1 [Hijo Test(2)] @ https://jimsimrodev.github.io/pequenos-sanos/assets/index-C7AoTPzR.js:82
[  231155ms] [LOG] [WS] 🗺️ Broadcast recibido. Avatares: 1 [Hijo Test(2)] @ https://jimsimrodev.github.io/pequenos-sanos/assets/index-C7AoTPzR.js:82
[  231202ms] [LOG] [WS] 🗺️ Broadcast recibido. Avatares: 1 [Hijo Test(2)] @ https://jimsimrodev.github.io/pequenos-sanos/assets/index-C7AoTPzR.js:82
[  231259ms] [LOG] [WS] 🗺️ Broadcast recibido. Avatares: 1 [Hijo Test(2)] @ https://jimsimrodev.github.io/pequenos-sanos/assets/index-C7AoTPzR.js:82
[  231318ms] [LOG] [WS] 🗺️ Broadcast recibido. Avatares: 1 [Hijo Test(2)] @ https://jimsimrodev.github.io/pequenos-sanos/assets/index-C7AoTPzR.js:82
[  231319ms] [LOG] [WS] 🗺️ Broadcast recibido. Avatares: 1 [Hijo Test(2)] @ https://jimsimrodev.github.io/pequenos-sanos/assets/index-C7AoTPzR.js:82
[  231376ms] [LOG] [WS] 🗺️ Broadcast recibido. Avatares: 1 [Hijo Test(2)] @ https://jimsimrodev.github.io/pequenos-sanos/assets/index-C7AoTPzR.js:82
[  231377ms] [LOG] [WS] 🗺️ Broadcast recibido. Avatares: 1 [Hijo Test(2)] @ https://jimsimrodev.github.io/pequenos-sanos/assets/index-C7AoTPzR.js:82
[  231432ms] [LOG] [WS] 🗺️ Broadcast recibido. Avatares: 1 [Hijo Test(2)] @ https://jimsimrodev.github.io/pequenos-sanos/assets/index-C7AoTPzR.js:82
[  231433ms] [LOG] [WS] 🗺️ Broadcast recibido. Avatares: 1 [Hijo Test(2)] @ https://jimsimrodev.github.io/pequenos-sanos/assets/index-C7AoTPzR.js:82
[  231433ms] [LOG] [WS] 🗺️ Broadcast recibido. Avatares: 1 [Hijo Test(2)] @ https://jimsimrodev.github.io/pequenos-sanos/assets/index-C7AoTPzR.js:82
[  231434ms] [LOG] [WS] 🗺️ Broadcast recibido. Avatares: 1 [Hijo Test(2)] @ https://jimsimrodev.github.io/pequenos-sanos/assets/index-C7AoTPzR.js:82
[  231486ms] [LOG] [WS] 🗺️ Broadcast recibido. Avatares: 1 [Hijo Test(2)] @ https://jimsimrodev.github.io/pequenos-sanos/assets/index-C7AoTPzR.js:82
[  231527ms] [LOG] [WS] 🗺️ Broadcast recibido. Avatares: 1 [Hijo Test(2)] @ https://jimsimrodev.github.io/pequenos-sanos/assets/index-C7AoTPzR.js:82
[  231584ms] [LOG] [WS] 🗺️ Broadcast recibido. Avatares: 1 [Hijo Test(2)] @ https://jimsimrodev.github.io/pequenos-sanos/assets/index-C7AoTPzR.js:82
[  231647ms] [LOG] [WS] 🗺️ Broadcast recibido. Avatares: 1 [Hijo Test(2)] @ https://jimsimrodev.github.io/pequenos-sanos/assets/index-C7AoTPzR.js:82
[  231648ms] [LOG] [WS] 🗺️ Broadcast recibido. Avatares: 1 [Hijo Test(2)] @ https://jimsimrodev.github.io/pequenos-sanos/assets/index-C7AoTPzR.js:82
[  231650ms] [LOG] [WS] 🗺️ Broadcast recibido. Avatares: 1 [Hijo Test(2)] @ https://jimsimrodev.github.io/pequenos-sanos/assets/index-C7AoTPzR.js:82
[  231703ms] [LOG] [WS] 🗺️ Broadcast recibido. Avatares: 1 [Hijo Test(2)] @ https://jimsimrodev.github.io/pequenos-sanos/assets/index-C7AoTPzR.js:82
[  231766ms] [LOG] [WS] 🗺️ Broadcast recibido. Avatares: 1 [Hijo Test(2)] @ https://jimsimrodev.github.io/pequenos-sanos/assets/index-C7AoTPzR.js:82
[  231801ms] [LOG] [WS] 🗺️ Broadcast recibido. Avatares: 1 [Hijo Test(2)] @ https://jimsimrodev.github.io/pequenos-sanos/assets/index-C7AoTPzR.js:82
[  231802ms] [LOG] [WS] 🗺️ Broadcast recibido. Avatares: 1 [Hijo Test(2)] @ https://jimsimrodev.github.io/pequenos-sanos/assets/index-C7AoTPzR.js:82
[  231851ms] [LOG] [WS] 🗺️ Broadcast recibido. Avatares: 1 [Hijo Test(2)] @ https://jimsimrodev.github.io/pequenos-sanos/assets/index-C7AoTPzR.js:82
[  231900ms] [LOG] [WS] 🗺️ Broadcast recibido. Avatares: 1 [Hijo Test(2)] @ https://jimsimrodev.github.io/pequenos-sanos/assets/index-C7AoTPzR.js:82
[  231957ms] [LOG] [WS] 🗺️ Broadcast recibido. Avatares: 1 [Hijo Test(2)] @ https://jimsimrodev.github.io/pequenos-sanos/assets/index-C7AoTPzR.js:82
[  231957ms] [LOG] [WS] 🗺️ Broadcast recibido. Avatares: 1 [Hijo Test(2)] @ https://jimsimrodev.github.io/pequenos-sanos/assets/index-C7AoTPzR.js:82
[  232017ms] [LOG] [WS] 🗺️ Broadcast recibido. Avatares: 1 [Hijo Test(2)] @ https://jimsimrodev.github.io/pequenos-sanos/assets/index-C7AoTPzR.js:82
[  232068ms] [LOG] [WS] 🗺️ Broadcast recibido. Avatares: 1 [Hijo Test(2)] @ https://jimsimrodev.github.io/pequenos-sanos/assets/index-C7AoTPzR.js:82
[  232069ms] [LOG] [WS] 🗺️ Broadcast recibido. Avatares: 1 [Hijo Test(2)] @ https://jimsimrodev.github.io/pequenos-sanos/assets/index-C7AoTPzR.js:82
[  232109ms] [LOG] [WS] 🗺️ Broadcast recibido. Avatares: 1 [Hijo Test(2)] @ https://jimsimrodev.github.io/pequenos-sanos/assets/index-C7AoTPzR.js:82
[  232110ms] [LOG] [WS] 🗺️ Broadcast recibido. Avatares: 1 [Hijo Test(2)] @ https://jimsimrodev.github.io/pequenos-sanos/assets/index-C7AoTPzR.js:82
[  232161ms] [LOG] [WS] 🗺️ Broadcast recibido. Avatares: 1 [Hijo Test(2)] @ https://jimsimrodev.github.io/pequenos-sanos/assets/index-C7AoTPzR.js:82
[  232206ms] [LOG] [WS] 🗺️ Broadcast recibido. Avatares: 1 [Hijo Test(2)] @ https://jimsimrodev.github.io/pequenos-sanos/assets/index-C7AoTPzR.js:82
[  232206ms] [LOG] [WS] 🗺️ Broadcast recibido. Avatares: 1 [Hijo Test(2)] @ https://jimsimrodev.github.io/pequenos-sanos/assets/index-C7AoTPzR.js:82
[  232248ms] [LOG] [WS] 🗺️ Broadcast recibido. Avatares: 1 [Hijo Test(2)] @ https://jimsimrodev.github.io/pequenos-sanos/assets/index-C7AoTPzR.js:82
[  232294ms] [LOG] [WS] 🗺️ Broadcast recibido. Avatares: 1 [Hijo Test(2)] @ https://jimsimrodev.github.io/pequenos-sanos/assets/index-C7AoTPzR.js:82
[  232343ms] [LOG] [WS] 🗺️ Broadcast recibido. Avatares: 1 [Hijo Test(2)] @ https://jimsimrodev.github.io/pequenos-sanos/assets/index-C7AoTPzR.js:82
[  232344ms] [LOG] [WS] 🗺️ Broadcast recibido. Avatares: 1 [Hijo Test(2)] @ https://jimsimrodev.github.io/pequenos-sanos/assets/index-C7AoTPzR.js:82
[  232395ms] [LOG] [WS] 🗺️ Broadcast recibido. Avatares: 1 [Hijo Test(2)] @ https://jimsimrodev.github.io/pequenos-sanos/assets/index-C7AoTPzR.js:82
[  232449ms] [LOG] [WS] 🗺️ Broadcast recibido. Avatares: 1 [Hijo Test(2)] @ https://jimsimrodev.github.io/pequenos-sanos/assets/index-C7AoTPzR.js:82
[  232450ms] [LOG] [WS] 🗺️ Broadcast recibido. Avatares: 1 [Hijo Test(2)] @ https://jimsimrodev.github.io/pequenos-sanos/assets/index-C7AoTPzR.js:82
[  232488ms] [LOG] [WS] 🗺️ Broadcast recibido. Avatares: 1 [Hijo Test(2)] @ https://jimsimrodev.github.io/pequenos-sanos/assets/index-C7AoTPzR.js:82
[  232534ms] [LOG] [WS] 🗺️ Broadcast recibido. Avatares: 1 [Hijo Test(2)] @ https://jimsimrodev.github.io/pequenos-sanos/assets/index-C7AoTPzR.js:82
[  232577ms] [LOG] [WS] 🗺️ Broadcast recibido. Avatares: 1 [Hijo Test(2)] @ https://jimsimrodev.github.io/pequenos-sanos/assets/index-C7AoTPzR.js:82
[  232578ms] [LOG] [WS] 🗺️ Broadcast recibido. Avatares: 1 [Hijo Test(2)] @ https://jimsimrodev.github.io/pequenos-sanos/assets/index-C7AoTPzR.js:82
[  232620ms] [LOG] [WS] 🗺️ Broadcast recibido. Avatares: 1 [Hijo Test(2)] @ https://jimsimrodev.github.io/pequenos-sanos/assets/index-C7AoTPzR.js:82
[  232678ms] [LOG] [WS] 🗺️ Broadcast recibido. Avatares: 1 [Hijo Test(2)] @ https://jimsimrodev.github.io/pequenos-sanos/assets/index-C7AoTPzR.js:82
[  232679ms] [LOG] [WS] 🗺️ Broadcast recibido. Avatares: 1 [Hijo Test(2)] @ https://jimsimrodev.github.io/pequenos-sanos/assets/index-C7AoTPzR.js:82
[  232746ms] [LOG] [WS] 🗺️ Broadcast recibido. Avatares: 1 [Hijo Test(2)] @ https://jimsimrodev.github.io/pequenos-sanos/assets/index-C7AoTPzR.js:82
[  232813ms] [LOG] [WS] 🗺️ Broadcast recibido. Avatares: 1 [Hijo Test(2)] @ https://jimsimrodev.github.io/pequenos-sanos/assets/index-C7AoTPzR.js:82
[  232814ms] [LOG] [WS] 🗺️ Broadcast recibido. Avatares: 1 [Hijo Test(2)] @ https://jimsimrodev.github.io/pequenos-sanos/assets/index-C7AoTPzR.js:82
[  232883ms] [LOG] [WS] 🗺️ Broadcast recibido. Avatares: 1 [Hijo Test(2)] @ https://jimsimrodev.github.io/pequenos-sanos/assets/index-C7AoTPzR.js:82
[  232884ms] [LOG] [WS] 🗺️ Broadcast recibido. Avatares: 1 [Hijo Test(2)] @ https://jimsimrodev.github.io/pequenos-sanos/assets/index-C7AoTPzR.js:82
[  232947ms] [LOG] [WS] 🗺️ Broadcast recibido. Avatares: 1 [Hijo Test(2)] @ https://jimsimrodev.github.io/pequenos-sanos/assets/index-C7AoTPzR.js:82
[  232948ms] [LOG] [WS] 🗺️ Broadcast recibido. Avatares: 1 [Hijo Test(2)] @ https://jimsimrodev.github.io/pequenos-sanos/assets/index-C7AoTPzR.js:82
[  233013ms] [LOG] [WS] 🗺️ Broadcast recibido. Avatares: 1 [Hijo Test(2)] @ https://jimsimrodev.github.io/pequenos-sanos/assets/index-C7AoTPzR.js:82
[  233014ms] [LOG] [WS] 🗺️ Broadcast recibido. Avatares: 1 [Hijo Test(2)] @ https://jimsimrodev.github.io/pequenos-sanos/assets/index-C7AoTPzR.js:82
[  233084ms] [LOG] [WS] 🗺️ Broadcast recibido. Avatares: 1 [Hijo Test(2)] @ https://jimsimrodev.github.io/pequenos-sanos/assets/index-C7AoTPzR.js:82
[  233085ms] [LOG] [WS] 🗺️ Broadcast recibido. Avatares: 1 [Hijo Test(2)] @ https://jimsimrodev.github.io/pequenos-sanos/assets/index-C7AoTPzR.js:82
[  233159ms] [LOG] [WS] 🗺️ Broadcast recibido. Avatares: 1 [Hijo Test(2)] @ https://jimsimrodev.github.io/pequenos-sanos/assets/index-C7AoTPzR.js:82
[  233161ms] [LOG] [WS] 🗺️ Broadcast recibido. Avatares: 1 [Hijo Test(2)] @ https://jimsimrodev.github.io/pequenos-sanos/assets/index-C7AoTPzR.js:82
[  233162ms] [LOG] [WS] 🗺️ Broadcast recibido. Avatares: 1 [Hijo Test(2)] @ https://jimsimrodev.github.io/pequenos-sanos/assets/index-C7AoTPzR.js:82
[  233225ms] [LOG] [WS] 🗺️ Broadcast recibido. Avatares: 1 [Hijo Test(2)] @ https://jimsimrodev.github.io/pequenos-sanos/assets/index-C7AoTPzR.js:82
[  233227ms] [LOG] [WS] 🗺️ Broadcast recibido. Avatares: 1 [Hijo Test(2)] @ https://jimsimrodev.github.io/pequenos-sanos/assets/index-C7AoTPzR.js:82
[  233287ms] [LOG] [WS] 🗺️ Broadcast recibido. Avatares: 1 [Hijo Test(2)] @ https://jimsimrodev.github.io/pequenos-sanos/assets/index-C7AoTPzR.js:82
[  233291ms] [LOG] [WS] 🗺️ Broadcast recibido. Avatares: 1 [Hijo Test(2)] @ https://jimsimrodev.github.io/pequenos-sanos/assets/index-C7AoTPzR.js:82
[  233345ms] [LOG] [WS] 🗺️ Broadcast recibido. Avatares: 1 [Hijo Test(2)] @ https://jimsimrodev.github.io/pequenos-sanos/assets/index-C7AoTPzR.js:82
[  233347ms] [LOG] [WS] 🗺️ Broadcast recibido. Avatares: 1 [Hijo Test(2)] @ https://jimsimrodev.github.io/pequenos-sanos/assets/index-C7AoTPzR.js:82
[  233406ms] [LOG] [WS] 🗺️ Broadcast recibido. Avatares: 1 [Hijo Test(2)] @ https://jimsimrodev.github.io/pequenos-sanos/assets/index-C7AoTPzR.js:82
[  233479ms] [LOG] [WS] 🗺️ Broadcast recibido. Avatares: 1 [Hijo Test(2)] @ https://jimsimrodev.github.io/pequenos-sanos/assets/index-C7AoTPzR.js:82
[  233480ms] [LOG] [WS] 🗺️ Broadcast recibido. Avatares: 1 [Hijo Test(2)] @ https://jimsimrodev.github.io/pequenos-sanos/assets/index-C7AoTPzR.js:82
[  233544ms] [LOG] [WS] 🗺️ Broadcast recibido. Avatares: 1 [Hijo Test(2)] @ https://jimsimrodev.github.io/pequenos-sanos/assets/index-C7AoTPzR.js:82
[  233547ms] [LOG] [WS] 🗺️ Broadcast recibido. Avatares: 1 [Hijo Test(2)] @ https://jimsimrodev.github.io/pequenos-sanos/assets/index-C7AoTPzR.js:82
[  233549ms] [LOG] [WS] 🗺️ Broadcast recibido. Avatares: 1 [Hijo Test(2)] @ https://jimsimrodev.github.io/pequenos-sanos/assets/index-C7AoTPzR.js:82
[  233617ms] [LOG] [WS] 🗺️ Broadcast recibido. Avatares: 1 [Hijo Test(2)] @ https://jimsimrodev.github.io/pequenos-sanos/assets/index-C7AoTPzR.js:82
[  233618ms] [LOG] [WS] 🗺️ Broadcast recibido. Avatares: 1 [Hijo Test(2)] @ https://jimsimrodev.github.io/pequenos-sanos/assets/index-C7AoTPzR.js:82
[  233692ms] [LOG] [WS] 🗺️ Broadcast recibido. Avatares: 1 [Hijo Test(2)] @ https://jimsimrodev.github.io/pequenos-sanos/assets/index-C7AoTPzR.js:82
[  233692ms] [LOG] [WS] 🗺️ Broadcast recibido. Avatares: 1 [Hijo Test(2)] @ https://jimsimrodev.github.io/pequenos-sanos/assets/index-C7AoTPzR.js:82
[  233789ms] [LOG] [WS] 🗺️ Broadcast recibido. Avatares: 1 [Hijo Test(2)] @ https://jimsimrodev.github.io/pequenos-sanos/assets/index-C7AoTPzR.js:82
[  233790ms] [LOG] [WS] 🗺️ Broadcast recibido. Avatares: 1 [Hijo Test(2)] @ https://jimsimrodev.github.io/pequenos-sanos/assets/index-C7AoTPzR.js:82
[  233857ms] [LOG] [WS] 🗺️ Broadcast recibido. Avatares: 1 [Hijo Test(2)] @ https://jimsimrodev.github.io/pequenos-sanos/assets/index-C7AoTPzR.js:82
[  233859ms] [LOG] [WS] 🗺️ Broadcast recibido. Avatares: 1 [Hijo Test(2)] @ https://jimsimrodev.github.io/pequenos-sanos/assets/index-C7AoTPzR.js:82
[  233859ms] [LOG] [WS] 🗺️ Broadcast recibido. Avatares: 1 [Hijo Test(2)] @ https://jimsimrodev.github.io/pequenos-sanos/assets/index-C7AoTPzR.js:82
[  233929ms] [LOG] [WS] 🗺️ Broadcast recibido. Avatares: 1 [Hijo Test(2)] @ https://jimsimrodev.github.io/pequenos-sanos/assets/index-C7AoTPzR.js:82
[  233930ms] [LOG] [WS] 🗺️ Broadcast recibido. Avatares: 1 [Hijo Test(2)] @ https://jimsimrodev.github.io/pequenos-sanos/assets/index-C7AoTPzR.js:82
[  233980ms] [LOG] [WS] 🗺️ Broadcast recibido. Avatares: 1 [Hijo Test(2)] @ https://jimsimrodev.github.io/pequenos-sanos/assets/index-C7AoTPzR.js:82
[  233981ms] [LOG] [WS] 🗺️ Broadcast recibido. Avatares: 1 [Hijo Test(2)] @ https://jimsimrodev.github.io/pequenos-sanos/assets/index-C7AoTPzR.js:82
[  234043ms] [LOG] [WS] 🗺️ Broadcast recibido. Avatares: 1 [Hijo Test(2)] @ https://jimsimrodev.github.io/pequenos-sanos/assets/index-C7AoTPzR.js:82
[  234045ms] [LOG] [WS] 🗺️ Broadcast recibido. Avatares: 1 [Hijo Test(2)] @ https://jimsimrodev.github.io/pequenos-sanos/assets/index-C7AoTPzR.js:82
[  234099ms] [LOG] [WS] 🗺️ Broadcast recibido. Avatares: 1 [Hijo Test(2)] @ https://jimsimrodev.github.io/pequenos-sanos/assets/index-C7AoTPzR.js:82
[  234100ms] [LOG] [WS] 🗺️ Broadcast recibido. Avatares: 1 [Hijo Test(2)] @ https://jimsimrodev.github.io/pequenos-sanos/assets/index-C7AoTPzR.js:82
[  234150ms] [LOG] [WS] 🗺️ Broadcast recibido. Avatares: 1 [Hijo Test(2)] @ https://jimsimrodev.github.io/pequenos-sanos/assets/index-C7AoTPzR.js:82
[  234199ms] [LOG] [WS] 🗺️ Broadcast recibido. Avatares: 1 [Hijo Test(2)] @ https://jimsimrodev.github.io/pequenos-sanos/assets/index-C7AoTPzR.js:82
[  234200ms] [LOG] [WS] 🗺️ Broadcast recibido. Avatares: 1 [Hijo Test(2)] @ https://jimsimrodev.github.io/pequenos-sanos/assets/index-C7AoTPzR.js:82
[  234264ms] [LOG] [WS] 🗺️ Broadcast recibido. Avatares: 1 [Hijo Test(2)] @ https://jimsimrodev.github.io/pequenos-sanos/assets/index-C7AoTPzR.js:82
[  234318ms] [LOG] [WS] 🗺️ Broadcast recibido. Avatares: 1 [Hijo Test(2)] @ https://jimsimrodev.github.io/pequenos-sanos/assets/index-C7AoTPzR.js:82
[  234319ms] [LOG] [WS] 🗺️ Broadcast recibido. Avatares: 1 [Hijo Test(2)] @ https://jimsimrodev.github.io/pequenos-sanos/assets/index-C7AoTPzR.js:82
[  234388ms] [LOG] [WS] 🗺️ Broadcast recibido. Avatares: 1 [Hijo Test(2)] @ https://jimsimrodev.github.io/pequenos-sanos/assets/index-C7AoTPzR.js:82
[  234389ms] [LOG] [WS] 🗺️ Broadcast recibido. Avatares: 1 [Hijo Test(2)] @ https://jimsimrodev.github.io/pequenos-sanos/assets/index-C7AoTPzR.js:82
[  234444ms] [LOG] [WS] 🗺️ Broadcast recibido. Avatares: 1 [Hijo Test(2)] @ https://jimsimrodev.github.io/pequenos-sanos/assets/index-C7AoTPzR.js:82
[  234445ms] [LOG] [WS] 🗺️ Broadcast recibido. Avatares: 1 [Hijo Test(2)] @ https://jimsimrodev.github.io/pequenos-sanos/assets/index-C7AoTPzR.js:82
[  234507ms] [LOG] [WS] 🗺️ Broadcast recibido. Avatares: 1 [Hijo Test(2)] @ https://jimsimrodev.github.io/pequenos-sanos/assets/index-C7AoTPzR.js:82
[  234509ms] [LOG] [WS] 🗺️ Broadcast recibido. Avatares: 1 [Hijo Test(2)] @ https://jimsimrodev.github.io/pequenos-sanos/assets/index-C7AoTPzR.js:82
[  234569ms] [LOG] [WS] 🗺️ Broadcast recibido. Avatares: 1 [Hijo Test(2)] @ https://jimsimrodev.github.io/pequenos-sanos/assets/index-C7AoTPzR.js:82
[  234570ms] [LOG] [WS] 🗺️ Broadcast recibido. Avatares: 1 [Hijo Test(2)] @ https://jimsimrodev.github.io/pequenos-sanos/assets/index-C7AoTPzR.js:82
[  234629ms] [LOG] [WS] 🗺️ Broadcast recibido. Avatares: 1 [Hijo Test(2)] @ https://jimsimrodev.github.io/pequenos-sanos/assets/index-C7AoTPzR.js:82
[  234693ms] [LOG] [WS] 🗺️ Broadcast recibido. Avatares: 1 [Hijo Test(2)] @ https://jimsimrodev.github.io/pequenos-sanos/assets/index-C7AoTPzR.js:82
[  234694ms] [LOG] [WS] 🗺️ Broadcast recibido. Avatares: 1 [Hijo Test(2)] @ https://jimsimrodev.github.io/pequenos-sanos/assets/index-C7AoTPzR.js:82
[  234786ms] [LOG] [WS] 🗺️ Broadcast recibido. Avatares: 1 [Hijo Test(2)] @ https://jimsimrodev.github.io/pequenos-sanos/assets/index-C7AoTPzR.js:82
[  234787ms] [LOG] [WS] 🗺️ Broadcast recibido. Avatares: 1 [Hijo Test(2)] @ https://jimsimrodev.github.io/pequenos-sanos/assets/index-C7AoTPzR.js:82
[  234848ms] [LOG] [WS] 🗺️ Broadcast recibido. Avatares: 1 [Hijo Test(2)] @ https://jimsimrodev.github.io/pequenos-sanos/assets/index-C7AoTPzR.js:82
[  234849ms] [LOG] [WS] 🗺️ Broadcast recibido. Avatares: 1 [Hijo Test(2)] @ https://jimsimrodev.github.io/pequenos-sanos/assets/index-C7AoTPzR.js:82
[  234853ms] [LOG] [WS] 🗺️ Broadcast recibido. Avatares: 1 [Hijo Test(2)] @ https://jimsimrodev.github.io/pequenos-sanos/assets/index-C7AoTPzR.js:82
[  234918ms] [LOG] [WS] 🗺️ Broadcast recibido. Avatares: 1 [Hijo Test(2)] @ https://jimsimrodev.github.io/pequenos-sanos/assets/index-C7AoTPzR.js:82
[  234919ms] [LOG] [WS] 🗺️ Broadcast recibido. Avatares: 1 [Hijo Test(2)] @ https://jimsimrodev.github.io/pequenos-sanos/assets/index-C7AoTPzR.js:82
[  234981ms] [LOG] [WS] 🗺️ Broadcast recibido. Avatares: 1 [Hijo Test(2)] @ https://jimsimrodev.github.io/pequenos-sanos/assets/index-C7AoTPzR.js:82
[  234982ms] [LOG] [WS] 🗺️ Broadcast recibido. Avatares: 1 [Hijo Test(2)] @ https://jimsimrodev.github.io/pequenos-sanos/assets/index-C7AoTPzR.js:82
[  235032ms] [LOG] [WS] 🗺️ Broadcast recibido. Avatares: 1 [Hijo Test(2)] @ https://jimsimrodev.github.io/pequenos-sanos/assets/index-C7AoTPzR.js:82
[  235033ms] [LOG] [WS] 🗺️ Broadcast recibido. Avatares: 1 [Hijo Test(2)] @ https://jimsimrodev.github.io/pequenos-sanos/assets/index-C7AoTPzR.js:82
[  235084ms] [LOG] [WS] 🗺️ Broadcast recibido. Avatares: 1 [Hijo Test(2)] @ https://jimsimrodev.github.io/pequenos-sanos/assets/index-C7AoTPzR.js:82
[  235085ms] [LOG] [WS] 🗺️ Broadcast recibido. Avatares: 1 [Hijo Test(2)] @ https://jimsimrodev.github.io/pequenos-sanos/assets/index-C7AoTPzR.js:82
[  235145ms] [LOG] [WS] 🗺️ Broadcast recibido. Avatares: 1 [Hijo Test(2)] @ https://jimsimrodev.github.io/pequenos-sanos/assets/index-C7AoTPzR.js:82
[  235198ms] [LOG] [WS] 🗺️ Broadcast recibido. Avatares: 1 [Hijo Test(2)] @ https://jimsimrodev.github.io/pequenos-sanos/assets/index-C7AoTPzR.js:82
[  235201ms] [LOG] [WS] 🗺️ Broadcast recibido. Avatares: 1 [Hijo Test(2)] @ https://jimsimrodev.github.io/pequenos-sanos/assets/index-C7AoTPzR.js:82
[  235259ms] [LOG] [WS] 🗺️ Broadcast recibido. Avatares: 1 [Hijo Test(2)] @ https://jimsimrodev.github.io/pequenos-sanos/assets/index-C7AoTPzR.js:82
[  235261ms] [LOG] [WS] 🗺️ Broadcast recibido. Avatares: 1 [Hijo Test(2)] @ https://jimsimrodev.github.io/pequenos-sanos/assets/index-C7AoTPzR.js:82
[  235314ms] [LOG] [WS] 🗺️ Broadcast recibido. Avatares: 1 [Hijo Test(2)] @ https://jimsimrodev.github.io/pequenos-sanos/assets/index-C7AoTPzR.js:82
[  235315ms] [LOG] [WS] 🗺️ Broadcast recibido. Avatares: 1 [Hijo Test(2)] @ https://jimsimrodev.github.io/pequenos-sanos/assets/index-C7AoTPzR.js:82
[  235367ms] [LOG] [WS] 🗺️ Broadcast recibido. Avatares: 1 [Hijo Test(2)] @ https://jimsimrodev.github.io/pequenos-sanos/assets/index-C7AoTPzR.js:82
[  235429ms] [LOG] [WS] 🗺️ Broadcast recibido. Avatares: 1 [Hijo Test(2)] @ https://jimsimrodev.github.io/pequenos-sanos/assets/index-C7AoTPzR.js:82
[  235431ms] [LOG] [WS] 🗺️ Broadcast recibido. Avatares: 1 [Hijo Test(2)] @ https://jimsimrodev.github.io/pequenos-sanos/assets/index-C7AoTPzR.js:82
[  235485ms] [LOG] [WS] 🗺️ Broadcast recibido. Avatares: 1 [Hijo Test(2)] @ https://jimsimrodev.github.io/pequenos-sanos/assets/index-C7AoTPzR.js:82
[  235486ms] [LOG] [WS] 🗺️ Broadcast recibido. Avatares: 1 [Hijo Test(2)] @ https://jimsimrodev.github.io/pequenos-sanos/assets/index-C7AoTPzR.js:82
[  235548ms] [LOG] [WS] 🗺️ Broadcast recibido. Avatares: 1 [Hijo Test(2)] @ https://jimsimrodev.github.io/pequenos-sanos/assets/index-C7AoTPzR.js:82
[  235607ms] [LOG] [WS] 🗺️ Broadcast recibido. Avatares: 1 [Hijo Test(2)] @ https://jimsimrodev.github.io/pequenos-sanos/assets/index-C7AoTPzR.js:82
[  235610ms] [LOG] [WS] 🗺️ Broadcast recibido. Avatares: 1 [Hijo Test(2)] @ https://jimsimrodev.github.io/pequenos-sanos/assets/index-C7AoTPzR.js:82
[  235678ms] [LOG] [WS] 🗺️ Broadcast recibido. Avatares: 1 [Hijo Test(2)] @ https://jimsimrodev.github.io/pequenos-sanos/assets/index-C7AoTPzR.js:82
[  235681ms] [LOG] [WS] 🗺️ Broadcast recibido. Avatares: 1 [Hijo Test(2)] @ https://jimsimrodev.github.io/pequenos-sanos/assets/index-C7AoTPzR.js:82
[  235745ms] [LOG] [WS] 🗺️ Broadcast recibido. Avatares: 1 [Hijo Test(2)] @ https://jimsimrodev.github.io/pequenos-sanos/assets/index-C7AoTPzR.js:82
[  235746ms] [LOG] [WS] 🗺️ Broadcast recibido. Avatares: 1 [Hijo Test(2)] @ https://jimsimrodev.github.io/pequenos-sanos/assets/index-C7AoTPzR.js:82
[  235824ms] [LOG] [WS] 🗺️ Broadcast recibido. Avatares: 1 [Hijo Test(2)] @ https://jimsimrodev.github.io/pequenos-sanos/assets/index-C7AoTPzR.js:82
[  235825ms] [LOG] [WS] 🗺️ Broadcast recibido. Avatares: 1 [Hijo Test(2)] @ https://jimsimrodev.github.io/pequenos-sanos/assets/index-C7AoTPzR.js:82
[  235906ms] [LOG] [WS] 🗺️ Broadcast recibido. Avatares: 1 [Hijo Test(2)] @ https://jimsimrodev.github.io/pequenos-sanos/assets/index-C7AoTPzR.js:82
[  235907ms] [LOG] [WS] 🗺️ Broadcast recibido. Avatares: 1 [Hijo Test(2)] @ https://jimsimrodev.github.io/pequenos-sanos/assets/index-C7AoTPzR.js:82
[  235909ms] [LOG] [WS] 🗺️ Broadcast recibido. Avatares: 1 [Hijo Test(2)] @ https://jimsimrodev.github.io/pequenos-sanos/assets/index-C7AoTPzR.js:82
[  235991ms] [LOG] [WS] 🗺️ Broadcast recibido. Avatares: 1 [Hijo Test(2)] @ https://jimsimrodev.github.io/pequenos-sanos/assets/index-C7AoTPzR.js:82
[  235992ms] [LOG] [WS] 🗺️ Broadcast recibido. Avatares: 1 [Hijo Test(2)] @ https://jimsimrodev.github.io/pequenos-sanos/assets/index-C7AoTPzR.js:82
[  236050ms] [LOG] [WS] 🗺️ Broadcast recibido. Avatares: 1 [Hijo Test(2)] @ https://jimsimrodev.github.io/pequenos-sanos/assets/index-C7AoTPzR.js:82
[  236052ms] [LOG] [WS] 🗺️ Broadcast recibido. Avatares: 1 [Hijo Test(2)] @ https://jimsimrodev.github.io/pequenos-sanos/assets/index-C7AoTPzR.js:82
[  236053ms] [LOG] [WS] 🗺️ Broadcast recibido. Avatares: 1 [Hijo Test(2)] @ https://jimsimrodev.github.io/pequenos-sanos/assets/index-C7AoTPzR.js:82
[  236113ms] [LOG] [WS] 🗺️ Broadcast recibido. Avatares: 1 [Hijo Test(2)] @ https://jimsimrodev.github.io/pequenos-sanos/assets/index-C7AoTPzR.js:82
[  236114ms] [LOG] [WS] 🗺️ Broadcast recibido. Avatares: 1 [Hijo Test(2)] @ https://jimsimrodev.github.io/pequenos-sanos/assets/index-C7AoTPzR.js:82
[  236173ms] [LOG] [WS] 🗺️ Broadcast recibido. Avatares: 1 [Hijo Test(2)] @ https://jimsimrodev.github.io/pequenos-sanos/assets/index-C7AoTPzR.js:82
[  236232ms] [LOG] [WS] 🗺️ Broadcast recibido. Avatares: 1 [Hijo Test(2)] @ https://jimsimrodev.github.io/pequenos-sanos/assets/index-C7AoTPzR.js:82
[  236233ms] [LOG] [WS] 🗺️ Broadcast recibido. Avatares: 1 [Hijo Test(2)] @ https://jimsimrodev.github.io/pequenos-sanos/assets/index-C7AoTPzR.js:82
[  236297ms] [LOG] [WS] 🗺️ Broadcast recibido. Avatares: 1 [Hijo Test(2)] @ https://jimsimrodev.github.io/pequenos-sanos/assets/index-C7AoTPzR.js:82
[  236298ms] [LOG] [WS] 🗺️ Broadcast recibido. Avatares: 1 [Hijo Test(2)] @ https://jimsimrodev.github.io/pequenos-sanos/assets/index-C7AoTPzR.js:82
[  236358ms] [LOG] [WS] 🗺️ Broadcast recibido. Avatares: 1 [Hijo Test(2)] @ https://jimsimrodev.github.io/pequenos-sanos/assets/index-C7AoTPzR.js:82
[  236360ms] [LOG] [WS] 🗺️ Broadcast recibido. Avatares: 1 [Hijo Test(2)] @ https://jimsimrodev.github.io/pequenos-sanos/assets/index-C7AoTPzR.js:82
[  236428ms] [LOG] [WS] 🗺️ Broadcast recibido. Avatares: 1 [Hijo Test(2)] @ https://jimsimrodev.github.io/pequenos-sanos/assets/index-C7AoTPzR.js:82
[  236430ms] [LOG] [WS] 🗺️ Broadcast recibido. Avatares: 1 [Hijo Test(2)] @ https://jimsimrodev.github.io/pequenos-sanos/assets/index-C7AoTPzR.js:82
[  236477ms] [LOG] [WS] 🗺️ Broadcast recibido. Avatares: 1 [Hijo Test(2)] @ https://jimsimrodev.github.io/pequenos-sanos/assets/index-C7AoTPzR.js:82
[  236478ms] [LOG] [WS] 🗺️ Broadcast recibido. Avatares: 1 [Hijo Test(2)] @ https://jimsimrodev.github.io/pequenos-sanos/assets/index-C7AoTPzR.js:82
[  236542ms] [LOG] [WS] 🗺️ Broadcast recibido. Avatares: 1 [Hijo Test(2)] @ https://jimsimrodev.github.io/pequenos-sanos/assets/index-C7AoTPzR.js:82
[  236611ms] [LOG] [WS] 🗺️ Broadcast recibido. Avatares: 1 [Hijo Test(2)] @ https://jimsimrodev.github.io/pequenos-sanos/assets/index-C7AoTPzR.js:82
[  236612ms] [LOG] [WS] 🗺️ Broadcast recibido. Avatares: 1 [Hijo Test(2)] @ https://jimsimrodev.github.io/pequenos-sanos/assets/index-C7AoTPzR.js:82
[  236673ms] [LOG] [WS] 🗺️ Broadcast recibido. Avatares: 1 [Hijo Test(2)] @ https://jimsimrodev.github.io/pequenos-sanos/assets/index-C7AoTPzR.js:82
[  236674ms] [LOG] [WS] 🗺️ Broadcast recibido. Avatares: 1 [Hijo Test(2)] @ https://jimsimrodev.github.io/pequenos-sanos/assets/index-C7AoTPzR.js:82
[  236752ms] [LOG] [WS] 🗺️ Broadcast recibido. Avatares: 1 [Hijo Test(2)] @ https://jimsimrodev.github.io/pequenos-sanos/assets/index-C7AoTPzR.js:82
[  236754ms] [LOG] [WS] 🗺️ Broadcast recibido. Avatares: 1 [Hijo Test(2)] @ https://jimsimrodev.github.io/pequenos-sanos/assets/index-C7AoTPzR.js:82
[  236834ms] [LOG] [WS] 🗺️ Broadcast recibido. Avatares: 1 [Hijo Test(2)] @ https://jimsimrodev.github.io/pequenos-sanos/assets/index-C7AoTPzR.js:82
[  236838ms] [LOG] [WS] 🗺️ Broadcast recibido. Avatares: 1 [Hijo Test(2)] @ https://jimsimrodev.github.io/pequenos-sanos/assets/index-C7AoTPzR.js:82
[  236840ms] [LOG] [WS] 🗺️ Broadcast recibido. Avatares: 1 [Hijo Test(2)] @ https://jimsimrodev.github.io/pequenos-sanos/assets/index-C7AoTPzR.js:82
[  236899ms] [LOG] [WS] 🗺️ Broadcast recibido. Avatares: 1 [Hijo Test(2)] @ https://jimsimrodev.github.io/pequenos-sanos/assets/index-C7AoTPzR.js:82
[  236901ms] [LOG] [WS] 🗺️ Broadcast recibido. Avatares: 1 [Hijo Test(2)] @ https://jimsimrodev.github.io/pequenos-sanos/assets/index-C7AoTPzR.js:82
[  236973ms] [LOG] [WS] 🗺️ Broadcast recibido. Avatares: 1 [Hijo Test(2)] @ https://jimsimrodev.github.io/pequenos-sanos/assets/index-C7AoTPzR.js:82
[  236974ms] [LOG] [WS] 🗺️ Broadcast recibido. Avatares: 1 [Hijo Test(2)] @ https://jimsimrodev.github.io/pequenos-sanos/assets/index-C7AoTPzR.js:82
[  237044ms] [LOG] [WS] 🗺️ Broadcast recibido. Avatares: 1 [Hijo Test(2)] @ https://jimsimrodev.github.io/pequenos-sanos/assets/index-C7AoTPzR.js:82
[  237044ms] [LOG] [WS] 🗺️ Broadcast recibido. Avatares: 1 [Hijo Test(2)] @ https://jimsimrodev.github.io/pequenos-sanos/assets/index-C7AoTPzR.js:82
[  237101ms] [LOG] [WS] 🗺️ Broadcast recibido. Avatares: 1 [Hijo Test(2)] @ https://jimsimrodev.github.io/pequenos-sanos/assets/index-C7AoTPzR.js:82
[  237102ms] [LOG] [WS] 🗺️ Broadcast recibido. Avatares: 1 [Hijo Test(2)] @ https://jimsimrodev.github.io/pequenos-sanos/assets/index-C7AoTPzR.js:82
[  237103ms] [LOG] [WS] 🗺️ Broadcast recibido. Avatares: 1 [Hijo Test(2)] @ https://jimsimrodev.github.io/pequenos-sanos/assets/index-C7AoTPzR.js:82
[  237160ms] [LOG] [WS] 🗺️ Broadcast recibido. Avatares: 1 [Hijo Test(2)] @ https://jimsimrodev.github.io/pequenos-sanos/assets/index-C7AoTPzR.js:82
[  237213ms] [LOG] [WS] 🗺️ Broadcast recibido. Avatares: 1 [Hijo Test(2)] @ https://jimsimrodev.github.io/pequenos-sanos/assets/index-C7AoTPzR.js:82
[  237214ms] [LOG] [WS] 🗺️ Broadcast recibido. Avatares: 1 [Hijo Test(2)] @ https://jimsimrodev.github.io/pequenos-sanos/assets/index-C7AoTPzR.js:82
[  237280ms] [LOG] [WS] 🗺️ Broadcast recibido. Avatares: 1 [Hijo Test(2)] @ https://jimsimrodev.github.io/pequenos-sanos/assets/index-C7AoTPzR.js:82
[  237281ms] [LOG] [WS] 🗺️ Broadcast recibido. Avatares: 1 [Hijo Test(2)] @ https://jimsimrodev.github.io/pequenos-sanos/assets/index-C7AoTPzR.js:82
[  237336ms] [LOG] [WS] 🗺️ Broadcast recibido. Avatares: 1 [Hijo Test(2)] @ https://jimsimrodev.github.io/pequenos-sanos/assets/index-C7AoTPzR.js:82
[  237337ms] [LOG] [WS] 🗺️ Broadcast recibido. Avatares: 1 [Hijo Test(2)] @ https://jimsimrodev.github.io/pequenos-sanos/assets/index-C7AoTPzR.js:82
[  237403ms] [LOG] [WS] 🗺️ Broadcast recibido. Avatares: 1 [Hijo Test(2)] @ https://jimsimrodev.github.io/pequenos-sanos/assets/index-C7AoTPzR.js:82
[  237467ms] [LOG] [WS] 🗺️ Broadcast recibido. Avatares: 1 [Hijo Test(2)] @ https://jimsimrodev.github.io/pequenos-sanos/assets/index-C7AoTPzR.js:82
[  237468ms] [LOG] [WS] 🗺️ Broadcast recibido. Avatares: 1 [Hijo Test(2)] @ https://jimsimrodev.github.io/pequenos-sanos/assets/index-C7AoTPzR.js:82
[  237544ms] [LOG] [WS] 🗺️ Broadcast recibido. Avatares: 1 [Hijo Test(2)] @ https://jimsimrodev.github.io/pequenos-sanos/assets/index-C7AoTPzR.js:82
[  237545ms] [LOG] [WS] 🗺️ Broadcast recibido. Avatares: 1 [Hijo Test(2)] @ https://jimsimrodev.github.io/pequenos-sanos/assets/index-C7AoTPzR.js:82
[  237606ms] [LOG] [WS] 🗺️ Broadcast recibido. Avatares: 1 [Hijo Test(2)] @ https://jimsimrodev.github.io/pequenos-sanos/assets/index-C7AoTPzR.js:82
[  237607ms] [LOG] [WS] 🗺️ Broadcast recibido. Avatares: 1 [Hijo Test(2)] @ https://jimsimrodev.github.io/pequenos-sanos/assets/index-C7AoTPzR.js:82
[  237609ms] [LOG] [WS] 🗺️ Broadcast recibido. Avatares: 1 [Hijo Test(2)] @ https://jimsimrodev.github.io/pequenos-sanos/assets/index-C7AoTPzR.js:82
[  237683ms] [LOG] [WS] 🗺️ Broadcast recibido. Avatares: 1 [Hijo Test(2)] @ https://jimsimrodev.github.io/pequenos-sanos/assets/index-C7AoTPzR.js:82
[  237684ms] [LOG] [WS] 🗺️ Broadcast recibido. Avatares: 1 [Hijo Test(2)] @ https://jimsimrodev.github.io/pequenos-sanos/assets/index-C7AoTPzR.js:82
[  237746ms] [LOG] [WS] 🗺️ Broadcast recibido. Avatares: 1 [Hijo Test(2)] @ https://jimsimrodev.github.io/pequenos-sanos/assets/index-C7AoTPzR.js:82
[  237747ms] [LOG] [WS] 🗺️ Broadcast recibido. Avatares: 1 [Hijo Test(2)] @ https://jimsimrodev.github.io/pequenos-sanos/assets/index-C7AoTPzR.js:82
[  237816ms] [LOG] [WS] 🗺️ Broadcast recibido. Avatares: 1 [Hijo Test(2)] @ https://jimsimrodev.github.io/pequenos-sanos/assets/index-C7AoTPzR.js:82
[  237817ms] [LOG] [WS] 🗺️ Broadcast recibido. Avatares: 1 [Hijo Test(2)] @ https://jimsimrodev.github.io/pequenos-sanos/assets/index-C7AoTPzR.js:82
[  237892ms] [LOG] [WS] 🗺️ Broadcast recibido. Avatares: 1 [Hijo Test(2)] @ https://jimsimrodev.github.io/pequenos-sanos/assets/index-C7AoTPzR.js:82
[  237894ms] [LOG] [WS] 🗺️ Broadcast recibido. Avatares: 1 [Hijo Test(2)] @ https://jimsimrodev.github.io/pequenos-sanos/assets/index-C7AoTPzR.js:82
[  237961ms] [LOG] [WS] 🗺️ Broadcast recibido. Avatares: 1 [Hijo Test(2)] @ https://jimsimrodev.github.io/pequenos-sanos/assets/index-C7AoTPzR.js:82
[  237964ms] [LOG] [WS] 🗺️ Broadcast recibido. Avatares: 1 [Hijo Test(2)] @ https://jimsimrodev.github.io/pequenos-sanos/assets/index-C7AoTPzR.js:82
[  238026ms] [LOG] [WS] 🗺️ Broadcast recibido. Avatares: 1 [Hijo Test(2)] @ https://jimsimrodev.github.io/pequenos-sanos/assets/index-C7AoTPzR.js:82
[  238028ms] [LOG] [WS] 🗺️ Broadcast recibido. Avatares: 1 [Hijo Test(2)] @ https://jimsimrodev.github.io/pequenos-sanos/assets/index-C7AoTPzR.js:82
[  238106ms] [LOG] [WS] 🗺️ Broadcast recibido. Avatares: 1 [Hijo Test(2)] @ https://jimsimrodev.github.io/pequenos-sanos/assets/index-C7AoTPzR.js:82
[  238107ms] [LOG] [WS] 🗺️ Broadcast recibido. Avatares: 1 [Hijo Test(2)] @ https://jimsimrodev.github.io/pequenos-sanos/assets/index-C7AoTPzR.js:82
[  238179ms] [LOG] [WS] 🗺️ Broadcast recibido. Avatares: 1 [Hijo Test(2)] @ https://jimsimrodev.github.io/pequenos-sanos/assets/index-C7AoTPzR.js:82
[  238180ms] [LOG] [WS] 🗺️ Broadcast recibido. Avatares: 1 [Hijo Test(2)] @ https://jimsimrodev.github.io/pequenos-sanos/assets/index-C7AoTPzR.js:82
[  238182ms] [LOG] [WS] 🗺️ Broadcast recibido. Avatares: 1 [Hijo Test(2)] @ https://jimsimrodev.github.io/pequenos-sanos/assets/index-C7AoTPzR.js:82
[  238243ms] [LOG] [WS] 🗺️ Broadcast recibido. Avatares: 1 [Hijo Test(2)] @ https://jimsimrodev.github.io/pequenos-sanos/assets/index-C7AoTPzR.js:82
[  238245ms] [LOG] [WS] 🗺️ Broadcast recibido. Avatares: 1 [Hijo Test(2)] @ https://jimsimrodev.github.io/pequenos-sanos/assets/index-C7AoTPzR.js:82
[  238325ms] [LOG] [WS] 🗺️ Broadcast recibido. Avatares: 1 [Hijo Test(2)] @ https://jimsimrodev.github.io/pequenos-sanos/assets/index-C7AoTPzR.js:82
[  238326ms] [LOG] [WS] 🗺️ Broadcast recibido. Avatares: 1 [Hijo Test(2)] @ https://jimsimrodev.github.io/pequenos-sanos/assets/index-C7AoTPzR.js:82
[  238389ms] [LOG] [WS] 🗺️ Broadcast recibido. Avatares: 1 [Hijo Test(2)] @ https://jimsimrodev.github.io/pequenos-sanos/assets/index-C7AoTPzR.js:82
[  238391ms] [LOG] [WS] 🗺️ Broadcast recibido. Avatares: 1 [Hijo Test(2)] @ https://jimsimrodev.github.io/pequenos-sanos/assets/index-C7AoTPzR.js:82
[  238446ms] [LOG] [WS] 🗺️ Broadcast recibido. Avatares: 1 [Hijo Test(2)] @ https://jimsimrodev.github.io/pequenos-sanos/assets/index-C7AoTPzR.js:82
[  238449ms] [LOG] [WS] 🗺️ Broadcast recibido. Avatares: 1 [Hijo Test(2)] @ https://jimsimrodev.github.io/pequenos-sanos/assets/index-C7AoTPzR.js:82
[  238510ms] [LOG] [WS] 🗺️ Broadcast recibido. Avatares: 1 [Hijo Test(2)] @ https://jimsimrodev.github.io/pequenos-sanos/assets/index-C7AoTPzR.js:82
[  238512ms] [LOG] [WS] 🗺️ Broadcast recibido. Avatares: 1 [Hijo Test(2)] @ https://jimsimrodev.github.io/pequenos-sanos/assets/index-C7AoTPzR.js:82
[  238573ms] [LOG] [WS] 🗺️ Broadcast recibido. Avatares: 1 [Hijo Test(2)] @ https://jimsimrodev.github.io/pequenos-sanos/assets/index-C7AoTPzR.js:82
[  238575ms] [LOG] [WS] 🗺️ Broadcast recibido. Avatares: 1 [Hijo Test(2)] @ https://jimsimrodev.github.io/pequenos-sanos/assets/index-C7AoTPzR.js:82
[  238630ms] [LOG] [WS] 🗺️ Broadcast recibido. Avatares: 1 [Hijo Test(2)] @ https://jimsimrodev.github.io/pequenos-sanos/assets/index-C7AoTPzR.js:82
[  238631ms] [LOG] [WS] 🗺️ Broadcast recibido. Avatares: 1 [Hijo Test(2)] @ https://jimsimrodev.github.io/pequenos-sanos/assets/index-C7AoTPzR.js:82
[  238696ms] [LOG] [WS] 🗺️ Broadcast recibido. Avatares: 1 [Hijo Test(2)] @ https://jimsimrodev.github.io/pequenos-sanos/assets/index-C7AoTPzR.js:82
[  238697ms] [LOG] [WS] 🗺️ Broadcast recibido. Avatares: 1 [Hijo Test(2)] @ https://jimsimrodev.github.io/pequenos-sanos/assets/index-C7AoTPzR.js:82
[  238763ms] [LOG] [WS] 🗺️ Broadcast recibido. Avatares: 1 [Hijo Test(2)] @ https://jimsimrodev.github.io/pequenos-sanos/assets/index-C7AoTPzR.js:82
[  238764ms] [LOG] [WS] 🗺️ Broadcast recibido. Avatares: 1 [Hijo Test(2)] @ https://jimsimrodev.github.io/pequenos-sanos/assets/index-C7AoTPzR.js:82
[  238832ms] [LOG] [WS] 🗺️ Broadcast recibido. Avatares: 1 [Hijo Test(2)] @ https://jimsimrodev.github.io/pequenos-sanos/assets/index-C7AoTPzR.js:82
[  238834ms] [LOG] [WS] 🗺️ Broadcast recibido. Avatares: 1 [Hijo Test(2)] @ https://jimsimrodev.github.io/pequenos-sanos/assets/index-C7AoTPzR.js:82
[  238905ms] [LOG] [WS] 🗺️ Broadcast recibido. Avatares: 1 [Hijo Test(2)] @ https://jimsimrodev.github.io/pequenos-sanos/assets/index-C7AoTPzR.js:82
[  238980ms] [LOG] [WS] 🗺️ Broadcast recibido. Avatares: 1 [Hijo Test(2)] @ https://jimsimrodev.github.io/pequenos-sanos/assets/index-C7AoTPzR.js:82
[  238982ms] [LOG] [WS] 🗺️ Broadcast recibido. Avatares: 1 [Hijo Test(2)] @ https://jimsimrodev.github.io/pequenos-sanos/assets/index-C7AoTPzR.js:82
[  238983ms] [LOG] [WS] 🗺️ Broadcast recibido. Avatares: 1 [Hijo Test(2)] @ https://jimsimrodev.github.io/pequenos-sanos/assets/index-C7AoTPzR.js:82
[  239039ms] [LOG] [WS] 🗺️ Broadcast recibido. Avatares: 1 [Hijo Test(2)] @ https://jimsimrodev.github.io/pequenos-sanos/assets/index-C7AoTPzR.js:82
[  239041ms] [LOG] [WS] 🗺️ Broadcast recibido. Avatares: 1 [Hijo Test(2)] @ https://jimsimrodev.github.io/pequenos-sanos/assets/index-C7AoTPzR.js:82
[  239110ms] [LOG] [WS] 🗺️ Broadcast recibido. Avatares: 1 [Hijo Test(2)] @ https://jimsimrodev.github.io/pequenos-sanos/assets/index-C7AoTPzR.js:82
[  239112ms] [LOG] [WS] 🗺️ Broadcast recibido. Avatares: 1 [Hijo Test(2)] @ https://jimsimrodev.github.io/pequenos-sanos/assets/index-C7AoTPzR.js:82
[  239186ms] [LOG] [WS] 🗺️ Broadcast recibido. Avatares: 1 [Hijo Test(2)] @ https://jimsimrodev.github.io/pequenos-sanos/assets/index-C7AoTPzR.js:82
[  239187ms] [LOG] [WS] 🗺️ Broadcast recibido. Avatares: 1 [Hijo Test(2)] @ https://jimsimrodev.github.io/pequenos-sanos/assets/index-C7AoTPzR.js:82
[  239273ms] [LOG] [WS] 🗺️ Broadcast recibido. Avatares: 1 [Hijo Test(2)] @ https://jimsimrodev.github.io/pequenos-sanos/assets/index-C7AoTPzR.js:82
[  239276ms] [LOG] [WS] 🗺️ Broadcast recibido. Avatares: 1 [Hijo Test(2)] @ https://jimsimrodev.github.io/pequenos-sanos/assets/index-C7AoTPzR.js:82
[  239358ms] [LOG] [WS] 🗺️ Broadcast recibido. Avatares: 1 [Hijo Test(2)] @ https://jimsimrodev.github.io/pequenos-sanos/assets/index-C7AoTPzR.js:82
[  239360ms] [LOG] [WS] 🗺️ Broadcast recibido. Avatares: 1 [Hijo Test(2)] @ https://jimsimrodev.github.io/pequenos-sanos/assets/index-C7AoTPzR.js:82
[  239363ms] [LOG] [WS] 🗺️ Broadcast recibido. Avatares: 1 [Hijo Test(2)] @ https://jimsimrodev.github.io/pequenos-sanos/assets/index-C7AoTPzR.js:82
[  239431ms] [LOG] [WS] 🗺️ Broadcast recibido. Avatares: 1 [Hijo Test(2)] @ https://jimsimrodev.github.io/pequenos-sanos/assets/index-C7AoTPzR.js:82
[  239433ms] [LOG] [WS] 🗺️ Broadcast recibido. Avatares: 1 [Hijo Test(2)] @ https://jimsimrodev.github.io/pequenos-sanos/assets/index-C7AoTPzR.js:82
[  239435ms] [LOG] [WS] 🗺️ Broadcast recibido. Avatares: 1 [Hijo Test(2)] @ https://jimsimrodev.github.io/pequenos-sanos/assets/index-C7AoTPzR.js:82
[  239509ms] [LOG] [WS] 🗺️ Broadcast recibido. Avatares: 1 [Hijo Test(2)] @ https://jimsimrodev.github.io/pequenos-sanos/assets/index-C7AoTPzR.js:82
[  239511ms] [LOG] [WS] 🗺️ Broadcast recibido. Avatares: 1 [Hijo Test(2)] @ https://jimsimrodev.github.io/pequenos-sanos/assets/index-C7AoTPzR.js:82
[  239580ms] [LOG] [WS] 🗺️ Broadcast recibido. Avatares: 1 [Hijo Test(2)] @ https://jimsimrodev.github.io/pequenos-sanos/assets/index-C7AoTPzR.js:82
[  239581ms] [LOG] [WS] 🗺️ Broadcast recibido. Avatares: 1 [Hijo Test(2)] @ https://jimsimrodev.github.io/pequenos-sanos/assets/index-C7AoTPzR.js:82
[  239655ms] [LOG] [WS] 🗺️ Broadcast recibido. Avatares: 1 [Hijo Test(2)] @ https://jimsimrodev.github.io/pequenos-sanos/assets/index-C7AoTPzR.js:82
[  239657ms] [LOG] [WS] 🗺️ Broadcast recibido. Avatares: 1 [Hijo Test(2)] @ https://jimsimrodev.github.io/pequenos-sanos/assets/index-C7AoTPzR.js:82
[  239730ms] [LOG] [WS] 🗺️ Broadcast recibido. Avatares: 1 [Hijo Test(2)] @ https://jimsimrodev.github.io/pequenos-sanos/assets/index-C7AoTPzR.js:82
[  239731ms] [LOG] [WS] 🗺️ Broadcast recibido. Avatares: 1 [Hijo Test(2)] @ https://jimsimrodev.github.io/pequenos-sanos/assets/index-C7AoTPzR.js:82
[  239732ms] [LOG] [WS] 🗺️ Broadcast recibido. Avatares: 1 [Hijo Test(2)] @ https://jimsimrodev.github.io/pequenos-sanos/assets/index-C7AoTPzR.js:82
[  239808ms] [LOG] [WS] 🗺️ Broadcast recibido. Avatares: 1 [Hijo Test(2)] @ https://jimsimrodev.github.io/pequenos-sanos/assets/index-C7AoTPzR.js:82
[  239810ms] [LOG] [WS] 🗺️ Broadcast recibido. Avatares: 1 [Hijo Test(2)] @ https://jimsimrodev.github.io/pequenos-sanos/assets/index-C7AoTPzR.js:82
[  239867ms] [LOG] [WS] 🗺️ Broadcast recibido. Avatares: 1 [Hijo Test(2)] @ https://jimsimrodev.github.io/pequenos-sanos/assets/index-C7AoTPzR.js:82
[  239868ms] [LOG] [WS] 🗺️ Broadcast recibido. Avatares: 1 [Hijo Test(2)] @ https://jimsimrodev.github.io/pequenos-sanos/assets/index-C7AoTPzR.js:82
[  239941ms] [LOG] [WS] 🗺️ Broadcast recibido. Avatares: 1 [Hijo Test(2)] @ https://jimsimrodev.github.io/pequenos-sanos/assets/index-C7AoTPzR.js:82
[  239942ms] [LOG] [WS] 🗺️ Broadcast recibido. Avatares: 1 [Hijo Test(2)] @ https://jimsimrodev.github.io/pequenos-sanos/assets/index-C7AoTPzR.js:82
[  240010ms] [LOG] [WS] 🗺️ Broadcast recibido. Avatares: 1 [Hijo Test(2)] @ https://jimsimrodev.github.io/pequenos-sanos/assets/index-C7AoTPzR.js:82
[  240011ms] [LOG] [WS] 🗺️ Broadcast recibido. Avatares: 1 [Hijo Test(2)] @ https://jimsimrodev.github.io/pequenos-sanos/assets/index-C7AoTPzR.js:82
[  240070ms] [LOG] [WS] 🗺️ Broadcast recibido. Avatares: 1 [Hijo Test(2)] @ https://jimsimrodev.github.io/pequenos-sanos/assets/index-C7AoTPzR.js:82
[  240071ms] [LOG] [WS] 🗺️ Broadcast recibido. Avatares: 1 [Hijo Test(2)] @ https://jimsimrodev.github.io/pequenos-sanos/assets/index-C7AoTPzR.js:82
[  240137ms] [LOG] [WS] 🗺️ Broadcast recibido. Avatares: 1 [Hijo Test(2)] @ https://jimsimrodev.github.io/pequenos-sanos/assets/index-C7AoTPzR.js:82
[  240140ms] [LOG] [WS] 🗺️ Broadcast recibido. Avatares: 1 [Hijo Test(2)] @ https://jimsimrodev.github.io/pequenos-sanos/assets/index-C7AoTPzR.js:82
[  240205ms] [LOG] [WS] 🗺️ Broadcast recibido. Avatares: 1 [Hijo Test(2)] @ https://jimsimrodev.github.io/pequenos-sanos/assets/index-C7AoTPzR.js:82
[  240207ms] [LOG] [WS] 🗺️ Broadcast recibido. Avatares: 1 [Hijo Test(2)] @ https://jimsimrodev.github.io/pequenos-sanos/assets/index-C7AoTPzR.js:82
[  240276ms] [LOG] [WS] 🗺️ Broadcast recibido. Avatares: 1 [Hijo Test(2)] @ https://jimsimrodev.github.io/pequenos-sanos/assets/index-C7AoTPzR.js:82
[  240278ms] [LOG] [WS] 🗺️ Broadcast recibido. Avatares: 1 [Hijo Test(2)] @ https://jimsimrodev.github.io/pequenos-sanos/assets/index-C7AoTPzR.js:82
[  240352ms] [LOG] [WS] 🗺️ Broadcast recibido. Avatares: 1 [Hijo Test(2)] @ https://jimsimrodev.github.io/pequenos-sanos/assets/index-C7AoTPzR.js:82
[  240353ms] [LOG] [WS] 🗺️ Broadcast recibido. Avatares: 1 [Hijo Test(2)] @ https://jimsimrodev.github.io/pequenos-sanos/assets/index-C7AoTPzR.js:82
[  240414ms] [LOG] [WS] 🗺️ Broadcast recibido. Avatares: 1 [Hijo Test(2)] @ https://jimsimrodev.github.io/pequenos-sanos/assets/index-C7AoTPzR.js:82
[  240416ms] [LOG] [WS] 🗺️ Broadcast recibido. Avatares: 1 [Hijo Test(2)] @ https://jimsimrodev.github.io/pequenos-sanos/assets/index-C7AoTPzR.js:82
[  240417ms] [LOG] [WS] 🗺️ Broadcast recibido. Avatares: 1 [Hijo Test(2)] @ https://jimsimrodev.github.io/pequenos-sanos/assets/index-C7AoTPzR.js:82
[  240485ms] [LOG] [WS] 🗺️ Broadcast recibido. Avatares: 1 [Hijo Test(2)] @ https://jimsimrodev.github.io/pequenos-sanos/assets/index-C7AoTPzR.js:82
[  240486ms] [LOG] [WS] 🗺️ Broadcast recibido. Avatares: 1 [Hijo Test(2)] @ https://jimsimrodev.github.io/pequenos-sanos/assets/index-C7AoTPzR.js:82
[  240542ms] [LOG] [WS] 🗺️ Broadcast recibido. Avatares: 1 [Hijo Test(2)] @ https://jimsimrodev.github.io/pequenos-sanos/assets/index-C7AoTPzR.js:82
[  240543ms] [LOG] [WS] 🗺️ Broadcast recibido. Avatares: 1 [Hijo Test(2)] @ https://jimsimrodev.github.io/pequenos-sanos/assets/index-C7AoTPzR.js:82
[  240601ms] [LOG] [WS] 🗺️ Broadcast recibido. Avatares: 1 [Hijo Test(2)] @ https://jimsimrodev.github.io/pequenos-sanos/assets/index-C7AoTPzR.js:82
[  240655ms] [LOG] [WS] 🗺️ Broadcast recibido. Avatares: 1 [Hijo Test(2)] @ https://jimsimrodev.github.io/pequenos-sanos/assets/index-C7AoTPzR.js:82
[  240656ms] [LOG] [WS] 🗺️ Broadcast recibido. Avatares: 1 [Hijo Test(2)] @ https://jimsimrodev.github.io/pequenos-sanos/assets/index-C7AoTPzR.js:82
[  240713ms] [LOG] [WS] 🗺️ Broadcast recibido. Avatares: 1 [Hijo Test(2)] @ https://jimsimrodev.github.io/pequenos-sanos/assets/index-C7AoTPzR.js:82
[  240715ms] [LOG] [WS] 🗺️ Broadcast recibido. Avatares: 1 [Hijo Test(2)] @ https://jimsimrodev.github.io/pequenos-sanos/assets/index-C7AoTPzR.js:82
[  240797ms] [LOG] [WS] 🗺️ Broadcast recibido. Avatares: 1 [Hijo Test(2)] @ https://jimsimrodev.github.io/pequenos-sanos/assets/index-C7AoTPzR.js:82
[  240799ms] [LOG] [WS] 🗺️ Broadcast recibido. Avatares: 1 [Hijo Test(2)] @ https://jimsimrodev.github.io/pequenos-sanos/assets/index-C7AoTPzR.js:82
[  240864ms] [LOG] [WS] 🗺️ Broadcast recibido. Avatares: 1 [Hijo Test(2)] @ https://jimsimrodev.github.io/pequenos-sanos/assets/index-C7AoTPzR.js:82
[  240866ms] [LOG] [WS] 🗺️ Broadcast recibido. Avatares: 1 [Hijo Test(2)] @ https://jimsimrodev.github.io/pequenos-sanos/assets/index-C7AoTPzR.js:82
[  240920ms] [LOG] [WS] 🗺️ Broadcast recibido. Avatares: 1 [Hijo Test(2)] @ https://jimsimrodev.github.io/pequenos-sanos/assets/index-C7AoTPzR.js:82
[  240921ms] [LOG] [WS] 🗺️ Broadcast recibido. Avatares: 1 [Hijo Test(2)] @ https://jimsimrodev.github.io/pequenos-sanos/assets/index-C7AoTPzR.js:82
[  240988ms] [LOG] [WS] 🗺️ Broadcast recibido. Avatares: 1 [Hijo Test(2)] @ https://jimsimrodev.github.io/pequenos-sanos/assets/index-C7AoTPzR.js:82
[  240989ms] [LOG] [WS] 🗺️ Broadcast recibido. Avatares: 1 [Hijo Test(2)] @ https://jimsimrodev.github.io/pequenos-sanos/assets/index-C7AoTPzR.js:82
[  241060ms] [LOG] [WS] 🗺️ Broadcast recibido. Avatares: 1 [Hijo Test(2)] @ https://jimsimrodev.github.io/pequenos-sanos/assets/index-C7AoTPzR.js:82
[  241060ms] [LOG] [WS] 🗺️ Broadcast recibido. Avatares: 1 [Hijo Test(2)] @ https://jimsimrodev.github.io/pequenos-sanos/assets/index-C7AoTPzR.js:82
[  241127ms] [LOG] [WS] 🗺️ Broadcast recibido. Avatares: 1 [Hijo Test(2)] @ https://jimsimrodev.github.io/pequenos-sanos/assets/index-C7AoTPzR.js:82
[  241128ms] [LOG] [WS] 🗺️ Broadcast recibido. Avatares: 1 [Hijo Test(2)] @ https://jimsimrodev.github.io/pequenos-sanos/assets/index-C7AoTPzR.js:82
[  241200ms] [LOG] [WS] 🗺️ Broadcast recibido. Avatares: 1 [Hijo Test(2)] @ https://jimsimrodev.github.io/pequenos-sanos/assets/index-C7AoTPzR.js:82
[  241201ms] [LOG] [WS] 🗺️ Broadcast recibido. Avatares: 1 [Hijo Test(2)] @ https://jimsimrodev.github.io/pequenos-sanos/assets/index-C7AoTPzR.js:82
[  241269ms] [LOG] [WS] 🗺️ Broadcast recibido. Avatares: 1 [Hijo Test(2)] @ https://jimsimrodev.github.io/pequenos-sanos/assets/index-C7AoTPzR.js:82
[  241269ms] [LOG] [WS] 🗺️ Broadcast recibido. Avatares: 1 [Hijo Test(2)] @ https://jimsimrodev.github.io/pequenos-sanos/assets/index-C7AoTPzR.js:82
[  241342ms] [LOG] [WS] 🗺️ Broadcast recibido. Avatares: 1 [Hijo Test(2)] @ https://jimsimrodev.github.io/pequenos-sanos/assets/index-C7AoTPzR.js:82
[  241343ms] [LOG] [WS] 🗺️ Broadcast recibido. Avatares: 1 [Hijo Test(2)] @ https://jimsimrodev.github.io/pequenos-sanos/assets/index-C7AoTPzR.js:82
[  241345ms] [LOG] [WS] 🗺️ Broadcast recibido. Avatares: 1 [Hijo Test(2)] @ https://jimsimrodev.github.io/pequenos-sanos/assets/index-C7AoTPzR.js:82
[  241419ms] [LOG] [WS] 🗺️ Broadcast recibido. Avatares: 1 [Hijo Test(2)] @ https://jimsimrodev.github.io/pequenos-sanos/assets/index-C7AoTPzR.js:82
[  241426ms] [LOG] [WS] 🗺️ Broadcast recibido. Avatares: 1 [Hijo Test(2)] @ https://jimsimrodev.github.io/pequenos-sanos/assets/index-C7AoTPzR.js:82
[  241501ms] [LOG] [WS] 🗺️ Broadcast recibido. Avatares: 1 [Hijo Test(2)] @ https://jimsimrodev.github.io/pequenos-sanos/assets/index-C7AoTPzR.js:82
[  241503ms] [LOG] [WS] 🗺️ Broadcast recibido. Avatares: 1 [Hijo Test(2)] @ https://jimsimrodev.github.io/pequenos-sanos/assets/index-C7AoTPzR.js:82
[  241572ms] [LOG] [WS] 🗺️ Broadcast recibido. Avatares: 1 [Hijo Test(2)] @ https://jimsimrodev.github.io/pequenos-sanos/assets/index-C7AoTPzR.js:82
[  241573ms] [LOG] [WS] 🗺️ Broadcast recibido. Avatares: 1 [Hijo Test(2)] @ https://jimsimrodev.github.io/pequenos-sanos/assets/index-C7AoTPzR.js:82
[  241575ms] [LOG] [WS] 🗺️ Broadcast recibido. Avatares: 1 [Hijo Test(2)] @ https://jimsimrodev.github.io/pequenos-sanos/assets/index-C7AoTPzR.js:82
[  241647ms] [LOG] [WS] 🗺️ Broadcast recibido. Avatares: 1 [Hijo Test(2)] @ https://jimsimrodev.github.io/pequenos-sanos/assets/index-C7AoTPzR.js:82
[  241648ms] [LOG] [WS] 🗺️ Broadcast recibido. Avatares: 1 [Hijo Test(2)] @ https://jimsimrodev.github.io/pequenos-sanos/assets/index-C7AoTPzR.js:82
[  241715ms] [LOG] [WS] 🗺️ Broadcast recibido. Avatares: 1 [Hijo Test(2)] @ https://jimsimrodev.github.io/pequenos-sanos/assets/index-C7AoTPzR.js:82
[  241716ms] [LOG] [WS] 🗺️ Broadcast recibido. Avatares: 1 [Hijo Test(2)] @ https://jimsimrodev.github.io/pequenos-sanos/assets/index-C7AoTPzR.js:82
[  241784ms] [LOG] [WS] 🗺️ Broadcast recibido. Avatares: 1 [Hijo Test(2)] @ https://jimsimrodev.github.io/pequenos-sanos/assets/index-C7AoTPzR.js:82
[  241785ms] [LOG] [WS] 🗺️ Broadcast recibido. Avatares: 1 [Hijo Test(2)] @ https://jimsimrodev.github.io/pequenos-sanos/assets/index-C7AoTPzR.js:82
[  241844ms] [LOG] [WS] 🗺️ Broadcast recibido. Avatares: 1 [Hijo Test(2)] @ https://jimsimrodev.github.io/pequenos-sanos/assets/index-C7AoTPzR.js:82
[  241846ms] [LOG] [WS] 🗺️ Broadcast recibido. Avatares: 1 [Hijo Test(2)] @ https://jimsimrodev.github.io/pequenos-sanos/assets/index-C7AoTPzR.js:82
[  241897ms] [LOG] [WS] 🗺️ Broadcast recibido. Avatares: 1 [Hijo Test(2)] @ https://jimsimrodev.github.io/pequenos-sanos/assets/index-C7AoTPzR.js:82
[  241898ms] [LOG] [WS] 🗺️ Broadcast recibido. Avatares: 1 [Hijo Test(2)] @ https://jimsimrodev.github.io/pequenos-sanos/assets/index-C7AoTPzR.js:82
[  241967ms] [LOG] [WS] 🗺️ Broadcast recibido. Avatares: 1 [Hijo Test(2)] @ https://jimsimrodev.github.io/pequenos-sanos/assets/index-C7AoTPzR.js:82
[  241968ms] [LOG] [WS] 🗺️ Broadcast recibido. Avatares: 1 [Hijo Test(2)] @ https://jimsimrodev.github.io/pequenos-sanos/assets/index-C7AoTPzR.js:82
[  242027ms] [LOG] [WS] 🗺️ Broadcast recibido. Avatares: 1 [Hijo Test(2)] @ https://jimsimrodev.github.io/pequenos-sanos/assets/index-C7AoTPzR.js:82
[  242028ms] [LOG] [WS] 🗺️ Broadcast recibido. Avatares: 1 [Hijo Test(2)] @ https://jimsimrodev.github.io/pequenos-sanos/assets/index-C7AoTPzR.js:82
[  242093ms] [LOG] [WS] 🗺️ Broadcast recibido. Avatares: 1 [Hijo Test(2)] @ https://jimsimrodev.github.io/pequenos-sanos/assets/index-C7AoTPzR.js:82
[  242094ms] [LOG] [WS] 🗺️ Broadcast recibido. Avatares: 1 [Hijo Test(2)] @ https://jimsimrodev.github.io/pequenos-sanos/assets/index-C7AoTPzR.js:82
[  242169ms] [LOG] [WS] 🗺️ Broadcast recibido. Avatares: 1 [Hijo Test(2)] @ https://jimsimrodev.github.io/pequenos-sanos/assets/index-C7AoTPzR.js:82
[  242226ms] [LOG] [WS] 🗺️ Broadcast recibido. Avatares: 1 [Hijo Test(2)] @ https://jimsimrodev.github.io/pequenos-sanos/assets/index-C7AoTPzR.js:82
[  242230ms] [LOG] [WS] 🗺️ Broadcast recibido. Avatares: 1 [Hijo Test(2)] @ https://jimsimrodev.github.io/pequenos-sanos/assets/index-C7AoTPzR.js:82
[  242231ms] [LOG] [WS] 🗺️ Broadcast recibido. Avatares: 1 [Hijo Test(2)] @ https://jimsimrodev.github.io/pequenos-sanos/assets/index-C7AoTPzR.js:82
[  242282ms] [LOG] [WS] 🗺️ Broadcast recibido. Avatares: 1 [Hijo Test(2)] @ https://jimsimrodev.github.io/pequenos-sanos/assets/index-C7AoTPzR.js:82
[  242283ms] [LOG] [WS] 🗺️ Broadcast recibido. Avatares: 1 [Hijo Test(2)] @ https://jimsimrodev.github.io/pequenos-sanos/assets/index-C7AoTPzR.js:82
[  242339ms] [LOG] [WS] 🗺️ Broadcast recibido. Avatares: 1 [Hijo Test(2)] @ https://jimsimrodev.github.io/pequenos-sanos/assets/index-C7AoTPzR.js:82
[  242392ms] [LOG] [WS] 🗺️ Broadcast recibido. Avatares: 1 [Hijo Test(2)] @ https://jimsimrodev.github.io/pequenos-sanos/assets/index-C7AoTPzR.js:82
[  242393ms] [LOG] [WS] 🗺️ Broadcast recibido. Avatares: 1 [Hijo Test(2)] @ https://jimsimrodev.github.io/pequenos-sanos/assets/index-C7AoTPzR.js:82
[  242453ms] [LOG] [WS] 🗺️ Broadcast recibido. Avatares: 1 [Hijo Test(2)] @ https://jimsimrodev.github.io/pequenos-sanos/assets/index-C7AoTPzR.js:82
[  242454ms] [LOG] [WS] 🗺️ Broadcast recibido. Avatares: 1 [Hijo Test(2)] @ https://jimsimrodev.github.io/pequenos-sanos/assets/index-C7AoTPzR.js:82
[  242516ms] [LOG] [WS] 🗺️ Broadcast recibido. Avatares: 1 [Hijo Test(2)] @ https://jimsimrodev.github.io/pequenos-sanos/assets/index-C7AoTPzR.js:82
[  242572ms] [LOG] [WS] 🗺️ Broadcast recibido. Avatares: 1 [Hijo Test(2)] @ https://jimsimrodev.github.io/pequenos-sanos/assets/index-C7AoTPzR.js:82
[  242573ms] [LOG] [WS] 🗺️ Broadcast recibido. Avatares: 1 [Hijo Test(2)] @ https://jimsimrodev.github.io/pequenos-sanos/assets/index-C7AoTPzR.js:82
[  242626ms] [LOG] [WS] 🗺️ Broadcast recibido. Avatares: 1 [Hijo Test(2)] @ https://jimsimrodev.github.io/pequenos-sanos/assets/index-C7AoTPzR.js:82
[  242627ms] [LOG] [WS] 🗺️ Broadcast recibido. Avatares: 1 [Hijo Test(2)] @ https://jimsimrodev.github.io/pequenos-sanos/assets/index-C7AoTPzR.js:82
[  242685ms] [LOG] [WS] 🗺️ Broadcast recibido. Avatares: 1 [Hijo Test(2)] @ https://jimsimrodev.github.io/pequenos-sanos/assets/index-C7AoTPzR.js:82
[  242687ms] [LOG] [WS] 🗺️ Broadcast recibido. Avatares: 1 [Hijo Test(2)] @ https://jimsimrodev.github.io/pequenos-sanos/assets/index-C7AoTPzR.js:82
[  242734ms] [LOG] [WS] 🗺️ Broadcast recibido. Avatares: 1 [Hijo Test(2)] @ https://jimsimrodev.github.io/pequenos-sanos/assets/index-C7AoTPzR.js:82
[  242737ms] [LOG] [WS] 🗺️ Broadcast recibido. Avatares: 1 [Hijo Test(2)] @ https://jimsimrodev.github.io/pequenos-sanos/assets/index-C7AoTPzR.js:82
[  242791ms] [LOG] [WS] 🗺️ Broadcast recibido. Avatares: 1 [Hijo Test(2)] @ https://jimsimrodev.github.io/pequenos-sanos/assets/index-C7AoTPzR.js:82
[  242858ms] [LOG] [WS] 🗺️ Broadcast recibido. Avatares: 1 [Hijo Test(2)] @ https://jimsimrodev.github.io/pequenos-sanos/assets/index-C7AoTPzR.js:82
[  242859ms] [LOG] [WS] 🗺️ Broadcast recibido. Avatares: 1 [Hijo Test(2)] @ https://jimsimrodev.github.io/pequenos-sanos/assets/index-C7AoTPzR.js:82
[  242914ms] [LOG] [WS] 🗺️ Broadcast recibido. Avatares: 1 [Hijo Test(2)] @ https://jimsimrodev.github.io/pequenos-sanos/assets/index-C7AoTPzR.js:82
[  242915ms] [LOG] [WS] 🗺️ Broadcast recibido. Avatares: 1 [Hijo Test(2)] @ https://jimsimrodev.github.io/pequenos-sanos/assets/index-C7AoTPzR.js:82
[  242979ms] [LOG] [WS] 🗺️ Broadcast recibido. Avatares: 1 [Hijo Test(2)] @ https://jimsimrodev.github.io/pequenos-sanos/assets/index-C7AoTPzR.js:82
[  243049ms] [LOG] [WS] 🗺️ Broadcast recibido. Avatares: 1 [Hijo Test(2)] @ https://jimsimrodev.github.io/pequenos-sanos/assets/index-C7AoTPzR.js:82
[  243050ms] [LOG] [WS] 🗺️ Broadcast recibido. Avatares: 1 [Hijo Test(2)] @ https://jimsimrodev.github.io/pequenos-sanos/assets/index-C7AoTPzR.js:82
[  243105ms] [LOG] [WS] 🗺️ Broadcast recibido. Avatares: 1 [Hijo Test(2)] @ https://jimsimrodev.github.io/pequenos-sanos/assets/index-C7AoTPzR.js:82
[  243106ms] [LOG] [WS] 🗺️ Broadcast recibido. Avatares: 1 [Hijo Test(2)] @ https://jimsimrodev.github.io/pequenos-sanos/assets/index-C7AoTPzR.js:82
[  243108ms] [LOG] [WS] 🗺️ Broadcast recibido. Avatares: 1 [Hijo Test(2)] @ https://jimsimrodev.github.io/pequenos-sanos/assets/index-C7AoTPzR.js:82
[  243165ms] [LOG] [WS] 🗺️ Broadcast recibido. Avatares: 1 [Hijo Test(2)] @ https://jimsimrodev.github.io/pequenos-sanos/assets/index-C7AoTPzR.js:82
[  243235ms] [LOG] [WS] 🗺️ Broadcast recibido. Avatares: 1 [Hijo Test(2)] @ https://jimsimrodev.github.io/pequenos-sanos/assets/index-C7AoTPzR.js:82
[  243235ms] [LOG] [WS] 🗺️ Broadcast recibido. Avatares: 1 [Hijo Test(2)] @ https://jimsimrodev.github.io/pequenos-sanos/assets/index-C7AoTPzR.js:82
[  243280ms] [LOG] [WS] 🗺️ Broadcast recibido. Avatares: 1 [Hijo Test(2)] @ https://jimsimrodev.github.io/pequenos-sanos/assets/index-C7AoTPzR.js:82
[  243282ms] [LOG] [WS] 🗺️ Broadcast recibido. Avatares: 1 [Hijo Test(2)] @ https://jimsimrodev.github.io/pequenos-sanos/assets/index-C7AoTPzR.js:82
[  243333ms] [LOG] [WS] 🗺️ Broadcast recibido. Avatares: 1 [Hijo Test(2)] @ https://jimsimrodev.github.io/pequenos-sanos/assets/index-C7AoTPzR.js:82
[  243333ms] [LOG] [WS] 🗺️ Broadcast recibido. Avatares: 1 [Hijo Test(2)] @ https://jimsimrodev.github.io/pequenos-sanos/assets/index-C7AoTPzR.js:82
[  243396ms] [LOG] [WS] 🗺️ Broadcast recibido. Avatares: 1 [Hijo Test(2)] @ https://jimsimrodev.github.io/pequenos-sanos/assets/index-C7AoTPzR.js:82
[  243454ms] [LOG] [WS] 🗺️ Broadcast recibido. Avatares: 1 [Hijo Test(2)] @ https://jimsimrodev.github.io/pequenos-sanos/assets/index-C7AoTPzR.js:82
[  243456ms] [LOG] [WS] 🗺️ Broadcast recibido. Avatares: 1 [Hijo Test(2)] @ https://jimsimrodev.github.io/pequenos-sanos/assets/index-C7AoTPzR.js:82
[  243523ms] [LOG] [WS] 🗺️ Broadcast recibido. Avatares: 1 [Hijo Test(2)] @ https://jimsimrodev.github.io/pequenos-sanos/assets/index-C7AoTPzR.js:82
[  243525ms] [LOG] [WS] 🗺️ Broadcast recibido. Avatares: 1 [Hijo Test(2)] @ https://jimsimrodev.github.io/pequenos-sanos/assets/index-C7AoTPzR.js:82
[  243595ms] [LOG] [WS] 🗺️ Broadcast recibido. Avatares: 1 [Hijo Test(2)] @ https://jimsimrodev.github.io/pequenos-sanos/assets/index-C7AoTPzR.js:82
[  243596ms] [LOG] [WS] 🗺️ Broadcast recibido. Avatares: 1 [Hijo Test(2)] @ https://jimsimrodev.github.io/pequenos-sanos/assets/index-C7AoTPzR.js:82
[  243663ms] [LOG] [WS] 🗺️ Broadcast recibido. Avatares: 1 [Hijo Test(2)] @ https://jimsimrodev.github.io/pequenos-sanos/assets/index-C7AoTPzR.js:82
[  243664ms] [LOG] [WS] 🗺️ Broadcast recibido. Avatares: 1 [Hijo Test(2)] @ https://jimsimrodev.github.io/pequenos-sanos/assets/index-C7AoTPzR.js:82
[  243722ms] [LOG] [WS] 🗺️ Broadcast recibido. Avatares: 1 [Hijo Test(2)] @ https://jimsimrodev.github.io/pequenos-sanos/assets/index-C7AoTPzR.js:82
[  243724ms] [LOG] [WS] 🗺️ Broadcast recibido. Avatares: 1 [Hijo Test(2)] @ https://jimsimrodev.github.io/pequenos-sanos/assets/index-C7AoTPzR.js:82
[  243783ms] [LOG] [WS] 🗺️ Broadcast recibido. Avatares: 1 [Hijo Test(2)] @ https://jimsimrodev.github.io/pequenos-sanos/assets/index-C7AoTPzR.js:82
[  243784ms] [LOG] [WS] 🗺️ Broadcast recibido. Avatares: 1 [Hijo Test(2)] @ https://jimsimrodev.github.io/pequenos-sanos/assets/index-C7AoTPzR.js:82
[  243845ms] [LOG] [WS] 🗺️ Broadcast recibido. Avatares: 1 [Hijo Test(2)] @ https://jimsimrodev.github.io/pequenos-sanos/assets/index-C7AoTPzR.js:82
[  243846ms] [LOG] [WS] 🗺️ Broadcast recibido. Avatares: 1 [Hijo Test(2)] @ https://jimsimrodev.github.io/pequenos-sanos/assets/index-C7AoTPzR.js:82
[  243911ms] [LOG] [WS] 🗺️ Broadcast recibido. Avatares: 1 [Hijo Test(2)] @ https://jimsimrodev.github.io/pequenos-sanos/assets/index-C7AoTPzR.js:82
[  243914ms] [LOG] [WS] 🗺️ Broadcast recibido. Avatares: 1 [Hijo Test(2)] @ https://jimsimrodev.github.io/pequenos-sanos/assets/index-C7AoTPzR.js:82
[  243978ms] [LOG] [WS] 🗺️ Broadcast recibido. Avatares: 1 [Hijo Test(2)] @ https://jimsimrodev.github.io/pequenos-sanos/assets/index-C7AoTPzR.js:82
[  243980ms] [LOG] [WS] 🗺️ Broadcast recibido. Avatares: 1 [Hijo Test(2)] @ https://jimsimrodev.github.io/pequenos-sanos/assets/index-C7AoTPzR.js:82
[  244046ms] [LOG] [WS] 🗺️ Broadcast recibido. Avatares: 1 [Hijo Test(2)] @ https://jimsimrodev.github.io/pequenos-sanos/assets/index-C7AoTPzR.js:82
[  244047ms] [LOG] [WS] 🗺️ Broadcast recibido. Avatares: 1 [Hijo Test(2)] @ https://jimsimrodev.github.io/pequenos-sanos/assets/index-C7AoTPzR.js:82
[  244109ms] [LOG] [WS] 🗺️ Broadcast recibido. Avatares: 1 [Hijo Test(2)] @ https://jimsimrodev.github.io/pequenos-sanos/assets/index-C7AoTPzR.js:82
[  244111ms] [LOG] [WS] 🗺️ Broadcast recibido. Avatares: 1 [Hijo Test(2)] @ https://jimsimrodev.github.io/pequenos-sanos/assets/index-C7AoTPzR.js:82
[  244172ms] [LOG] [WS] 🗺️ Broadcast recibido. Avatares: 1 [Hijo Test(2)] @ https://jimsimrodev.github.io/pequenos-sanos/assets/index-C7AoTPzR.js:82
[  244174ms] [LOG] [WS] 🗺️ Broadcast recibido. Avatares: 1 [Hijo Test(2)] @ https://jimsimrodev.github.io/pequenos-sanos/assets/index-C7AoTPzR.js:82
[  244267ms] [LOG] [WS] 🗺️ Broadcast recibido. Avatares: 1 [Hijo Test(2)] @ https://jimsimrodev.github.io/pequenos-sanos/assets/index-C7AoTPzR.js:82
[  244269ms] [LOG] [WS] 🗺️ Broadcast recibido. Avatares: 1 [Hijo Test(2)] @ https://jimsimrodev.github.io/pequenos-sanos/assets/index-C7AoTPzR.js:82
[  244336ms] [LOG] [WS] 🗺️ Broadcast recibido. Avatares: 1 [Hijo Test(2)] @ https://jimsimrodev.github.io/pequenos-sanos/assets/index-C7AoTPzR.js:82
[  244337ms] [LOG] [WS] 🗺️ Broadcast recibido. Avatares: 1 [Hijo Test(2)] @ https://jimsimrodev.github.io/pequenos-sanos/assets/index-C7AoTPzR.js:82
[  244410ms] [LOG] [WS] 🗺️ Broadcast recibido. Avatares: 1 [Hijo Test(2)] @ https://jimsimrodev.github.io/pequenos-sanos/assets/index-C7AoTPzR.js:82
[  244411ms] [LOG] [WS] 🗺️ Broadcast recibido. Avatares: 1 [Hijo Test(2)] @ https://jimsimrodev.github.io/pequenos-sanos/assets/index-C7AoTPzR.js:82
[  244487ms] [LOG] [WS] 🗺️ Broadcast recibido. Avatares: 1 [Hijo Test(2)] @ https://jimsimrodev.github.io/pequenos-sanos/assets/index-C7AoTPzR.js:82
[  244489ms] [LOG] [WS] 🗺️ Broadcast recibido. Avatares: 1 [Hijo Test(2)] @ https://jimsimrodev.github.io/pequenos-sanos/assets/index-C7AoTPzR.js:82
[  244549ms] [LOG] [WS] 🗺️ Broadcast recibido. Avatares: 1 [Hijo Test(2)] @ https://jimsimrodev.github.io/pequenos-sanos/assets/index-C7AoTPzR.js:82
[  244550ms] [LOG] [WS] 🗺️ Broadcast recibido. Avatares: 1 [Hijo Test(2)] @ https://jimsimrodev.github.io/pequenos-sanos/assets/index-C7AoTPzR.js:82
[  244551ms] [LOG] [WS] 🗺️ Broadcast recibido. Avatares: 1 [Hijo Test(2)] @ https://jimsimrodev.github.io/pequenos-sanos/assets/index-C7AoTPzR.js:82
[  244611ms] [LOG] [WS] 🗺️ Broadcast recibido. Avatares: 1 [Hijo Test(2)] @ https://jimsimrodev.github.io/pequenos-sanos/assets/index-C7AoTPzR.js:82
[  244616ms] [LOG] [WS] 🗺️ Broadcast recibido. Avatares: 1 [Hijo Test(2)] @ https://jimsimrodev.github.io/pequenos-sanos/assets/index-C7AoTPzR.js:82
[  244671ms] [LOG] [WS] 🗺️ Broadcast recibido. Avatares: 1 [Hijo Test(2)] @ https://jimsimrodev.github.io/pequenos-sanos/assets/index-C7AoTPzR.js:82
[  244673ms] [LOG] [WS] 🗺️ Broadcast recibido. Avatares: 1 [Hijo Test(2)] @ https://jimsimrodev.github.io/pequenos-sanos/assets/index-C7AoTPzR.js:82
[  244743ms] [LOG] [WS] 🗺️ Broadcast recibido. Avatares: 1 [Hijo Test(2)] @ https://jimsimrodev.github.io/pequenos-sanos/assets/index-C7AoTPzR.js:82
[  244745ms] [LOG] [WS] 🗺️ Broadcast recibido. Avatares: 1 [Hijo Test(2)] @ https://jimsimrodev.github.io/pequenos-sanos/assets/index-C7AoTPzR.js:82
[  244808ms] [LOG] [WS] 🗺️ Broadcast recibido. Avatares: 1 [Hijo Test(2)] @ https://jimsimrodev.github.io/pequenos-sanos/assets/index-C7AoTPzR.js:82
[  244811ms] [LOG] [WS] 🗺️ Broadcast recibido. Avatares: 1 [Hijo Test(2)] @ https://jimsimrodev.github.io/pequenos-sanos/assets/index-C7AoTPzR.js:82
[  244876ms] [LOG] [WS] 🗺️ Broadcast recibido. Avatares: 1 [Hijo Test(2)] @ https://jimsimrodev.github.io/pequenos-sanos/assets/index-C7AoTPzR.js:82
[  245194ms] [LOG] [WS] 🗺️ Broadcast recibido. Avatares: 1 [Hijo Test(2)] @ https://jimsimrodev.github.io/pequenos-sanos/assets/index-C7AoTPzR.js:82
[  245256ms] [LOG] [WS] 🗺️ Broadcast recibido. Avatares: 1 [Hijo Test(2)] @ https://jimsimrodev.github.io/pequenos-sanos/assets/index-C7AoTPzR.js:82
[  245257ms] [LOG] [WS] 🗺️ Broadcast recibido. Avatares: 1 [Hijo Test(2)] @ https://jimsimrodev.github.io/pequenos-sanos/assets/index-C7AoTPzR.js:82
[  245259ms] [LOG] [WS] 🗺️ Broadcast recibido. Avatares: 1 [Hijo Test(2)] @ https://jimsimrodev.github.io/pequenos-sanos/assets/index-C7AoTPzR.js:82
[  245261ms] [LOG] [WS] 🗺️ Broadcast recibido. Avatares: 1 [Hijo Test(2)] @ https://jimsimrodev.github.io/pequenos-sanos/assets/index-C7AoTPzR.js:82
[  245265ms] [LOG] [WS] 🗺️ Broadcast recibido. Avatares: 1 [Hijo Test(2)] @ https://jimsimrodev.github.io/pequenos-sanos/assets/index-C7AoTPzR.js:82
[  245267ms] [LOG] [WS] 🗺️ Broadcast recibido. Avatares: 1 [Hijo Test(2)] @ https://jimsimrodev.github.io/pequenos-sanos/assets/index-C7AoTPzR.js:82
[  245269ms] [LOG] [WS] 🗺️ Broadcast recibido. Avatares: 1 [Hijo Test(2)] @ https://jimsimrodev.github.io/pequenos-sanos/assets/index-C7AoTPzR.js:82
[  245270ms] [LOG] [WS] 🗺️ Broadcast recibido. Avatares: 1 [Hijo Test(2)] @ https://jimsimrodev.github.io/pequenos-sanos/assets/index-C7AoTPzR.js:82
[  245271ms] [LOG] [WS] 🗺️ Broadcast recibido. Avatares: 1 [Hijo Test(2)] @ https://jimsimrodev.github.io/pequenos-sanos/assets/index-C7AoTPzR.js:82
[  245272ms] [LOG] [WS] 🗺️ Broadcast recibido. Avatares: 1 [Hijo Test(2)] @ https://jimsimrodev.github.io/pequenos-sanos/assets/index-C7AoTPzR.js:82
[  245273ms] [LOG] [WS] 🗺️ Broadcast recibido. Avatares: 1 [Hijo Test(2)] @ https://jimsimrodev.github.io/pequenos-sanos/assets/index-C7AoTPzR.js:82
[  245274ms] [LOG] [WS] 🗺️ Broadcast recibido. Avatares: 1 [Hijo Test(2)] @ https://jimsimrodev.github.io/pequenos-sanos/assets/index-C7AoTPzR.js:82
[  245329ms] [LOG] [WS] 🗺️ Broadcast recibido. Avatares: 1 [Hijo Test(2)] @ https://jimsimrodev.github.io/pequenos-sanos/assets/index-C7AoTPzR.js:82
[  245331ms] [LOG] [WS] 🗺️ Broadcast recibido. Avatares: 1 [Hijo Test(2)] @ https://jimsimrodev.github.io/pequenos-sanos/assets/index-C7AoTPzR.js:82
[  245380ms] [LOG] [WS] 🗺️ Broadcast recibido. Avatares: 1 [Hijo Test(2)] @ https://jimsimrodev.github.io/pequenos-sanos/assets/index-C7AoTPzR.js:82
[  245381ms] [LOG] [WS] 🗺️ Broadcast recibido. Avatares: 1 [Hijo Test(2)] @ https://jimsimrodev.github.io/pequenos-sanos/assets/index-C7AoTPzR.js:82
[  245436ms] [LOG] [WS] 🗺️ Broadcast recibido. Avatares: 1 [Hijo Test(2)] @ https://jimsimrodev.github.io/pequenos-sanos/assets/index-C7AoTPzR.js:82
[  245509ms] [LOG] [WS] 🗺️ Broadcast recibido. Avatares: 1 [Hijo Test(2)] @ https://jimsimrodev.github.io/pequenos-sanos/assets/index-C7AoTPzR.js:82
[  245515ms] [LOG] [WS] 🗺️ Broadcast recibido. Avatares: 1 [Hijo Test(2)] @ https://jimsimrodev.github.io/pequenos-sanos/assets/index-C7AoTPzR.js:82
[  245576ms] [LOG] [WS] 🗺️ Broadcast recibido. Avatares: 1 [Hijo Test(2)] @ https://jimsimrodev.github.io/pequenos-sanos/assets/index-C7AoTPzR.js:82
[  245577ms] [LOG] [WS] 🗺️ Broadcast recibido. Avatares: 1 [Hijo Test(2)] @ https://jimsimrodev.github.io/pequenos-sanos/assets/index-C7AoTPzR.js:82
[  245628ms] [LOG] [WS] 🗺️ Broadcast recibido. Avatares: 1 [Hijo Test(2)] @ https://jimsimrodev.github.io/pequenos-sanos/assets/index-C7AoTPzR.js:82
[  245629ms] [LOG] [WS] 🗺️ Broadcast recibido. Avatares: 1 [Hijo Test(2)] @ https://jimsimrodev.github.io/pequenos-sanos/assets/index-C7AoTPzR.js:82
[  245678ms] [LOG] [WS] 🗺️ Broadcast recibido. Avatares: 1 [Hijo Test(2)] @ https://jimsimrodev.github.io/pequenos-sanos/assets/index-C7AoTPzR.js:82
[  245679ms] [LOG] [WS] 🗺️ Broadcast recibido. Avatares: 1 [Hijo Test(2)] @ https://jimsimrodev.github.io/pequenos-sanos/assets/index-C7AoTPzR.js:82
[  245725ms] [LOG] [WS] 🗺️ Broadcast recibido. Avatares: 1 [Hijo Test(2)] @ https://jimsimrodev.github.io/pequenos-sanos/assets/index-C7AoTPzR.js:82
[  245782ms] [LOG] [WS] 🗺️ Broadcast recibido. Avatares: 1 [Hijo Test(2)] @ https://jimsimrodev.github.io/pequenos-sanos/assets/index-C7AoTPzR.js:82
[  245783ms] [LOG] [WS] 🗺️ Broadcast recibido. Avatares: 1 [Hijo Test(2)] @ https://jimsimrodev.github.io/pequenos-sanos/assets/index-C7AoTPzR.js:82
[  245855ms] [LOG] [WS] 🗺️ Broadcast recibido. Avatares: 1 [Hijo Test(2)] @ https://jimsimrodev.github.io/pequenos-sanos/assets/index-C7AoTPzR.js:82
[  245920ms] [LOG] [WS] 🗺️ Broadcast recibido. Avatares: 1 [Hijo Test(2)] @ https://jimsimrodev.github.io/pequenos-sanos/assets/index-C7AoTPzR.js:82
[  245921ms] [LOG] [WS] 🗺️ Broadcast recibido. Avatares: 1 [Hijo Test(2)] @ https://jimsimrodev.github.io/pequenos-sanos/assets/index-C7AoTPzR.js:82
[  245993ms] [LOG] [WS] 🗺️ Broadcast recibido. Avatares: 1 [Hijo Test(2)] @ https://jimsimrodev.github.io/pequenos-sanos/assets/index-C7AoTPzR.js:82
[  245994ms] [LOG] [WS] 🗺️ Broadcast recibido. Avatares: 1 [Hijo Test(2)] @ https://jimsimrodev.github.io/pequenos-sanos/assets/index-C7AoTPzR.js:82
[  245995ms] [LOG] [WS] 🗺️ Broadcast recibido. Avatares: 1 [Hijo Test(2)] @ https://jimsimrodev.github.io/pequenos-sanos/assets/index-C7AoTPzR.js:82
[  246040ms] [LOG] [WS] 🗺️ Broadcast recibido. Avatares: 1 [Hijo Test(2)] @ https://jimsimrodev.github.io/pequenos-sanos/assets/index-C7AoTPzR.js:82
[  246042ms] [LOG] [WS] 🗺️ Broadcast recibido. Avatares: 1 [Hijo Test(2)] @ https://jimsimrodev.github.io/pequenos-sanos/assets/index-C7AoTPzR.js:82
[  246120ms] [LOG] [WS] 🗺️ Broadcast recibido. Avatares: 1 [Hijo Test(2)] @ https://jimsimrodev.github.io/pequenos-sanos/assets/index-C7AoTPzR.js:82
[  246185ms] [LOG] [WS] 🗺️ Broadcast recibido. Avatares: 1 [Hijo Test(2)] @ https://jimsimrodev.github.io/pequenos-sanos/assets/index-C7AoTPzR.js:82
[  246186ms] [LOG] [WS] 🗺️ Broadcast recibido. Avatares: 1 [Hijo Test(2)] @ https://jimsimrodev.github.io/pequenos-sanos/assets/index-C7AoTPzR.js:82
[  246187ms] [LOG] [WS] 🗺️ Broadcast recibido. Avatares: 1 [Hijo Test(2)] @ https://jimsimrodev.github.io/pequenos-sanos/assets/index-C7AoTPzR.js:82
[  246248ms] [LOG] [WS] 🗺️ Broadcast recibido. Avatares: 1 [Hijo Test(2)] @ https://jimsimrodev.github.io/pequenos-sanos/assets/index-C7AoTPzR.js:82
[  246250ms] [LOG] [WS] 🗺️ Broadcast recibido. Avatares: 1 [Hijo Test(2)] @ https://jimsimrodev.github.io/pequenos-sanos/assets/index-C7AoTPzR.js:82
[  246316ms] [LOG] [WS] 🗺️ Broadcast recibido. Avatares: 1 [Hijo Test(2)] @ https://jimsimrodev.github.io/pequenos-sanos/assets/index-C7AoTPzR.js:82
[  246375ms] [LOG] [WS] 🗺️ Broadcast recibido. Avatares: 1 [Hijo Test(2)] @ https://jimsimrodev.github.io/pequenos-sanos/assets/index-C7AoTPzR.js:82
[  246376ms] [LOG] [WS] 🗺️ Broadcast recibido. Avatares: 1 [Hijo Test(2)] @ https://jimsimrodev.github.io/pequenos-sanos/assets/index-C7AoTPzR.js:82
[  246430ms] [LOG] [WS] 🗺️ Broadcast recibido. Avatares: 1 [Hijo Test(2)] @ https://jimsimrodev.github.io/pequenos-sanos/assets/index-C7AoTPzR.js:82
[  246433ms] [LOG] [WS] 🗺️ Broadcast recibido. Avatares: 1 [Hijo Test(2)] @ https://jimsimrodev.github.io/pequenos-sanos/assets/index-C7AoTPzR.js:82
[  246513ms] [LOG] [WS] 🗺️ Broadcast recibido. Avatares: 1 [Hijo Test(2)] @ https://jimsimrodev.github.io/pequenos-sanos/assets/index-C7AoTPzR.js:82
[  246514ms] [LOG] [WS] 🗺️ Broadcast recibido. Avatares: 1 [Hijo Test(2)] @ https://jimsimrodev.github.io/pequenos-sanos/assets/index-C7AoTPzR.js:82
[  246573ms] [LOG] [WS] 🗺️ Broadcast recibido. Avatares: 1 [Hijo Test(2)] @ https://jimsimrodev.github.io/pequenos-sanos/assets/index-C7AoTPzR.js:82
[  246575ms] [LOG] [WS] 🗺️ Broadcast recibido. Avatares: 1 [Hijo Test(2)] @ https://jimsimrodev.github.io/pequenos-sanos/assets/index-C7AoTPzR.js:82
[  246645ms] [LOG] [WS] 🗺️ Broadcast recibido. Avatares: 1 [Hijo Test(2)] @ https://jimsimrodev.github.io/pequenos-sanos/assets/index-C7AoTPzR.js:82
[  246646ms] [LOG] [WS] 🗺️ Broadcast recibido. Avatares: 1 [Hijo Test(2)] @ https://jimsimrodev.github.io/pequenos-sanos/assets/index-C7AoTPzR.js:82
[  246706ms] [LOG] [WS] 🗺️ Broadcast recibido. Avatares: 1 [Hijo Test(2)] @ https://jimsimrodev.github.io/pequenos-sanos/assets/index-C7AoTPzR.js:82
[  246707ms] [LOG] [WS] 🗺️ Broadcast recibido. Avatares: 1 [Hijo Test(2)] @ https://jimsimrodev.github.io/pequenos-sanos/assets/index-C7AoTPzR.js:82
[  246768ms] [LOG] [WS] 🗺️ Broadcast recibido. Avatares: 1 [Hijo Test(2)] @ https://jimsimrodev.github.io/pequenos-sanos/assets/index-C7AoTPzR.js:82
[  246771ms] [LOG] [WS] 🗺️ Broadcast recibido. Avatares: 1 [Hijo Test(2)] @ https://jimsimrodev.github.io/pequenos-sanos/assets/index-C7AoTPzR.js:82
[  246832ms] [LOG] [WS] 🗺️ Broadcast recibido. Avatares: 1 [Hijo Test(2)] @ https://jimsimrodev.github.io/pequenos-sanos/assets/index-C7AoTPzR.js:82
[  246833ms] [LOG] [WS] 🗺️ Broadcast recibido. Avatares: 1 [Hijo Test(2)] @ https://jimsimrodev.github.io/pequenos-sanos/assets/index-C7AoTPzR.js:82
[  246889ms] [LOG] [WS] 🗺️ Broadcast recibido. Avatares: 1 [Hijo Test(2)] @ https://jimsimrodev.github.io/pequenos-sanos/assets/index-C7AoTPzR.js:82
[  246891ms] [LOG] [WS] 🗺️ Broadcast recibido. Avatares: 1 [Hijo Test(2)] @ https://jimsimrodev.github.io/pequenos-sanos/assets/index-C7AoTPzR.js:82
[  246945ms] [LOG] [WS] 🗺️ Broadcast recibido. Avatares: 1 [Hijo Test(2)] @ https://jimsimrodev.github.io/pequenos-sanos/assets/index-C7AoTPzR.js:82
[  246946ms] [LOG] [WS] 🗺️ Broadcast recibido. Avatares: 1 [Hijo Test(2)] @ https://jimsimrodev.github.io/pequenos-sanos/assets/index-C7AoTPzR.js:82
[  247015ms] [LOG] [WS] 🗺️ Broadcast recibido. Avatares: 1 [Hijo Test(2)] @ https://jimsimrodev.github.io/pequenos-sanos/assets/index-C7AoTPzR.js:82
[  247016ms] [LOG] [WS] 🗺️ Broadcast recibido. Avatares: 1 [Hijo Test(2)] @ https://jimsimrodev.github.io/pequenos-sanos/assets/index-C7AoTPzR.js:82
[  247072ms] [LOG] [WS] 🗺️ Broadcast recibido. Avatares: 1 [Hijo Test(2)] @ https://jimsimrodev.github.io/pequenos-sanos/assets/index-C7AoTPzR.js:82
[  247073ms] [LOG] [WS] 🗺️ Broadcast recibido. Avatares: 1 [Hijo Test(2)] @ https://jimsimrodev.github.io/pequenos-sanos/assets/index-C7AoTPzR.js:82
[  247129ms] [LOG] [WS] 🗺️ Broadcast recibido. Avatares: 1 [Hijo Test(2)] @ https://jimsimrodev.github.io/pequenos-sanos/assets/index-C7AoTPzR.js:82
[  247194ms] [LOG] [WS] 🗺️ Broadcast recibido. Avatares: 1 [Hijo Test(2)] @ https://jimsimrodev.github.io/pequenos-sanos/assets/index-C7AoTPzR.js:82
[  247197ms] [LOG] [WS] 🗺️ Broadcast recibido. Avatares: 1 [Hijo Test(2)] @ https://jimsimrodev.github.io/pequenos-sanos/assets/index-C7AoTPzR.js:82
[  247284ms] [LOG] [WS] 🗺️ Broadcast recibido. Avatares: 1 [Hijo Test(2)] @ https://jimsimrodev.github.io/pequenos-sanos/assets/index-C7AoTPzR.js:82
[  247285ms] [LOG] [WS] 🗺️ Broadcast recibido. Avatares: 1 [Hijo Test(2)] @ https://jimsimrodev.github.io/pequenos-sanos/assets/index-C7AoTPzR.js:82
[  247371ms] [LOG] [WS] 🗺️ Broadcast recibido. Avatares: 1 [Hijo Test(2)] @ https://jimsimrodev.github.io/pequenos-sanos/assets/index-C7AoTPzR.js:82
[  247372ms] [LOG] [WS] 🗺️ Broadcast recibido. Avatares: 1 [Hijo Test(2)] @ https://jimsimrodev.github.io/pequenos-sanos/assets/index-C7AoTPzR.js:82
[  247373ms] [LOG] [WS] 🗺️ Broadcast recibido. Avatares: 1 [Hijo Test(2)] @ https://jimsimrodev.github.io/pequenos-sanos/assets/index-C7AoTPzR.js:82
[  247448ms] [LOG] [WS] 🗺️ Broadcast recibido. Avatares: 1 [Hijo Test(2)] @ https://jimsimrodev.github.io/pequenos-sanos/assets/index-C7AoTPzR.js:82
[  247449ms] [LOG] [WS] 🗺️ Broadcast recibido. Avatares: 1 [Hijo Test(2)] @ https://jimsimrodev.github.io/pequenos-sanos/assets/index-C7AoTPzR.js:82
[  247451ms] [LOG] [WS] 🗺️ Broadcast recibido. Avatares: 1 [Hijo Test(2)] @ https://jimsimrodev.github.io/pequenos-sanos/assets/index-C7AoTPzR.js:82
[  247496ms] [LOG] [WS] 🗺️ Broadcast recibido. Avatares: 1 [Hijo Test(2)] @ https://jimsimrodev.github.io/pequenos-sanos/assets/index-C7AoTPzR.js:82
[  247497ms] [LOG] [WS] 🗺️ Broadcast recibido. Avatares: 1 [Hijo Test(2)] @ https://jimsimrodev.github.io/pequenos-sanos/assets/index-C7AoTPzR.js:82
[  247560ms] [LOG] [WS] 🗺️ Broadcast recibido. Avatares: 1 [Hijo Test(2)] @ https://jimsimrodev.github.io/pequenos-sanos/assets/index-C7AoTPzR.js:82
[  247636ms] [LOG] [WS] 🗺️ Broadcast recibido. Avatares: 1 [Hijo Test(2)] @ https://jimsimrodev.github.io/pequenos-sanos/assets/index-C7AoTPzR.js:82
[  247637ms] [LOG] [WS] 🗺️ Broadcast recibido. Avatares: 1 [Hijo Test(2)] @ https://jimsimrodev.github.io/pequenos-sanos/assets/index-C7AoTPzR.js:82
[  247694ms] [LOG] [WS] 🗺️ Broadcast recibido. Avatares: 1 [Hijo Test(2)] @ https://jimsimrodev.github.io/pequenos-sanos/assets/index-C7AoTPzR.js:82
[  247695ms] [LOG] [WS] 🗺️ Broadcast recibido. Avatares: 1 [Hijo Test(2)] @ https://jimsimrodev.github.io/pequenos-sanos/assets/index-C7AoTPzR.js:82
[  247696ms] [LOG] [WS] 🗺️ Broadcast recibido. Avatares: 1 [Hijo Test(2)] @ https://jimsimrodev.github.io/pequenos-sanos/assets/index-C7AoTPzR.js:82
[  247760ms] [LOG] [WS] 🗺️ Broadcast recibido. Avatares: 1 [Hijo Test(2)] @ https://jimsimrodev.github.io/pequenos-sanos/assets/index-C7AoTPzR.js:82
[  247829ms] [LOG] [WS] 🗺️ Broadcast recibido. Avatares: 1 [Hijo Test(2)] @ https://jimsimrodev.github.io/pequenos-sanos/assets/index-C7AoTPzR.js:82
[  247830ms] [LOG] [WS] 🗺️ Broadcast recibido. Avatares: 1 [Hijo Test(2)] @ https://jimsimrodev.github.io/pequenos-sanos/assets/index-C7AoTPzR.js:82
[  247891ms] [LOG] [WS] 🗺️ Broadcast recibido. Avatares: 1 [Hijo Test(2)] @ https://jimsimrodev.github.io/pequenos-sanos/assets/index-C7AoTPzR.js:82
[  247892ms] [LOG] [WS] 🗺️ Broadcast recibido. Avatares: 1 [Hijo Test(2)] @ https://jimsimrodev.github.io/pequenos-sanos/assets/index-C7AoTPzR.js:82
[  247973ms] [LOG] [WS] 🗺️ Broadcast recibido. Avatares: 1 [Hijo Test(2)] @ https://jimsimrodev.github.io/pequenos-sanos/assets/index-C7AoTPzR.js:82
[  247974ms] [LOG] [WS] 🗺️ Broadcast recibido. Avatares: 1 [Hijo Test(2)] @ https://jimsimrodev.github.io/pequenos-sanos/assets/index-C7AoTPzR.js:82
[  248023ms] [LOG] [WS] 🗺️ Broadcast recibido. Avatares: 1 [Hijo Test(2)] @ https://jimsimrodev.github.io/pequenos-sanos/assets/index-C7AoTPzR.js:82
[  248025ms] [LOG] [WS] 🗺️ Broadcast recibido. Avatares: 1 [Hijo Test(2)] @ https://jimsimrodev.github.io/pequenos-sanos/assets/index-C7AoTPzR.js:82
[  248026ms] [LOG] [WS] 🗺️ Broadcast recibido. Avatares: 1 [Hijo Test(2)] @ https://jimsimrodev.github.io/pequenos-sanos/assets/index-C7AoTPzR.js:82
[  248067ms] [LOG] [WS] 🗺️ Broadcast recibido. Avatares: 1 [Hijo Test(2)] @ https://jimsimrodev.github.io/pequenos-sanos/assets/index-C7AoTPzR.js:82
[  248101ms] [LOG] [WS] 🗺️ Broadcast recibido. Avatares: 1 [Hijo Test(2)] @ https://jimsimrodev.github.io/pequenos-sanos/assets/index-C7AoTPzR.js:82
[  248101ms] [LOG] [WS] 🗺️ Broadcast recibido. Avatares: 1 [Hijo Test(2)] @ https://jimsimrodev.github.io/pequenos-sanos/assets/index-C7AoTPzR.js:82
[  248137ms] [LOG] [WS] 🗺️ Broadcast recibido. Avatares: 1 [Hijo Test(2)] @ https://jimsimrodev.github.io/pequenos-sanos/assets/index-C7AoTPzR.js:82
[  248175ms] [LOG] [WS] 🗺️ Broadcast recibido. Avatares: 1 [Hijo Test(2)] @ https://jimsimrodev.github.io/pequenos-sanos/assets/index-C7AoTPzR.js:82
[  248218ms] [LOG] [WS] 🗺️ Broadcast recibido. Avatares: 1 [Hijo Test(2)] @ https://jimsimrodev.github.io/pequenos-sanos/assets/index-C7AoTPzR.js:82
[  248253ms] [LOG] [WS] 🗺️ Broadcast recibido. Avatares: 1 [Hijo Test(2)] @ https://jimsimrodev.github.io/pequenos-sanos/assets/index-C7AoTPzR.js:82
[  248288ms] [LOG] [WS] 🗺️ Broadcast recibido. Avatares: 1 [Hijo Test(2)] @ https://jimsimrodev.github.io/pequenos-sanos/assets/index-C7AoTPzR.js:82
[  248328ms] [LOG] [WS] 🗺️ Broadcast recibido. Avatares: 1 [Hijo Test(2)] @ https://jimsimrodev.github.io/pequenos-sanos/assets/index-C7AoTPzR.js:82
[  248365ms] [LOG] [WS] 🗺️ Broadcast recibido. Avatares: 1 [Hijo Test(2)] @ https://jimsimrodev.github.io/pequenos-sanos/assets/index-C7AoTPzR.js:82
[  248403ms] [LOG] [WS] 🗺️ Broadcast recibido. Avatares: 1 [Hijo Test(2)] @ https://jimsimrodev.github.io/pequenos-sanos/assets/index-C7AoTPzR.js:82
[  248404ms] [LOG] [WS] 🗺️ Broadcast recibido. Avatares: 1 [Hijo Test(2)] @ https://jimsimrodev.github.io/pequenos-sanos/assets/index-C7AoTPzR.js:82
[  248445ms] [LOG] [WS] 🗺️ Broadcast recibido. Avatares: 1 [Hijo Test(2)] @ https://jimsimrodev.github.io/pequenos-sanos/assets/index-C7AoTPzR.js:82
[  248475ms] [LOG] [WS] 🗺️ Broadcast recibido. Avatares: 1 [Hijo Test(2)] @ https://jimsimrodev.github.io/pequenos-sanos/assets/index-C7AoTPzR.js:82
[  248510ms] [LOG] [WS] 🗺️ Broadcast recibido. Avatares: 1 [Hijo Test(2)] @ https://jimsimrodev.github.io/pequenos-sanos/assets/index-C7AoTPzR.js:82
[  248549ms] [LOG] [WS] 🗺️ Broadcast recibido. Avatares: 1 [Hijo Test(2)] @ https://jimsimrodev.github.io/pequenos-sanos/assets/index-C7AoTPzR.js:82
[  248608ms] [LOG] [WS] 🗺️ Broadcast recibido. Avatares: 1 [Hijo Test(2)] @ https://jimsimrodev.github.io/pequenos-sanos/assets/index-C7AoTPzR.js:82
[  248659ms] [LOG] [WS] 🗺️ Broadcast recibido. Avatares: 1 [Hijo Test(2)] @ https://jimsimrodev.github.io/pequenos-sanos/assets/index-C7AoTPzR.js:82
[  248660ms] [LOG] [WS] 🗺️ Broadcast recibido. Avatares: 1 [Hijo Test(2)] @ https://jimsimrodev.github.io/pequenos-sanos/assets/index-C7AoTPzR.js:82
[  248721ms] [LOG] [WS] 🗺️ Broadcast recibido. Avatares: 1 [Hijo Test(2)] @ https://jimsimrodev.github.io/pequenos-sanos/assets/index-C7AoTPzR.js:82
[  248723ms] [LOG] [WS] 🗺️ Broadcast recibido. Avatares: 1 [Hijo Test(2)] @ https://jimsimrodev.github.io/pequenos-sanos/assets/index-C7AoTPzR.js:82
[  248769ms] [LOG] [WS] 🗺️ Broadcast recibido. Avatares: 1 [Hijo Test(2)] @ https://jimsimrodev.github.io/pequenos-sanos/assets/index-C7AoTPzR.js:82
[  248807ms] [LOG] [WS] 🗺️ Broadcast recibido. Avatares: 1 [Hijo Test(2)] @ https://jimsimrodev.github.io/pequenos-sanos/assets/index-C7AoTPzR.js:82
[  248808ms] [LOG] [WS] 🗺️ Broadcast recibido. Avatares: 1 [Hijo Test(2)] @ https://jimsimrodev.github.io/pequenos-sanos/assets/index-C7AoTPzR.js:82
[  248854ms] [LOG] [WS] 🗺️ Broadcast recibido. Avatares: 1 [Hijo Test(2)] @ https://jimsimrodev.github.io/pequenos-sanos/assets/index-C7AoTPzR.js:82
[  248900ms] [LOG] [WS] 🗺️ Broadcast recibido. Avatares: 1 [Hijo Test(2)] @ https://jimsimrodev.github.io/pequenos-sanos/assets/index-C7AoTPzR.js:82
[  248952ms] [LOG] [WS] 🗺️ Broadcast recibido. Avatares: 1 [Hijo Test(2)] @ https://jimsimrodev.github.io/pequenos-sanos/assets/index-C7AoTPzR.js:82
[  248952ms] [LOG] [WS] 🗺️ Broadcast recibido. Avatares: 1 [Hijo Test(2)] @ https://jimsimrodev.github.io/pequenos-sanos/assets/index-C7AoTPzR.js:82
[  249011ms] [LOG] [WS] 🗺️ Broadcast recibido. Avatares: 1 [Hijo Test(2)] @ https://jimsimrodev.github.io/pequenos-sanos/assets/index-C7AoTPzR.js:82
[  249061ms] [LOG] [WS] 🗺️ Broadcast recibido. Avatares: 1 [Hijo Test(2)] @ https://jimsimrodev.github.io/pequenos-sanos/assets/index-C7AoTPzR.js:82
[  249062ms] [LOG] [WS] 🗺️ Broadcast recibido. Avatares: 1 [Hijo Test(2)] @ https://jimsimrodev.github.io/pequenos-sanos/assets/index-C7AoTPzR.js:82
[  249107ms] [LOG] [WS] 🗺️ Broadcast recibido. Avatares: 1 [Hijo Test(2)] @ https://jimsimrodev.github.io/pequenos-sanos/assets/index-C7AoTPzR.js:82
[  249107ms] [LOG] [WS] 🗺️ Broadcast recibido. Avatares: 1 [Hijo Test(2)] @ https://jimsimrodev.github.io/pequenos-sanos/assets/index-C7AoTPzR.js:82
[  249147ms] [LOG] [WS] 🗺️ Broadcast recibido. Avatares: 1 [Hijo Test(2)] @ https://jimsimrodev.github.io/pequenos-sanos/assets/index-C7AoTPzR.js:82
[  249183ms] [LOG] [WS] 🗺️ Broadcast recibido. Avatares: 1 [Hijo Test(2)] @ https://jimsimrodev.github.io/pequenos-sanos/assets/index-C7AoTPzR.js:82
[  249249ms] [LOG] [WS] 🗺️ Broadcast recibido. Avatares: 1 [Hijo Test(2)] @ https://jimsimrodev.github.io/pequenos-sanos/assets/index-C7AoTPzR.js:82
[  249309ms] [LOG] [WS] 🗺️ Broadcast recibido. Avatares: 1 [Hijo Test(2)] @ https://jimsimrodev.github.io/pequenos-sanos/assets/index-C7AoTPzR.js:82
[  249310ms] [LOG] [WS] 🗺️ Broadcast recibido. Avatares: 1 [Hijo Test(2)] @ https://jimsimrodev.github.io/pequenos-sanos/assets/index-C7AoTPzR.js:82
[  249386ms] [LOG] [WS] 🗺️ Broadcast recibido. Avatares: 1 [Hijo Test(2)] @ https://jimsimrodev.github.io/pequenos-sanos/assets/index-C7AoTPzR.js:82
[  249387ms] [LOG] [WS] 🗺️ Broadcast recibido. Avatares: 1 [Hijo Test(2)] @ https://jimsimrodev.github.io/pequenos-sanos/assets/index-C7AoTPzR.js:82
[  249438ms] [LOG] [WS] 🗺️ Broadcast recibido. Avatares: 1 [Hijo Test(2)] @ https://jimsimrodev.github.io/pequenos-sanos/assets/index-C7AoTPzR.js:82
[  249439ms] [LOG] [WS] 🗺️ Broadcast recibido. Avatares: 1 [Hijo Test(2)] @ https://jimsimrodev.github.io/pequenos-sanos/assets/index-C7AoTPzR.js:82
[  249440ms] [LOG] [WS] 🗺️ Broadcast recibido. Avatares: 1 [Hijo Test(2)] @ https://jimsimrodev.github.io/pequenos-sanos/assets/index-C7AoTPzR.js:82
[  249492ms] [LOG] [WS] 🗺️ Broadcast recibido. Avatares: 1 [Hijo Test(2)] @ https://jimsimrodev.github.io/pequenos-sanos/assets/index-C7AoTPzR.js:82
[  249544ms] [LOG] [WS] 🗺️ Broadcast recibido. Avatares: 1 [Hijo Test(2)] @ https://jimsimrodev.github.io/pequenos-sanos/assets/index-C7AoTPzR.js:82
[  249545ms] [LOG] [WS] 🗺️ Broadcast recibido. Avatares: 1 [Hijo Test(2)] @ https://jimsimrodev.github.io/pequenos-sanos/assets/index-C7AoTPzR.js:82
[  249603ms] [LOG] [WS] 🗺️ Broadcast recibido. Avatares: 1 [Hijo Test(2)] @ https://jimsimrodev.github.io/pequenos-sanos/assets/index-C7AoTPzR.js:82
[  249646ms] [LOG] [WS] 🗺️ Broadcast recibido. Avatares: 1 [Hijo Test(2)] @ https://jimsimrodev.github.io/pequenos-sanos/assets/index-C7AoTPzR.js:82
[  249648ms] [LOG] [WS] 🗺️ Broadcast recibido. Avatares: 1 [Hijo Test(2)] @ https://jimsimrodev.github.io/pequenos-sanos/assets/index-C7AoTPzR.js:82
[  249699ms] [LOG] [WS] 🗺️ Broadcast recibido. Avatares: 1 [Hijo Test(2)] @ https://jimsimrodev.github.io/pequenos-sanos/assets/index-C7AoTPzR.js:82
[  249700ms] [LOG] [WS] 🗺️ Broadcast recibido. Avatares: 1 [Hijo Test(2)] @ https://jimsimrodev.github.io/pequenos-sanos/assets/index-C7AoTPzR.js:82
[  249761ms] [LOG] [WS] 🗺️ Broadcast recibido. Avatares: 1 [Hijo Test(2)] @ https://jimsimrodev.github.io/pequenos-sanos/assets/index-C7AoTPzR.js:82
[  249817ms] [LOG] [WS] 🗺️ Broadcast recibido. Avatares: 1 [Hijo Test(2)] @ https://jimsimrodev.github.io/pequenos-sanos/assets/index-C7AoTPzR.js:82
[  249818ms] [LOG] [WS] 🗺️ Broadcast recibido. Avatares: 1 [Hijo Test(2)] @ https://jimsimrodev.github.io/pequenos-sanos/assets/index-C7AoTPzR.js:82
[  249862ms] [LOG] [WS] 🗺️ Broadcast recibido. Avatares: 1 [Hijo Test(2)] @ https://jimsimrodev.github.io/pequenos-sanos/assets/index-C7AoTPzR.js:82
[  249862ms] [LOG] [WS] 🗺️ Broadcast recibido. Avatares: 1 [Hijo Test(2)] @ https://jimsimrodev.github.io/pequenos-sanos/assets/index-C7AoTPzR.js:82
[  249904ms] [LOG] [WS] 🗺️ Broadcast recibido. Avatares: 1 [Hijo Test(2)] @ https://jimsimrodev.github.io/pequenos-sanos/assets/index-C7AoTPzR.js:82
[  249947ms] [LOG] [WS] 🗺️ Broadcast recibido. Avatares: 1 [Hijo Test(2)] @ https://jimsimrodev.github.io/pequenos-sanos/assets/index-C7AoTPzR.js:82
[  249984ms] [LOG] [WS] 🗺️ Broadcast recibido. Avatares: 1 [Hijo Test(2)] @ https://jimsimrodev.github.io/pequenos-sanos/assets/index-C7AoTPzR.js:82
[  249985ms] [LOG] [WS] 🗺️ Broadcast recibido. Avatares: 1 [Hijo Test(2)] @ https://jimsimrodev.github.io/pequenos-sanos/assets/index-C7AoTPzR.js:82
[  250022ms] [LOG] [WS] 🗺️ Broadcast recibido. Avatares: 1 [Hijo Test(2)] @ https://jimsimrodev.github.io/pequenos-sanos/assets/index-C7AoTPzR.js:82
[  250074ms] [LOG] [WS] 🗺️ Broadcast recibido. Avatares: 1 [Hijo Test(2)] @ https://jimsimrodev.github.io/pequenos-sanos/assets/index-C7AoTPzR.js:82
[  250122ms] [LOG] [WS] 🗺️ Broadcast recibido. Avatares: 1 [Hijo Test(2)] @ https://jimsimrodev.github.io/pequenos-sanos/assets/index-C7AoTPzR.js:82
[  250180ms] [LOG] [WS] 🗺️ Broadcast recibido. Avatares: 1 [Hijo Test(2)] @ https://jimsimrodev.github.io/pequenos-sanos/assets/index-C7AoTPzR.js:82
[  250182ms] [LOG] [WS] 🗺️ Broadcast recibido. Avatares: 1 [Hijo Test(2)] @ https://jimsimrodev.github.io/pequenos-sanos/assets/index-C7AoTPzR.js:82
[  250243ms] [LOG] [WS] 🗺️ Broadcast recibido. Avatares: 1 [Hijo Test(2)] @ https://jimsimrodev.github.io/pequenos-sanos/assets/index-C7AoTPzR.js:82
[  250244ms] [LOG] [WS] 🗺️ Broadcast recibido. Avatares: 1 [Hijo Test(2)] @ https://jimsimrodev.github.io/pequenos-sanos/assets/index-C7AoTPzR.js:82
[  250294ms] [LOG] [WS] 🗺️ Broadcast recibido. Avatares: 1 [Hijo Test(2)] @ https://jimsimrodev.github.io/pequenos-sanos/assets/index-C7AoTPzR.js:82
[  250295ms] [LOG] [WS] 🗺️ Broadcast recibido. Avatares: 1 [Hijo Test(2)] @ https://jimsimrodev.github.io/pequenos-sanos/assets/index-C7AoTPzR.js:82
[  250361ms] [LOG] [WS] 🗺️ Broadcast recibido. Avatares: 1 [Hijo Test(2)] @ https://jimsimrodev.github.io/pequenos-sanos/assets/index-C7AoTPzR.js:82
[  250414ms] [LOG] [WS] 🗺️ Broadcast recibido. Avatares: 1 [Hijo Test(2)] @ https://jimsimrodev.github.io/pequenos-sanos/assets/index-C7AoTPzR.js:82
[  250416ms] [LOG] [WS] 🗺️ Broadcast recibido. Avatares: 1 [Hijo Test(2)] @ https://jimsimrodev.github.io/pequenos-sanos/assets/index-C7AoTPzR.js:82
[  250463ms] [LOG] [WS] 🗺️ Broadcast recibido. Avatares: 1 [Hijo Test(2)] @ https://jimsimrodev.github.io/pequenos-sanos/assets/index-C7AoTPzR.js:82
[  250463ms] [LOG] [WS] 🗺️ Broadcast recibido. Avatares: 1 [Hijo Test(2)] @ https://jimsimrodev.github.io/pequenos-sanos/assets/index-C7AoTPzR.js:82
[  250506ms] [LOG] [WS] 🗺️ Broadcast recibido. Avatares: 1 [Hijo Test(2)] @ https://jimsimrodev.github.io/pequenos-sanos/assets/index-C7AoTPzR.js:82
[  250565ms] [LOG] [WS] 🗺️ Broadcast recibido. Avatares: 1 [Hijo Test(2)] @ https://jimsimrodev.github.io/pequenos-sanos/assets/index-C7AoTPzR.js:82
[  250566ms] [LOG] [WS] 🗺️ Broadcast recibido. Avatares: 1 [Hijo Test(2)] @ https://jimsimrodev.github.io/pequenos-sanos/assets/index-C7AoTPzR.js:82
[  250613ms] [LOG] [WS] 🗺️ Broadcast recibido. Avatares: 1 [Hijo Test(2)] @ https://jimsimrodev.github.io/pequenos-sanos/assets/index-C7AoTPzR.js:82
[  250651ms] [LOG] [WS] 🗺️ Broadcast recibido. Avatares: 1 [Hijo Test(2)] @ https://jimsimrodev.github.io/pequenos-sanos/assets/index-C7AoTPzR.js:82
[  250652ms] [LOG] [WS] 🗺️ Broadcast recibido. Avatares: 1 [Hijo Test(2)] @ https://jimsimrodev.github.io/pequenos-sanos/assets/index-C7AoTPzR.js:82
[  250694ms] [LOG] [WS] 🗺️ Broadcast recibido. Avatares: 1 [Hijo Test(2)] @ https://jimsimrodev.github.io/pequenos-sanos/assets/index-C7AoTPzR.js:82
[  250733ms] [LOG] [WS] 🗺️ Broadcast recibido. Avatares: 1 [Hijo Test(2)] @ https://jimsimrodev.github.io/pequenos-sanos/assets/index-C7AoTPzR.js:82
[  250792ms] [LOG] [WS] 🗺️ Broadcast recibido. Avatares: 1 [Hijo Test(2)] @ https://jimsimrodev.github.io/pequenos-sanos/assets/index-C7AoTPzR.js:82
[  250861ms] [LOG] [WS] 🗺️ Broadcast recibido. Avatares: 1 [Hijo Test(2)] @ https://jimsimrodev.github.io/pequenos-sanos/assets/index-C7AoTPzR.js:82
[  250863ms] [LOG] [WS] 🗺️ Broadcast recibido. Avatares: 1 [Hijo Test(2)] @ https://jimsimrodev.github.io/pequenos-sanos/assets/index-C7AoTPzR.js:82
[  250917ms] [LOG] [WS] 🗺️ Broadcast recibido. Avatares: 1 [Hijo Test(2)] @ https://jimsimrodev.github.io/pequenos-sanos/assets/index-C7AoTPzR.js:82
[  250918ms] [LOG] [WS] 🗺️ Broadcast recibido. Avatares: 1 [Hijo Test(2)] @ https://jimsimrodev.github.io/pequenos-sanos/assets/index-C7AoTPzR.js:82
[  250971ms] [LOG] [WS] 🗺️ Broadcast recibido. Avatares: 1 [Hijo Test(2)] @ https://jimsimrodev.github.io/pequenos-sanos/assets/index-C7AoTPzR.js:82
[  250973ms] [LOG] [WS] 🗺️ Broadcast recibido. Avatares: 1 [Hijo Test(2)] @ https://jimsimrodev.github.io/pequenos-sanos/assets/index-C7AoTPzR.js:82
[  251024ms] [LOG] [WS] 🗺️ Broadcast recibido. Avatares: 1 [Hijo Test(2)] @ https://jimsimrodev.github.io/pequenos-sanos/assets/index-C7AoTPzR.js:82
[  251027ms] [LOG] [WS] 🗺️ Broadcast recibido. Avatares: 1 [Hijo Test(2)] @ https://jimsimrodev.github.io/pequenos-sanos/assets/index-C7AoTPzR.js:82
[  251075ms] [LOG] [WS] 🗺️ Broadcast recibido. Avatares: 1 [Hijo Test(2)] @ https://jimsimrodev.github.io/pequenos-sanos/assets/index-C7AoTPzR.js:82
[  251113ms] [LOG] [WS] 🗺️ Broadcast recibido. Avatares: 1 [Hijo Test(2)] @ https://jimsimrodev.github.io/pequenos-sanos/assets/index-C7AoTPzR.js:82
[  251114ms] [LOG] [WS] 🗺️ Broadcast recibido. Avatares: 1 [Hijo Test(2)] @ https://jimsimrodev.github.io/pequenos-sanos/assets/index-C7AoTPzR.js:82
[  251158ms] [LOG] [WS] 🗺️ Broadcast recibido. Avatares: 1 [Hijo Test(2)] @ https://jimsimrodev.github.io/pequenos-sanos/assets/index-C7AoTPzR.js:82
[  251196ms] [LOG] [WS] 🗺️ Broadcast recibido. Avatares: 1 [Hijo Test(2)] @ https://jimsimrodev.github.io/pequenos-sanos/assets/index-C7AoTPzR.js:82
[  251232ms] [LOG] [WS] 🗺️ Broadcast recibido. Avatares: 1 [Hijo Test(2)] @ https://jimsimrodev.github.io/pequenos-sanos/assets/index-C7AoTPzR.js:82
[  251274ms] [LOG] [WS] 🗺️ Broadcast recibido. Avatares: 1 [Hijo Test(2)] @ https://jimsimrodev.github.io/pequenos-sanos/assets/index-C7AoTPzR.js:82
[  251275ms] [LOG] [WS] 🗺️ Broadcast recibido. Avatares: 1 [Hijo Test(2)] @ https://jimsimrodev.github.io/pequenos-sanos/assets/index-C7AoTPzR.js:82
[  251312ms] [LOG] [WS] 🗺️ Broadcast recibido. Avatares: 1 [Hijo Test(2)] @ https://jimsimrodev.github.io/pequenos-sanos/assets/index-C7AoTPzR.js:82
[  251349ms] [LOG] [WS] 🗺️ Broadcast recibido. Avatares: 1 [Hijo Test(2)] @ https://jimsimrodev.github.io/pequenos-sanos/assets/index-C7AoTPzR.js:82
[  251380ms] [LOG] [WS] 🗺️ Broadcast recibido. Avatares: 1 [Hijo Test(2)] @ https://jimsimrodev.github.io/pequenos-sanos/assets/index-C7AoTPzR.js:82
[  251422ms] [LOG] [WS] 🗺️ Broadcast recibido. Avatares: 1 [Hijo Test(2)] @ https://jimsimrodev.github.io/pequenos-sanos/assets/index-C7AoTPzR.js:82
[  251466ms] [LOG] [WS] 🗺️ Broadcast recibido. Avatares: 1 [Hijo Test(2)] @ https://jimsimrodev.github.io/pequenos-sanos/assets/index-C7AoTPzR.js:82
[  251504ms] [LOG] [WS] 🗺️ Broadcast recibido. Avatares: 1 [Hijo Test(2)] @ https://jimsimrodev.github.io/pequenos-sanos/assets/index-C7AoTPzR.js:82
[  251505ms] [LOG] [WS] 🗺️ Broadcast recibido. Avatares: 1 [Hijo Test(2)] @ https://jimsimrodev.github.io/pequenos-sanos/assets/index-C7AoTPzR.js:82
[  251544ms] [LOG] [WS] 🗺️ Broadcast recibido. Avatares: 1 [Hijo Test(2)] @ https://jimsimrodev.github.io/pequenos-sanos/assets/index-C7AoTPzR.js:82
[  251580ms] [LOG] [WS] 🗺️ Broadcast recibido. Avatares: 1 [Hijo Test(2)] @ https://jimsimrodev.github.io/pequenos-sanos/assets/index-C7AoTPzR.js:82
[  251616ms] [LOG] [WS] 🗺️ Broadcast recibido. Avatares: 1 [Hijo Test(2)] @ https://jimsimrodev.github.io/pequenos-sanos/assets/index-C7AoTPzR.js:82
[  251651ms] [LOG] [WS] 🗺️ Broadcast recibido. Avatares: 1 [Hijo Test(2)] @ https://jimsimrodev.github.io/pequenos-sanos/assets/index-C7AoTPzR.js:82
[  251691ms] [LOG] [WS] 🗺️ Broadcast recibido. Avatares: 1 [Hijo Test(2)] @ https://jimsimrodev.github.io/pequenos-sanos/assets/index-C7AoTPzR.js:82
[  251726ms] [LOG] [WS] 🗺️ Broadcast recibido. Avatares: 1 [Hijo Test(2)] @ https://jimsimrodev.github.io/pequenos-sanos/assets/index-C7AoTPzR.js:82
[  251762ms] [LOG] [WS] 🗺️ Broadcast recibido. Avatares: 1 [Hijo Test(2)] @ https://jimsimrodev.github.io/pequenos-sanos/assets/index-C7AoTPzR.js:82
[  251764ms] [LOG] [WS] 🗺️ Broadcast recibido. Avatares: 1 [Hijo Test(2)] @ https://jimsimrodev.github.io/pequenos-sanos/assets/index-C7AoTPzR.js:82
[  251804ms] [LOG] [WS] 🗺️ Broadcast recibido. Avatares: 1 [Hijo Test(2)] @ https://jimsimrodev.github.io/pequenos-sanos/assets/index-C7AoTPzR.js:82
[  251840ms] [LOG] [WS] 🗺️ Broadcast recibido. Avatares: 1 [Hijo Test(2)] @ https://jimsimrodev.github.io/pequenos-sanos/assets/index-C7AoTPzR.js:82
[  251875ms] [LOG] [WS] 🗺️ Broadcast recibido. Avatares: 1 [Hijo Test(2)] @ https://jimsimrodev.github.io/pequenos-sanos/assets/index-C7AoTPzR.js:82
[  251919ms] [LOG] [WS] 🗺️ Broadcast recibido. Avatares: 1 [Hijo Test(2)] @ https://jimsimrodev.github.io/pequenos-sanos/assets/index-C7AoTPzR.js:82
[  251958ms] [LOG] [WS] 🗺️ Broadcast recibido. Avatares: 1 [Hijo Test(2)] @ https://jimsimrodev.github.io/pequenos-sanos/assets/index-C7AoTPzR.js:82
[  252002ms] [LOG] [WS] 🗺️ Broadcast recibido. Avatares: 1 [Hijo Test(2)] @ https://jimsimrodev.github.io/pequenos-sanos/assets/index-C7AoTPzR.js:82
[  252003ms] [LOG] [WS] 🗺️ Broadcast recibido. Avatares: 1 [Hijo Test(2)] @ https://jimsimrodev.github.io/pequenos-sanos/assets/index-C7AoTPzR.js:82
[  252047ms] [LOG] [WS] 🗺️ Broadcast recibido. Avatares: 1 [Hijo Test(2)] @ https://jimsimrodev.github.io/pequenos-sanos/assets/index-C7AoTPzR.js:82
[  252087ms] [LOG] [WS] 🗺️ Broadcast recibido. Avatares: 1 [Hijo Test(2)] @ https://jimsimrodev.github.io/pequenos-sanos/assets/index-C7AoTPzR.js:82
[  252130ms] [LOG] [WS] 🗺️ Broadcast recibido. Avatares: 1 [Hijo Test(2)] @ https://jimsimrodev.github.io/pequenos-sanos/assets/index-C7AoTPzR.js:82
[  252167ms] [LOG] [WS] 🗺️ Broadcast recibido. Avatares: 1 [Hijo Test(2)] @ https://jimsimrodev.github.io/pequenos-sanos/assets/index-C7AoTPzR.js:82
[  252168ms] [LOG] [WS] 🗺️ Broadcast recibido. Avatares: 1 [Hijo Test(2)] @ https://jimsimrodev.github.io/pequenos-sanos/assets/index-C7AoTPzR.js:82
[  252211ms] [LOG] [WS] 🗺️ Broadcast recibido. Avatares: 1 [Hijo Test(2)] @ https://jimsimrodev.github.io/pequenos-sanos/assets/index-C7AoTPzR.js:82
[  252245ms] [LOG] [WS] 🗺️ Broadcast recibido. Avatares: 1 [Hijo Test(2)] @ https://jimsimrodev.github.io/pequenos-sanos/assets/index-C7AoTPzR.js:82
[  252287ms] [LOG] [WS] 🗺️ Broadcast recibido. Avatares: 1 [Hijo Test(2)] @ https://jimsimrodev.github.io/pequenos-sanos/assets/index-C7AoTPzR.js:82
[  252322ms] [LOG] [WS] 🗺️ Broadcast recibido. Avatares: 1 [Hijo Test(2)] @ https://jimsimrodev.github.io/pequenos-sanos/assets/index-C7AoTPzR.js:82
[  252360ms] [LOG] [WS] 🗺️ Broadcast recibido. Avatares: 1 [Hijo Test(2)] @ https://jimsimrodev.github.io/pequenos-sanos/assets/index-C7AoTPzR.js:82
[  252362ms] [LOG] [WS] 🗺️ Broadcast recibido. Avatares: 1 [Hijo Test(2)] @ https://jimsimrodev.github.io/pequenos-sanos/assets/index-C7AoTPzR.js:82
[  252399ms] [LOG] [WS] 🗺️ Broadcast recibido. Avatares: 1 [Hijo Test(2)] @ https://jimsimrodev.github.io/pequenos-sanos/assets/index-C7AoTPzR.js:82
[  252432ms] [LOG] [WS] 🗺️ Broadcast recibido. Avatares: 1 [Hijo Test(2)] @ https://jimsimrodev.github.io/pequenos-sanos/assets/index-C7AoTPzR.js:82
[  252459ms] [LOG] [WS] 🗺️ Broadcast recibido. Avatares: 1 [Hijo Test(2)] @ https://jimsimrodev.github.io/pequenos-sanos/assets/index-C7AoTPzR.js:82
[  252499ms] [LOG] [WS] 🗺️ Broadcast recibido. Avatares: 1 [Hijo Test(2)] @ https://jimsimrodev.github.io/pequenos-sanos/assets/index-C7AoTPzR.js:82
[  252531ms] [LOG] [WS] 🗺️ Broadcast recibido. Avatares: 1 [Hijo Test(2)] @ https://jimsimrodev.github.io/pequenos-sanos/assets/index-C7AoTPzR.js:82
[  252570ms] [LOG] [WS] 🗺️ Broadcast recibido. Avatares: 1 [Hijo Test(2)] @ https://jimsimrodev.github.io/pequenos-sanos/assets/index-C7AoTPzR.js:82
[  252602ms] [LOG] [WS] 🗺️ Broadcast recibido. Avatares: 1 [Hijo Test(2)] @ https://jimsimrodev.github.io/pequenos-sanos/assets/index-C7AoTPzR.js:82
[  252638ms] [LOG] [WS] 🗺️ Broadcast recibido. Avatares: 1 [Hijo Test(2)] @ https://jimsimrodev.github.io/pequenos-sanos/assets/index-C7AoTPzR.js:82
[  252671ms] [LOG] [WS] 🗺️ Broadcast recibido. Avatares: 1 [Hijo Test(2)] @ https://jimsimrodev.github.io/pequenos-sanos/assets/index-C7AoTPzR.js:82
[  252708ms] [LOG] [WS] 🗺️ Broadcast recibido. Avatares: 1 [Hijo Test(2)] @ https://jimsimrodev.github.io/pequenos-sanos/assets/index-C7AoTPzR.js:82
[  252746ms] [LOG] [WS] 🗺️ Broadcast recibido. Avatares: 1 [Hijo Test(2)] @ https://jimsimrodev.github.io/pequenos-sanos/assets/index-C7AoTPzR.js:82
[  252795ms] [LOG] [WS] 🗺️ Broadcast recibido. Avatares: 1 [Hijo Test(2)] @ https://jimsimrodev.github.io/pequenos-sanos/assets/index-C7AoTPzR.js:82
[  252848ms] [LOG] [WS] 🗺️ Broadcast recibido. Avatares: 1 [Hijo Test(2)] @ https://jimsimrodev.github.io/pequenos-sanos/assets/index-C7AoTPzR.js:82
[  252848ms] [LOG] [WS] 🗺️ Broadcast recibido. Avatares: 1 [Hijo Test(2)] @ https://jimsimrodev.github.io/pequenos-sanos/assets/index-C7AoTPzR.js:82
[  252895ms] [LOG] [WS] 🗺️ Broadcast recibido. Avatares: 1 [Hijo Test(2)] @ https://jimsimrodev.github.io/pequenos-sanos/assets/index-C7AoTPzR.js:82
[  252930ms] [LOG] [WS] 🗺️ Broadcast recibido. Avatares: 1 [Hijo Test(2)] @ https://jimsimrodev.github.io/pequenos-sanos/assets/index-C7AoTPzR.js:82
[  252931ms] [LOG] [WS] 🗺️ Broadcast recibido. Avatares: 1 [Hijo Test(2)] @ https://jimsimrodev.github.io/pequenos-sanos/assets/index-C7AoTPzR.js:82
[  252969ms] [LOG] [WS] 🗺️ Broadcast recibido. Avatares: 1 [Hijo Test(2)] @ https://jimsimrodev.github.io/pequenos-sanos/assets/index-C7AoTPzR.js:82
[  253001ms] [LOG] [WS] 🗺️ Broadcast recibido. Avatares: 1 [Hijo Test(2)] @ https://jimsimrodev.github.io/pequenos-sanos/assets/index-C7AoTPzR.js:82
[  253033ms] [LOG] [WS] 🗺️ Broadcast recibido. Avatares: 1 [Hijo Test(2)] @ https://jimsimrodev.github.io/pequenos-sanos/assets/index-C7AoTPzR.js:82
[  253068ms] [LOG] [WS] 🗺️ Broadcast recibido. Avatares: 1 [Hijo Test(2)] @ https://jimsimrodev.github.io/pequenos-sanos/assets/index-C7AoTPzR.js:82
[  253101ms] [LOG] [WS] 🗺️ Broadcast recibido. Avatares: 1 [Hijo Test(2)] @ https://jimsimrodev.github.io/pequenos-sanos/assets/index-C7AoTPzR.js:82
[  253132ms] [LOG] [WS] 🗺️ Broadcast recibido. Avatares: 1 [Hijo Test(2)] @ https://jimsimrodev.github.io/pequenos-sanos/assets/index-C7AoTPzR.js:82
[  253172ms] [LOG] [WS] 🗺️ Broadcast recibido. Avatares: 1 [Hijo Test(2)] @ https://jimsimrodev.github.io/pequenos-sanos/assets/index-C7AoTPzR.js:82
[  253215ms] [LOG] [WS] 🗺️ Broadcast recibido. Avatares: 1 [Hijo Test(2)] @ https://jimsimrodev.github.io/pequenos-sanos/assets/index-C7AoTPzR.js:82
[  253244ms] [LOG] [WS] 🗺️ Broadcast recibido. Avatares: 1 [Hijo Test(2)] @ https://jimsimrodev.github.io/pequenos-sanos/assets/index-C7AoTPzR.js:82
[  253244ms] [LOG] [WS] 🗺️ Broadcast recibido. Avatares: 1 [Hijo Test(2)] @ https://jimsimrodev.github.io/pequenos-sanos/assets/index-C7AoTPzR.js:82
[  253277ms] [LOG] [WS] 🗺️ Broadcast recibido. Avatares: 1 [Hijo Test(2)] @ https://jimsimrodev.github.io/pequenos-sanos/assets/index-C7AoTPzR.js:82
[  253304ms] [LOG] [WS] 🗺️ Broadcast recibido. Avatares: 1 [Hijo Test(2)] @ https://jimsimrodev.github.io/pequenos-sanos/assets/index-C7AoTPzR.js:82
[  253337ms] [LOG] [WS] 🗺️ Broadcast recibido. Avatares: 1 [Hijo Test(2)] @ https://jimsimrodev.github.io/pequenos-sanos/assets/index-C7AoTPzR.js:82
[  253367ms] [LOG] [WS] 🗺️ Broadcast recibido. Avatares: 1 [Hijo Test(2)] @ https://jimsimrodev.github.io/pequenos-sanos/assets/index-C7AoTPzR.js:82
[  253401ms] [LOG] [WS] 🗺️ Broadcast recibido. Avatares: 1 [Hijo Test(2)] @ https://jimsimrodev.github.io/pequenos-sanos/assets/index-C7AoTPzR.js:82
[  253433ms] [LOG] [WS] 🗺️ Broadcast recibido. Avatares: 1 [Hijo Test(2)] @ https://jimsimrodev.github.io/pequenos-sanos/assets/index-C7AoTPzR.js:82
[  253470ms] [LOG] [WS] 🗺️ Broadcast recibido. Avatares: 1 [Hijo Test(2)] @ https://jimsimrodev.github.io/pequenos-sanos/assets/index-C7AoTPzR.js:82
[  253520ms] [LOG] [WS] 🗺️ Broadcast recibido. Avatares: 1 [Hijo Test(2)] @ https://jimsimrodev.github.io/pequenos-sanos/assets/index-C7AoTPzR.js:82
[  253559ms] [LOG] [WS] 🗺️ Broadcast recibido. Avatares: 1 [Hijo Test(2)] @ https://jimsimrodev.github.io/pequenos-sanos/assets/index-C7AoTPzR.js:82
[  253594ms] [LOG] [WS] 🗺️ Broadcast recibido. Avatares: 1 [Hijo Test(2)] @ https://jimsimrodev.github.io/pequenos-sanos/assets/index-C7AoTPzR.js:82
[  253631ms] [LOG] [WS] 🗺️ Broadcast recibido. Avatares: 1 [Hijo Test(2)] @ https://jimsimrodev.github.io/pequenos-sanos/assets/index-C7AoTPzR.js:82
[  253677ms] [LOG] [WS] 🗺️ Broadcast recibido. Avatares: 1 [Hijo Test(2)] @ https://jimsimrodev.github.io/pequenos-sanos/assets/index-C7AoTPzR.js:82
[  253712ms] [LOG] [WS] 🗺️ Broadcast recibido. Avatares: 1 [Hijo Test(2)] @ https://jimsimrodev.github.io/pequenos-sanos/assets/index-C7AoTPzR.js:82
[  253713ms] [LOG] [WS] 🗺️ Broadcast recibido. Avatares: 1 [Hijo Test(2)] @ https://jimsimrodev.github.io/pequenos-sanos/assets/index-C7AoTPzR.js:82
[  253753ms] [LOG] [WS] 🗺️ Broadcast recibido. Avatares: 1 [Hijo Test(2)] @ https://jimsimrodev.github.io/pequenos-sanos/assets/index-C7AoTPzR.js:82
[  253792ms] [LOG] [WS] 🗺️ Broadcast recibido. Avatares: 1 [Hijo Test(2)] @ https://jimsimrodev.github.io/pequenos-sanos/assets/index-C7AoTPzR.js:82
[  253839ms] [LOG] [WS] 🗺️ Broadcast recibido. Avatares: 1 [Hijo Test(2)] @ https://jimsimrodev.github.io/pequenos-sanos/assets/index-C7AoTPzR.js:82
[  253874ms] [LOG] [WS] 🗺️ Broadcast recibido. Avatares: 1 [Hijo Test(2)] @ https://jimsimrodev.github.io/pequenos-sanos/assets/index-C7AoTPzR.js:82
[  253874ms] [LOG] [WS] 🗺️ Broadcast recibido. Avatares: 1 [Hijo Test(2)] @ https://jimsimrodev.github.io/pequenos-sanos/assets/index-C7AoTPzR.js:82
[  253908ms] [LOG] [WS] 🗺️ Broadcast recibido. Avatares: 1 [Hijo Test(2)] @ https://jimsimrodev.github.io/pequenos-sanos/assets/index-C7AoTPzR.js:82
[  253944ms] [LOG] [WS] 🗺️ Broadcast recibido. Avatares: 1 [Hijo Test(2)] @ https://jimsimrodev.github.io/pequenos-sanos/assets/index-C7AoTPzR.js:82
[  253979ms] [LOG] [WS] 🗺️ Broadcast recibido. Avatares: 1 [Hijo Test(2)] @ https://jimsimrodev.github.io/pequenos-sanos/assets/index-C7AoTPzR.js:82
[  254011ms] [LOG] [WS] 🗺️ Broadcast recibido. Avatares: 1 [Hijo Test(2)] @ https://jimsimrodev.github.io/pequenos-sanos/assets/index-C7AoTPzR.js:82
[  254049ms] [LOG] [WS] 🗺️ Broadcast recibido. Avatares: 1 [Hijo Test(2)] @ https://jimsimrodev.github.io/pequenos-sanos/assets/index-C7AoTPzR.js:82
[  254087ms] [LOG] [WS] 🗺️ Broadcast recibido. Avatares: 1 [Hijo Test(2)] @ https://jimsimrodev.github.io/pequenos-sanos/assets/index-C7AoTPzR.js:82
[  254123ms] [LOG] [WS] 🗺️ Broadcast recibido. Avatares: 1 [Hijo Test(2)] @ https://jimsimrodev.github.io/pequenos-sanos/assets/index-C7AoTPzR.js:82
[  254163ms] [LOG] [WS] 🗺️ Broadcast recibido. Avatares: 1 [Hijo Test(2)] @ https://jimsimrodev.github.io/pequenos-sanos/assets/index-C7AoTPzR.js:82
[  254192ms] [LOG] [WS] 🗺️ Broadcast recibido. Avatares: 1 [Hijo Test(2)] @ https://jimsimrodev.github.io/pequenos-sanos/assets/index-C7AoTPzR.js:82
[  254228ms] [LOG] [WS] 🗺️ Broadcast recibido. Avatares: 1 [Hijo Test(2)] @ https://jimsimrodev.github.io/pequenos-sanos/assets/index-C7AoTPzR.js:82
[  254267ms] [LOG] [WS] 🗺️ Broadcast recibido. Avatares: 1 [Hijo Test(2)] @ https://jimsimrodev.github.io/pequenos-sanos/assets/index-C7AoTPzR.js:82
[  254306ms] [LOG] [WS] 🗺️ Broadcast recibido. Avatares: 1 [Hijo Test(2)] @ https://jimsimrodev.github.io/pequenos-sanos/assets/index-C7AoTPzR.js:82
[  254307ms] [LOG] [WS] 🗺️ Broadcast recibido. Avatares: 1 [Hijo Test(2)] @ https://jimsimrodev.github.io/pequenos-sanos/assets/index-C7AoTPzR.js:82
[  254342ms] [LOG] [WS] 🗺️ Broadcast recibido. Avatares: 1 [Hijo Test(2)] @ https://jimsimrodev.github.io/pequenos-sanos/assets/index-C7AoTPzR.js:82
[  254378ms] [LOG] [WS] 🗺️ Broadcast recibido. Avatares: 1 [Hijo Test(2)] @ https://jimsimrodev.github.io/pequenos-sanos/assets/index-C7AoTPzR.js:82
[  254410ms] [LOG] [WS] 🗺️ Broadcast recibido. Avatares: 1 [Hijo Test(2)] @ https://jimsimrodev.github.io/pequenos-sanos/assets/index-C7AoTPzR.js:82
[  254449ms] [LOG] [WS] 🗺️ Broadcast recibido. Avatares: 1 [Hijo Test(2)] @ https://jimsimrodev.github.io/pequenos-sanos/assets/index-C7AoTPzR.js:82
[  254485ms] [LOG] [WS] 🗺️ Broadcast recibido. Avatares: 1 [Hijo Test(2)] @ https://jimsimrodev.github.io/pequenos-sanos/assets/index-C7AoTPzR.js:82
[  254521ms] [LOG] [WS] 🗺️ Broadcast recibido. Avatares: 1 [Hijo Test(2)] @ https://jimsimrodev.github.io/pequenos-sanos/assets/index-C7AoTPzR.js:82
[  254564ms] [LOG] [WS] 🗺️ Broadcast recibido. Avatares: 1 [Hijo Test(2)] @ https://jimsimrodev.github.io/pequenos-sanos/assets/index-C7AoTPzR.js:82
[  254600ms] [LOG] [WS] 🗺️ Broadcast recibido. Avatares: 1 [Hijo Test(2)] @ https://jimsimrodev.github.io/pequenos-sanos/assets/index-C7AoTPzR.js:82
[  254634ms] [LOG] [WS] 🗺️ Broadcast recibido. Avatares: 1 [Hijo Test(2)] @ https://jimsimrodev.github.io/pequenos-sanos/assets/index-C7AoTPzR.js:82
[  254635ms] [LOG] [WS] 🗺️ Broadcast recibido. Avatares: 1 [Hijo Test(2)] @ https://jimsimrodev.github.io/pequenos-sanos/assets/index-C7AoTPzR.js:82
[  254668ms] [LOG] [WS] 🗺️ Broadcast recibido. Avatares: 1 [Hijo Test(2)] @ https://jimsimrodev.github.io/pequenos-sanos/assets/index-C7AoTPzR.js:82
[  254699ms] [LOG] [WS] 🗺️ Broadcast recibido. Avatares: 1 [Hijo Test(2)] @ https://jimsimrodev.github.io/pequenos-sanos/assets/index-C7AoTPzR.js:82
[  254733ms] [LOG] [WS] 🗺️ Broadcast recibido. Avatares: 1 [Hijo Test(2)] @ https://jimsimrodev.github.io/pequenos-sanos/assets/index-C7AoTPzR.js:82
[  254773ms] [LOG] [WS] 🗺️ Broadcast recibido. Avatares: 1 [Hijo Test(2)] @ https://jimsimrodev.github.io/pequenos-sanos/assets/index-C7AoTPzR.js:82
[  254818ms] [LOG] [WS] 🗺️ Broadcast recibido. Avatares: 1 [Hijo Test(2)] @ https://jimsimrodev.github.io/pequenos-sanos/assets/index-C7AoTPzR.js:82
[  254863ms] [LOG] [WS] 🗺️ Broadcast recibido. Avatares: 1 [Hijo Test(2)] @ https://jimsimrodev.github.io/pequenos-sanos/assets/index-C7AoTPzR.js:82
[  254908ms] [LOG] [WS] 🗺️ Broadcast recibido. Avatares: 1 [Hijo Test(2)] @ https://jimsimrodev.github.io/pequenos-sanos/assets/index-C7AoTPzR.js:82
[  254909ms] [LOG] [WS] 🗺️ Broadcast recibido. Avatares: 1 [Hijo Test(2)] @ https://jimsimrodev.github.io/pequenos-sanos/assets/index-C7AoTPzR.js:82
[  254957ms] [LOG] [WS] 🗺️ Broadcast recibido. Avatares: 1 [Hijo Test(2)] @ https://jimsimrodev.github.io/pequenos-sanos/assets/index-C7AoTPzR.js:82
[  255004ms] [LOG] [WS] 🗺️ Broadcast recibido. Avatares: 1 [Hijo Test(2)] @ https://jimsimrodev.github.io/pequenos-sanos/assets/index-C7AoTPzR.js:82
[  255062ms] [LOG] [WS] 🗺️ Broadcast recibido. Avatares: 1 [Hijo Test(2)] @ https://jimsimrodev.github.io/pequenos-sanos/assets/index-C7AoTPzR.js:82
[  255062ms] [LOG] [WS] 🗺️ Broadcast recibido. Avatares: 1 [Hijo Test(2)] @ https://jimsimrodev.github.io/pequenos-sanos/assets/index-C7AoTPzR.js:82
[  255094ms] [LOG] [WS] 🗺️ Broadcast recibido. Avatares: 1 [Hijo Test(2)] @ https://jimsimrodev.github.io/pequenos-sanos/assets/index-C7AoTPzR.js:82
[  255094ms] [LOG] [WS] 🗺️ Broadcast recibido. Avatares: 1 [Hijo Test(2)] @ https://jimsimrodev.github.io/pequenos-sanos/assets/index-C7AoTPzR.js:82
[  255135ms] [LOG] [WS] 🗺️ Broadcast recibido. Avatares: 1 [Hijo Test(2)] @ https://jimsimrodev.github.io/pequenos-sanos/assets/index-C7AoTPzR.js:82
[  255171ms] [LOG] [WS] 🗺️ Broadcast recibido. Avatares: 1 [Hijo Test(2)] @ https://jimsimrodev.github.io/pequenos-sanos/assets/index-C7AoTPzR.js:82
[  255206ms] [LOG] [WS] 🗺️ Broadcast recibido. Avatares: 1 [Hijo Test(2)] @ https://jimsimrodev.github.io/pequenos-sanos/assets/index-C7AoTPzR.js:82
[  255241ms] [LOG] [WS] 🗺️ Broadcast recibido. Avatares: 1 [Hijo Test(2)] @ https://jimsimrodev.github.io/pequenos-sanos/assets/index-C7AoTPzR.js:82
[  255276ms] [LOG] [WS] 🗺️ Broadcast recibido. Avatares: 1 [Hijo Test(2)] @ https://jimsimrodev.github.io/pequenos-sanos/assets/index-C7AoTPzR.js:82
[  255310ms] [LOG] [WS] 🗺️ Broadcast recibido. Avatares: 1 [Hijo Test(2)] @ https://jimsimrodev.github.io/pequenos-sanos/assets/index-C7AoTPzR.js:82
[  255353ms] [LOG] [WS] 🗺️ Broadcast recibido. Avatares: 1 [Hijo Test(2)] @ https://jimsimrodev.github.io/pequenos-sanos/assets/index-C7AoTPzR.js:82
[  255387ms] [LOG] [WS] 🗺️ Broadcast recibido. Avatares: 1 [Hijo Test(2)] @ https://jimsimrodev.github.io/pequenos-sanos/assets/index-C7AoTPzR.js:82
[  255429ms] [LOG] [WS] 🗺️ Broadcast recibido. Avatares: 1 [Hijo Test(2)] @ https://jimsimrodev.github.io/pequenos-sanos/assets/index-C7AoTPzR.js:82
[  255468ms] [LOG] [WS] 🗺️ Broadcast recibido. Avatares: 1 [Hijo Test(2)] @ https://jimsimrodev.github.io/pequenos-sanos/assets/index-C7AoTPzR.js:82
[  255469ms] [LOG] [WS] 🗺️ Broadcast recibido. Avatares: 1 [Hijo Test(2)] @ https://jimsimrodev.github.io/pequenos-sanos/assets/index-C7AoTPzR.js:82
[  255503ms] [LOG] [WS] 🗺️ Broadcast recibido. Avatares: 1 [Hijo Test(2)] @ https://jimsimrodev.github.io/pequenos-sanos/assets/index-C7AoTPzR.js:82
[  255534ms] [LOG] [WS] 🗺️ Broadcast recibido. Avatares: 1 [Hijo Test(2)] @ https://jimsimrodev.github.io/pequenos-sanos/assets/index-C7AoTPzR.js:82
[  255570ms] [LOG] [WS] 🗺️ Broadcast recibido. Avatares: 1 [Hijo Test(2)] @ https://jimsimrodev.github.io/pequenos-sanos/assets/index-C7AoTPzR.js:82
[  255605ms] [LOG] [WS] 🗺️ Broadcast recibido. Avatares: 1 [Hijo Test(2)] @ https://jimsimrodev.github.io/pequenos-sanos/assets/index-C7AoTPzR.js:82
[  255640ms] [LOG] [WS] 🗺️ Broadcast recibido. Avatares: 1 [Hijo Test(2)] @ https://jimsimrodev.github.io/pequenos-sanos/assets/index-C7AoTPzR.js:82
[  255672ms] [LOG] [WS] 🗺️ Broadcast recibido. Avatares: 1 [Hijo Test(2)] @ https://jimsimrodev.github.io/pequenos-sanos/assets/index-C7AoTPzR.js:82
[  255706ms] [LOG] [WS] 🗺️ Broadcast recibido. Avatares: 1 [Hijo Test(2)] @ https://jimsimrodev.github.io/pequenos-sanos/assets/index-C7AoTPzR.js:82
[  255738ms] [LOG] [WS] 🗺️ Broadcast recibido. Avatares: 1 [Hijo Test(2)] @ https://jimsimrodev.github.io/pequenos-sanos/assets/index-C7AoTPzR.js:82
[  255772ms] [LOG] [WS] 🗺️ Broadcast recibido. Avatares: 1 [Hijo Test(2)] @ https://jimsimrodev.github.io/pequenos-sanos/assets/index-C7AoTPzR.js:82
[  255805ms] [LOG] [WS] 🗺️ Broadcast recibido. Avatares: 1 [Hijo Test(2)] @ https://jimsimrodev.github.io/pequenos-sanos/assets/index-C7AoTPzR.js:82
[  255843ms] [LOG] [WS] 🗺️ Broadcast recibido. Avatares: 1 [Hijo Test(2)] @ https://jimsimrodev.github.io/pequenos-sanos/assets/index-C7AoTPzR.js:82
[  255879ms] [LOG] [WS] 🗺️ Broadcast recibido. Avatares: 1 [Hijo Test(2)] @ https://jimsimrodev.github.io/pequenos-sanos/assets/index-C7AoTPzR.js:82
[  255924ms] [LOG] [WS] 🗺️ Broadcast recibido. Avatares: 1 [Hijo Test(2)] @ https://jimsimrodev.github.io/pequenos-sanos/assets/index-C7AoTPzR.js:82
[  255968ms] [LOG] [WS] 🗺️ Broadcast recibido. Avatares: 1 [Hijo Test(2)] @ https://jimsimrodev.github.io/pequenos-sanos/assets/index-C7AoTPzR.js:82
[  255969ms] [LOG] [WS] 🗺️ Broadcast recibido. Avatares: 1 [Hijo Test(2)] @ https://jimsimrodev.github.io/pequenos-sanos/assets/index-C7AoTPzR.js:82
[  256013ms] [LOG] [WS] 🗺️ Broadcast recibido. Avatares: 1 [Hijo Test(2)] @ https://jimsimrodev.github.io/pequenos-sanos/assets/index-C7AoTPzR.js:82
[  256056ms] [LOG] [WS] 🗺️ Broadcast recibido. Avatares: 1 [Hijo Test(2)] @ https://jimsimrodev.github.io/pequenos-sanos/assets/index-C7AoTPzR.js:82
[  256100ms] [LOG] [WS] 🗺️ Broadcast recibido. Avatares: 1 [Hijo Test(2)] @ https://jimsimrodev.github.io/pequenos-sanos/assets/index-C7AoTPzR.js:82
[  256101ms] [LOG] [WS] 🗺️ Broadcast recibido. Avatares: 1 [Hijo Test(2)] @ https://jimsimrodev.github.io/pequenos-sanos/assets/index-C7AoTPzR.js:82
[  256135ms] [LOG] [WS] 🗺️ Broadcast recibido. Avatares: 1 [Hijo Test(2)] @ https://jimsimrodev.github.io/pequenos-sanos/assets/index-C7AoTPzR.js:82
[  256168ms] [LOG] [WS] 🗺️ Broadcast recibido. Avatares: 1 [Hijo Test(2)] @ https://jimsimrodev.github.io/pequenos-sanos/assets/index-C7AoTPzR.js:82
[  256207ms] [LOG] [WS] 🗺️ Broadcast recibido. Avatares: 1 [Hijo Test(2)] @ https://jimsimrodev.github.io/pequenos-sanos/assets/index-C7AoTPzR.js:82
[  256256ms] [LOG] [WS] 🗺️ Broadcast recibido. Avatares: 1 [Hijo Test(2)] @ https://jimsimrodev.github.io/pequenos-sanos/assets/index-C7AoTPzR.js:82
[  256301ms] [LOG] [WS] 🗺️ Broadcast recibido. Avatares: 1 [Hijo Test(2)] @ https://jimsimrodev.github.io/pequenos-sanos/assets/index-C7AoTPzR.js:82
[  256302ms] [LOG] [WS] 🗺️ Broadcast recibido. Avatares: 1 [Hijo Test(2)] @ https://jimsimrodev.github.io/pequenos-sanos/assets/index-C7AoTPzR.js:82
[  256343ms] [LOG] [WS] 🗺️ Broadcast recibido. Avatares: 1 [Hijo Test(2)] @ https://jimsimrodev.github.io/pequenos-sanos/assets/index-C7AoTPzR.js:82
[  256379ms] [LOG] [WS] 🗺️ Broadcast recibido. Avatares: 1 [Hijo Test(2)] @ https://jimsimrodev.github.io/pequenos-sanos/assets/index-C7AoTPzR.js:82
[  256414ms] [LOG] [WS] 🗺️ Broadcast recibido. Avatares: 1 [Hijo Test(2)] @ https://jimsimrodev.github.io/pequenos-sanos/assets/index-C7AoTPzR.js:82
[  256449ms] [LOG] [WS] 🗺️ Broadcast recibido. Avatares: 1 [Hijo Test(2)] @ https://jimsimrodev.github.io/pequenos-sanos/assets/index-C7AoTPzR.js:82
[  256450ms] [LOG] [WS] 🗺️ Broadcast recibido. Avatares: 1 [Hijo Test(2)] @ https://jimsimrodev.github.io/pequenos-sanos/assets/index-C7AoTPzR.js:82
[  256490ms] [LOG] [WS] 🗺️ Broadcast recibido. Avatares: 1 [Hijo Test(2)] @ https://jimsimrodev.github.io/pequenos-sanos/assets/index-C7AoTPzR.js:82
[  256529ms] [LOG] [WS] 🗺️ Broadcast recibido. Avatares: 1 [Hijo Test(2)] @ https://jimsimrodev.github.io/pequenos-sanos/assets/index-C7AoTPzR.js:82
[  256569ms] [LOG] [WS] 🗺️ Broadcast recibido. Avatares: 1 [Hijo Test(2)] @ https://jimsimrodev.github.io/pequenos-sanos/assets/index-C7AoTPzR.js:82
[  256605ms] [LOG] [WS] 🗺️ Broadcast recibido. Avatares: 1 [Hijo Test(2)] @ https://jimsimrodev.github.io/pequenos-sanos/assets/index-C7AoTPzR.js:82
[  256652ms] [LOG] [WS] 🗺️ Broadcast recibido. Avatares: 1 [Hijo Test(2)] @ https://jimsimrodev.github.io/pequenos-sanos/assets/index-C7AoTPzR.js:82
[  256693ms] [LOG] [WS] 🗺️ Broadcast recibido. Avatares: 1 [Hijo Test(2)] @ https://jimsimrodev.github.io/pequenos-sanos/assets/index-C7AoTPzR.js:82
[  256694ms] [LOG] [WS] 🗺️ Broadcast recibido. Avatares: 1 [Hijo Test(2)] @ https://jimsimrodev.github.io/pequenos-sanos/assets/index-C7AoTPzR.js:82
[  256730ms] [LOG] [WS] 🗺️ Broadcast recibido. Avatares: 1 [Hijo Test(2)] @ https://jimsimrodev.github.io/pequenos-sanos/assets/index-C7AoTPzR.js:82
[  256770ms] [LOG] [WS] 🗺️ Broadcast recibido. Avatares: 1 [Hijo Test(2)] @ https://jimsimrodev.github.io/pequenos-sanos/assets/index-C7AoTPzR.js:82
[  256809ms] [LOG] [WS] 🗺️ Broadcast recibido. Avatares: 1 [Hijo Test(2)] @ https://jimsimrodev.github.io/pequenos-sanos/assets/index-C7AoTPzR.js:82
[  256845ms] [LOG] [WS] 🗺️ Broadcast recibido. Avatares: 1 [Hijo Test(2)] @ https://jimsimrodev.github.io/pequenos-sanos/assets/index-C7AoTPzR.js:82
[  256847ms] [LOG] [WS] 🗺️ Broadcast recibido. Avatares: 1 [Hijo Test(2)] @ https://jimsimrodev.github.io/pequenos-sanos/assets/index-C7AoTPzR.js:82
[  256888ms] [LOG] [WS] 🗺️ Broadcast recibido. Avatares: 1 [Hijo Test(2)] @ https://jimsimrodev.github.io/pequenos-sanos/assets/index-C7AoTPzR.js:82
[  256939ms] [LOG] [WS] 🗺️ Broadcast recibido. Avatares: 1 [Hijo Test(2)] @ https://jimsimrodev.github.io/pequenos-sanos/assets/index-C7AoTPzR.js:82
[  256985ms] [LOG] [WS] 🗺️ Broadcast recibido. Avatares: 1 [Hijo Test(2)] @ https://jimsimrodev.github.io/pequenos-sanos/assets/index-C7AoTPzR.js:82
[  257026ms] [LOG] [WS] 🗺️ Broadcast recibido. Avatares: 1 [Hijo Test(2)] @ https://jimsimrodev.github.io/pequenos-sanos/assets/index-C7AoTPzR.js:82
[  257027ms] [LOG] [WS] 🗺️ Broadcast recibido. Avatares: 1 [Hijo Test(2)] @ https://jimsimrodev.github.io/pequenos-sanos/assets/index-C7AoTPzR.js:82
[  257067ms] [LOG] [WS] 🗺️ Broadcast recibido. Avatares: 1 [Hijo Test(2)] @ https://jimsimrodev.github.io/pequenos-sanos/assets/index-C7AoTPzR.js:82
[  257112ms] [LOG] [WS] 🗺️ Broadcast recibido. Avatares: 1 [Hijo Test(2)] @ https://jimsimrodev.github.io/pequenos-sanos/assets/index-C7AoTPzR.js:82
[  257151ms] [LOG] [WS] 🗺️ Broadcast recibido. Avatares: 1 [Hijo Test(2)] @ https://jimsimrodev.github.io/pequenos-sanos/assets/index-C7AoTPzR.js:82
[  257152ms] [LOG] [WS] 🗺️ Broadcast recibido. Avatares: 1 [Hijo Test(2)] @ https://jimsimrodev.github.io/pequenos-sanos/assets/index-C7AoTPzR.js:82
[  257185ms] [LOG] [WS] 🗺️ Broadcast recibido. Avatares: 1 [Hijo Test(2)] @ https://jimsimrodev.github.io/pequenos-sanos/assets/index-C7AoTPzR.js:82
[  257223ms] [LOG] [WS] 🗺️ Broadcast recibido. Avatares: 1 [Hijo Test(2)] @ https://jimsimrodev.github.io/pequenos-sanos/assets/index-C7AoTPzR.js:82
[  257261ms] [LOG] [WS] 🗺️ Broadcast recibido. Avatares: 1 [Hijo Test(2)] @ https://jimsimrodev.github.io/pequenos-sanos/assets/index-C7AoTPzR.js:82
[  257301ms] [LOG] [WS] 🗺️ Broadcast recibido. Avatares: 1 [Hijo Test(2)] @ https://jimsimrodev.github.io/pequenos-sanos/assets/index-C7AoTPzR.js:82
[  257340ms] [LOG] [WS] 🗺️ Broadcast recibido. Avatares: 1 [Hijo Test(2)] @ https://jimsimrodev.github.io/pequenos-sanos/assets/index-C7AoTPzR.js:82
[  257387ms] [LOG] [WS] 🗺️ Broadcast recibido. Avatares: 1 [Hijo Test(2)] @ https://jimsimrodev.github.io/pequenos-sanos/assets/index-C7AoTPzR.js:82
[  257388ms] [LOG] [WS] 🗺️ Broadcast recibido. Avatares: 1 [Hijo Test(2)] @ https://jimsimrodev.github.io/pequenos-sanos/assets/index-C7AoTPzR.js:82
[  257444ms] [LOG] [WS] 🗺️ Broadcast recibido. Avatares: 1 [Hijo Test(2)] @ https://jimsimrodev.github.io/pequenos-sanos/assets/index-C7AoTPzR.js:82
[  257497ms] [LOG] [WS] 🗺️ Broadcast recibido. Avatares: 1 [Hijo Test(2)] @ https://jimsimrodev.github.io/pequenos-sanos/assets/index-C7AoTPzR.js:82
[  257499ms] [LOG] [WS] 🗺️ Broadcast recibido. Avatares: 1 [Hijo Test(2)] @ https://jimsimrodev.github.io/pequenos-sanos/assets/index-C7AoTPzR.js:82
[  257538ms] [LOG] [WS] 🗺️ Broadcast recibido. Avatares: 1 [Hijo Test(2)] @ https://jimsimrodev.github.io/pequenos-sanos/assets/index-C7AoTPzR.js:82
[  257571ms] [LOG] [WS] 🗺️ Broadcast recibido. Avatares: 1 [Hijo Test(2)] @ https://jimsimrodev.github.io/pequenos-sanos/assets/index-C7AoTPzR.js:82
[  257572ms] [LOG] [WS] 🗺️ Broadcast recibido. Avatares: 1 [Hijo Test(2)] @ https://jimsimrodev.github.io/pequenos-sanos/assets/index-C7AoTPzR.js:82
[  257608ms] [LOG] [WS] 🗺️ Broadcast recibido. Avatares: 1 [Hijo Test(2)] @ https://jimsimrodev.github.io/pequenos-sanos/assets/index-C7AoTPzR.js:82
[  257645ms] [LOG] [WS] 🗺️ Broadcast recibido. Avatares: 1 [Hijo Test(2)] @ https://jimsimrodev.github.io/pequenos-sanos/assets/index-C7AoTPzR.js:82
[  257684ms] [LOG] [WS] 🗺️ Broadcast recibido. Avatares: 1 [Hijo Test(2)] @ https://jimsimrodev.github.io/pequenos-sanos/assets/index-C7AoTPzR.js:82
[  257726ms] [LOG] [WS] 🗺️ Broadcast recibido. Avatares: 1 [Hijo Test(2)] @ https://jimsimrodev.github.io/pequenos-sanos/assets/index-C7AoTPzR.js:82
[  257765ms] [LOG] [WS] 🗺️ Broadcast recibido. Avatares: 1 [Hijo Test(2)] @ https://jimsimrodev.github.io/pequenos-sanos/assets/index-C7AoTPzR.js:82
[  257812ms] [LOG] [WS] 🗺️ Broadcast recibido. Avatares: 1 [Hijo Test(2)] @ https://jimsimrodev.github.io/pequenos-sanos/assets/index-C7AoTPzR.js:82
[  257857ms] [LOG] [WS] 🗺️ Broadcast recibido. Avatares: 1 [Hijo Test(2)] @ https://jimsimrodev.github.io/pequenos-sanos/assets/index-C7AoTPzR.js:82
[  257859ms] [LOG] [WS] 🗺️ Broadcast recibido. Avatares: 1 [Hijo Test(2)] @ https://jimsimrodev.github.io/pequenos-sanos/assets/index-C7AoTPzR.js:82
[  257896ms] [LOG] [WS] 🗺️ Broadcast recibido. Avatares: 1 [Hijo Test(2)] @ https://jimsimrodev.github.io/pequenos-sanos/assets/index-C7AoTPzR.js:82
[  257934ms] [LOG] [WS] 🗺️ Broadcast recibido. Avatares: 1 [Hijo Test(2)] @ https://jimsimrodev.github.io/pequenos-sanos/assets/index-C7AoTPzR.js:82
[  257972ms] [LOG] [WS] 🗺️ Broadcast recibido. Avatares: 1 [Hijo Test(2)] @ https://jimsimrodev.github.io/pequenos-sanos/assets/index-C7AoTPzR.js:82
[  257973ms] [LOG] [WS] 🗺️ Broadcast recibido. Avatares: 1 [Hijo Test(2)] @ https://jimsimrodev.github.io/pequenos-sanos/assets/index-C7AoTPzR.js:82
[  258008ms] [LOG] [WS] 🗺️ Broadcast recibido. Avatares: 1 [Hijo Test(2)] @ https://jimsimrodev.github.io/pequenos-sanos/assets/index-C7AoTPzR.js:82
[  258040ms] [LOG] [WS] 🗺️ Broadcast recibido. Avatares: 1 [Hijo Test(2)] @ https://jimsimrodev.github.io/pequenos-sanos/assets/index-C7AoTPzR.js:82
[  258073ms] [LOG] [WS] 🗺️ Broadcast recibido. Avatares: 1 [Hijo Test(2)] @ https://jimsimrodev.github.io/pequenos-sanos/assets/index-C7AoTPzR.js:82
[  258114ms] [LOG] [WS] 🗺️ Broadcast recibido. Avatares: 1 [Hijo Test(2)] @ https://jimsimrodev.github.io/pequenos-sanos/assets/index-C7AoTPzR.js:82
[  258166ms] [LOG] [WS] 🗺️ Broadcast recibido. Avatares: 1 [Hijo Test(2)] @ https://jimsimrodev.github.io/pequenos-sanos/assets/index-C7AoTPzR.js:82
[  258204ms] [LOG] [WS] 🗺️ Broadcast recibido. Avatares: 1 [Hijo Test(2)] @ https://jimsimrodev.github.io/pequenos-sanos/assets/index-C7AoTPzR.js:82
[  258204ms] [LOG] [WS] 🗺️ Broadcast recibido. Avatares: 1 [Hijo Test(2)] @ https://jimsimrodev.github.io/pequenos-sanos/assets/index-C7AoTPzR.js:82
[  258241ms] [LOG] [WS] 🗺️ Broadcast recibido. Avatares: 1 [Hijo Test(2)] @ https://jimsimrodev.github.io/pequenos-sanos/assets/index-C7AoTPzR.js:82
[  258276ms] [LOG] [WS] 🗺️ Broadcast recibido. Avatares: 1 [Hijo Test(2)] @ https://jimsimrodev.github.io/pequenos-sanos/assets/index-C7AoTPzR.js:82
[  258313ms] [LOG] [WS] 🗺️ Broadcast recibido. Avatares: 1 [Hijo Test(2)] @ https://jimsimrodev.github.io/pequenos-sanos/assets/index-C7AoTPzR.js:82
[  258348ms] [LOG] [WS] 🗺️ Broadcast recibido. Avatares: 1 [Hijo Test(2)] @ https://jimsimrodev.github.io/pequenos-sanos/assets/index-C7AoTPzR.js:82
[  258386ms] [LOG] [WS] 🗺️ Broadcast recibido. Avatares: 1 [Hijo Test(2)] @ https://jimsimrodev.github.io/pequenos-sanos/assets/index-C7AoTPzR.js:82
[  258421ms] [LOG] [WS] 🗺️ Broadcast recibido. Avatares: 1 [Hijo Test(2)] @ https://jimsimrodev.github.io/pequenos-sanos/assets/index-C7AoTPzR.js:82
[  258478ms] [LOG] [WS] 🗺️ Broadcast recibido. Avatares: 1 [Hijo Test(2)] @ https://jimsimrodev.github.io/pequenos-sanos/assets/index-C7AoTPzR.js:82
[  258526ms] [LOG] [WS] 🗺️ Broadcast recibido. Avatares: 1 [Hijo Test(2)] @ https://jimsimrodev.github.io/pequenos-sanos/assets/index-C7AoTPzR.js:82
[  258527ms] [LOG] [WS] 🗺️ Broadcast recibido. Avatares: 1 [Hijo Test(2)] @ https://jimsimrodev.github.io/pequenos-sanos/assets/index-C7AoTPzR.js:82
[  258591ms] [LOG] [WS] 🗺️ Broadcast recibido. Avatares: 1 [Hijo Test(2)] @ https://jimsimrodev.github.io/pequenos-sanos/assets/index-C7AoTPzR.js:82
[  258592ms] [LOG] [WS] 🗺️ Broadcast recibido. Avatares: 1 [Hijo Test(2)] @ https://jimsimrodev.github.io/pequenos-sanos/assets/index-C7AoTPzR.js:82
[  258639ms] [LOG] [WS] 🗺️ Broadcast recibido. Avatares: 1 [Hijo Test(2)] @ https://jimsimrodev.github.io/pequenos-sanos/assets/index-C7AoTPzR.js:82
[  258640ms] [LOG] [WS] 🗺️ Broadcast recibido. Avatares: 1 [Hijo Test(2)] @ https://jimsimrodev.github.io/pequenos-sanos/assets/index-C7AoTPzR.js:82
[  258678ms] [LOG] [WS] 🗺️ Broadcast recibido. Avatares: 1 [Hijo Test(2)] @ https://jimsimrodev.github.io/pequenos-sanos/assets/index-C7AoTPzR.js:82
[  258721ms] [LOG] [WS] 🗺️ Broadcast recibido. Avatares: 1 [Hijo Test(2)] @ https://jimsimrodev.github.io/pequenos-sanos/assets/index-C7AoTPzR.js:82
[  258759ms] [LOG] [WS] 🗺️ Broadcast recibido. Avatares: 1 [Hijo Test(2)] @ https://jimsimrodev.github.io/pequenos-sanos/assets/index-C7AoTPzR.js:82
[  258797ms] [LOG] [WS] 🗺️ Broadcast recibido. Avatares: 1 [Hijo Test(2)] @ https://jimsimrodev.github.io/pequenos-sanos/assets/index-C7AoTPzR.js:82
[  258833ms] [LOG] [WS] 🗺️ Broadcast recibido. Avatares: 1 [Hijo Test(2)] @ https://jimsimrodev.github.io/pequenos-sanos/assets/index-C7AoTPzR.js:82
[  258834ms] [LOG] [WS] 🗺️ Broadcast recibido. Avatares: 1 [Hijo Test(2)] @ https://jimsimrodev.github.io/pequenos-sanos/assets/index-C7AoTPzR.js:82
[  258873ms] [LOG] [WS] 🗺️ Broadcast recibido. Avatares: 1 [Hijo Test(2)] @ https://jimsimrodev.github.io/pequenos-sanos/assets/index-C7AoTPzR.js:82
[  258915ms] [LOG] [WS] 🗺️ Broadcast recibido. Avatares: 1 [Hijo Test(2)] @ https://jimsimrodev.github.io/pequenos-sanos/assets/index-C7AoTPzR.js:82
[  258953ms] [LOG] [WS] 🗺️ Broadcast recibido. Avatares: 1 [Hijo Test(2)] @ https://jimsimrodev.github.io/pequenos-sanos/assets/index-C7AoTPzR.js:82
[  258986ms] [LOG] [WS] 🗺️ Broadcast recibido. Avatares: 1 [Hijo Test(2)] @ https://jimsimrodev.github.io/pequenos-sanos/assets/index-C7AoTPzR.js:82
[  259029ms] [LOG] [WS] 🗺️ Broadcast recibido. Avatares: 1 [Hijo Test(2)] @ https://jimsimrodev.github.io/pequenos-sanos/assets/index-C7AoTPzR.js:82
[  259076ms] [LOG] [WS] 🗺️ Broadcast recibido. Avatares: 1 [Hijo Test(2)] @ https://jimsimrodev.github.io/pequenos-sanos/assets/index-C7AoTPzR.js:82
[  259078ms] [LOG] [WS] 🗺️ Broadcast recibido. Avatares: 1 [Hijo Test(2)] @ https://jimsimrodev.github.io/pequenos-sanos/assets/index-C7AoTPzR.js:82
[  259141ms] [LOG] [WS] 🗺️ Broadcast recibido. Avatares: 1 [Hijo Test(2)] @ https://jimsimrodev.github.io/pequenos-sanos/assets/index-C7AoTPzR.js:82
[  259179ms] [LOG] [WS] 🗺️ Broadcast recibido. Avatares: 1 [Hijo Test(2)] @ https://jimsimrodev.github.io/pequenos-sanos/assets/index-C7AoTPzR.js:82
[  259180ms] [LOG] [WS] 🗺️ Broadcast recibido. Avatares: 1 [Hijo Test(2)] @ https://jimsimrodev.github.io/pequenos-sanos/assets/index-C7AoTPzR.js:82
[  259219ms] [LOG] [WS] 🗺️ Broadcast recibido. Avatares: 1 [Hijo Test(2)] @ https://jimsimrodev.github.io/pequenos-sanos/assets/index-C7AoTPzR.js:82
[  259269ms] [LOG] [WS] 🗺️ Broadcast recibido. Avatares: 1 [Hijo Test(2)] @ https://jimsimrodev.github.io/pequenos-sanos/assets/index-C7AoTPzR.js:82
[  259269ms] [LOG] [WS] 🗺️ Broadcast recibido. Avatares: 1 [Hijo Test(2)] @ https://jimsimrodev.github.io/pequenos-sanos/assets/index-C7AoTPzR.js:82
[  259309ms] [LOG] [WS] 🗺️ Broadcast recibido. Avatares: 1 [Hijo Test(2)] @ https://jimsimrodev.github.io/pequenos-sanos/assets/index-C7AoTPzR.js:82
[  259358ms] [LOG] [WS] 🗺️ Broadcast recibido. Avatares: 1 [Hijo Test(2)] @ https://jimsimrodev.github.io/pequenos-sanos/assets/index-C7AoTPzR.js:82
[  259397ms] [LOG] [WS] 🗺️ Broadcast recibido. Avatares: 1 [Hijo Test(2)] @ https://jimsimrodev.github.io/pequenos-sanos/assets/index-C7AoTPzR.js:82
[  259398ms] [LOG] [WS] 🗺️ Broadcast recibido. Avatares: 1 [Hijo Test(2)] @ https://jimsimrodev.github.io/pequenos-sanos/assets/index-C7AoTPzR.js:82
[  259440ms] [LOG] [WS] 🗺️ Broadcast recibido. Avatares: 1 [Hijo Test(2)] @ https://jimsimrodev.github.io/pequenos-sanos/assets/index-C7AoTPzR.js:82
[  259476ms] [LOG] [WS] 🗺️ Broadcast recibido. Avatares: 1 [Hijo Test(2)] @ https://jimsimrodev.github.io/pequenos-sanos/assets/index-C7AoTPzR.js:82
[  259527ms] [LOG] [WS] 🗺️ Broadcast recibido. Avatares: 1 [Hijo Test(2)] @ https://jimsimrodev.github.io/pequenos-sanos/assets/index-C7AoTPzR.js:82
[  259588ms] [LOG] [WS] 🗺️ Broadcast recibido. Avatares: 1 [Hijo Test(2)] @ https://jimsimrodev.github.io/pequenos-sanos/assets/index-C7AoTPzR.js:82
[  259588ms] [LOG] [WS] 🗺️ Broadcast recibido. Avatares: 1 [Hijo Test(2)] @ https://jimsimrodev.github.io/pequenos-sanos/assets/index-C7AoTPzR.js:82
[  259647ms] [LOG] [WS] 🗺️ Broadcast recibido. Avatares: 1 [Hijo Test(2)] @ https://jimsimrodev.github.io/pequenos-sanos/assets/index-C7AoTPzR.js:82
[  259648ms] [LOG] [WS] 🗺️ Broadcast recibido. Avatares: 1 [Hijo Test(2)] @ https://jimsimrodev.github.io/pequenos-sanos/assets/index-C7AoTPzR.js:82
[  259702ms] [LOG] [WS] 🗺️ Broadcast recibido. Avatares: 1 [Hijo Test(2)] @ https://jimsimrodev.github.io/pequenos-sanos/assets/index-C7AoTPzR.js:82
[  259759ms] [LOG] [WS] 🗺️ Broadcast recibido. Avatares: 1 [Hijo Test(2)] @ https://jimsimrodev.github.io/pequenos-sanos/assets/index-C7AoTPzR.js:82
[  259760ms] [LOG] [WS] 🗺️ Broadcast recibido. Avatares: 1 [Hijo Test(2)] @ https://jimsimrodev.github.io/pequenos-sanos/assets/index-C7AoTPzR.js:82
[  259799ms] [LOG] [WS] 🗺️ Broadcast recibido. Avatares: 1 [Hijo Test(2)] @ https://jimsimrodev.github.io/pequenos-sanos/assets/index-C7AoTPzR.js:82
[  259800ms] [LOG] [WS] 🗺️ Broadcast recibido. Avatares: 1 [Hijo Test(2)] @ https://jimsimrodev.github.io/pequenos-sanos/assets/index-C7AoTPzR.js:82
[  259858ms] [LOG] [WS] 🗺️ Broadcast recibido. Avatares: 1 [Hijo Test(2)] @ https://jimsimrodev.github.io/pequenos-sanos/assets/index-C7AoTPzR.js:82
[  259916ms] [LOG] [WS] 🗺️ Broadcast recibido. Avatares: 1 [Hijo Test(2)] @ https://jimsimrodev.github.io/pequenos-sanos/assets/index-C7AoTPzR.js:82
[  259970ms] [LOG] [WS] 🗺️ Broadcast recibido. Avatares: 1 [Hijo Test(2)] @ https://jimsimrodev.github.io/pequenos-sanos/assets/index-C7AoTPzR.js:82
[  259972ms] [LOG] [WS] 🗺️ Broadcast recibido. Avatares: 1 [Hijo Test(2)] @ https://jimsimrodev.github.io/pequenos-sanos/assets/index-C7AoTPzR.js:82
[  260021ms] [LOG] [WS] 🗺️ Broadcast recibido. Avatares: 1 [Hijo Test(2)] @ https://jimsimrodev.github.io/pequenos-sanos/assets/index-C7AoTPzR.js:82
[  260067ms] [LOG] [WS] 🗺️ Broadcast recibido. Avatares: 1 [Hijo Test(2)] @ https://jimsimrodev.github.io/pequenos-sanos/assets/index-C7AoTPzR.js:82
[  260068ms] [LOG] [WS] 🗺️ Broadcast recibido. Avatares: 1 [Hijo Test(2)] @ https://jimsimrodev.github.io/pequenos-sanos/assets/index-C7AoTPzR.js:82
[  260129ms] [LOG] [WS] 🗺️ Broadcast recibido. Avatares: 1 [Hijo Test(2)] @ https://jimsimrodev.github.io/pequenos-sanos/assets/index-C7AoTPzR.js:82
[  260130ms] [LOG] [WS] 🗺️ Broadcast recibido. Avatares: 1 [Hijo Test(2)] @ https://jimsimrodev.github.io/pequenos-sanos/assets/index-C7AoTPzR.js:82
[  260184ms] [LOG] [WS] 🗺️ Broadcast recibido. Avatares: 1 [Hijo Test(2)] @ https://jimsimrodev.github.io/pequenos-sanos/assets/index-C7AoTPzR.js:82
[  260187ms] [LOG] [WS] 🗺️ Broadcast recibido. Avatares: 1 [Hijo Test(2)] @ https://jimsimrodev.github.io/pequenos-sanos/assets/index-C7AoTPzR.js:82
[  260231ms] [LOG] [WS] 🗺️ Broadcast recibido. Avatares: 1 [Hijo Test(2)] @ https://jimsimrodev.github.io/pequenos-sanos/assets/index-C7AoTPzR.js:82
[  260232ms] [LOG] [WS] 🗺️ Broadcast recibido. Avatares: 1 [Hijo Test(2)] @ https://jimsimrodev.github.io/pequenos-sanos/assets/index-C7AoTPzR.js:82
[  260274ms] [LOG] [WS] 🗺️ Broadcast recibido. Avatares: 1 [Hijo Test(2)] @ https://jimsimrodev.github.io/pequenos-sanos/assets/index-C7AoTPzR.js:82
[  260313ms] [LOG] [WS] 🗺️ Broadcast recibido. Avatares: 1 [Hijo Test(2)] @ https://jimsimrodev.github.io/pequenos-sanos/assets/index-C7AoTPzR.js:82
[  260313ms] [LOG] [WS] 🗺️ Broadcast recibido. Avatares: 1 [Hijo Test(2)] @ https://jimsimrodev.github.io/pequenos-sanos/assets/index-C7AoTPzR.js:82
[  260360ms] [LOG] [WS] 🗺️ Broadcast recibido. Avatares: 1 [Hijo Test(2)] @ https://jimsimrodev.github.io/pequenos-sanos/assets/index-C7AoTPzR.js:82
[  260393ms] [LOG] [WS] 🗺️ Broadcast recibido. Avatares: 1 [Hijo Test(2)] @ https://jimsimrodev.github.io/pequenos-sanos/assets/index-C7AoTPzR.js:82
[  260432ms] [LOG] [WS] 🗺️ Broadcast recibido. Avatares: 1 [Hijo Test(2)] @ https://jimsimrodev.github.io/pequenos-sanos/assets/index-C7AoTPzR.js:82
[  260464ms] [LOG] [WS] 🗺️ Broadcast recibido. Avatares: 1 [Hijo Test(2)] @ https://jimsimrodev.github.io/pequenos-sanos/assets/index-C7AoTPzR.js:82
[  260497ms] [LOG] [WS] 🗺️ Broadcast recibido. Avatares: 1 [Hijo Test(2)] @ https://jimsimrodev.github.io/pequenos-sanos/assets/index-C7AoTPzR.js:82
[  260535ms] [LOG] [WS] 🗺️ Broadcast recibido. Avatares: 1 [Hijo Test(2)] @ https://jimsimrodev.github.io/pequenos-sanos/assets/index-C7AoTPzR.js:82
[  260572ms] [LOG] [WS] 🗺️ Broadcast recibido. Avatares: 1 [Hijo Test(2)] @ https://jimsimrodev.github.io/pequenos-sanos/assets/index-C7AoTPzR.js:82
[  260608ms] [LOG] [WS] 🗺️ Broadcast recibido. Avatares: 1 [Hijo Test(2)] @ https://jimsimrodev.github.io/pequenos-sanos/assets/index-C7AoTPzR.js:82
[  260782ms] [LOG] [WS] 🗺️ Broadcast recibido. Avatares: 1 [Hijo Test(2)] @ https://jimsimrodev.github.io/pequenos-sanos/assets/index-C7AoTPzR.js:82
[  260822ms] [LOG] [WS] 🗺️ Broadcast recibido. Avatares: 1 [Hijo Test(2)] @ https://jimsimrodev.github.io/pequenos-sanos/assets/index-C7AoTPzR.js:82
[  260823ms] [LOG] [WS] 🗺️ Broadcast recibido. Avatares: 1 [Hijo Test(2)] @ https://jimsimrodev.github.io/pequenos-sanos/assets/index-C7AoTPzR.js:82
[  260823ms] [LOG] [WS] 🗺️ Broadcast recibido. Avatares: 1 [Hijo Test(2)] @ https://jimsimrodev.github.io/pequenos-sanos/assets/index-C7AoTPzR.js:82
[  260824ms] [LOG] [WS] 🗺️ Broadcast recibido. Avatares: 1 [Hijo Test(2)] @ https://jimsimrodev.github.io/pequenos-sanos/assets/index-C7AoTPzR.js:82
[  260825ms] [LOG] [WS] 🗺️ Broadcast recibido. Avatares: 1 [Hijo Test(2)] @ https://jimsimrodev.github.io/pequenos-sanos/assets/index-C7AoTPzR.js:82
[  260825ms] [LOG] [WS] 🗺️ Broadcast recibido. Avatares: 1 [Hijo Test(2)] @ https://jimsimrodev.github.io/pequenos-sanos/assets/index-C7AoTPzR.js:82
[  260866ms] [LOG] [WS] 🗺️ Broadcast recibido. Avatares: 1 [Hijo Test(2)] @ https://jimsimrodev.github.io/pequenos-sanos/assets/index-C7AoTPzR.js:82
[  260904ms] [LOG] [WS] 🗺️ Broadcast recibido. Avatares: 1 [Hijo Test(2)] @ https://jimsimrodev.github.io/pequenos-sanos/assets/index-C7AoTPzR.js:82
[  260942ms] [LOG] [WS] 🗺️ Broadcast recibido. Avatares: 1 [Hijo Test(2)] @ https://jimsimrodev.github.io/pequenos-sanos/assets/index-C7AoTPzR.js:82
[  260943ms] [LOG] [WS] 🗺️ Broadcast recibido. Avatares: 1 [Hijo Test(2)] @ https://jimsimrodev.github.io/pequenos-sanos/assets/index-C7AoTPzR.js:82
[  260982ms] [LOG] [WS] 🗺️ Broadcast recibido. Avatares: 1 [Hijo Test(2)] @ https://jimsimrodev.github.io/pequenos-sanos/assets/index-C7AoTPzR.js:82
[  261019ms] [LOG] [WS] 🗺️ Broadcast recibido. Avatares: 1 [Hijo Test(2)] @ https://jimsimrodev.github.io/pequenos-sanos/assets/index-C7AoTPzR.js:82
[  261052ms] [LOG] [WS] 🗺️ Broadcast recibido. Avatares: 1 [Hijo Test(2)] @ https://jimsimrodev.github.io/pequenos-sanos/assets/index-C7AoTPzR.js:82
[  261086ms] [LOG] [WS] 🗺️ Broadcast recibido. Avatares: 1 [Hijo Test(2)] @ https://jimsimrodev.github.io/pequenos-sanos/assets/index-C7AoTPzR.js:82
[  261117ms] [LOG] [WS] 🗺️ Broadcast recibido. Avatares: 1 [Hijo Test(2)] @ https://jimsimrodev.github.io/pequenos-sanos/assets/index-C7AoTPzR.js:82
[  261146ms] [LOG] [WS] 🗺️ Broadcast recibido. Avatares: 1 [Hijo Test(2)] @ https://jimsimrodev.github.io/pequenos-sanos/assets/index-C7AoTPzR.js:82
[  261174ms] [LOG] [WS] 🗺️ Broadcast recibido. Avatares: 1 [Hijo Test(2)] @ https://jimsimrodev.github.io/pequenos-sanos/assets/index-C7AoTPzR.js:82
[  261206ms] [LOG] [WS] 🗺️ Broadcast recibido. Avatares: 1 [Hijo Test(2)] @ https://jimsimrodev.github.io/pequenos-sanos/assets/index-C7AoTPzR.js:82
[  261239ms] [LOG] [WS] 🗺️ Broadcast recibido. Avatares: 1 [Hijo Test(2)] @ https://jimsimrodev.github.io/pequenos-sanos/assets/index-C7AoTPzR.js:82
[  261270ms] [LOG] [WS] 🗺️ Broadcast recibido. Avatares: 1 [Hijo Test(2)] @ https://jimsimrodev.github.io/pequenos-sanos/assets/index-C7AoTPzR.js:82
[  261296ms] [LOG] [WS] 🗺️ Broadcast recibido. Avatares: 1 [Hijo Test(2)] @ https://jimsimrodev.github.io/pequenos-sanos/assets/index-C7AoTPzR.js:82
[  261329ms] [LOG] [WS] 🗺️ Broadcast recibido. Avatares: 1 [Hijo Test(2)] @ https://jimsimrodev.github.io/pequenos-sanos/assets/index-C7AoTPzR.js:82
[  261369ms] [LOG] [WS] 🗺️ Broadcast recibido. Avatares: 1 [Hijo Test(2)] @ https://jimsimrodev.github.io/pequenos-sanos/assets/index-C7AoTPzR.js:82
[  261399ms] [LOG] [WS] 🗺️ Broadcast recibido. Avatares: 1 [Hijo Test(2)] @ https://jimsimrodev.github.io/pequenos-sanos/assets/index-C7AoTPzR.js:82
[  261437ms] [LOG] [WS] 🗺️ Broadcast recibido. Avatares: 1 [Hijo Test(2)] @ https://jimsimrodev.github.io/pequenos-sanos/assets/index-C7AoTPzR.js:82
[  261470ms] [LOG] [WS] 🗺️ Broadcast recibido. Avatares: 1 [Hijo Test(2)] @ https://jimsimrodev.github.io/pequenos-sanos/assets/index-C7AoTPzR.js:82
[  261501ms] [LOG] [WS] 🗺️ Broadcast recibido. Avatares: 1 [Hijo Test(2)] @ https://jimsimrodev.github.io/pequenos-sanos/assets/index-C7AoTPzR.js:82
[  261534ms] [LOG] [WS] 🗺️ Broadcast recibido. Avatares: 1 [Hijo Test(2)] @ https://jimsimrodev.github.io/pequenos-sanos/assets/index-C7AoTPzR.js:82
[  261569ms] [LOG] [WS] 🗺️ Broadcast recibido. Avatares: 1 [Hijo Test(2)] @ https://jimsimrodev.github.io/pequenos-sanos/assets/index-C7AoTPzR.js:82
[  261604ms] [LOG] [WS] 🗺️ Broadcast recibido. Avatares: 1 [Hijo Test(2)] @ https://jimsimrodev.github.io/pequenos-sanos/assets/index-C7AoTPzR.js:82
[  261634ms] [LOG] [WS] 🗺️ Broadcast recibido. Avatares: 1 [Hijo Test(2)] @ https://jimsimrodev.github.io/pequenos-sanos/assets/index-C7AoTPzR.js:82
[  261670ms] [LOG] [WS] 🗺️ Broadcast recibido. Avatares: 1 [Hijo Test(2)] @ https://jimsimrodev.github.io/pequenos-sanos/assets/index-C7AoTPzR.js:82
[  261713ms] [LOG] [WS] 🗺️ Broadcast recibido. Avatares: 1 [Hijo Test(2)] @ https://jimsimrodev.github.io/pequenos-sanos/assets/index-C7AoTPzR.js:82
[  261744ms] [LOG] [WS] 🗺️ Broadcast recibido. Avatares: 1 [Hijo Test(2)] @ https://jimsimrodev.github.io/pequenos-sanos/assets/index-C7AoTPzR.js:82
[  261780ms] [LOG] [WS] 🗺️ Broadcast recibido. Avatares: 1 [Hijo Test(2)] @ https://jimsimrodev.github.io/pequenos-sanos/assets/index-C7AoTPzR.js:82
[  261820ms] [LOG] [WS] 🗺️ Broadcast recibido. Avatares: 1 [Hijo Test(2)] @ https://jimsimrodev.github.io/pequenos-sanos/assets/index-C7AoTPzR.js:82
[  261849ms] [LOG] [WS] 🗺️ Broadcast recibido. Avatares: 1 [Hijo Test(2)] @ https://jimsimrodev.github.io/pequenos-sanos/assets/index-C7AoTPzR.js:82
[  261883ms] [LOG] [WS] 🗺️ Broadcast recibido. Avatares: 1 [Hijo Test(2)] @ https://jimsimrodev.github.io/pequenos-sanos/assets/index-C7AoTPzR.js:82
[  261919ms] [LOG] [WS] 🗺️ Broadcast recibido. Avatares: 1 [Hijo Test(2)] @ https://jimsimrodev.github.io/pequenos-sanos/assets/index-C7AoTPzR.js:82
[  261955ms] [LOG] [WS] 🗺️ Broadcast recibido. Avatares: 1 [Hijo Test(2)] @ https://jimsimrodev.github.io/pequenos-sanos/assets/index-C7AoTPzR.js:82
[  261993ms] [LOG] [WS] 🗺️ Broadcast recibido. Avatares: 1 [Hijo Test(2)] @ https://jimsimrodev.github.io/pequenos-sanos/assets/index-C7AoTPzR.js:82
[  262030ms] [LOG] [WS] 🗺️ Broadcast recibido. Avatares: 1 [Hijo Test(2)] @ https://jimsimrodev.github.io/pequenos-sanos/assets/index-C7AoTPzR.js:82
[  262031ms] [LOG] [WS] 🗺️ Broadcast recibido. Avatares: 1 [Hijo Test(2)] @ https://jimsimrodev.github.io/pequenos-sanos/assets/index-C7AoTPzR.js:82
[  262061ms] [LOG] [WS] 🗺️ Broadcast recibido. Avatares: 1 [Hijo Test(2)] @ https://jimsimrodev.github.io/pequenos-sanos/assets/index-C7AoTPzR.js:82
[  262091ms] [LOG] [WS] 🗺️ Broadcast recibido. Avatares: 1 [Hijo Test(2)] @ https://jimsimrodev.github.io/pequenos-sanos/assets/index-C7AoTPzR.js:82
[  262122ms] [LOG] [WS] 🗺️ Broadcast recibido. Avatares: 1 [Hijo Test(2)] @ https://jimsimrodev.github.io/pequenos-sanos/assets/index-C7AoTPzR.js:82
[  262155ms] [LOG] [WS] 🗺️ Broadcast recibido. Avatares: 1 [Hijo Test(2)] @ https://jimsimrodev.github.io/pequenos-sanos/assets/index-C7AoTPzR.js:82
[  262184ms] [LOG] [WS] 🗺️ Broadcast recibido. Avatares: 1 [Hijo Test(2)] @ https://jimsimrodev.github.io/pequenos-sanos/assets/index-C7AoTPzR.js:82
[  262220ms] [LOG] [WS] 🗺️ Broadcast recibido. Avatares: 1 [Hijo Test(2)] @ https://jimsimrodev.github.io/pequenos-sanos/assets/index-C7AoTPzR.js:82
[  262251ms] [LOG] [WS] 🗺️ Broadcast recibido. Avatares: 1 [Hijo Test(2)] @ https://jimsimrodev.github.io/pequenos-sanos/assets/index-C7AoTPzR.js:82
[  262279ms] [LOG] [WS] 🗺️ Broadcast recibido. Avatares: 1 [Hijo Test(2)] @ https://jimsimrodev.github.io/pequenos-sanos/assets/index-C7AoTPzR.js:82
[  262312ms] [LOG] [WS] 🗺️ Broadcast recibido. Avatares: 1 [Hijo Test(2)] @ https://jimsimrodev.github.io/pequenos-sanos/assets/index-C7AoTPzR.js:82
[  262345ms] [LOG] [WS] 🗺️ Broadcast recibido. Avatares: 1 [Hijo Test(2)] @ https://jimsimrodev.github.io/pequenos-sanos/assets/index-C7AoTPzR.js:82
[  262381ms] [LOG] [WS] 🗺️ Broadcast recibido. Avatares: 1 [Hijo Test(2)] @ https://jimsimrodev.github.io/pequenos-sanos/assets/index-C7AoTPzR.js:82
[  262407ms] [LOG] [WS] 🗺️ Broadcast recibido. Avatares: 1 [Hijo Test(2)] @ https://jimsimrodev.github.io/pequenos-sanos/assets/index-C7AoTPzR.js:82
[  262442ms] [LOG] [WS] 🗺️ Broadcast recibido. Avatares: 1 [Hijo Test(2)] @ https://jimsimrodev.github.io/pequenos-sanos/assets/index-C7AoTPzR.js:82
[  262476ms] [LOG] [WS] 🗺️ Broadcast recibido. Avatares: 1 [Hijo Test(2)] @ https://jimsimrodev.github.io/pequenos-sanos/assets/index-C7AoTPzR.js:82
[  262503ms] [LOG] [WS] 🗺️ Broadcast recibido. Avatares: 1 [Hijo Test(2)] @ https://jimsimrodev.github.io/pequenos-sanos/assets/index-C7AoTPzR.js:82
[  262539ms] [LOG] [WS] 🗺️ Broadcast recibido. Avatares: 1 [Hijo Test(2)] @ https://jimsimrodev.github.io/pequenos-sanos/assets/index-C7AoTPzR.js:82
[  262575ms] [LOG] [WS] 🗺️ Broadcast recibido. Avatares: 1 [Hijo Test(2)] @ https://jimsimrodev.github.io/pequenos-sanos/assets/index-C7AoTPzR.js:82
[  262607ms] [LOG] [WS] 🗺️ Broadcast recibido. Avatares: 1 [Hijo Test(2)] @ https://jimsimrodev.github.io/pequenos-sanos/assets/index-C7AoTPzR.js:82
[  262644ms] [LOG] [WS] 🗺️ Broadcast recibido. Avatares: 1 [Hijo Test(2)] @ https://jimsimrodev.github.io/pequenos-sanos/assets/index-C7AoTPzR.js:82
[  262698ms] [LOG] [WS] 🗺️ Broadcast recibido. Avatares: 1 [Hijo Test(2)] @ https://jimsimrodev.github.io/pequenos-sanos/assets/index-C7AoTPzR.js:82
[  262751ms] [LOG] [WS] 🗺️ Broadcast recibido. Avatares: 1 [Hijo Test(2)] @ https://jimsimrodev.github.io/pequenos-sanos/assets/index-C7AoTPzR.js:82
[  262790ms] [LOG] [WS] 🗺️ Broadcast recibido. Avatares: 1 [Hijo Test(2)] @ https://jimsimrodev.github.io/pequenos-sanos/assets/index-C7AoTPzR.js:82
[  262790ms] [LOG] [WS] 🗺️ Broadcast recibido. Avatares: 1 [Hijo Test(2)] @ https://jimsimrodev.github.io/pequenos-sanos/assets/index-C7AoTPzR.js:82
[  262833ms] [LOG] [WS] 🗺️ Broadcast recibido. Avatares: 1 [Hijo Test(2)] @ https://jimsimrodev.github.io/pequenos-sanos/assets/index-C7AoTPzR.js:82
[  262872ms] [LOG] [WS] 🗺️ Broadcast recibido. Avatares: 1 [Hijo Test(2)] @ https://jimsimrodev.github.io/pequenos-sanos/assets/index-C7AoTPzR.js:82
[  262898ms] [LOG] [WS] 🗺️ Broadcast recibido. Avatares: 1 [Hijo Test(2)] @ https://jimsimrodev.github.io/pequenos-sanos/assets/index-C7AoTPzR.js:82
[  262931ms] [LOG] [WS] 🗺️ Broadcast recibido. Avatares: 1 [Hijo Test(2)] @ https://jimsimrodev.github.io/pequenos-sanos/assets/index-C7AoTPzR.js:82
[  262962ms] [LOG] [WS] 🗺️ Broadcast recibido. Avatares: 1 [Hijo Test(2)] @ https://jimsimrodev.github.io/pequenos-sanos/assets/index-C7AoTPzR.js:82
[  262997ms] [LOG] [WS] 🗺️ Broadcast recibido. Avatares: 1 [Hijo Test(2)] @ https://jimsimrodev.github.io/pequenos-sanos/assets/index-C7AoTPzR.js:82
[  263029ms] [LOG] [WS] 🗺️ Broadcast recibido. Avatares: 1 [Hijo Test(2)] @ https://jimsimrodev.github.io/pequenos-sanos/assets/index-C7AoTPzR.js:82
[  263060ms] [LOG] [WS] 🗺️ Broadcast recibido. Avatares: 1 [Hijo Test(2)] @ https://jimsimrodev.github.io/pequenos-sanos/assets/index-C7AoTPzR.js:82
[  263092ms] [LOG] [WS] 🗺️ Broadcast recibido. Avatares: 1 [Hijo Test(2)] @ https://jimsimrodev.github.io/pequenos-sanos/assets/index-C7AoTPzR.js:82
[  263122ms] [LOG] [WS] 🗺️ Broadcast recibido. Avatares: 1 [Hijo Test(2)] @ https://jimsimrodev.github.io/pequenos-sanos/assets/index-C7AoTPzR.js:82
[  263152ms] [LOG] [WS] 🗺️ Broadcast recibido. Avatares: 1 [Hijo Test(2)] @ https://jimsimrodev.github.io/pequenos-sanos/assets/index-C7AoTPzR.js:82
[  263182ms] [LOG] [WS] 🗺️ Broadcast recibido. Avatares: 1 [Hijo Test(2)] @ https://jimsimrodev.github.io/pequenos-sanos/assets/index-C7AoTPzR.js:82
[  263215ms] [LOG] [WS] 🗺️ Broadcast recibido. Avatares: 1 [Hijo Test(2)] @ https://jimsimrodev.github.io/pequenos-sanos/assets/index-C7AoTPzR.js:82
[  263247ms] [LOG] [WS] 🗺️ Broadcast recibido. Avatares: 1 [Hijo Test(2)] @ https://jimsimrodev.github.io/pequenos-sanos/assets/index-C7AoTPzR.js:82
[  263288ms] [LOG] [WS] 🗺️ Broadcast recibido. Avatares: 1 [Hijo Test(2)] @ https://jimsimrodev.github.io/pequenos-sanos/assets/index-C7AoTPzR.js:82
[  263329ms] [LOG] [WS] 🗺️ Broadcast recibido. Avatares: 1 [Hijo Test(2)] @ https://jimsimrodev.github.io/pequenos-sanos/assets/index-C7AoTPzR.js:82
[  263369ms] [LOG] [WS] 🗺️ Broadcast recibido. Avatares: 1 [Hijo Test(2)] @ https://jimsimrodev.github.io/pequenos-sanos/assets/index-C7AoTPzR.js:82
[  263402ms] [LOG] [WS] 🗺️ Broadcast recibido. Avatares: 1 [Hijo Test(2)] @ https://jimsimrodev.github.io/pequenos-sanos/assets/index-C7AoTPzR.js:82
[  263435ms] [LOG] [WS] 🗺️ Broadcast recibido. Avatares: 1 [Hijo Test(2)] @ https://jimsimrodev.github.io/pequenos-sanos/assets/index-C7AoTPzR.js:82
[  263464ms] [LOG] [WS] 🗺️ Broadcast recibido. Avatares: 1 [Hijo Test(2)] @ https://jimsimrodev.github.io/pequenos-sanos/assets/index-C7AoTPzR.js:82
[  263494ms] [LOG] [WS] 🗺️ Broadcast recibido. Avatares: 1 [Hijo Test(2)] @ https://jimsimrodev.github.io/pequenos-sanos/assets/index-C7AoTPzR.js:82
[  263524ms] [LOG] [WS] 🗺️ Broadcast recibido. Avatares: 1 [Hijo Test(2)] @ https://jimsimrodev.github.io/pequenos-sanos/assets/index-C7AoTPzR.js:82
[  263553ms] [LOG] [WS] 🗺️ Broadcast recibido. Avatares: 1 [Hijo Test(2)] @ https://jimsimrodev.github.io/pequenos-sanos/assets/index-C7AoTPzR.js:82
[  263584ms] [LOG] [WS] 🗺️ Broadcast recibido. Avatares: 1 [Hijo Test(2)] @ https://jimsimrodev.github.io/pequenos-sanos/assets/index-C7AoTPzR.js:82
[  263616ms] [LOG] [WS] 🗺️ Broadcast recibido. Avatares: 1 [Hijo Test(2)] @ https://jimsimrodev.github.io/pequenos-sanos/assets/index-C7AoTPzR.js:82
[  263651ms] [LOG] [WS] 🗺️ Broadcast recibido. Avatares: 1 [Hijo Test(2)] @ https://jimsimrodev.github.io/pequenos-sanos/assets/index-C7AoTPzR.js:82
[  263681ms] [LOG] [WS] 🗺️ Broadcast recibido. Avatares: 1 [Hijo Test(2)] @ https://jimsimrodev.github.io/pequenos-sanos/assets/index-C7AoTPzR.js:82
[  263713ms] [LOG] [WS] 🗺️ Broadcast recibido. Avatares: 1 [Hijo Test(2)] @ https://jimsimrodev.github.io/pequenos-sanos/assets/index-C7AoTPzR.js:82
[  263740ms] [LOG] [WS] 🗺️ Broadcast recibido. Avatares: 1 [Hijo Test(2)] @ https://jimsimrodev.github.io/pequenos-sanos/assets/index-C7AoTPzR.js:82
[  263772ms] [LOG] [WS] 🗺️ Broadcast recibido. Avatares: 1 [Hijo Test(2)] @ https://jimsimrodev.github.io/pequenos-sanos/assets/index-C7AoTPzR.js:82
[  263814ms] [LOG] [WS] 🗺️ Broadcast recibido. Avatares: 1 [Hijo Test(2)] @ https://jimsimrodev.github.io/pequenos-sanos/assets/index-C7AoTPzR.js:82
[  263848ms] [LOG] [WS] 🗺️ Broadcast recibido. Avatares: 1 [Hijo Test(2)] @ https://jimsimrodev.github.io/pequenos-sanos/assets/index-C7AoTPzR.js:82
[  263887ms] [LOG] [WS] 🗺️ Broadcast recibido. Avatares: 1 [Hijo Test(2)] @ https://jimsimrodev.github.io/pequenos-sanos/assets/index-C7AoTPzR.js:82
[  263921ms] [LOG] [WS] 🗺️ Broadcast recibido. Avatares: 1 [Hijo Test(2)] @ https://jimsimrodev.github.io/pequenos-sanos/assets/index-C7AoTPzR.js:82
[  263954ms] [LOG] [WS] 🗺️ Broadcast recibido. Avatares: 1 [Hijo Test(2)] @ https://jimsimrodev.github.io/pequenos-sanos/assets/index-C7AoTPzR.js:82
[  263988ms] [LOG] [WS] 🗺️ Broadcast recibido. Avatares: 1 [Hijo Test(2)] @ https://jimsimrodev.github.io/pequenos-sanos/assets/index-C7AoTPzR.js:82
[  264024ms] [LOG] [WS] 🗺️ Broadcast recibido. Avatares: 1 [Hijo Test(2)] @ https://jimsimrodev.github.io/pequenos-sanos/assets/index-C7AoTPzR.js:82
[  264062ms] [LOG] [WS] 🗺️ Broadcast recibido. Avatares: 1 [Hijo Test(2)] @ https://jimsimrodev.github.io/pequenos-sanos/assets/index-C7AoTPzR.js:82
[  264097ms] [LOG] [WS] 🗺️ Broadcast recibido. Avatares: 1 [Hijo Test(2)] @ https://jimsimrodev.github.io/pequenos-sanos/assets/index-C7AoTPzR.js:82
[  264130ms] [LOG] [WS] 🗺️ Broadcast recibido. Avatares: 1 [Hijo Test(2)] @ https://jimsimrodev.github.io/pequenos-sanos/assets/index-C7AoTPzR.js:82
[  264161ms] [LOG] [WS] 🗺️ Broadcast recibido. Avatares: 1 [Hijo Test(2)] @ https://jimsimrodev.github.io/pequenos-sanos/assets/index-C7AoTPzR.js:82
[  264191ms] [LOG] [WS] 🗺️ Broadcast recibido. Avatares: 1 [Hijo Test(2)] @ https://jimsimrodev.github.io/pequenos-sanos/assets/index-C7AoTPzR.js:82
[  264224ms] [LOG] [WS] 🗺️ Broadcast recibido. Avatares: 1 [Hijo Test(2)] @ https://jimsimrodev.github.io/pequenos-sanos/assets/index-C7AoTPzR.js:82
[  264263ms] [LOG] [WS] 🗺️ Broadcast recibido. Avatares: 1 [Hijo Test(2)] @ https://jimsimrodev.github.io/pequenos-sanos/assets/index-C7AoTPzR.js:82
[  264308ms] [LOG] [WS] 🗺️ Broadcast recibido. Avatares: 1 [Hijo Test(2)] @ https://jimsimrodev.github.io/pequenos-sanos/assets/index-C7AoTPzR.js:82
[  264354ms] [LOG] [WS] 🗺️ Broadcast recibido. Avatares: 1 [Hijo Test(2)] @ https://jimsimrodev.github.io/pequenos-sanos/assets/index-C7AoTPzR.js:82
[  264356ms] [LOG] [WS] 🗺️ Broadcast recibido. Avatares: 1 [Hijo Test(2)] @ https://jimsimrodev.github.io/pequenos-sanos/assets/index-C7AoTPzR.js:82
[  264394ms] [LOG] [WS] 🗺️ Broadcast recibido. Avatares: 1 [Hijo Test(2)] @ https://jimsimrodev.github.io/pequenos-sanos/assets/index-C7AoTPzR.js:82
[  264435ms] [LOG] [WS] 🗺️ Broadcast recibido. Avatares: 1 [Hijo Test(2)] @ https://jimsimrodev.github.io/pequenos-sanos/assets/index-C7AoTPzR.js:82
[  264472ms] [LOG] [WS] 🗺️ Broadcast recibido. Avatares: 1 [Hijo Test(2)] @ https://jimsimrodev.github.io/pequenos-sanos/assets/index-C7AoTPzR.js:82
[  264474ms] [LOG] [WS] 🗺️ Broadcast recibido. Avatares: 1 [Hijo Test(2)] @ https://jimsimrodev.github.io/pequenos-sanos/assets/index-C7AoTPzR.js:82
[  264508ms] [LOG] [WS] 🗺️ Broadcast recibido. Avatares: 1 [Hijo Test(2)] @ https://jimsimrodev.github.io/pequenos-sanos/assets/index-C7AoTPzR.js:82
[  264546ms] [LOG] [WS] 🗺️ Broadcast recibido. Avatares: 1 [Hijo Test(2)] @ https://jimsimrodev.github.io/pequenos-sanos/assets/index-C7AoTPzR.js:82
[  264579ms] [LOG] [WS] 🗺️ Broadcast recibido. Avatares: 1 [Hijo Test(2)] @ https://jimsimrodev.github.io/pequenos-sanos/assets/index-C7AoTPzR.js:82
[  264612ms] [LOG] [WS] 🗺️ Broadcast recibido. Avatares: 1 [Hijo Test(2)] @ https://jimsimrodev.github.io/pequenos-sanos/assets/index-C7AoTPzR.js:82
[  264646ms] [LOG] [WS] 🗺️ Broadcast recibido. Avatares: 1 [Hijo Test(2)] @ https://jimsimrodev.github.io/pequenos-sanos/assets/index-C7AoTPzR.js:82
[  264680ms] [LOG] [WS] 🗺️ Broadcast recibido. Avatares: 1 [Hijo Test(2)] @ https://jimsimrodev.github.io/pequenos-sanos/assets/index-C7AoTPzR.js:82
[  264727ms] [LOG] [WS] 🗺️ Broadcast recibido. Avatares: 1 [Hijo Test(2)] @ https://jimsimrodev.github.io/pequenos-sanos/assets/index-C7AoTPzR.js:82
[  264772ms] [LOG] [WS] 🗺️ Broadcast recibido. Avatares: 1 [Hijo Test(2)] @ https://jimsimrodev.github.io/pequenos-sanos/assets/index-C7AoTPzR.js:82
[  264811ms] [LOG] [WS] 🗺️ Broadcast recibido. Avatares: 1 [Hijo Test(2)] @ https://jimsimrodev.github.io/pequenos-sanos/assets/index-C7AoTPzR.js:82
[  264811ms] [LOG] [WS] 🗺️ Broadcast recibido. Avatares: 1 [Hijo Test(2)] @ https://jimsimrodev.github.io/pequenos-sanos/assets/index-C7AoTPzR.js:82
[  264850ms] [LOG] [WS] 🗺️ Broadcast recibido. Avatares: 1 [Hijo Test(2)] @ https://jimsimrodev.github.io/pequenos-sanos/assets/index-C7AoTPzR.js:82
[  264890ms] [LOG] [WS] 🗺️ Broadcast recibido. Avatares: 1 [Hijo Test(2)] @ https://jimsimrodev.github.io/pequenos-sanos/assets/index-C7AoTPzR.js:82
[  264933ms] [LOG] [WS] 🗺️ Broadcast recibido. Avatares: 1 [Hijo Test(2)] @ https://jimsimrodev.github.io/pequenos-sanos/assets/index-C7AoTPzR.js:82
[  264974ms] [LOG] [WS] 🗺️ Broadcast recibido. Avatares: 1 [Hijo Test(2)] @ https://jimsimrodev.github.io/pequenos-sanos/assets/index-C7AoTPzR.js:82
[  264975ms] [LOG] [WS] 🗺️ Broadcast recibido. Avatares: 1 [Hijo Test(2)] @ https://jimsimrodev.github.io/pequenos-sanos/assets/index-C7AoTPzR.js:82
[  265013ms] [LOG] [WS] 🗺️ Broadcast recibido. Avatares: 1 [Hijo Test(2)] @ https://jimsimrodev.github.io/pequenos-sanos/assets/index-C7AoTPzR.js:82
[  265049ms] [LOG] [WS] 🗺️ Broadcast recibido. Avatares: 1 [Hijo Test(2)] @ https://jimsimrodev.github.io/pequenos-sanos/assets/index-C7AoTPzR.js:82
[  265090ms] [LOG] [WS] 🗺️ Broadcast recibido. Avatares: 1 [Hijo Test(2)] @ https://jimsimrodev.github.io/pequenos-sanos/assets/index-C7AoTPzR.js:82
[  265127ms] [LOG] [WS] 🗺️ Broadcast recibido. Avatares: 1 [Hijo Test(2)] @ https://jimsimrodev.github.io/pequenos-sanos/assets/index-C7AoTPzR.js:82
[  265166ms] [LOG] [WS] 🗺️ Broadcast recibido. Avatares: 1 [Hijo Test(2)] @ https://jimsimrodev.github.io/pequenos-sanos/assets/index-C7AoTPzR.js:82
[  265168ms] [LOG] [WS] 🗺️ Broadcast recibido. Avatares: 1 [Hijo Test(2)] @ https://jimsimrodev.github.io/pequenos-sanos/assets/index-C7AoTPzR.js:82
[  265199ms] [LOG] [WS] 🗺️ Broadcast recibido. Avatares: 1 [Hijo Test(2)] @ https://jimsimrodev.github.io/pequenos-sanos/assets/index-C7AoTPzR.js:82
[  265235ms] [LOG] [WS] 🗺️ Broadcast recibido. Avatares: 1 [Hijo Test(2)] @ https://jimsimrodev.github.io/pequenos-sanos/assets/index-C7AoTPzR.js:82
[  265275ms] [LOG] [WS] 🗺️ Broadcast recibido. Avatares: 1 [Hijo Test(2)] @ https://jimsimrodev.github.io/pequenos-sanos/assets/index-C7AoTPzR.js:82
[  265308ms] [LOG] [WS] 🗺️ Broadcast recibido. Avatares: 1 [Hijo Test(2)] @ https://jimsimrodev.github.io/pequenos-sanos/assets/index-C7AoTPzR.js:82
[  265353ms] [LOG] [WS] 🗺️ Broadcast recibido. Avatares: 1 [Hijo Test(2)] @ https://jimsimrodev.github.io/pequenos-sanos/assets/index-C7AoTPzR.js:82
[  265411ms] [LOG] [WS] 🗺️ Broadcast recibido. Avatares: 1 [Hijo Test(2)] @ https://jimsimrodev.github.io/pequenos-sanos/assets/index-C7AoTPzR.js:82
[  265463ms] [LOG] [WS] 🗺️ Broadcast recibido. Avatares: 1 [Hijo Test(2)] @ https://jimsimrodev.github.io/pequenos-sanos/assets/index-C7AoTPzR.js:82
[  265463ms] [LOG] [WS] 🗺️ Broadcast recibido. Avatares: 1 [Hijo Test(2)] @ https://jimsimrodev.github.io/pequenos-sanos/assets/index-C7AoTPzR.js:82
[  265504ms] [LOG] [WS] 🗺️ Broadcast recibido. Avatares: 1 [Hijo Test(2)] @ https://jimsimrodev.github.io/pequenos-sanos/assets/index-C7AoTPzR.js:82
[  265504ms] [LOG] [WS] 🗺️ Broadcast recibido. Avatares: 1 [Hijo Test(2)] @ https://jimsimrodev.github.io/pequenos-sanos/assets/index-C7AoTPzR.js:82
[  265547ms] [LOG] [WS] 🗺️ Broadcast recibido. Avatares: 1 [Hijo Test(2)] @ https://jimsimrodev.github.io/pequenos-sanos/assets/index-C7AoTPzR.js:82
[  265584ms] [LOG] [WS] 🗺️ Broadcast recibido. Avatares: 1 [Hijo Test(2)] @ https://jimsimrodev.github.io/pequenos-sanos/assets/index-C7AoTPzR.js:82
[  265621ms] [LOG] [WS] 🗺️ Broadcast recibido. Avatares: 1 [Hijo Test(2)] @ https://jimsimrodev.github.io/pequenos-sanos/assets/index-C7AoTPzR.js:82
[  265656ms] [LOG] [WS] 🗺️ Broadcast recibido. Avatares: 1 [Hijo Test(2)] @ https://jimsimrodev.github.io/pequenos-sanos/assets/index-C7AoTPzR.js:82
[  265656ms] [LOG] [WS] 🗺️ Broadcast recibido. Avatares: 1 [Hijo Test(2)] @ https://jimsimrodev.github.io/pequenos-sanos/assets/index-C7AoTPzR.js:82
[  265700ms] [LOG] [WS] 🗺️ Broadcast recibido. Avatares: 1 [Hijo Test(2)] @ https://jimsimrodev.github.io/pequenos-sanos/assets/index-C7AoTPzR.js:82
[  265733ms] [LOG] [WS] 🗺️ Broadcast recibido. Avatares: 1 [Hijo Test(2)] @ https://jimsimrodev.github.io/pequenos-sanos/assets/index-C7AoTPzR.js:82
[  265784ms] [LOG] [WS] 🗺️ Broadcast recibido. Avatares: 1 [Hijo Test(2)] @ https://jimsimrodev.github.io/pequenos-sanos/assets/index-C7AoTPzR.js:82
[  265838ms] [LOG] [WS] 🗺️ Broadcast recibido. Avatares: 1 [Hijo Test(2)] @ https://jimsimrodev.github.io/pequenos-sanos/assets/index-C7AoTPzR.js:82
[  265888ms] [LOG] [WS] 🗺️ Broadcast recibido. Avatares: 1 [Hijo Test(2)] @ https://jimsimrodev.github.io/pequenos-sanos/assets/index-C7AoTPzR.js:82
[  265888ms] [LOG] [WS] 🗺️ Broadcast recibido. Avatares: 1 [Hijo Test(2)] @ https://jimsimrodev.github.io/pequenos-sanos/assets/index-C7AoTPzR.js:82
[  265928ms] [LOG] [WS] 🗺️ Broadcast recibido. Avatares: 1 [Hijo Test(2)] @ https://jimsimrodev.github.io/pequenos-sanos/assets/index-C7AoTPzR.js:82
[  265929ms] [LOG] [WS] 🗺️ Broadcast recibido. Avatares: 1 [Hijo Test(2)] @ https://jimsimrodev.github.io/pequenos-sanos/assets/index-C7AoTPzR.js:82
[  265994ms] [LOG] [WS] 🗺️ Broadcast recibido. Avatares: 1 [Hijo Test(2)] @ https://jimsimrodev.github.io/pequenos-sanos/assets/index-C7AoTPzR.js:82
[  266034ms] [LOG] [WS] 🗺️ Broadcast recibido. Avatares: 1 [Hijo Test(2)] @ https://jimsimrodev.github.io/pequenos-sanos/assets/index-C7AoTPzR.js:82
[  266035ms] [LOG] [WS] 🗺️ Broadcast recibido. Avatares: 1 [Hijo Test(2)] @ https://jimsimrodev.github.io/pequenos-sanos/assets/index-C7AoTPzR.js:82
[  266084ms] [LOG] [WS] 🗺️ Broadcast recibido. Avatares: 1 [Hijo Test(2)] @ https://jimsimrodev.github.io/pequenos-sanos/assets/index-C7AoTPzR.js:82
[  266134ms] [LOG] [WS] 🗺️ Broadcast recibido. Avatares: 1 [Hijo Test(2)] @ https://jimsimrodev.github.io/pequenos-sanos/assets/index-C7AoTPzR.js:82
[  266135ms] [LOG] [WS] 🗺️ Broadcast recibido. Avatares: 1 [Hijo Test(2)] @ https://jimsimrodev.github.io/pequenos-sanos/assets/index-C7AoTPzR.js:82
[  266187ms] [LOG] [WS] 🗺️ Broadcast recibido. Avatares: 1 [Hijo Test(2)] @ https://jimsimrodev.github.io/pequenos-sanos/assets/index-C7AoTPzR.js:82
[  266235ms] [LOG] [WS] 🗺️ Broadcast recibido. Avatares: 1 [Hijo Test(2)] @ https://jimsimrodev.github.io/pequenos-sanos/assets/index-C7AoTPzR.js:82
[  266236ms] [LOG] [WS] 🗺️ Broadcast recibido. Avatares: 1 [Hijo Test(2)] @ https://jimsimrodev.github.io/pequenos-sanos/assets/index-C7AoTPzR.js:82
[  266267ms] [LOG] [WS] 🗺️ Broadcast recibido. Avatares: 1 [Hijo Test(2)] @ https://jimsimrodev.github.io/pequenos-sanos/assets/index-C7AoTPzR.js:82
[  266305ms] [LOG] [WS] 🗺️ Broadcast recibido. Avatares: 1 [Hijo Test(2)] @ https://jimsimrodev.github.io/pequenos-sanos/assets/index-C7AoTPzR.js:82
[  266336ms] [LOG] [WS] 🗺️ Broadcast recibido. Avatares: 1 [Hijo Test(2)] @ https://jimsimrodev.github.io/pequenos-sanos/assets/index-C7AoTPzR.js:82
[  266382ms] [LOG] [WS] 🗺️ Broadcast recibido. Avatares: 1 [Hijo Test(2)] @ https://jimsimrodev.github.io/pequenos-sanos/assets/index-C7AoTPzR.js:82
[  266431ms] [LOG] [WS] 🗺️ Broadcast recibido. Avatares: 1 [Hijo Test(2)] @ https://jimsimrodev.github.io/pequenos-sanos/assets/index-C7AoTPzR.js:82
[  266431ms] [LOG] [WS] 🗺️ Broadcast recibido. Avatares: 1 [Hijo Test(2)] @ https://jimsimrodev.github.io/pequenos-sanos/assets/index-C7AoTPzR.js:82
[  266468ms] [LOG] [WS] 🗺️ Broadcast recibido. Avatares: 1 [Hijo Test(2)] @ https://jimsimrodev.github.io/pequenos-sanos/assets/index-C7AoTPzR.js:82
[  266506ms] [LOG] [WS] 🗺️ Broadcast recibido. Avatares: 1 [Hijo Test(2)] @ https://jimsimrodev.github.io/pequenos-sanos/assets/index-C7AoTPzR.js:82
[  266543ms] [LOG] [WS] 🗺️ Broadcast recibido. Avatares: 1 [Hijo Test(2)] @ https://jimsimrodev.github.io/pequenos-sanos/assets/index-C7AoTPzR.js:82
[  266581ms] [LOG] [WS] 🗺️ Broadcast recibido. Avatares: 1 [Hijo Test(2)] @ https://jimsimrodev.github.io/pequenos-sanos/assets/index-C7AoTPzR.js:82
[  266622ms] [LOG] [WS] 🗺️ Broadcast recibido. Avatares: 1 [Hijo Test(2)] @ https://jimsimrodev.github.io/pequenos-sanos/assets/index-C7AoTPzR.js:82
[  266622ms] [LOG] [WS] 🗺️ Broadcast recibido. Avatares: 1 [Hijo Test(2)] @ https://jimsimrodev.github.io/pequenos-sanos/assets/index-C7AoTPzR.js:82
[  266658ms] [LOG] [WS] 🗺️ Broadcast recibido. Avatares: 1 [Hijo Test(2)] @ https://jimsimrodev.github.io/pequenos-sanos/assets/index-C7AoTPzR.js:82
[  266691ms] [LOG] [WS] 🗺️ Broadcast recibido. Avatares: 1 [Hijo Test(2)] @ https://jimsimrodev.github.io/pequenos-sanos/assets/index-C7AoTPzR.js:82
[  266728ms] [LOG] [WS] 🗺️ Broadcast recibido. Avatares: 1 [Hijo Test(2)] @ https://jimsimrodev.github.io/pequenos-sanos/assets/index-C7AoTPzR.js:82
[  266761ms] [LOG] [WS] 🗺️ Broadcast recibido. Avatares: 1 [Hijo Test(2)] @ https://jimsimrodev.github.io/pequenos-sanos/assets/index-C7AoTPzR.js:82
[  266799ms] [LOG] [WS] 🗺️ Broadcast recibido. Avatares: 1 [Hijo Test(2)] @ https://jimsimrodev.github.io/pequenos-sanos/assets/index-C7AoTPzR.js:82
[  266831ms] [LOG] [WS] 🗺️ Broadcast recibido. Avatares: 1 [Hijo Test(2)] @ https://jimsimrodev.github.io/pequenos-sanos/assets/index-C7AoTPzR.js:82
[  266868ms] [LOG] [WS] 🗺️ Broadcast recibido. Avatares: 1 [Hijo Test(2)] @ https://jimsimrodev.github.io/pequenos-sanos/assets/index-C7AoTPzR.js:82
[  266909ms] [LOG] [WS] 🗺️ Broadcast recibido. Avatares: 1 [Hijo Test(2)] @ https://jimsimrodev.github.io/pequenos-sanos/assets/index-C7AoTPzR.js:82
[  266947ms] [LOG] [WS] 🗺️ Broadcast recibido. Avatares: 1 [Hijo Test(2)] @ https://jimsimrodev.github.io/pequenos-sanos/assets/index-C7AoTPzR.js:82
[  266983ms] [LOG] [WS] 🗺️ Broadcast recibido. Avatares: 1 [Hijo Test(2)] @ https://jimsimrodev.github.io/pequenos-sanos/assets/index-C7AoTPzR.js:82
[  266983ms] [LOG] [WS] 🗺️ Broadcast recibido. Avatares: 1 [Hijo Test(2)] @ https://jimsimrodev.github.io/pequenos-sanos/assets/index-C7AoTPzR.js:82
[  267021ms] [LOG] [WS] 🗺️ Broadcast recibido. Avatares: 1 [Hijo Test(2)] @ https://jimsimrodev.github.io/pequenos-sanos/assets/index-C7AoTPzR.js:82
[  267056ms] [LOG] [WS] 🗺️ Broadcast recibido. Avatares: 1 [Hijo Test(2)] @ https://jimsimrodev.github.io/pequenos-sanos/assets/index-C7AoTPzR.js:82
[  267091ms] [LOG] [WS] 🗺️ Broadcast recibido. Avatares: 1 [Hijo Test(2)] @ https://jimsimrodev.github.io/pequenos-sanos/assets/index-C7AoTPzR.js:82
[  267124ms] [LOG] [WS] 🗺️ Broadcast recibido. Avatares: 1 [Hijo Test(2)] @ https://jimsimrodev.github.io/pequenos-sanos/assets/index-C7AoTPzR.js:82
[  267158ms] [LOG] [WS] 🗺️ Broadcast recibido. Avatares: 1 [Hijo Test(2)] @ https://jimsimrodev.github.io/pequenos-sanos/assets/index-C7AoTPzR.js:82
[  267204ms] [LOG] [WS] 🗺️ Broadcast recibido. Avatares: 1 [Hijo Test(2)] @ https://jimsimrodev.github.io/pequenos-sanos/assets/index-C7AoTPzR.js:82
[  267238ms] [LOG] [WS] 🗺️ Broadcast recibido. Avatares: 1 [Hijo Test(2)] @ https://jimsimrodev.github.io/pequenos-sanos/assets/index-C7AoTPzR.js:82
[  267270ms] [LOG] [WS] 🗺️ Broadcast recibido. Avatares: 1 [Hijo Test(2)] @ https://jimsimrodev.github.io/pequenos-sanos/assets/index-C7AoTPzR.js:82
[  267271ms] [LOG] [WS] 🗺️ Broadcast recibido. Avatares: 1 [Hijo Test(2)] @ https://jimsimrodev.github.io/pequenos-sanos/assets/index-C7AoTPzR.js:82
[  267303ms] [LOG] [WS] 🗺️ Broadcast recibido. Avatares: 1 [Hijo Test(2)] @ https://jimsimrodev.github.io/pequenos-sanos/assets/index-C7AoTPzR.js:82
[  267332ms] [LOG] [WS] 🗺️ Broadcast recibido. Avatares: 1 [Hijo Test(2)] @ https://jimsimrodev.github.io/pequenos-sanos/assets/index-C7AoTPzR.js:82
[  267360ms] [LOG] [WS] 🗺️ Broadcast recibido. Avatares: 1 [Hijo Test(2)] @ https://jimsimrodev.github.io/pequenos-sanos/assets/index-C7AoTPzR.js:82
[  267392ms] [LOG] [WS] 🗺️ Broadcast recibido. Avatares: 1 [Hijo Test(2)] @ https://jimsimrodev.github.io/pequenos-sanos/assets/index-C7AoTPzR.js:82
[  267434ms] [LOG] [WS] 🗺️ Broadcast recibido. Avatares: 1 [Hijo Test(2)] @ https://jimsimrodev.github.io/pequenos-sanos/assets/index-C7AoTPzR.js:82
[  267468ms] [LOG] [WS] 🗺️ Broadcast recibido. Avatares: 1 [Hijo Test(2)] @ https://jimsimrodev.github.io/pequenos-sanos/assets/index-C7AoTPzR.js:82
[  267504ms] [LOG] [WS] 🗺️ Broadcast recibido. Avatares: 1 [Hijo Test(2)] @ https://jimsimrodev.github.io/pequenos-sanos/assets/index-C7AoTPzR.js:82
[  267553ms] [LOG] [WS] 🗺️ Broadcast recibido. Avatares: 1 [Hijo Test(2)] @ https://jimsimrodev.github.io/pequenos-sanos/assets/index-C7AoTPzR.js:82
[  267590ms] [LOG] [WS] 🗺️ Broadcast recibido. Avatares: 1 [Hijo Test(2)] @ https://jimsimrodev.github.io/pequenos-sanos/assets/index-C7AoTPzR.js:82
[  267627ms] [LOG] [WS] 🗺️ Broadcast recibido. Avatares: 1 [Hijo Test(2)] @ https://jimsimrodev.github.io/pequenos-sanos/assets/index-C7AoTPzR.js:82
[  267696ms] [LOG] [WS] 🗺️ Broadcast recibido. Avatares: 1 [Hijo Test(2)] @ https://jimsimrodev.github.io/pequenos-sanos/assets/index-C7AoTPzR.js:82
[  267743ms] [LOG] [WS] 🗺️ Broadcast recibido. Avatares: 1 [Hijo Test(2)] @ https://jimsimrodev.github.io/pequenos-sanos/assets/index-C7AoTPzR.js:82
[  267744ms] [LOG] [WS] 🗺️ Broadcast recibido. Avatares: 1 [Hijo Test(2)] @ https://jimsimrodev.github.io/pequenos-sanos/assets/index-C7AoTPzR.js:82
[  267788ms] [LOG] [WS] 🗺️ Broadcast recibido. Avatares: 1 [Hijo Test(2)] @ https://jimsimrodev.github.io/pequenos-sanos/assets/index-C7AoTPzR.js:82
[  267789ms] [LOG] [WS] 🗺️ Broadcast recibido. Avatares: 1 [Hijo Test(2)] @ https://jimsimrodev.github.io/pequenos-sanos/assets/index-C7AoTPzR.js:82
[  267827ms] [LOG] [WS] 🗺️ Broadcast recibido. Avatares: 1 [Hijo Test(2)] @ https://jimsimrodev.github.io/pequenos-sanos/assets/index-C7AoTPzR.js:82
[  267877ms] [LOG] [WS] 🗺️ Broadcast recibido. Avatares: 1 [Hijo Test(2)] @ https://jimsimrodev.github.io/pequenos-sanos/assets/index-C7AoTPzR.js:82
[  267921ms] [LOG] [WS] 🗺️ Broadcast recibido. Avatares: 1 [Hijo Test(2)] @ https://jimsimrodev.github.io/pequenos-sanos/assets/index-C7AoTPzR.js:82
[  267922ms] [LOG] [WS] 🗺️ Broadcast recibido. Avatares: 1 [Hijo Test(2)] @ https://jimsimrodev.github.io/pequenos-sanos/assets/index-C7AoTPzR.js:82
[  267971ms] [LOG] [WS] 🗺️ Broadcast recibido. Avatares: 1 [Hijo Test(2)] @ https://jimsimrodev.github.io/pequenos-sanos/assets/index-C7AoTPzR.js:82
[  268016ms] [LOG] [WS] 🗺️ Broadcast recibido. Avatares: 1 [Hijo Test(2)] @ https://jimsimrodev.github.io/pequenos-sanos/assets/index-C7AoTPzR.js:82
[  268017ms] [LOG] [WS] 🗺️ Broadcast recibido. Avatares: 1 [Hijo Test(2)] @ https://jimsimrodev.github.io/pequenos-sanos/assets/index-C7AoTPzR.js:82
[  268064ms] [LOG] [WS] 🗺️ Broadcast recibido. Avatares: 1 [Hijo Test(2)] @ https://jimsimrodev.github.io/pequenos-sanos/assets/index-C7AoTPzR.js:82
[  268108ms] [LOG] [WS] 🗺️ Broadcast recibido. Avatares: 1 [Hijo Test(2)] @ https://jimsimrodev.github.io/pequenos-sanos/assets/index-C7AoTPzR.js:82
[  268109ms] [LOG] [WS] 🗺️ Broadcast recibido. Avatares: 1 [Hijo Test(2)] @ https://jimsimrodev.github.io/pequenos-sanos/assets/index-C7AoTPzR.js:82
[  268151ms] [LOG] [WS] 🗺️ Broadcast recibido. Avatares: 1 [Hijo Test(2)] @ https://jimsimrodev.github.io/pequenos-sanos/assets/index-C7AoTPzR.js:82
[  268192ms] [LOG] [WS] 🗺️ Broadcast recibido. Avatares: 1 [Hijo Test(2)] @ https://jimsimrodev.github.io/pequenos-sanos/assets/index-C7AoTPzR.js:82
[  268239ms] [LOG] [WS] 🗺️ Broadcast recibido. Avatares: 1 [Hijo Test(2)] @ https://jimsimrodev.github.io/pequenos-sanos/assets/index-C7AoTPzR.js:82
[  268279ms] [LOG] [WS] 🗺️ Broadcast recibido. Avatares: 1 [Hijo Test(2)] @ https://jimsimrodev.github.io/pequenos-sanos/assets/index-C7AoTPzR.js:82
[  268280ms] [LOG] [WS] 🗺️ Broadcast recibido. Avatares: 1 [Hijo Test(2)] @ https://jimsimrodev.github.io/pequenos-sanos/assets/index-C7AoTPzR.js:82
[  268318ms] [LOG] [WS] 🗺️ Broadcast recibido. Avatares: 1 [Hijo Test(2)] @ https://jimsimrodev.github.io/pequenos-sanos/assets/index-C7AoTPzR.js:82
[  268351ms] [LOG] [WS] 🗺️ Broadcast recibido. Avatares: 1 [Hijo Test(2)] @ https://jimsimrodev.github.io/pequenos-sanos/assets/index-C7AoTPzR.js:82
[  268386ms] [LOG] [WS] 🗺️ Broadcast recibido. Avatares: 1 [Hijo Test(2)] @ https://jimsimrodev.github.io/pequenos-sanos/assets/index-C7AoTPzR.js:82
[  268426ms] [LOG] [WS] 🗺️ Broadcast recibido. Avatares: 1 [Hijo Test(2)] @ https://jimsimrodev.github.io/pequenos-sanos/assets/index-C7AoTPzR.js:82
[  268466ms] [LOG] [WS] 🗺️ Broadcast recibido. Avatares: 1 [Hijo Test(2)] @ https://jimsimrodev.github.io/pequenos-sanos/assets/index-C7AoTPzR.js:82
[  268504ms] [LOG] [WS] 🗺️ Broadcast recibido. Avatares: 1 [Hijo Test(2)] @ https://jimsimrodev.github.io/pequenos-sanos/assets/index-C7AoTPzR.js:82
[  268505ms] [LOG] [WS] 🗺️ Broadcast recibido. Avatares: 1 [Hijo Test(2)] @ https://jimsimrodev.github.io/pequenos-sanos/assets/index-C7AoTPzR.js:82
[  268547ms] [LOG] [WS] 🗺️ Broadcast recibido. Avatares: 1 [Hijo Test(2)] @ https://jimsimrodev.github.io/pequenos-sanos/assets/index-C7AoTPzR.js:82
[  268587ms] [LOG] [WS] 🗺️ Broadcast recibido. Avatares: 1 [Hijo Test(2)] @ https://jimsimrodev.github.io/pequenos-sanos/assets/index-C7AoTPzR.js:82
[  268630ms] [LOG] [WS] 🗺️ Broadcast recibido. Avatares: 1 [Hijo Test(2)] @ https://jimsimrodev.github.io/pequenos-sanos/assets/index-C7AoTPzR.js:82
[  268668ms] [LOG] [WS] 🗺️ Broadcast recibido. Avatares: 1 [Hijo Test(2)] @ https://jimsimrodev.github.io/pequenos-sanos/assets/index-C7AoTPzR.js:82
[  268669ms] [LOG] [WS] 🗺️ Broadcast recibido. Avatares: 1 [Hijo Test(2)] @ https://jimsimrodev.github.io/pequenos-sanos/assets/index-C7AoTPzR.js:82
[  268716ms] [LOG] [WS] 🗺️ Broadcast recibido. Avatares: 1 [Hijo Test(2)] @ https://jimsimrodev.github.io/pequenos-sanos/assets/index-C7AoTPzR.js:82
[  268756ms] [LOG] [WS] 🗺️ Broadcast recibido. Avatares: 1 [Hijo Test(2)] @ https://jimsimrodev.github.io/pequenos-sanos/assets/index-C7AoTPzR.js:82
[  268803ms] [LOG] [WS] 🗺️ Broadcast recibido. Avatares: 1 [Hijo Test(2)] @ https://jimsimrodev.github.io/pequenos-sanos/assets/index-C7AoTPzR.js:82
[  268804ms] [LOG] [WS] 🗺️ Broadcast recibido. Avatares: 1 [Hijo Test(2)] @ https://jimsimrodev.github.io/pequenos-sanos/assets/index-C7AoTPzR.js:82
[  268848ms] [LOG] [WS] 🗺️ Broadcast recibido. Avatares: 1 [Hijo Test(2)] @ https://jimsimrodev.github.io/pequenos-sanos/assets/index-C7AoTPzR.js:82
[  268900ms] [LOG] [WS] 🗺️ Broadcast recibido. Avatares: 1 [Hijo Test(2)] @ https://jimsimrodev.github.io/pequenos-sanos/assets/index-C7AoTPzR.js:82
[  268946ms] [LOG] [WS] 🗺️ Broadcast recibido. Avatares: 1 [Hijo Test(2)] @ https://jimsimrodev.github.io/pequenos-sanos/assets/index-C7AoTPzR.js:82
[  268947ms] [LOG] [WS] 🗺️ Broadcast recibido. Avatares: 1 [Hijo Test(2)] @ https://jimsimrodev.github.io/pequenos-sanos/assets/index-C7AoTPzR.js:82
[  268991ms] [LOG] [WS] 🗺️ Broadcast recibido. Avatares: 1 [Hijo Test(2)] @ https://jimsimrodev.github.io/pequenos-sanos/assets/index-C7AoTPzR.js:82
[  269041ms] [LOG] [WS] 🗺️ Broadcast recibido. Avatares: 1 [Hijo Test(2)] @ https://jimsimrodev.github.io/pequenos-sanos/assets/index-C7AoTPzR.js:82
[  269042ms] [LOG] [WS] 🗺️ Broadcast recibido. Avatares: 1 [Hijo Test(2)] @ https://jimsimrodev.github.io/pequenos-sanos/assets/index-C7AoTPzR.js:82
[  269084ms] [LOG] [WS] 🗺️ Broadcast recibido. Avatares: 1 [Hijo Test(2)] @ https://jimsimrodev.github.io/pequenos-sanos/assets/index-C7AoTPzR.js:82
[  269129ms] [LOG] [WS] 🗺️ Broadcast recibido. Avatares: 1 [Hijo Test(2)] @ https://jimsimrodev.github.io/pequenos-sanos/assets/index-C7AoTPzR.js:82
[  269176ms] [LOG] [WS] 🗺️ Broadcast recibido. Avatares: 1 [Hijo Test(2)] @ https://jimsimrodev.github.io/pequenos-sanos/assets/index-C7AoTPzR.js:82
[  269177ms] [LOG] [WS] 🗺️ Broadcast recibido. Avatares: 1 [Hijo Test(2)] @ https://jimsimrodev.github.io/pequenos-sanos/assets/index-C7AoTPzR.js:82
[  269229ms] [LOG] [WS] 🗺️ Broadcast recibido. Avatares: 1 [Hijo Test(2)] @ https://jimsimrodev.github.io/pequenos-sanos/assets/index-C7AoTPzR.js:82
[  269282ms] [LOG] [WS] 🗺️ Broadcast recibido. Avatares: 1 [Hijo Test(2)] @ https://jimsimrodev.github.io/pequenos-sanos/assets/index-C7AoTPzR.js:82
[  269284ms] [LOG] [WS] 🗺️ Broadcast recibido. Avatares: 1 [Hijo Test(2)] @ https://jimsimrodev.github.io/pequenos-sanos/assets/index-C7AoTPzR.js:82
[  269347ms] [LOG] [WS] 🗺️ Broadcast recibido. Avatares: 1 [Hijo Test(2)] @ https://jimsimrodev.github.io/pequenos-sanos/assets/index-C7AoTPzR.js:82
[  269396ms] [LOG] [WS] 🗺️ Broadcast recibido. Avatares: 1 [Hijo Test(2)] @ https://jimsimrodev.github.io/pequenos-sanos/assets/index-C7AoTPzR.js:82
[  269396ms] [LOG] [WS] 🗺️ Broadcast recibido. Avatares: 1 [Hijo Test(2)] @ https://jimsimrodev.github.io/pequenos-sanos/assets/index-C7AoTPzR.js:82
[  269443ms] [LOG] [WS] 🗺️ Broadcast recibido. Avatares: 1 [Hijo Test(2)] @ https://jimsimrodev.github.io/pequenos-sanos/assets/index-C7AoTPzR.js:82
[  269444ms] [LOG] [WS] 🗺️ Broadcast recibido. Avatares: 1 [Hijo Test(2)] @ https://jimsimrodev.github.io/pequenos-sanos/assets/index-C7AoTPzR.js:82
[  269499ms] [LOG] [WS] 🗺️ Broadcast recibido. Avatares: 1 [Hijo Test(2)] @ https://jimsimrodev.github.io/pequenos-sanos/assets/index-C7AoTPzR.js:82
[  269552ms] [LOG] [WS] 🗺️ Broadcast recibido. Avatares: 1 [Hijo Test(2)] @ https://jimsimrodev.github.io/pequenos-sanos/assets/index-C7AoTPzR.js:82
[  269553ms] [LOG] [WS] 🗺️ Broadcast recibido. Avatares: 1 [Hijo Test(2)] @ https://jimsimrodev.github.io/pequenos-sanos/assets/index-C7AoTPzR.js:82
[  269598ms] [LOG] [WS] 🗺️ Broadcast recibido. Avatares: 1 [Hijo Test(2)] @ https://jimsimrodev.github.io/pequenos-sanos/assets/index-C7AoTPzR.js:82
[  269599ms] [LOG] [WS] 🗺️ Broadcast recibido. Avatares: 1 [Hijo Test(2)] @ https://jimsimrodev.github.io/pequenos-sanos/assets/index-C7AoTPzR.js:82
[  269651ms] [LOG] [WS] 🗺️ Broadcast recibido. Avatares: 1 [Hijo Test(2)] @ https://jimsimrodev.github.io/pequenos-sanos/assets/index-C7AoTPzR.js:82
[  269696ms] [LOG] [WS] 🗺️ Broadcast recibido. Avatares: 1 [Hijo Test(2)] @ https://jimsimrodev.github.io/pequenos-sanos/assets/index-C7AoTPzR.js:82
[  269698ms] [LOG] [WS] 🗺️ Broadcast recibido. Avatares: 1 [Hijo Test(2)] @ https://jimsimrodev.github.io/pequenos-sanos/assets/index-C7AoTPzR.js:82
[  269760ms] [LOG] [WS] 🗺️ Broadcast recibido. Avatares: 1 [Hijo Test(2)] @ https://jimsimrodev.github.io/pequenos-sanos/assets/index-C7AoTPzR.js:82
[  269804ms] [LOG] [WS] 🗺️ Broadcast recibido. Avatares: 1 [Hijo Test(2)] @ https://jimsimrodev.github.io/pequenos-sanos/assets/index-C7AoTPzR.js:82
[  269805ms] [LOG] [WS] 🗺️ Broadcast recibido. Avatares: 1 [Hijo Test(2)] @ https://jimsimrodev.github.io/pequenos-sanos/assets/index-C7AoTPzR.js:82
[  269846ms] [LOG] [WS] 🗺️ Broadcast recibido. Avatares: 1 [Hijo Test(2)] @ https://jimsimrodev.github.io/pequenos-sanos/assets/index-C7AoTPzR.js:82
[  269883ms] [LOG] [WS] 🗺️ Broadcast recibido. Avatares: 1 [Hijo Test(2)] @ https://jimsimrodev.github.io/pequenos-sanos/assets/index-C7AoTPzR.js:82
[  269884ms] [LOG] [WS] 🗺️ Broadcast recibido. Avatares: 1 [Hijo Test(2)] @ https://jimsimrodev.github.io/pequenos-sanos/assets/index-C7AoTPzR.js:82
[  269930ms] [LOG] [WS] 🗺️ Broadcast recibido. Avatares: 1 [Hijo Test(2)] @ https://jimsimrodev.github.io/pequenos-sanos/assets/index-C7AoTPzR.js:82
[  269969ms] [LOG] [WS] 🗺️ Broadcast recibido. Avatares: 1 [Hijo Test(2)] @ https://jimsimrodev.github.io/pequenos-sanos/assets/index-C7AoTPzR.js:82
[  270011ms] [LOG] [WS] 🗺️ Broadcast recibido. Avatares: 1 [Hijo Test(2)] @ https://jimsimrodev.github.io/pequenos-sanos/assets/index-C7AoTPzR.js:82
[  270047ms] [LOG] [WS] 🗺️ Broadcast recibido. Avatares: 1 [Hijo Test(2)] @ https://jimsimrodev.github.io/pequenos-sanos/assets/index-C7AoTPzR.js:82
[  270048ms] [LOG] [WS] 🗺️ Broadcast recibido. Avatares: 1 [Hijo Test(2)] @ https://jimsimrodev.github.io/pequenos-sanos/assets/index-C7AoTPzR.js:82
[  270094ms] [LOG] [WS] 🗺️ Broadcast recibido. Avatares: 1 [Hijo Test(2)] @ https://jimsimrodev.github.io/pequenos-sanos/assets/index-C7AoTPzR.js:82
[  270144ms] [LOG] [WS] 🗺️ Broadcast recibido. Avatares: 1 [Hijo Test(2)] @ https://jimsimrodev.github.io/pequenos-sanos/assets/index-C7AoTPzR.js:82
[  270201ms] [LOG] [WS] 🗺️ Broadcast recibido. Avatares: 1 [Hijo Test(2)] @ https://jimsimrodev.github.io/pequenos-sanos/assets/index-C7AoTPzR.js:82
[  270202ms] [LOG] [WS] 🗺️ Broadcast recibido. Avatares: 1 [Hijo Test(2)] @ https://jimsimrodev.github.io/pequenos-sanos/assets/index-C7AoTPzR.js:82
[  270248ms] [LOG] [WS] 🗺️ Broadcast recibido. Avatares: 1 [Hijo Test(2)] @ https://jimsimrodev.github.io/pequenos-sanos/assets/index-C7AoTPzR.js:82
[  270293ms] [LOG] [WS] 🗺️ Broadcast recibido. Avatares: 1 [Hijo Test(2)] @ https://jimsimrodev.github.io/pequenos-sanos/assets/index-C7AoTPzR.js:82
[  270294ms] [LOG] [WS] 🗺️ Broadcast recibido. Avatares: 1 [Hijo Test(2)] @ https://jimsimrodev.github.io/pequenos-sanos/assets/index-C7AoTPzR.js:82
[  270342ms] [LOG] [WS] 🗺️ Broadcast recibido. Avatares: 1 [Hijo Test(2)] @ https://jimsimrodev.github.io/pequenos-sanos/assets/index-C7AoTPzR.js:82
[  270382ms] [LOG] [WS] 🗺️ Broadcast recibido. Avatares: 1 [Hijo Test(2)] @ https://jimsimrodev.github.io/pequenos-sanos/assets/index-C7AoTPzR.js:82
[  270383ms] [LOG] [WS] 🗺️ Broadcast recibido. Avatares: 1 [Hijo Test(2)] @ https://jimsimrodev.github.io/pequenos-sanos/assets/index-C7AoTPzR.js:82
[  270430ms] [LOG] [WS] 🗺️ Broadcast recibido. Avatares: 1 [Hijo Test(2)] @ https://jimsimrodev.github.io/pequenos-sanos/assets/index-C7AoTPzR.js:82
[  270475ms] [LOG] [WS] 🗺️ Broadcast recibido. Avatares: 1 [Hijo Test(2)] @ https://jimsimrodev.github.io/pequenos-sanos/assets/index-C7AoTPzR.js:82
[  270517ms] [LOG] [WS] 🗺️ Broadcast recibido. Avatares: 1 [Hijo Test(2)] @ https://jimsimrodev.github.io/pequenos-sanos/assets/index-C7AoTPzR.js:82
[  270518ms] [LOG] [WS] 🗺️ Broadcast recibido. Avatares: 1 [Hijo Test(2)] @ https://jimsimrodev.github.io/pequenos-sanos/assets/index-C7AoTPzR.js:82
[  270575ms] [LOG] [WS] 🗺️ Broadcast recibido. Avatares: 1 [Hijo Test(2)] @ https://jimsimrodev.github.io/pequenos-sanos/assets/index-C7AoTPzR.js:82
[  270617ms] [LOG] [WS] 🗺️ Broadcast recibido. Avatares: 1 [Hijo Test(2)] @ https://jimsimrodev.github.io/pequenos-sanos/assets/index-C7AoTPzR.js:82
[  270617ms] [LOG] [WS] 🗺️ Broadcast recibido. Avatares: 1 [Hijo Test(2)] @ https://jimsimrodev.github.io/pequenos-sanos/assets/index-C7AoTPzR.js:82
[  270660ms] [LOG] [WS] 🗺️ Broadcast recibido. Avatares: 1 [Hijo Test(2)] @ https://jimsimrodev.github.io/pequenos-sanos/assets/index-C7AoTPzR.js:82
[  270707ms] [LOG] [WS] 🗺️ Broadcast recibido. Avatares: 1 [Hijo Test(2)] @ https://jimsimrodev.github.io/pequenos-sanos/assets/index-C7AoTPzR.js:82
[  270749ms] [LOG] [WS] 🗺️ Broadcast recibido. Avatares: 1 [Hijo Test(2)] @ https://jimsimrodev.github.io/pequenos-sanos/assets/index-C7AoTPzR.js:82
[  270750ms] [LOG] [WS] 🗺️ Broadcast recibido. Avatares: 1 [Hijo Test(2)] @ https://jimsimrodev.github.io/pequenos-sanos/assets/index-C7AoTPzR.js:82
[  270789ms] [LOG] [WS] 🗺️ Broadcast recibido. Avatares: 1 [Hijo Test(2)] @ https://jimsimrodev.github.io/pequenos-sanos/assets/index-C7AoTPzR.js:82
[  270833ms] [LOG] [WS] 🗺️ Broadcast recibido. Avatares: 1 [Hijo Test(2)] @ https://jimsimrodev.github.io/pequenos-sanos/assets/index-C7AoTPzR.js:82
[  270869ms] [LOG] [WS] 🗺️ Broadcast recibido. Avatares: 1 [Hijo Test(2)] @ https://jimsimrodev.github.io/pequenos-sanos/assets/index-C7AoTPzR.js:82
[  270903ms] [LOG] [WS] 🗺️ Broadcast recibido. Avatares: 1 [Hijo Test(2)] @ https://jimsimrodev.github.io/pequenos-sanos/assets/index-C7AoTPzR.js:82
[  270903ms] [LOG] [WS] 🗺️ Broadcast recibido. Avatares: 1 [Hijo Test(2)] @ https://jimsimrodev.github.io/pequenos-sanos/assets/index-C7AoTPzR.js:82
[  270942ms] [LOG] [WS] 🗺️ Broadcast recibido. Avatares: 1 [Hijo Test(2)] @ https://jimsimrodev.github.io/pequenos-sanos/assets/index-C7AoTPzR.js:82
[  270974ms] [LOG] [WS] 🗺️ Broadcast recibido. Avatares: 1 [Hijo Test(2)] @ https://jimsimrodev.github.io/pequenos-sanos/assets/index-C7AoTPzR.js:82
[  271011ms] [LOG] [WS] 🗺️ Broadcast recibido. Avatares: 1 [Hijo Test(2)] @ https://jimsimrodev.github.io/pequenos-sanos/assets/index-C7AoTPzR.js:82
[  271049ms] [LOG] [WS] 🗺️ Broadcast recibido. Avatares: 1 [Hijo Test(2)] @ https://jimsimrodev.github.io/pequenos-sanos/assets/index-C7AoTPzR.js:82
[  271084ms] [LOG] [WS] 🗺️ Broadcast recibido. Avatares: 1 [Hijo Test(2)] @ https://jimsimrodev.github.io/pequenos-sanos/assets/index-C7AoTPzR.js:82
[  271115ms] [LOG] [WS] 🗺️ Broadcast recibido. Avatares: 1 [Hijo Test(2)] @ https://jimsimrodev.github.io/pequenos-sanos/assets/index-C7AoTPzR.js:82
[  271157ms] [LOG] [WS] 🗺️ Broadcast recibido. Avatares: 1 [Hijo Test(2)] @ https://jimsimrodev.github.io/pequenos-sanos/assets/index-C7AoTPzR.js:82
[  271197ms] [LOG] [WS] 🗺️ Broadcast recibido. Avatares: 1 [Hijo Test(2)] @ https://jimsimrodev.github.io/pequenos-sanos/assets/index-C7AoTPzR.js:82
[  271234ms] [LOG] [WS] 🗺️ Broadcast recibido. Avatares: 1 [Hijo Test(2)] @ https://jimsimrodev.github.io/pequenos-sanos/assets/index-C7AoTPzR.js:82
[  271274ms] [LOG] [WS] 🗺️ Broadcast recibido. Avatares: 1 [Hijo Test(2)] @ https://jimsimrodev.github.io/pequenos-sanos/assets/index-C7AoTPzR.js:82
[  271275ms] [LOG] [WS] 🗺️ Broadcast recibido. Avatares: 1 [Hijo Test(2)] @ https://jimsimrodev.github.io/pequenos-sanos/assets/index-C7AoTPzR.js:82
[  271311ms] [LOG] [WS] 🗺️ Broadcast recibido. Avatares: 1 [Hijo Test(2)] @ https://jimsimrodev.github.io/pequenos-sanos/assets/index-C7AoTPzR.js:82
[  271351ms] [LOG] [WS] 🗺️ Broadcast recibido. Avatares: 1 [Hijo Test(2)] @ https://jimsimrodev.github.io/pequenos-sanos/assets/index-C7AoTPzR.js:82
[  271390ms] [LOG] [WS] 🗺️ Broadcast recibido. Avatares: 1 [Hijo Test(2)] @ https://jimsimrodev.github.io/pequenos-sanos/assets/index-C7AoTPzR.js:82
[  271425ms] [LOG] [WS] 🗺️ Broadcast recibido. Avatares: 1 [Hijo Test(2)] @ https://jimsimrodev.github.io/pequenos-sanos/assets/index-C7AoTPzR.js:82
[  271465ms] [LOG] [WS] 🗺️ Broadcast recibido. Avatares: 1 [Hijo Test(2)] @ https://jimsimrodev.github.io/pequenos-sanos/assets/index-C7AoTPzR.js:82
[  271501ms] [LOG] [WS] 🗺️ Broadcast recibido. Avatares: 1 [Hijo Test(2)] @ https://jimsimrodev.github.io/pequenos-sanos/assets/index-C7AoTPzR.js:82
[  271502ms] [LOG] [WS] 🗺️ Broadcast recibido. Avatares: 1 [Hijo Test(2)] @ https://jimsimrodev.github.io/pequenos-sanos/assets/index-C7AoTPzR.js:82
[  271536ms] [LOG] [WS] 🗺️ Broadcast recibido. Avatares: 1 [Hijo Test(2)] @ https://jimsimrodev.github.io/pequenos-sanos/assets/index-C7AoTPzR.js:82
[  271570ms] [LOG] [WS] 🗺️ Broadcast recibido. Avatares: 1 [Hijo Test(2)] @ https://jimsimrodev.github.io/pequenos-sanos/assets/index-C7AoTPzR.js:82
[  271607ms] [LOG] [WS] 🗺️ Broadcast recibido. Avatares: 1 [Hijo Test(2)] @ https://jimsimrodev.github.io/pequenos-sanos/assets/index-C7AoTPzR.js:82
[  271641ms] [LOG] [WS] 🗺️ Broadcast recibido. Avatares: 1 [Hijo Test(2)] @ https://jimsimrodev.github.io/pequenos-sanos/assets/index-C7AoTPzR.js:82
[  271680ms] [LOG] [WS] 🗺️ Broadcast recibido. Avatares: 1 [Hijo Test(2)] @ https://jimsimrodev.github.io/pequenos-sanos/assets/index-C7AoTPzR.js:82
[  271734ms] [LOG] [WS] 🗺️ Broadcast recibido. Avatares: 1 [Hijo Test(2)] @ https://jimsimrodev.github.io/pequenos-sanos/assets/index-C7AoTPzR.js:82
[  271785ms] [LOG] [WS] 🗺️ Broadcast recibido. Avatares: 1 [Hijo Test(2)] @ https://jimsimrodev.github.io/pequenos-sanos/assets/index-C7AoTPzR.js:82
[  271786ms] [LOG] [WS] 🗺️ Broadcast recibido. Avatares: 1 [Hijo Test(2)] @ https://jimsimrodev.github.io/pequenos-sanos/assets/index-C7AoTPzR.js:82
[  271831ms] [LOG] [WS] 🗺️ Broadcast recibido. Avatares: 1 [Hijo Test(2)] @ https://jimsimrodev.github.io/pequenos-sanos/assets/index-C7AoTPzR.js:82
[  271868ms] [LOG] [WS] 🗺️ Broadcast recibido. Avatares: 1 [Hijo Test(2)] @ https://jimsimrodev.github.io/pequenos-sanos/assets/index-C7AoTPzR.js:82
[  271869ms] [LOG] [WS] 🗺️ Broadcast recibido. Avatares: 1 [Hijo Test(2)] @ https://jimsimrodev.github.io/pequenos-sanos/assets/index-C7AoTPzR.js:82
[  271906ms] [LOG] [WS] 🗺️ Broadcast recibido. Avatares: 1 [Hijo Test(2)] @ https://jimsimrodev.github.io/pequenos-sanos/assets/index-C7AoTPzR.js:82
[  271945ms] [LOG] [WS] 🗺️ Broadcast recibido. Avatares: 1 [Hijo Test(2)] @ https://jimsimrodev.github.io/pequenos-sanos/assets/index-C7AoTPzR.js:82
[  271982ms] [LOG] [WS] 🗺️ Broadcast recibido. Avatares: 1 [Hijo Test(2)] @ https://jimsimrodev.github.io/pequenos-sanos/assets/index-C7AoTPzR.js:82
[  272021ms] [LOG] [WS] 🗺️ Broadcast recibido. Avatares: 1 [Hijo Test(2)] @ https://jimsimrodev.github.io/pequenos-sanos/assets/index-C7AoTPzR.js:82
[  272054ms] [LOG] [WS] 🗺️ Broadcast recibido. Avatares: 1 [Hijo Test(2)] @ https://jimsimrodev.github.io/pequenos-sanos/assets/index-C7AoTPzR.js:82
[  272096ms] [LOG] [WS] 🗺️ Broadcast recibido. Avatares: 1 [Hijo Test(2)] @ https://jimsimrodev.github.io/pequenos-sanos/assets/index-C7AoTPzR.js:82
[  272135ms] [LOG] [WS] 🗺️ Broadcast recibido. Avatares: 1 [Hijo Test(2)] @ https://jimsimrodev.github.io/pequenos-sanos/assets/index-C7AoTPzR.js:82
[  272136ms] [LOG] [WS] 🗺️ Broadcast recibido. Avatares: 1 [Hijo Test(2)] @ https://jimsimrodev.github.io/pequenos-sanos/assets/index-C7AoTPzR.js:82
[  272177ms] [LOG] [WS] 🗺️ Broadcast recibido. Avatares: 1 [Hijo Test(2)] @ https://jimsimrodev.github.io/pequenos-sanos/assets/index-C7AoTPzR.js:82
[  272207ms] [LOG] [WS] 🗺️ Broadcast recibido. Avatares: 1 [Hijo Test(2)] @ https://jimsimrodev.github.io/pequenos-sanos/assets/index-C7AoTPzR.js:82
[  272237ms] [LOG] [WS] 🗺️ Broadcast recibido. Avatares: 1 [Hijo Test(2)] @ https://jimsimrodev.github.io/pequenos-sanos/assets/index-C7AoTPzR.js:82
[  272275ms] [LOG] [WS] 🗺️ Broadcast recibido. Avatares: 1 [Hijo Test(2)] @ https://jimsimrodev.github.io/pequenos-sanos/assets/index-C7AoTPzR.js:82
[  272310ms] [LOG] [WS] 🗺️ Broadcast recibido. Avatares: 1 [Hijo Test(2)] @ https://jimsimrodev.github.io/pequenos-sanos/assets/index-C7AoTPzR.js:82
[  272357ms] [LOG] [WS] 🗺️ Broadcast recibido. Avatares: 1 [Hijo Test(2)] @ https://jimsimrodev.github.io/pequenos-sanos/assets/index-C7AoTPzR.js:82
[  272387ms] [LOG] [WS] 🗺️ Broadcast recibido. Avatares: 1 [Hijo Test(2)] @ https://jimsimrodev.github.io/pequenos-sanos/assets/index-C7AoTPzR.js:82
[  272388ms] [LOG] [WS] 🗺️ Broadcast recibido. Avatares: 1 [Hijo Test(2)] @ https://jimsimrodev.github.io/pequenos-sanos/assets/index-C7AoTPzR.js:82
[  272421ms] [LOG] [WS] 🗺️ Broadcast recibido. Avatares: 1 [Hijo Test(2)] @ https://jimsimrodev.github.io/pequenos-sanos/assets/index-C7AoTPzR.js:82
[  272463ms] [LOG] [WS] 🗺️ Broadcast recibido. Avatares: 1 [Hijo Test(2)] @ https://jimsimrodev.github.io/pequenos-sanos/assets/index-C7AoTPzR.js:82
[  272506ms] [LOG] [WS] 🗺️ Broadcast recibido. Avatares: 1 [Hijo Test(2)] @ https://jimsimrodev.github.io/pequenos-sanos/assets/index-C7AoTPzR.js:82
[  272548ms] [LOG] [WS] 🗺️ Broadcast recibido. Avatares: 1 [Hijo Test(2)] @ https://jimsimrodev.github.io/pequenos-sanos/assets/index-C7AoTPzR.js:82
[  272584ms] [LOG] [WS] 🗺️ Broadcast recibido. Avatares: 1 [Hijo Test(2)] @ https://jimsimrodev.github.io/pequenos-sanos/assets/index-C7AoTPzR.js:82
[  272622ms] [LOG] [WS] 🗺️ Broadcast recibido. Avatares: 1 [Hijo Test(2)] @ https://jimsimrodev.github.io/pequenos-sanos/assets/index-C7AoTPzR.js:82
[  272623ms] [LOG] [WS] 🗺️ Broadcast recibido. Avatares: 1 [Hijo Test(2)] @ https://jimsimrodev.github.io/pequenos-sanos/assets/index-C7AoTPzR.js:82
[  272658ms] [LOG] [WS] 🗺️ Broadcast recibido. Avatares: 1 [Hijo Test(2)] @ https://jimsimrodev.github.io/pequenos-sanos/assets/index-C7AoTPzR.js:82
[  272686ms] [LOG] [WS] 🗺️ Broadcast recibido. Avatares: 1 [Hijo Test(2)] @ https://jimsimrodev.github.io/pequenos-sanos/assets/index-C7AoTPzR.js:82
[  272726ms] [LOG] [WS] 🗺️ Broadcast recibido. Avatares: 1 [Hijo Test(2)] @ https://jimsimrodev.github.io/pequenos-sanos/assets/index-C7AoTPzR.js:82
[  272772ms] [LOG] [WS] 🗺️ Broadcast recibido. Avatares: 1 [Hijo Test(2)] @ https://jimsimrodev.github.io/pequenos-sanos/assets/index-C7AoTPzR.js:82
[  272819ms] [LOG] [WS] 🗺️ Broadcast recibido. Avatares: 1 [Hijo Test(2)] @ https://jimsimrodev.github.io/pequenos-sanos/assets/index-C7AoTPzR.js:82
[  272865ms] [LOG] [WS] 🗺️ Broadcast recibido. Avatares: 1 [Hijo Test(2)] @ https://jimsimrodev.github.io/pequenos-sanos/assets/index-C7AoTPzR.js:82
[  272866ms] [LOG] [WS] 🗺️ Broadcast recibido. Avatares: 1 [Hijo Test(2)] @ https://jimsimrodev.github.io/pequenos-sanos/assets/index-C7AoTPzR.js:82
[  272919ms] [LOG] [WS] 🗺️ Broadcast recibido. Avatares: 1 [Hijo Test(2)] @ https://jimsimrodev.github.io/pequenos-sanos/assets/index-C7AoTPzR.js:82
[  272956ms] [LOG] [WS] 🗺️ Broadcast recibido. Avatares: 1 [Hijo Test(2)] @ https://jimsimrodev.github.io/pequenos-sanos/assets/index-C7AoTPzR.js:82
[  272958ms] [LOG] [WS] 🗺️ Broadcast recibido. Avatares: 1 [Hijo Test(2)] @ https://jimsimrodev.github.io/pequenos-sanos/assets/index-C7AoTPzR.js:82
[  273002ms] [LOG] [WS] 🗺️ Broadcast recibido. Avatares: 1 [Hijo Test(2)] @ https://jimsimrodev.github.io/pequenos-sanos/assets/index-C7AoTPzR.js:82
[  273039ms] [LOG] [WS] 🗺️ Broadcast recibido. Avatares: 1 [Hijo Test(2)] @ https://jimsimrodev.github.io/pequenos-sanos/assets/index-C7AoTPzR.js:82
[  273075ms] [LOG] [WS] 🗺️ Broadcast recibido. Avatares: 1 [Hijo Test(2)] @ https://jimsimrodev.github.io/pequenos-sanos/assets/index-C7AoTPzR.js:82
[  273108ms] [LOG] [WS] 🗺️ Broadcast recibido. Avatares: 1 [Hijo Test(2)] @ https://jimsimrodev.github.io/pequenos-sanos/assets/index-C7AoTPzR.js:82
[  273144ms] [LOG] [WS] 🗺️ Broadcast recibido. Avatares: 1 [Hijo Test(2)] @ https://jimsimrodev.github.io/pequenos-sanos/assets/index-C7AoTPzR.js:82
[  273184ms] [LOG] [WS] 🗺️ Broadcast recibido. Avatares: 1 [Hijo Test(2)] @ https://jimsimrodev.github.io/pequenos-sanos/assets/index-C7AoTPzR.js:82
[  273220ms] [LOG] [WS] 🗺️ Broadcast recibido. Avatares: 1 [Hijo Test(2)] @ https://jimsimrodev.github.io/pequenos-sanos/assets/index-C7AoTPzR.js:82
[  273222ms] [LOG] [WS] 🗺️ Broadcast recibido. Avatares: 1 [Hijo Test(2)] @ https://jimsimrodev.github.io/pequenos-sanos/assets/index-C7AoTPzR.js:82
[  273267ms] [LOG] [WS] 🗺️ Broadcast recibido. Avatares: 1 [Hijo Test(2)] @ https://jimsimrodev.github.io/pequenos-sanos/assets/index-C7AoTPzR.js:82
[  273308ms] [LOG] [WS] 🗺️ Broadcast recibido. Avatares: 1 [Hijo Test(2)] @ https://jimsimrodev.github.io/pequenos-sanos/assets/index-C7AoTPzR.js:82
[  273354ms] [LOG] [WS] 🗺️ Broadcast recibido. Avatares: 1 [Hijo Test(2)] @ https://jimsimrodev.github.io/pequenos-sanos/assets/index-C7AoTPzR.js:82
[  273388ms] [LOG] [WS] 🗺️ Broadcast recibido. Avatares: 1 [Hijo Test(2)] @ https://jimsimrodev.github.io/pequenos-sanos/assets/index-C7AoTPzR.js:82
[  273390ms] [LOG] [WS] 🗺️ Broadcast recibido. Avatares: 1 [Hijo Test(2)] @ https://jimsimrodev.github.io/pequenos-sanos/assets/index-C7AoTPzR.js:82
[  273423ms] [LOG] [WS] 🗺️ Broadcast recibido. Avatares: 1 [Hijo Test(2)] @ https://jimsimrodev.github.io/pequenos-sanos/assets/index-C7AoTPzR.js:82
[  273458ms] [LOG] [WS] 🗺️ Broadcast recibido. Avatares: 1 [Hijo Test(2)] @ https://jimsimrodev.github.io/pequenos-sanos/assets/index-C7AoTPzR.js:82
[  273498ms] [LOG] [WS] 🗺️ Broadcast recibido. Avatares: 1 [Hijo Test(2)] @ https://jimsimrodev.github.io/pequenos-sanos/assets/index-C7AoTPzR.js:82
[  273535ms] [LOG] [WS] 🗺️ Broadcast recibido. Avatares: 1 [Hijo Test(2)] @ https://jimsimrodev.github.io/pequenos-sanos/assets/index-C7AoTPzR.js:82
[  273568ms] [LOG] [WS] 🗺️ Broadcast recibido. Avatares: 1 [Hijo Test(2)] @ https://jimsimrodev.github.io/pequenos-sanos/assets/index-C7AoTPzR.js:82
[  273598ms] [LOG] [WS] 🗺️ Broadcast recibido. Avatares: 1 [Hijo Test(2)] @ https://jimsimrodev.github.io/pequenos-sanos/assets/index-C7AoTPzR.js:82
[  273627ms] [LOG] [WS] 🗺️ Broadcast recibido. Avatares: 1 [Hijo Test(2)] @ https://jimsimrodev.github.io/pequenos-sanos/assets/index-C7AoTPzR.js:82
[  273669ms] [LOG] [WS] 🗺️ Broadcast recibido. Avatares: 1 [Hijo Test(2)] @ https://jimsimrodev.github.io/pequenos-sanos/assets/index-C7AoTPzR.js:82
[  273707ms] [LOG] [WS] 🗺️ Broadcast recibido. Avatares: 1 [Hijo Test(2)] @ https://jimsimrodev.github.io/pequenos-sanos/assets/index-C7AoTPzR.js:82
[  273741ms] [LOG] [WS] 🗺️ Broadcast recibido. Avatares: 1 [Hijo Test(2)] @ https://jimsimrodev.github.io/pequenos-sanos/assets/index-C7AoTPzR.js:82
[  273741ms] [LOG] [WS] 🗺️ Broadcast recibido. Avatares: 1 [Hijo Test(2)] @ https://jimsimrodev.github.io/pequenos-sanos/assets/index-C7AoTPzR.js:82
[  273776ms] [LOG] [WS] 🗺️ Broadcast recibido. Avatares: 1 [Hijo Test(2)] @ https://jimsimrodev.github.io/pequenos-sanos/assets/index-C7AoTPzR.js:82
[  273813ms] [LOG] [WS] 🗺️ Broadcast recibido. Avatares: 1 [Hijo Test(2)] @ https://jimsimrodev.github.io/pequenos-sanos/assets/index-C7AoTPzR.js:82
[  273851ms] [LOG] [WS] 🗺️ Broadcast recibido. Avatares: 1 [Hijo Test(2)] @ https://jimsimrodev.github.io/pequenos-sanos/assets/index-C7AoTPzR.js:82
[  273884ms] [LOG] [WS] 🗺️ Broadcast recibido. Avatares: 1 [Hijo Test(2)] @ https://jimsimrodev.github.io/pequenos-sanos/assets/index-C7AoTPzR.js:82
[  273927ms] [LOG] [WS] 🗺️ Broadcast recibido. Avatares: 1 [Hijo Test(2)] @ https://jimsimrodev.github.io/pequenos-sanos/assets/index-C7AoTPzR.js:82
[  273969ms] [LOG] [WS] 🗺️ Broadcast recibido. Avatares: 1 [Hijo Test(2)] @ https://jimsimrodev.github.io/pequenos-sanos/assets/index-C7AoTPzR.js:82
[  274017ms] [LOG] [WS] 🗺️ Broadcast recibido. Avatares: 1 [Hijo Test(2)] @ https://jimsimrodev.github.io/pequenos-sanos/assets/index-C7AoTPzR.js:82
[  274057ms] [LOG] [WS] 🗺️ Broadcast recibido. Avatares: 1 [Hijo Test(2)] @ https://jimsimrodev.github.io/pequenos-sanos/assets/index-C7AoTPzR.js:82
[  274058ms] [LOG] [WS] 🗺️ Broadcast recibido. Avatares: 1 [Hijo Test(2)] @ https://jimsimrodev.github.io/pequenos-sanos/assets/index-C7AoTPzR.js:82
[  274098ms] [LOG] [WS] 🗺️ Broadcast recibido. Avatares: 1 [Hijo Test(2)] @ https://jimsimrodev.github.io/pequenos-sanos/assets/index-C7AoTPzR.js:82
[  274135ms] [LOG] [WS] 🗺️ Broadcast recibido. Avatares: 1 [Hijo Test(2)] @ https://jimsimrodev.github.io/pequenos-sanos/assets/index-C7AoTPzR.js:82
[  274172ms] [LOG] [WS] 🗺️ Broadcast recibido. Avatares: 1 [Hijo Test(2)] @ https://jimsimrodev.github.io/pequenos-sanos/assets/index-C7AoTPzR.js:82
[  274208ms] [LOG] [WS] 🗺️ Broadcast recibido. Avatares: 1 [Hijo Test(2)] @ https://jimsimrodev.github.io/pequenos-sanos/assets/index-C7AoTPzR.js:82
[  274209ms] [LOG] [WS] 🗺️ Broadcast recibido. Avatares: 1 [Hijo Test(2)] @ https://jimsimrodev.github.io/pequenos-sanos/assets/index-C7AoTPzR.js:82
[  274241ms] [LOG] [WS] 🗺️ Broadcast recibido. Avatares: 1 [Hijo Test(2)] @ https://jimsimrodev.github.io/pequenos-sanos/assets/index-C7AoTPzR.js:82
[  274273ms] [LOG] [WS] 🗺️ Broadcast recibido. Avatares: 1 [Hijo Test(2)] @ https://jimsimrodev.github.io/pequenos-sanos/assets/index-C7AoTPzR.js:82
[  274312ms] [LOG] [WS] 🗺️ Broadcast recibido. Avatares: 1 [Hijo Test(2)] @ https://jimsimrodev.github.io/pequenos-sanos/assets/index-C7AoTPzR.js:82
[  274347ms] [LOG] [WS] 🗺️ Broadcast recibido. Avatares: 1 [Hijo Test(2)] @ https://jimsimrodev.github.io/pequenos-sanos/assets/index-C7AoTPzR.js:82
[  274375ms] [LOG] [WS] 🗺️ Broadcast recibido. Avatares: 1 [Hijo Test(2)] @ https://jimsimrodev.github.io/pequenos-sanos/assets/index-C7AoTPzR.js:82
[  274407ms] [LOG] [WS] 🗺️ Broadcast recibido. Avatares: 1 [Hijo Test(2)] @ https://jimsimrodev.github.io/pequenos-sanos/assets/index-C7AoTPzR.js:82
[  274442ms] [LOG] [WS] 🗺️ Broadcast recibido. Avatares: 1 [Hijo Test(2)] @ https://jimsimrodev.github.io/pequenos-sanos/assets/index-C7AoTPzR.js:82
[  274475ms] [LOG] [WS] 🗺️ Broadcast recibido. Avatares: 1 [Hijo Test(2)] @ https://jimsimrodev.github.io/pequenos-sanos/assets/index-C7AoTPzR.js:82
[  274513ms] [LOG] [WS] 🗺️ Broadcast recibido. Avatares: 1 [Hijo Test(2)] @ https://jimsimrodev.github.io/pequenos-sanos/assets/index-C7AoTPzR.js:82
[  274548ms] [LOG] [WS] 🗺️ Broadcast recibido. Avatares: 1 [Hijo Test(2)] @ https://jimsimrodev.github.io/pequenos-sanos/assets/index-C7AoTPzR.js:82
[  274580ms] [LOG] [WS] 🗺️ Broadcast recibido. Avatares: 1 [Hijo Test(2)] @ https://jimsimrodev.github.io/pequenos-sanos/assets/index-C7AoTPzR.js:82
[  274615ms] [LOG] [WS] 🗺️ Broadcast recibido. Avatares: 1 [Hijo Test(2)] @ https://jimsimrodev.github.io/pequenos-sanos/assets/index-C7AoTPzR.js:82
[  274647ms] [LOG] [WS] 🗺️ Broadcast recibido. Avatares: 1 [Hijo Test(2)] @ https://jimsimrodev.github.io/pequenos-sanos/assets/index-C7AoTPzR.js:82
[  274676ms] [LOG] [WS] 🗺️ Broadcast recibido. Avatares: 1 [Hijo Test(2)] @ https://jimsimrodev.github.io/pequenos-sanos/assets/index-C7AoTPzR.js:82
[  274705ms] [LOG] [WS] 🗺️ Broadcast recibido. Avatares: 1 [Hijo Test(2)] @ https://jimsimrodev.github.io/pequenos-sanos/assets/index-C7AoTPzR.js:82
[  274739ms] [LOG] [WS] 🗺️ Broadcast recibido. Avatares: 1 [Hijo Test(2)] @ https://jimsimrodev.github.io/pequenos-sanos/assets/index-C7AoTPzR.js:82
[  274774ms] [LOG] [WS] 🗺️ Broadcast recibido. Avatares: 1 [Hijo Test(2)] @ https://jimsimrodev.github.io/pequenos-sanos/assets/index-C7AoTPzR.js:82
[  274811ms] [LOG] [WS] 🗺️ Broadcast recibido. Avatares: 1 [Hijo Test(2)] @ https://jimsimrodev.github.io/pequenos-sanos/assets/index-C7AoTPzR.js:82
[  274844ms] [LOG] [WS] 🗺️ Broadcast recibido. Avatares: 1 [Hijo Test(2)] @ https://jimsimrodev.github.io/pequenos-sanos/assets/index-C7AoTPzR.js:82
[  274870ms] [LOG] [WS] 🗺️ Broadcast recibido. Avatares: 1 [Hijo Test(2)] @ https://jimsimrodev.github.io/pequenos-sanos/assets/index-C7AoTPzR.js:82
[  274903ms] [LOG] [WS] 🗺️ Broadcast recibido. Avatares: 1 [Hijo Test(2)] @ https://jimsimrodev.github.io/pequenos-sanos/assets/index-C7AoTPzR.js:82
[  274934ms] [LOG] [WS] 🗺️ Broadcast recibido. Avatares: 1 [Hijo Test(2)] @ https://jimsimrodev.github.io/pequenos-sanos/assets/index-C7AoTPzR.js:82
[  274964ms] [LOG] [WS] 🗺️ Broadcast recibido. Avatares: 1 [Hijo Test(2)] @ https://jimsimrodev.github.io/pequenos-sanos/assets/index-C7AoTPzR.js:82
[  274992ms] [LOG] [WS] 🗺️ Broadcast recibido. Avatares: 1 [Hijo Test(2)] @ https://jimsimrodev.github.io/pequenos-sanos/assets/index-C7AoTPzR.js:82
[  275030ms] [LOG] [WS] 🗺️ Broadcast recibido. Avatares: 1 [Hijo Test(2)] @ https://jimsimrodev.github.io/pequenos-sanos/assets/index-C7AoTPzR.js:82
[  275064ms] [LOG] [WS] 🗺️ Broadcast recibido. Avatares: 1 [Hijo Test(2)] @ https://jimsimrodev.github.io/pequenos-sanos/assets/index-C7AoTPzR.js:82
[  275091ms] [LOG] [WS] 🗺️ Broadcast recibido. Avatares: 1 [Hijo Test(2)] @ https://jimsimrodev.github.io/pequenos-sanos/assets/index-C7AoTPzR.js:82
[  275125ms] [LOG] [WS] 🗺️ Broadcast recibido. Avatares: 1 [Hijo Test(2)] @ https://jimsimrodev.github.io/pequenos-sanos/assets/index-C7AoTPzR.js:82
[  275156ms] [LOG] [WS] 🗺️ Broadcast recibido. Avatares: 1 [Hijo Test(2)] @ https://jimsimrodev.github.io/pequenos-sanos/assets/index-C7AoTPzR.js:82
[  275187ms] [LOG] [WS] 🗺️ Broadcast recibido. Avatares: 1 [Hijo Test(2)] @ https://jimsimrodev.github.io/pequenos-sanos/assets/index-C7AoTPzR.js:82
[  275220ms] [LOG] [WS] 🗺️ Broadcast recibido. Avatares: 1 [Hijo Test(2)] @ https://jimsimrodev.github.io/pequenos-sanos/assets/index-C7AoTPzR.js:82
[  275253ms] [LOG] [WS] 🗺️ Broadcast recibido. Avatares: 1 [Hijo Test(2)] @ https://jimsimrodev.github.io/pequenos-sanos/assets/index-C7AoTPzR.js:82
[  275286ms] [LOG] [WS] 🗺️ Broadcast recibido. Avatares: 1 [Hijo Test(2)] @ https://jimsimrodev.github.io/pequenos-sanos/assets/index-C7AoTPzR.js:82
[  275320ms] [LOG] [WS] 🗺️ Broadcast recibido. Avatares: 1 [Hijo Test(2)] @ https://jimsimrodev.github.io/pequenos-sanos/assets/index-C7AoTPzR.js:82
[  275360ms] [LOG] [WS] 🗺️ Broadcast recibido. Avatares: 1 [Hijo Test(2)] @ https://jimsimrodev.github.io/pequenos-sanos/assets/index-C7AoTPzR.js:82
[  275399ms] [LOG] [WS] 🗺️ Broadcast recibido. Avatares: 1 [Hijo Test(2)] @ https://jimsimrodev.github.io/pequenos-sanos/assets/index-C7AoTPzR.js:82
[  275432ms] [LOG] [WS] 🗺️ Broadcast recibido. Avatares: 1 [Hijo Test(2)] @ https://jimsimrodev.github.io/pequenos-sanos/assets/index-C7AoTPzR.js:82
[  275464ms] [LOG] [WS] 🗺️ Broadcast recibido. Avatares: 1 [Hijo Test(2)] @ https://jimsimrodev.github.io/pequenos-sanos/assets/index-C7AoTPzR.js:82
[  275500ms] [LOG] [WS] 🗺️ Broadcast recibido. Avatares: 1 [Hijo Test(2)] @ https://jimsimrodev.github.io/pequenos-sanos/assets/index-C7AoTPzR.js:82
[  275540ms] [LOG] [WS] 🗺️ Broadcast recibido. Avatares: 1 [Hijo Test(2)] @ https://jimsimrodev.github.io/pequenos-sanos/assets/index-C7AoTPzR.js:82
[  275585ms] [LOG] [WS] 🗺️ Broadcast recibido. Avatares: 1 [Hijo Test(2)] @ https://jimsimrodev.github.io/pequenos-sanos/assets/index-C7AoTPzR.js:82
[  275622ms] [LOG] [WS] 🗺️ Broadcast recibido. Avatares: 1 [Hijo Test(2)] @ https://jimsimrodev.github.io/pequenos-sanos/assets/index-C7AoTPzR.js:82
[  275662ms] [LOG] [WS] 🗺️ Broadcast recibido. Avatares: 1 [Hijo Test(2)] @ https://jimsimrodev.github.io/pequenos-sanos/assets/index-C7AoTPzR.js:82
[  275663ms] [LOG] [WS] 🗺️ Broadcast recibido. Avatares: 1 [Hijo Test(2)] @ https://jimsimrodev.github.io/pequenos-sanos/assets/index-C7AoTPzR.js:82
[  275702ms] [LOG] [WS] 🗺️ Broadcast recibido. Avatares: 1 [Hijo Test(2)] @ https://jimsimrodev.github.io/pequenos-sanos/assets/index-C7AoTPzR.js:82
[  275736ms] [LOG] [WS] 🗺️ Broadcast recibido. Avatares: 1 [Hijo Test(2)] @ https://jimsimrodev.github.io/pequenos-sanos/assets/index-C7AoTPzR.js:82
[  275770ms] [LOG] [WS] 🗺️ Broadcast recibido. Avatares: 1 [Hijo Test(2)] @ https://jimsimrodev.github.io/pequenos-sanos/assets/index-C7AoTPzR.js:82
[  275813ms] [LOG] [WS] 🗺️ Broadcast recibido. Avatares: 1 [Hijo Test(2)] @ https://jimsimrodev.github.io/pequenos-sanos/assets/index-C7AoTPzR.js:82
[  275846ms] [LOG] [WS] 🗺️ Broadcast recibido. Avatares: 1 [Hijo Test(2)] @ https://jimsimrodev.github.io/pequenos-sanos/assets/index-C7AoTPzR.js:82
[  275883ms] [LOG] [WS] 🗺️ Broadcast recibido. Avatares: 1 [Hijo Test(2)] @ https://jimsimrodev.github.io/pequenos-sanos/assets/index-C7AoTPzR.js:82
[  275926ms] [LOG] [WS] 🗺️ Broadcast recibido. Avatares: 1 [Hijo Test(2)] @ https://jimsimrodev.github.io/pequenos-sanos/assets/index-C7AoTPzR.js:82
[  275956ms] [LOG] [WS] 🗺️ Broadcast recibido. Avatares: 1 [Hijo Test(2)] @ https://jimsimrodev.github.io/pequenos-sanos/assets/index-C7AoTPzR.js:82
[  275958ms] [LOG] [WS] 🗺️ Broadcast recibido. Avatares: 1 [Hijo Test(2)] @ https://jimsimrodev.github.io/pequenos-sanos/assets/index-C7AoTPzR.js:82
[  276360ms] [LOG] [WS] 🗺️ Broadcast recibido. Avatares: 1 [Hijo Test(2)] @ https://jimsimrodev.github.io/pequenos-sanos/assets/index-C7AoTPzR.js:82
[  276391ms] [LOG] [WS] 🗺️ Broadcast recibido. Avatares: 1 [Hijo Test(2)] @ https://jimsimrodev.github.io/pequenos-sanos/assets/index-C7AoTPzR.js:82
[  276391ms] [LOG] [WS] 🗺️ Broadcast recibido. Avatares: 1 [Hijo Test(2)] @ https://jimsimrodev.github.io/pequenos-sanos/assets/index-C7AoTPzR.js:82
[  276393ms] [LOG] [WS] 🗺️ Broadcast recibido. Avatares: 1 [Hijo Test(2)] @ https://jimsimrodev.github.io/pequenos-sanos/assets/index-C7AoTPzR.js:82
[  276432ms] [LOG] [WS] 🗺️ Broadcast recibido. Avatares: 1 [Hijo Test(2)] @ https://jimsimrodev.github.io/pequenos-sanos/assets/index-C7AoTPzR.js:82
[  276464ms] [LOG] [WS] 🗺️ Broadcast recibido. Avatares: 1 [Hijo Test(2)] @ https://jimsimrodev.github.io/pequenos-sanos/assets/index-C7AoTPzR.js:82
[  276465ms] [LOG] [WS] 🗺️ Broadcast recibido. Avatares: 1 [Hijo Test(2)] @ https://jimsimrodev.github.io/pequenos-sanos/assets/index-C7AoTPzR.js:82
[  276466ms] [LOG] [WS] 🗺️ Broadcast recibido. Avatares: 1 [Hijo Test(2)] @ https://jimsimrodev.github.io/pequenos-sanos/assets/index-C7AoTPzR.js:82
[  276631ms] [LOG] [WS] 🗺️ Broadcast recibido. Avatares: 1 [Hijo Test(2)] @ https://jimsimrodev.github.io/pequenos-sanos/assets/index-C7AoTPzR.js:82
[  276671ms] [LOG] [WS] 🗺️ Broadcast recibido. Avatares: 1 [Hijo Test(2)] @ https://jimsimrodev.github.io/pequenos-sanos/assets/index-C7AoTPzR.js:82
[  276671ms] [LOG] [WS] 🗺️ Broadcast recibido. Avatares: 1 [Hijo Test(2)] @ https://jimsimrodev.github.io/pequenos-sanos/assets/index-C7AoTPzR.js:82
[  276672ms] [LOG] [WS] 🗺️ Broadcast recibido. Avatares: 1 [Hijo Test(2)] @ https://jimsimrodev.github.io/pequenos-sanos/assets/index-C7AoTPzR.js:82
[  276673ms] [LOG] [WS] 🗺️ Broadcast recibido. Avatares: 1 [Hijo Test(2)] @ https://jimsimrodev.github.io/pequenos-sanos/assets/index-C7AoTPzR.js:82
[  276674ms] [LOG] [WS] 🗺️ Broadcast recibido. Avatares: 1 [Hijo Test(2)] @ https://jimsimrodev.github.io/pequenos-sanos/assets/index-C7AoTPzR.js:82
[  276675ms] [LOG] [WS] 🗺️ Broadcast recibido. Avatares: 1 [Hijo Test(2)] @ https://jimsimrodev.github.io/pequenos-sanos/assets/index-C7AoTPzR.js:82
[  276675ms] [LOG] [WS] 🗺️ Broadcast recibido. Avatares: 1 [Hijo Test(2)] @ https://jimsimrodev.github.io/pequenos-sanos/assets/index-C7AoTPzR.js:82
[  276675ms] [LOG] [WS] 🗺️ Broadcast recibido. Avatares: 1 [Hijo Test(2)] @ https://jimsimrodev.github.io/pequenos-sanos/assets/index-C7AoTPzR.js:82
[  277423ms] [LOG] [WS] 🗺️ Broadcast recibido. Avatares: 1 [Hijo Test(2)] @ https://jimsimrodev.github.io/pequenos-sanos/assets/index-C7AoTPzR.js:82
[  277457ms] [LOG] [WS] 🗺️ Broadcast recibido. Avatares: 1 [Hijo Test(2)] @ https://jimsimrodev.github.io/pequenos-sanos/assets/index-C7AoTPzR.js:82
[  277458ms] [LOG] [WS] 🗺️ Broadcast recibido. Avatares: 1 [Hijo Test(2)] @ https://jimsimrodev.github.io/pequenos-sanos/assets/index-C7AoTPzR.js:82
[  277458ms] [LOG] [WS] 🗺️ Broadcast recibido. Avatares: 1 [Hijo Test(2)] @ https://jimsimrodev.github.io/pequenos-sanos/assets/index-C7AoTPzR.js:82
[  277459ms] [LOG] [WS] 🗺️ Broadcast recibido. Avatares: 1 [Hijo Test(2)] @ https://jimsimrodev.github.io/pequenos-sanos/assets/index-C7AoTPzR.js:82
[  277459ms] [LOG] [WS] 🗺️ Broadcast recibido. Avatares: 1 [Hijo Test(2)] @ https://jimsimrodev.github.io/pequenos-sanos/assets/index-C7AoTPzR.js:82
[  277459ms] [LOG] [WS] 🗺️ Broadcast recibido. Avatares: 1 [Hijo Test(2)] @ https://jimsimrodev.github.io/pequenos-sanos/assets/index-C7AoTPzR.js:82
[  277460ms] [LOG] [WS] 🗺️ Broadcast recibido. Avatares: 1 [Hijo Test(2)] @ https://jimsimrodev.github.io/pequenos-sanos/assets/index-C7AoTPzR.js:82
[  277461ms] [LOG] [WS] 🗺️ Broadcast recibido. Avatares: 1 [Hijo Test(2)] @ https://jimsimrodev.github.io/pequenos-sanos/assets/index-C7AoTPzR.js:82
[  277461ms] [LOG] [WS] 🗺️ Broadcast recibido. Avatares: 1 [Hijo Test(2)] @ https://jimsimrodev.github.io/pequenos-sanos/assets/index-C7AoTPzR.js:82
[  277462ms] [LOG] [WS] 🗺️ Broadcast recibido. Avatares: 1 [Hijo Test(2)] @ https://jimsimrodev.github.io/pequenos-sanos/assets/index-C7AoTPzR.js:82
[  277462ms] [LOG] [WS] 🗺️ Broadcast recibido. Avatares: 1 [Hijo Test(2)] @ https://jimsimrodev.github.io/pequenos-sanos/assets/index-C7AoTPzR.js:82
[  277462ms] [LOG] [WS] 🗺️ Broadcast recibido. Avatares: 1 [Hijo Test(2)] @ https://jimsimrodev.github.io/pequenos-sanos/assets/index-C7AoTPzR.js:82
[  277462ms] [LOG] [WS] 🗺️ Broadcast recibido. Avatares: 1 [Hijo Test(2)] @ https://jimsimrodev.github.io/pequenos-sanos/assets/index-C7AoTPzR.js:82
[  277463ms] [LOG] [WS] 🗺️ Broadcast recibido. Avatares: 1 [Hijo Test(2)] @ https://jimsimrodev.github.io/pequenos-sanos/assets/index-C7AoTPzR.js:82
[  277463ms] [LOG] [WS] 🗺️ Broadcast recibido. Avatares: 1 [Hijo Test(2)] @ https://jimsimrodev.github.io/pequenos-sanos/assets/index-C7AoTPzR.js:82
[  277463ms] [LOG] [WS] 🗺️ Broadcast recibido. Avatares: 1 [Hijo Test(2)] @ https://jimsimrodev.github.io/pequenos-sanos/assets/index-C7AoTPzR.js:82
[  277463ms] [LOG] [WS] 🗺️ Broadcast recibido. Avatares: 1 [Hijo Test(2)] @ https://jimsimrodev.github.io/pequenos-sanos/assets/index-C7AoTPzR.js:82
[  277463ms] [LOG] [WS] 🗺️ Broadcast recibido. Avatares: 1 [Hijo Test(2)] @ https://jimsimrodev.github.io/pequenos-sanos/assets/index-C7AoTPzR.js:82
[  277464ms] [LOG] [WS] 🗺️ Broadcast recibido. Avatares: 1 [Hijo Test(2)] @ https://jimsimrodev.github.io/pequenos-sanos/assets/index-C7AoTPzR.js:82
[  277464ms] [LOG] [WS] 🗺️ Broadcast recibido. Avatares: 1 [Hijo Test(2)] @ https://jimsimrodev.github.io/pequenos-sanos/assets/index-C7AoTPzR.js:82
[  277464ms] [LOG] [WS] 🗺️ Broadcast recibido. Avatares: 1 [Hijo Test(2)] @ https://jimsimrodev.github.io/pequenos-sanos/assets/index-C7AoTPzR.js:82
[  277465ms] [LOG] [WS] 🗺️ Broadcast recibido. Avatares: 1 [Hijo Test(2)] @ https://jimsimrodev.github.io/pequenos-sanos/assets/index-C7AoTPzR.js:82
[  277465ms] [LOG] [WS] 🗺️ Broadcast recibido. Avatares: 1 [Hijo Test(2)] @ https://jimsimrodev.github.io/pequenos-sanos/assets/index-C7AoTPzR.js:82
[  277465ms] [LOG] [WS] 🗺️ Broadcast recibido. Avatares: 1 [Hijo Test(2)] @ https://jimsimrodev.github.io/pequenos-sanos/assets/index-C7AoTPzR.js:82
[  277465ms] [LOG] [WS] 🗺️ Broadcast recibido. Avatares: 1 [Hijo Test(2)] @ https://jimsimrodev.github.io/pequenos-sanos/assets/index-C7AoTPzR.js:82
[  277466ms] [LOG] [WS] 🗺️ Broadcast recibido. Avatares: 1 [Hijo Test(2)] @ https://jimsimrodev.github.io/pequenos-sanos/assets/index-C7AoTPzR.js:82
[  277466ms] [LOG] [WS] 🗺️ Broadcast recibido. Avatares: 1 [Hijo Test(2)] @ https://jimsimrodev.github.io/pequenos-sanos/assets/index-C7AoTPzR.js:82
[  277502ms] [LOG] [WS] 🗺️ Broadcast recibido. Avatares: 1 [Hijo Test(2)] @ https://jimsimrodev.github.io/pequenos-sanos/assets/index-C7AoTPzR.js:82
[  277532ms] [LOG] [WS] 🗺️ Broadcast recibido. Avatares: 1 [Hijo Test(2)] @ https://jimsimrodev.github.io/pequenos-sanos/assets/index-C7AoTPzR.js:82
[  277562ms] [LOG] [WS] 🗺️ Broadcast recibido. Avatares: 1 [Hijo Test(2)] @ https://jimsimrodev.github.io/pequenos-sanos/assets/index-C7AoTPzR.js:82
[  277597ms] [LOG] [WS] 🗺️ Broadcast recibido. Avatares: 1 [Hijo Test(2)] @ https://jimsimrodev.github.io/pequenos-sanos/assets/index-C7AoTPzR.js:82
[  277627ms] [LOG] [WS] 🗺️ Broadcast recibido. Avatares: 1 [Hijo Test(2)] @ https://jimsimrodev.github.io/pequenos-sanos/assets/index-C7AoTPzR.js:82
[  277664ms] [LOG] [WS] 🗺️ Broadcast recibido. Avatares: 1 [Hijo Test(2)] @ https://jimsimrodev.github.io/pequenos-sanos/assets/index-C7AoTPzR.js:82
[  277694ms] [LOG] [WS] 🗺️ Broadcast recibido. Avatares: 1 [Hijo Test(2)] @ https://jimsimrodev.github.io/pequenos-sanos/assets/index-C7AoTPzR.js:82
[  277722ms] [LOG] [WS] 🗺️ Broadcast recibido. Avatares: 1 [Hijo Test(2)] @ https://jimsimrodev.github.io/pequenos-sanos/assets/index-C7AoTPzR.js:82
[  277755ms] [LOG] [WS] 🗺️ Broadcast recibido. Avatares: 1 [Hijo Test(2)] @ https://jimsimrodev.github.io/pequenos-sanos/assets/index-C7AoTPzR.js:82
[  277784ms] [LOG] [WS] 🗺️ Broadcast recibido. Avatares: 1 [Hijo Test(2)] @ https://jimsimrodev.github.io/pequenos-sanos/assets/index-C7AoTPzR.js:82
[  277811ms] [LOG] [WS] 🗺️ Broadcast recibido. Avatares: 1 [Hijo Test(2)] @ https://jimsimrodev.github.io/pequenos-sanos/assets/index-C7AoTPzR.js:82
[  277841ms] [LOG] [WS] 🗺️ Broadcast recibido. Avatares: 1 [Hijo Test(2)] @ https://jimsimrodev.github.io/pequenos-sanos/assets/index-C7AoTPzR.js:82
[  277872ms] [LOG] [WS] 🗺️ Broadcast recibido. Avatares: 1 [Hijo Test(2)] @ https://jimsimrodev.github.io/pequenos-sanos/assets/index-C7AoTPzR.js:82
[  277902ms] [LOG] [WS] 🗺️ Broadcast recibido. Avatares: 1 [Hijo Test(2)] @ https://jimsimrodev.github.io/pequenos-sanos/assets/index-C7AoTPzR.js:82
[  277933ms] [LOG] [WS] 🗺️ Broadcast recibido. Avatares: 1 [Hijo Test(2)] @ https://jimsimrodev.github.io/pequenos-sanos/assets/index-C7AoTPzR.js:82
[  277960ms] [LOG] [WS] 🗺️ Broadcast recibido. Avatares: 1 [Hijo Test(2)] @ https://jimsimrodev.github.io/pequenos-sanos/assets/index-C7AoTPzR.js:82
[  277991ms] [LOG] [WS] 🗺️ Broadcast recibido. Avatares: 1 [Hijo Test(2)] @ https://jimsimrodev.github.io/pequenos-sanos/assets/index-C7AoTPzR.js:82
[  278019ms] [LOG] [WS] 🗺️ Broadcast recibido. Avatares: 1 [Hijo Test(2)] @ https://jimsimrodev.github.io/pequenos-sanos/assets/index-C7AoTPzR.js:82
[  278050ms] [LOG] [WS] 🗺️ Broadcast recibido. Avatares: 1 [Hijo Test(2)] @ https://jimsimrodev.github.io/pequenos-sanos/assets/index-C7AoTPzR.js:82
[  278077ms] [LOG] [WS] 🗺️ Broadcast recibido. Avatares: 1 [Hijo Test(2)] @ https://jimsimrodev.github.io/pequenos-sanos/assets/index-C7AoTPzR.js:82
[  278110ms] [LOG] [WS] 🗺️ Broadcast recibido. Avatares: 1 [Hijo Test(2)] @ https://jimsimrodev.github.io/pequenos-sanos/assets/index-C7AoTPzR.js:82
[  278138ms] [LOG] [WS] 🗺️ Broadcast recibido. Avatares: 1 [Hijo Test(2)] @ https://jimsimrodev.github.io/pequenos-sanos/assets/index-C7AoTPzR.js:82
[  278171ms] [LOG] [WS] 🗺️ Broadcast recibido. Avatares: 1 [Hijo Test(2)] @ https://jimsimrodev.github.io/pequenos-sanos/assets/index-C7AoTPzR.js:82
[  278203ms] [LOG] [WS] 🗺️ Broadcast recibido. Avatares: 1 [Hijo Test(2)] @ https://jimsimrodev.github.io/pequenos-sanos/assets/index-C7AoTPzR.js:82
[  278229ms] [LOG] [WS] 🗺️ Broadcast recibido. Avatares: 1 [Hijo Test(2)] @ https://jimsimrodev.github.io/pequenos-sanos/assets/index-C7AoTPzR.js:82
[  278263ms] [LOG] [WS] 🗺️ Broadcast recibido. Avatares: 1 [Hijo Test(2)] @ https://jimsimrodev.github.io/pequenos-sanos/assets/index-C7AoTPzR.js:82
[  278321ms] [LOG] [WS] 🗺️ Broadcast recibido. Avatares: 1 [Hijo Test(2)] @ https://jimsimrodev.github.io/pequenos-sanos/assets/index-C7AoTPzR.js:82
[  278354ms] [LOG] [WS] 🗺️ Broadcast recibido. Avatares: 1 [Hijo Test(2)] @ https://jimsimrodev.github.io/pequenos-sanos/assets/index-C7AoTPzR.js:82
[  278386ms] [LOG] [WS] 🗺️ Broadcast recibido. Avatares: 1 [Hijo Test(2)] @ https://jimsimrodev.github.io/pequenos-sanos/assets/index-C7AoTPzR.js:82
[  278415ms] [LOG] [WS] 🗺️ Broadcast recibido. Avatares: 1 [Hijo Test(2)] @ https://jimsimrodev.github.io/pequenos-sanos/assets/index-C7AoTPzR.js:82
[  278445ms] [LOG] [WS] 🗺️ Broadcast recibido. Avatares: 1 [Hijo Test(2)] @ https://jimsimrodev.github.io/pequenos-sanos/assets/index-C7AoTPzR.js:82
[  278478ms] [LOG] [WS] 🗺️ Broadcast recibido. Avatares: 1 [Hijo Test(2)] @ https://jimsimrodev.github.io/pequenos-sanos/assets/index-C7AoTPzR.js:82
[  278510ms] [LOG] [WS] 🗺️ Broadcast recibido. Avatares: 1 [Hijo Test(2)] @ https://jimsimrodev.github.io/pequenos-sanos/assets/index-C7AoTPzR.js:82
[  278540ms] [LOG] [WS] 🗺️ Broadcast recibido. Avatares: 1 [Hijo Test(2)] @ https://jimsimrodev.github.io/pequenos-sanos/assets/index-C7AoTPzR.js:82
[  278576ms] [LOG] [WS] 🗺️ Broadcast recibido. Avatares: 1 [Hijo Test(2)] @ https://jimsimrodev.github.io/pequenos-sanos/assets/index-C7AoTPzR.js:82
[  278609ms] [LOG] [WS] 🗺️ Broadcast recibido. Avatares: 1 [Hijo Test(2)] @ https://jimsimrodev.github.io/pequenos-sanos/assets/index-C7AoTPzR.js:82
[  278642ms] [LOG] [WS] 🗺️ Broadcast recibido. Avatares: 1 [Hijo Test(2)] @ https://jimsimrodev.github.io/pequenos-sanos/assets/index-C7AoTPzR.js:82
[  278691ms] [LOG] [WS] 🗺️ Broadcast recibido. Avatares: 1 [Hijo Test(2)] @ https://jimsimrodev.github.io/pequenos-sanos/assets/index-C7AoTPzR.js:82
[  278735ms] [LOG] [WS] 🗺️ Broadcast recibido. Avatares: 1 [Hijo Test(2)] @ https://jimsimrodev.github.io/pequenos-sanos/assets/index-C7AoTPzR.js:82
[  278779ms] [LOG] [WS] 🗺️ Broadcast recibido. Avatares: 1 [Hijo Test(2)] @ https://jimsimrodev.github.io/pequenos-sanos/assets/index-C7AoTPzR.js:82
[  278812ms] [LOG] [WS] 🗺️ Broadcast recibido. Avatares: 1 [Hijo Test(2)] @ https://jimsimrodev.github.io/pequenos-sanos/assets/index-C7AoTPzR.js:82
[  278846ms] [LOG] [WS] 🗺️ Broadcast recibido. Avatares: 1 [Hijo Test(2)] @ https://jimsimrodev.github.io/pequenos-sanos/assets/index-C7AoTPzR.js:82
[  278884ms] [LOG] [WS] 🗺️ Broadcast recibido. Avatares: 1 [Hijo Test(2)] @ https://jimsimrodev.github.io/pequenos-sanos/assets/index-C7AoTPzR.js:82
[  278929ms] [LOG] [WS] 🗺️ Broadcast recibido. Avatares: 1 [Hijo Test(2)] @ https://jimsimrodev.github.io/pequenos-sanos/assets/index-C7AoTPzR.js:82
[  278965ms] [LOG] [WS] 🗺️ Broadcast recibido. Avatares: 1 [Hijo Test(2)] @ https://jimsimrodev.github.io/pequenos-sanos/assets/index-C7AoTPzR.js:82
[  278965ms] [LOG] [WS] 🗺️ Broadcast recibido. Avatares: 1 [Hijo Test(2)] @ https://jimsimrodev.github.io/pequenos-sanos/assets/index-C7AoTPzR.js:82
[  279002ms] [LOG] [WS] 🗺️ Broadcast recibido. Avatares: 1 [Hijo Test(2)] @ https://jimsimrodev.github.io/pequenos-sanos/assets/index-C7AoTPzR.js:82
[  279033ms] [LOG] [WS] 🗺️ Broadcast recibido. Avatares: 1 [Hijo Test(2)] @ https://jimsimrodev.github.io/pequenos-sanos/assets/index-C7AoTPzR.js:82
[  279063ms] [LOG] [WS] 🗺️ Broadcast recibido. Avatares: 1 [Hijo Test(2)] @ https://jimsimrodev.github.io/pequenos-sanos/assets/index-C7AoTPzR.js:82
[  279121ms] [LOG] [WS] 🗺️ Broadcast recibido. Avatares: 1 [Hijo Test(2)] @ https://jimsimrodev.github.io/pequenos-sanos/assets/index-C7AoTPzR.js:82
[  279171ms] [LOG] [WS] 🗺️ Broadcast recibido. Avatares: 1 [Hijo Test(2)] @ https://jimsimrodev.github.io/pequenos-sanos/assets/index-C7AoTPzR.js:82
[  279172ms] [LOG] [WS] 🗺️ Broadcast recibido. Avatares: 1 [Hijo Test(2)] @ https://jimsimrodev.github.io/pequenos-sanos/assets/index-C7AoTPzR.js:82
[  279208ms] [LOG] [WS] 🗺️ Broadcast recibido. Avatares: 1 [Hijo Test(2)] @ https://jimsimrodev.github.io/pequenos-sanos/assets/index-C7AoTPzR.js:82
[  279255ms] [LOG] [WS] 🗺️ Broadcast recibido. Avatares: 1 [Hijo Test(2)] @ https://jimsimrodev.github.io/pequenos-sanos/assets/index-C7AoTPzR.js:82
[  279298ms] [LOG] [WS] 🗺️ Broadcast recibido. Avatares: 1 [Hijo Test(2)] @ https://jimsimrodev.github.io/pequenos-sanos/assets/index-C7AoTPzR.js:82
[  279299ms] [LOG] [WS] 🗺️ Broadcast recibido. Avatares: 1 [Hijo Test(2)] @ https://jimsimrodev.github.io/pequenos-sanos/assets/index-C7AoTPzR.js:82
[  279334ms] [LOG] [WS] 🗺️ Broadcast recibido. Avatares: 1 [Hijo Test(2)] @ https://jimsimrodev.github.io/pequenos-sanos/assets/index-C7AoTPzR.js:82
[  279377ms] [LOG] [WS] 🗺️ Broadcast recibido. Avatares: 1 [Hijo Test(2)] @ https://jimsimrodev.github.io/pequenos-sanos/assets/index-C7AoTPzR.js:82
[  279418ms] [LOG] [WS] 🗺️ Broadcast recibido. Avatares: 1 [Hijo Test(2)] @ https://jimsimrodev.github.io/pequenos-sanos/assets/index-C7AoTPzR.js:82
[  279458ms] [LOG] [WS] 🗺️ Broadcast recibido. Avatares: 1 [Hijo Test(2)] @ https://jimsimrodev.github.io/pequenos-sanos/assets/index-C7AoTPzR.js:82
[  279497ms] [LOG] [WS] 🗺️ Broadcast recibido. Avatares: 1 [Hijo Test(2)] @ https://jimsimrodev.github.io/pequenos-sanos/assets/index-C7AoTPzR.js:82
[  279498ms] [LOG] [WS] 🗺️ Broadcast recibido. Avatares: 1 [Hijo Test(2)] @ https://jimsimrodev.github.io/pequenos-sanos/assets/index-C7AoTPzR.js:82
[  279546ms] [LOG] [WS] 🗺️ Broadcast recibido. Avatares: 1 [Hijo Test(2)] @ https://jimsimrodev.github.io/pequenos-sanos/assets/index-C7AoTPzR.js:82
[  279588ms] [LOG] [WS] 🗺️ Broadcast recibido. Avatares: 1 [Hijo Test(2)] @ https://jimsimrodev.github.io/pequenos-sanos/assets/index-C7AoTPzR.js:82
[  279635ms] [LOG] [WS] 🗺️ Broadcast recibido. Avatares: 1 [Hijo Test(2)] @ https://jimsimrodev.github.io/pequenos-sanos/assets/index-C7AoTPzR.js:82
[  279671ms] [LOG] [WS] 🗺️ Broadcast recibido. Avatares: 1 [Hijo Test(2)] @ https://jimsimrodev.github.io/pequenos-sanos/assets/index-C7AoTPzR.js:82
[  279672ms] [LOG] [WS] 🗺️ Broadcast recibido. Avatares: 1 [Hijo Test(2)] @ https://jimsimrodev.github.io/pequenos-sanos/assets/index-C7AoTPzR.js:82
[  279718ms] [LOG] [WS] 🗺️ Broadcast recibido. Avatares: 1 [Hijo Test(2)] @ https://jimsimrodev.github.io/pequenos-sanos/assets/index-C7AoTPzR.js:82
[  279766ms] [LOG] [WS] 🗺️ Broadcast recibido. Avatares: 1 [Hijo Test(2)] @ https://jimsimrodev.github.io/pequenos-sanos/assets/index-C7AoTPzR.js:82
[  279767ms] [LOG] [WS] 🗺️ Broadcast recibido. Avatares: 1 [Hijo Test(2)] @ https://jimsimrodev.github.io/pequenos-sanos/assets/index-C7AoTPzR.js:82
[  279813ms] [LOG] [WS] 🗺️ Broadcast recibido. Avatares: 1 [Hijo Test(2)] @ https://jimsimrodev.github.io/pequenos-sanos/assets/index-C7AoTPzR.js:82
[  279852ms] [LOG] [WS] 🗺️ Broadcast recibido. Avatares: 1 [Hijo Test(2)] @ https://jimsimrodev.github.io/pequenos-sanos/assets/index-C7AoTPzR.js:82
[  279883ms] [LOG] [WS] 🗺️ Broadcast recibido. Avatares: 1 [Hijo Test(2)] @ https://jimsimrodev.github.io/pequenos-sanos/assets/index-C7AoTPzR.js:82
[  279884ms] [LOG] [WS] 🗺️ Broadcast recibido. Avatares: 1 [Hijo Test(2)] @ https://jimsimrodev.github.io/pequenos-sanos/assets/index-C7AoTPzR.js:82
[  279915ms] [LOG] [WS] 🗺️ Broadcast recibido. Avatares: 1 [Hijo Test(2)] @ https://jimsimrodev.github.io/pequenos-sanos/assets/index-C7AoTPzR.js:82
[  279945ms] [LOG] [WS] 🗺️ Broadcast recibido. Avatares: 1 [Hijo Test(2)] @ https://jimsimrodev.github.io/pequenos-sanos/assets/index-C7AoTPzR.js:82
[  279980ms] [LOG] [WS] 🗺️ Broadcast recibido. Avatares: 1 [Hijo Test(2)] @ https://jimsimrodev.github.io/pequenos-sanos/assets/index-C7AoTPzR.js:82
[  280009ms] [LOG] [WS] 🗺️ Broadcast recibido. Avatares: 1 [Hijo Test(2)] @ https://jimsimrodev.github.io/pequenos-sanos/assets/index-C7AoTPzR.js:82
[  280037ms] [LOG] [WS] 🗺️ Broadcast recibido. Avatares: 1 [Hijo Test(2)] @ https://jimsimrodev.github.io/pequenos-sanos/assets/index-C7AoTPzR.js:82
[  280069ms] [LOG] [WS] 🗺️ Broadcast recibido. Avatares: 1 [Hijo Test(2)] @ https://jimsimrodev.github.io/pequenos-sanos/assets/index-C7AoTPzR.js:82
[  280146ms] [LOG] [WS] 🗺️ Broadcast recibido. Avatares: 1 [Hijo Test(2)] @ https://jimsimrodev.github.io/pequenos-sanos/assets/index-C7AoTPzR.js:82
[  280176ms] [LOG] [WS] 🗺️ Broadcast recibido. Avatares: 1 [Hijo Test(2)] @ https://jimsimrodev.github.io/pequenos-sanos/assets/index-C7AoTPzR.js:82
[  280177ms] [LOG] [WS] 🗺️ Broadcast recibido. Avatares: 1 [Hijo Test(2)] @ https://jimsimrodev.github.io/pequenos-sanos/assets/index-C7AoTPzR.js:82
[  280208ms] [LOG] [WS] 🗺️ Broadcast recibido. Avatares: 1 [Hijo Test(2)] @ https://jimsimrodev.github.io/pequenos-sanos/assets/index-C7AoTPzR.js:82
[  280245ms] [LOG] [WS] 🗺️ Broadcast recibido. Avatares: 1 [Hijo Test(2)] @ https://jimsimrodev.github.io/pequenos-sanos/assets/index-C7AoTPzR.js:82
[  280283ms] [LOG] [WS] 🗺️ Broadcast recibido. Avatares: 1 [Hijo Test(2)] @ https://jimsimrodev.github.io/pequenos-sanos/assets/index-C7AoTPzR.js:82
[  280320ms] [LOG] [WS] 🗺️ Broadcast recibido. Avatares: 1 [Hijo Test(2)] @ https://jimsimrodev.github.io/pequenos-sanos/assets/index-C7AoTPzR.js:82
[  280354ms] [LOG] [WS] 🗺️ Broadcast recibido. Avatares: 1 [Hijo Test(2)] @ https://jimsimrodev.github.io/pequenos-sanos/assets/index-C7AoTPzR.js:82
[  280382ms] [LOG] [WS] 🗺️ Broadcast recibido. Avatares: 1 [Hijo Test(2)] @ https://jimsimrodev.github.io/pequenos-sanos/assets/index-C7AoTPzR.js:82
[  280414ms] [LOG] [WS] 🗺️ Broadcast recibido. Avatares: 1 [Hijo Test(2)] @ https://jimsimrodev.github.io/pequenos-sanos/assets/index-C7AoTPzR.js:82
[  280450ms] [LOG] [WS] 🗺️ Broadcast recibido. Avatares: 1 [Hijo Test(2)] @ https://jimsimrodev.github.io/pequenos-sanos/assets/index-C7AoTPzR.js:82
[  280479ms] [LOG] [WS] 🗺️ Broadcast recibido. Avatares: 1 [Hijo Test(2)] @ https://jimsimrodev.github.io/pequenos-sanos/assets/index-C7AoTPzR.js:82
[  280512ms] [LOG] [WS] 🗺️ Broadcast recibido. Avatares: 1 [Hijo Test(2)] @ https://jimsimrodev.github.io/pequenos-sanos/assets/index-C7AoTPzR.js:82
[  280548ms] [LOG] [WS] 🗺️ Broadcast recibido. Avatares: 1 [Hijo Test(2)] @ https://jimsimrodev.github.io/pequenos-sanos/assets/index-C7AoTPzR.js:82
[  280590ms] [LOG] [WS] 🗺️ Broadcast recibido. Avatares: 1 [Hijo Test(2)] @ https://jimsimrodev.github.io/pequenos-sanos/assets/index-C7AoTPzR.js:82
[  280627ms] [LOG] [WS] 🗺️ Broadcast recibido. Avatares: 1 [Hijo Test(2)] @ https://jimsimrodev.github.io/pequenos-sanos/assets/index-C7AoTPzR.js:82
[  280662ms] [LOG] [WS] 🗺️ Broadcast recibido. Avatares: 1 [Hijo Test(2)] @ https://jimsimrodev.github.io/pequenos-sanos/assets/index-C7AoTPzR.js:82
[  280697ms] [LOG] [WS] 🗺️ Broadcast recibido. Avatares: 1 [Hijo Test(2)] @ https://jimsimrodev.github.io/pequenos-sanos/assets/index-C7AoTPzR.js:82
[  280733ms] [LOG] [WS] 🗺️ Broadcast recibido. Avatares: 1 [Hijo Test(2)] @ https://jimsimrodev.github.io/pequenos-sanos/assets/index-C7AoTPzR.js:82
[  280784ms] [LOG] [WS] 🗺️ Broadcast recibido. Avatares: 1 [Hijo Test(2)] @ https://jimsimrodev.github.io/pequenos-sanos/assets/index-C7AoTPzR.js:82
[  280825ms] [LOG] [WS] 🗺️ Broadcast recibido. Avatares: 1 [Hijo Test(2)] @ https://jimsimrodev.github.io/pequenos-sanos/assets/index-C7AoTPzR.js:82
[  280826ms] [LOG] [WS] 🗺️ Broadcast recibido. Avatares: 1 [Hijo Test(2)] @ https://jimsimrodev.github.io/pequenos-sanos/assets/index-C7AoTPzR.js:82
[  280875ms] [LOG] [WS] 🗺️ Broadcast recibido. Avatares: 1 [Hijo Test(2)] @ https://jimsimrodev.github.io/pequenos-sanos/assets/index-C7AoTPzR.js:82
[  280919ms] [LOG] [WS] 🗺️ Broadcast recibido. Avatares: 1 [Hijo Test(2)] @ https://jimsimrodev.github.io/pequenos-sanos/assets/index-C7AoTPzR.js:82
[  280919ms] [LOG] [WS] 🗺️ Broadcast recibido. Avatares: 1 [Hijo Test(2)] @ https://jimsimrodev.github.io/pequenos-sanos/assets/index-C7AoTPzR.js:82
[  280957ms] [LOG] [WS] 🗺️ Broadcast recibido. Avatares: 1 [Hijo Test(2)] @ https://jimsimrodev.github.io/pequenos-sanos/assets/index-C7AoTPzR.js:82
[  280993ms] [LOG] [WS] 🗺️ Broadcast recibido. Avatares: 1 [Hijo Test(2)] @ https://jimsimrodev.github.io/pequenos-sanos/assets/index-C7AoTPzR.js:82
[  281035ms] [LOG] [WS] 🗺️ Broadcast recibido. Avatares: 1 [Hijo Test(2)] @ https://jimsimrodev.github.io/pequenos-sanos/assets/index-C7AoTPzR.js:82
[  281077ms] [LOG] [WS] 🗺️ Broadcast recibido. Avatares: 1 [Hijo Test(2)] @ https://jimsimrodev.github.io/pequenos-sanos/assets/index-C7AoTPzR.js:82
[  281078ms] [LOG] [WS] 🗺️ Broadcast recibido. Avatares: 1 [Hijo Test(2)] @ https://jimsimrodev.github.io/pequenos-sanos/assets/index-C7AoTPzR.js:82
[  281131ms] [LOG] [WS] 🗺️ Broadcast recibido. Avatares: 1 [Hijo Test(2)] @ https://jimsimrodev.github.io/pequenos-sanos/assets/index-C7AoTPzR.js:82
[  281177ms] [LOG] [WS] 🗺️ Broadcast recibido. Avatares: 1 [Hijo Test(2)] @ https://jimsimrodev.github.io/pequenos-sanos/assets/index-C7AoTPzR.js:82
[  281216ms] [LOG] [WS] 🗺️ Broadcast recibido. Avatares: 1 [Hijo Test(2)] @ https://jimsimrodev.github.io/pequenos-sanos/assets/index-C7AoTPzR.js:82
[  281217ms] [LOG] [WS] 🗺️ Broadcast recibido. Avatares: 1 [Hijo Test(2)] @ https://jimsimrodev.github.io/pequenos-sanos/assets/index-C7AoTPzR.js:82
[  281260ms] [LOG] [WS] 🗺️ Broadcast recibido. Avatares: 1 [Hijo Test(2)] @ https://jimsimrodev.github.io/pequenos-sanos/assets/index-C7AoTPzR.js:82
[  281302ms] [LOG] [WS] 🗺️ Broadcast recibido. Avatares: 1 [Hijo Test(2)] @ https://jimsimrodev.github.io/pequenos-sanos/assets/index-C7AoTPzR.js:82
[  281351ms] [LOG] [WS] 🗺️ Broadcast recibido. Avatares: 1 [Hijo Test(2)] @ https://jimsimrodev.github.io/pequenos-sanos/assets/index-C7AoTPzR.js:82
[  281351ms] [LOG] [WS] 🗺️ Broadcast recibido. Avatares: 1 [Hijo Test(2)] @ https://jimsimrodev.github.io/pequenos-sanos/assets/index-C7AoTPzR.js:82
[  281393ms] [LOG] [WS] 🗺️ Broadcast recibido. Avatares: 1 [Hijo Test(2)] @ https://jimsimrodev.github.io/pequenos-sanos/assets/index-C7AoTPzR.js:82
[  281436ms] [LOG] [WS] 🗺️ Broadcast recibido. Avatares: 1 [Hijo Test(2)] @ https://jimsimrodev.github.io/pequenos-sanos/assets/index-C7AoTPzR.js:82
[  281474ms] [LOG] [WS] 🗺️ Broadcast recibido. Avatares: 1 [Hijo Test(2)] @ https://jimsimrodev.github.io/pequenos-sanos/assets/index-C7AoTPzR.js:82
[  281475ms] [LOG] [WS] 🗺️ Broadcast recibido. Avatares: 1 [Hijo Test(2)] @ https://jimsimrodev.github.io/pequenos-sanos/assets/index-C7AoTPzR.js:82
[  281512ms] [LOG] [WS] 🗺️ Broadcast recibido. Avatares: 1 [Hijo Test(2)] @ https://jimsimrodev.github.io/pequenos-sanos/assets/index-C7AoTPzR.js:82
[  281549ms] [LOG] [WS] 🗺️ Broadcast recibido. Avatares: 1 [Hijo Test(2)] @ https://jimsimrodev.github.io/pequenos-sanos/assets/index-C7AoTPzR.js:82
[  281588ms] [LOG] [WS] 🗺️ Broadcast recibido. Avatares: 1 [Hijo Test(2)] @ https://jimsimrodev.github.io/pequenos-sanos/assets/index-C7AoTPzR.js:82
[  281628ms] [LOG] [WS] 🗺️ Broadcast recibido. Avatares: 1 [Hijo Test(2)] @ https://jimsimrodev.github.io/pequenos-sanos/assets/index-C7AoTPzR.js:82
[  281668ms] [LOG] [WS] 🗺️ Broadcast recibido. Avatares: 1 [Hijo Test(2)] @ https://jimsimrodev.github.io/pequenos-sanos/assets/index-C7AoTPzR.js:82
[  281669ms] [LOG] [WS] 🗺️ Broadcast recibido. Avatares: 1 [Hijo Test(2)] @ https://jimsimrodev.github.io/pequenos-sanos/assets/index-C7AoTPzR.js:82
[  281707ms] [LOG] [WS] 🗺️ Broadcast recibido. Avatares: 1 [Hijo Test(2)] @ https://jimsimrodev.github.io/pequenos-sanos/assets/index-C7AoTPzR.js:82
[  281738ms] [LOG] [WS] 🗺️ Broadcast recibido. Avatares: 1 [Hijo Test(2)] @ https://jimsimrodev.github.io/pequenos-sanos/assets/index-C7AoTPzR.js:82
[  281778ms] [LOG] [WS] 🗺️ Broadcast recibido. Avatares: 1 [Hijo Test(2)] @ https://jimsimrodev.github.io/pequenos-sanos/assets/index-C7AoTPzR.js:82
[  281813ms] [LOG] [WS] 🗺️ Broadcast recibido. Avatares: 1 [Hijo Test(2)] @ https://jimsimrodev.github.io/pequenos-sanos/assets/index-C7AoTPzR.js:82
[  281853ms] [LOG] [WS] 🗺️ Broadcast recibido. Avatares: 1 [Hijo Test(2)] @ https://jimsimrodev.github.io/pequenos-sanos/assets/index-C7AoTPzR.js:82
[  281888ms] [LOG] [WS] 🗺️ Broadcast recibido. Avatares: 1 [Hijo Test(2)] @ https://jimsimrodev.github.io/pequenos-sanos/assets/index-C7AoTPzR.js:82
[  281925ms] [LOG] [WS] 🗺️ Broadcast recibido. Avatares: 1 [Hijo Test(2)] @ https://jimsimrodev.github.io/pequenos-sanos/assets/index-C7AoTPzR.js:82
[  281955ms] [LOG] [WS] 🗺️ Broadcast recibido. Avatares: 1 [Hijo Test(2)] @ https://jimsimrodev.github.io/pequenos-sanos/assets/index-C7AoTPzR.js:82
[  281955ms] [LOG] [WS] 🗺️ Broadcast recibido. Avatares: 1 [Hijo Test(2)] @ https://jimsimrodev.github.io/pequenos-sanos/assets/index-C7AoTPzR.js:82
[  281988ms] [LOG] [WS] 🗺️ Broadcast recibido. Avatares: 1 [Hijo Test(2)] @ https://jimsimrodev.github.io/pequenos-sanos/assets/index-C7AoTPzR.js:82
[  282020ms] [LOG] [WS] 🗺️ Broadcast recibido. Avatares: 1 [Hijo Test(2)] @ https://jimsimrodev.github.io/pequenos-sanos/assets/index-C7AoTPzR.js:82
[  282054ms] [LOG] [WS] 🗺️ Broadcast recibido. Avatares: 1 [Hijo Test(2)] @ https://jimsimrodev.github.io/pequenos-sanos/assets/index-C7AoTPzR.js:82
[  282093ms] [LOG] [WS] 🗺️ Broadcast recibido. Avatares: 1 [Hijo Test(2)] @ https://jimsimrodev.github.io/pequenos-sanos/assets/index-C7AoTPzR.js:82
[  282132ms] [LOG] [WS] 🗺️ Broadcast recibido. Avatares: 1 [Hijo Test(2)] @ https://jimsimrodev.github.io/pequenos-sanos/assets/index-C7AoTPzR.js:82
[  282165ms] [LOG] [WS] 🗺️ Broadcast recibido. Avatares: 1 [Hijo Test(2)] @ https://jimsimrodev.github.io/pequenos-sanos/assets/index-C7AoTPzR.js:82
[  282203ms] [LOG] [WS] 🗺️ Broadcast recibido. Avatares: 1 [Hijo Test(2)] @ https://jimsimrodev.github.io/pequenos-sanos/assets/index-C7AoTPzR.js:82
[  282238ms] [LOG] [WS] 🗺️ Broadcast recibido. Avatares: 1 [Hijo Test(2)] @ https://jimsimrodev.github.io/pequenos-sanos/assets/index-C7AoTPzR.js:82
[  282272ms] [LOG] [WS] 🗺️ Broadcast recibido. Avatares: 1 [Hijo Test(2)] @ https://jimsimrodev.github.io/pequenos-sanos/assets/index-C7AoTPzR.js:82
[  282305ms] [LOG] [WS] 🗺️ Broadcast recibido. Avatares: 1 [Hijo Test(2)] @ https://jimsimrodev.github.io/pequenos-sanos/assets/index-C7AoTPzR.js:82
[  282335ms] [LOG] [WS] 🗺️ Broadcast recibido. Avatares: 1 [Hijo Test(2)] @ https://jimsimrodev.github.io/pequenos-sanos/assets/index-C7AoTPzR.js:82
[  282368ms] [LOG] [WS] 🗺️ Broadcast recibido. Avatares: 1 [Hijo Test(2)] @ https://jimsimrodev.github.io/pequenos-sanos/assets/index-C7AoTPzR.js:82
[  282407ms] [LOG] [WS] 🗺️ Broadcast recibido. Avatares: 1 [Hijo Test(2)] @ https://jimsimrodev.github.io/pequenos-sanos/assets/index-C7AoTPzR.js:82
[  282443ms] [LOG] [WS] 🗺️ Broadcast recibido. Avatares: 1 [Hijo Test(2)] @ https://jimsimrodev.github.io/pequenos-sanos/assets/index-C7AoTPzR.js:82
[  282478ms] [LOG] [WS] 🗺️ Broadcast recibido. Avatares: 1 [Hijo Test(2)] @ https://jimsimrodev.github.io/pequenos-sanos/assets/index-C7AoTPzR.js:82
[  282514ms] [LOG] [WS] 🗺️ Broadcast recibido. Avatares: 1 [Hijo Test(2)] @ https://jimsimrodev.github.io/pequenos-sanos/assets/index-C7AoTPzR.js:82
[  282553ms] [LOG] [WS] 🗺️ Broadcast recibido. Avatares: 1 [Hijo Test(2)] @ https://jimsimrodev.github.io/pequenos-sanos/assets/index-C7AoTPzR.js:82
[  282593ms] [LOG] [WS] 🗺️ Broadcast recibido. Avatares: 1 [Hijo Test(2)] @ https://jimsimrodev.github.io/pequenos-sanos/assets/index-C7AoTPzR.js:82
[  282593ms] [LOG] [WS] 🗺️ Broadcast recibido. Avatares: 1 [Hijo Test(2)] @ https://jimsimrodev.github.io/pequenos-sanos/assets/index-C7AoTPzR.js:82
[  282631ms] [LOG] [WS] 🗺️ Broadcast recibido. Avatares: 1 [Hijo Test(2)] @ https://jimsimrodev.github.io/pequenos-sanos/assets/index-C7AoTPzR.js:82
[  282663ms] [LOG] [WS] 🗺️ Broadcast recibido. Avatares: 1 [Hijo Test(2)] @ https://jimsimrodev.github.io/pequenos-sanos/assets/index-C7AoTPzR.js:82
[  282701ms] [LOG] [WS] 🗺️ Broadcast recibido. Avatares: 1 [Hijo Test(2)] @ https://jimsimrodev.github.io/pequenos-sanos/assets/index-C7AoTPzR.js:82
[  282747ms] [LOG] [WS] 🗺️ Broadcast recibido. Avatares: 1 [Hijo Test(2)] @ https://jimsimrodev.github.io/pequenos-sanos/assets/index-C7AoTPzR.js:82
[  282819ms] [LOG] [WS] 🗺️ Broadcast recibido. Avatares: 1 [Hijo Test(2)] @ https://jimsimrodev.github.io/pequenos-sanos/assets/index-C7AoTPzR.js:82
[  282873ms] [LOG] [WS] 🗺️ Broadcast recibido. Avatares: 1 [Hijo Test(2)] @ https://jimsimrodev.github.io/pequenos-sanos/assets/index-C7AoTPzR.js:82
[  282874ms] [LOG] [WS] 🗺️ Broadcast recibido. Avatares: 1 [Hijo Test(2)] @ https://jimsimrodev.github.io/pequenos-sanos/assets/index-C7AoTPzR.js:82
[  282874ms] [LOG] [WS] 🗺️ Broadcast recibido. Avatares: 1 [Hijo Test(2)] @ https://jimsimrodev.github.io/pequenos-sanos/assets/index-C7AoTPzR.js:82
[  282924ms] [LOG] [WS] 🗺️ Broadcast recibido. Avatares: 1 [Hijo Test(2)] @ https://jimsimrodev.github.io/pequenos-sanos/assets/index-C7AoTPzR.js:82
[  282964ms] [LOG] [WS] 🗺️ Broadcast recibido. Avatares: 1 [Hijo Test(2)] @ https://jimsimrodev.github.io/pequenos-sanos/assets/index-C7AoTPzR.js:82
[  282965ms] [LOG] [WS] 🗺️ Broadcast recibido. Avatares: 1 [Hijo Test(2)] @ https://jimsimrodev.github.io/pequenos-sanos/assets/index-C7AoTPzR.js:82
[  283008ms] [LOG] [WS] 🗺️ Broadcast recibido. Avatares: 1 [Hijo Test(2)] @ https://jimsimrodev.github.io/pequenos-sanos/assets/index-C7AoTPzR.js:82
[  283054ms] [LOG] [WS] 🗺️ Broadcast recibido. Avatares: 1 [Hijo Test(2)] @ https://jimsimrodev.github.io/pequenos-sanos/assets/index-C7AoTPzR.js:82
[  283091ms] [LOG] [WS] 🗺️ Broadcast recibido. Avatares: 1 [Hijo Test(2)] @ https://jimsimrodev.github.io/pequenos-sanos/assets/index-C7AoTPzR.js:82
[  283091ms] [LOG] [WS] 🗺️ Broadcast recibido. Avatares: 1 [Hijo Test(2)] @ https://jimsimrodev.github.io/pequenos-sanos/assets/index-C7AoTPzR.js:82
[  283130ms] [LOG] [WS] 🗺️ Broadcast recibido. Avatares: 1 [Hijo Test(2)] @ https://jimsimrodev.github.io/pequenos-sanos/assets/index-C7AoTPzR.js:82
[  283171ms] [LOG] [WS] 🗺️ Broadcast recibido. Avatares: 1 [Hijo Test(2)] @ https://jimsimrodev.github.io/pequenos-sanos/assets/index-C7AoTPzR.js:82
[  283206ms] [LOG] [WS] 🗺️ Broadcast recibido. Avatares: 1 [Hijo Test(2)] @ https://jimsimrodev.github.io/pequenos-sanos/assets/index-C7AoTPzR.js:82
[  283252ms] [LOG] [WS] 🗺️ Broadcast recibido. Avatares: 1 [Hijo Test(2)] @ https://jimsimrodev.github.io/pequenos-sanos/assets/index-C7AoTPzR.js:82
[  283307ms] [LOG] [WS] 🗺️ Broadcast recibido. Avatares: 1 [Hijo Test(2)] @ https://jimsimrodev.github.io/pequenos-sanos/assets/index-C7AoTPzR.js:82
[  283308ms] [LOG] [WS] 🗺️ Broadcast recibido. Avatares: 1 [Hijo Test(2)] @ https://jimsimrodev.github.io/pequenos-sanos/assets/index-C7AoTPzR.js:82
[  283351ms] [LOG] [WS] 🗺️ Broadcast recibido. Avatares: 1 [Hijo Test(2)] @ https://jimsimrodev.github.io/pequenos-sanos/assets/index-C7AoTPzR.js:82
[  283392ms] [LOG] [WS] 🗺️ Broadcast recibido. Avatares: 1 [Hijo Test(2)] @ https://jimsimrodev.github.io/pequenos-sanos/assets/index-C7AoTPzR.js:82
[  283393ms] [LOG] [WS] 🗺️ Broadcast recibido. Avatares: 1 [Hijo Test(2)] @ https://jimsimrodev.github.io/pequenos-sanos/assets/index-C7AoTPzR.js:82
[  283442ms] [LOG] [WS] 🗺️ Broadcast recibido. Avatares: 1 [Hijo Test(2)] @ https://jimsimrodev.github.io/pequenos-sanos/assets/index-C7AoTPzR.js:82
[  283482ms] [LOG] [WS] 🗺️ Broadcast recibido. Avatares: 1 [Hijo Test(2)] @ https://jimsimrodev.github.io/pequenos-sanos/assets/index-C7AoTPzR.js:82
[  283483ms] [LOG] [WS] 🗺️ Broadcast recibido. Avatares: 1 [Hijo Test(2)] @ https://jimsimrodev.github.io/pequenos-sanos/assets/index-C7AoTPzR.js:82
[  283526ms] [LOG] [WS] 🗺️ Broadcast recibido. Avatares: 1 [Hijo Test(2)] @ https://jimsimrodev.github.io/pequenos-sanos/assets/index-C7AoTPzR.js:82
[  283574ms] [LOG] [WS] 🗺️ Broadcast recibido. Avatares: 1 [Hijo Test(2)] @ https://jimsimrodev.github.io/pequenos-sanos/assets/index-C7AoTPzR.js:82
[  283624ms] [LOG] [WS] 🗺️ Broadcast recibido. Avatares: 1 [Hijo Test(2)] @ https://jimsimrodev.github.io/pequenos-sanos/assets/index-C7AoTPzR.js:82
[  283625ms] [LOG] [WS] 🗺️ Broadcast recibido. Avatares: 1 [Hijo Test(2)] @ https://jimsimrodev.github.io/pequenos-sanos/assets/index-C7AoTPzR.js:82
[  283663ms] [LOG] [WS] 🗺️ Broadcast recibido. Avatares: 1 [Hijo Test(2)] @ https://jimsimrodev.github.io/pequenos-sanos/assets/index-C7AoTPzR.js:82
[  283698ms] [LOG] [WS] 🗺️ Broadcast recibido. Avatares: 1 [Hijo Test(2)] @ https://jimsimrodev.github.io/pequenos-sanos/assets/index-C7AoTPzR.js:82
[  283733ms] [LOG] [WS] 🗺️ Broadcast recibido. Avatares: 1 [Hijo Test(2)] @ https://jimsimrodev.github.io/pequenos-sanos/assets/index-C7AoTPzR.js:82
[  283780ms] [LOG] [WS] 🗺️ Broadcast recibido. Avatares: 1 [Hijo Test(2)] @ https://jimsimrodev.github.io/pequenos-sanos/assets/index-C7AoTPzR.js:82
[  283823ms] [LOG] [WS] 🗺️ Broadcast recibido. Avatares: 1 [Hijo Test(2)] @ https://jimsimrodev.github.io/pequenos-sanos/assets/index-C7AoTPzR.js:82
[  283824ms] [LOG] [WS] 🗺️ Broadcast recibido. Avatares: 1 [Hijo Test(2)] @ https://jimsimrodev.github.io/pequenos-sanos/assets/index-C7AoTPzR.js:82
[  283860ms] [LOG] [WS] 🗺️ Broadcast recibido. Avatares: 1 [Hijo Test(2)] @ https://jimsimrodev.github.io/pequenos-sanos/assets/index-C7AoTPzR.js:82
[  283901ms] [LOG] [WS] 🗺️ Broadcast recibido. Avatares: 1 [Hijo Test(2)] @ https://jimsimrodev.github.io/pequenos-sanos/assets/index-C7AoTPzR.js:82
[  283936ms] [LOG] [WS] 🗺️ Broadcast recibido. Avatares: 1 [Hijo Test(2)] @ https://jimsimrodev.github.io/pequenos-sanos/assets/index-C7AoTPzR.js:82
[  283975ms] [LOG] [WS] 🗺️ Broadcast recibido. Avatares: 1 [Hijo Test(2)] @ https://jimsimrodev.github.io/pequenos-sanos/assets/index-C7AoTPzR.js:82
[  283976ms] [LOG] [WS] 🗺️ Broadcast recibido. Avatares: 1 [Hijo Test(2)] @ https://jimsimrodev.github.io/pequenos-sanos/assets/index-C7AoTPzR.js:82
[  284013ms] [LOG] [WS] 🗺️ Broadcast recibido. Avatares: 1 [Hijo Test(2)] @ https://jimsimrodev.github.io/pequenos-sanos/assets/index-C7AoTPzR.js:82
[  284059ms] [LOG] [WS] 🗺️ Broadcast recibido. Avatares: 1 [Hijo Test(2)] @ https://jimsimrodev.github.io/pequenos-sanos/assets/index-C7AoTPzR.js:82
[  284099ms] [LOG] [WS] 🗺️ Broadcast recibido. Avatares: 1 [Hijo Test(2)] @ https://jimsimrodev.github.io/pequenos-sanos/assets/index-C7AoTPzR.js:82
[  284149ms] [LOG] [WS] 🗺️ Broadcast recibido. Avatares: 1 [Hijo Test(2)] @ https://jimsimrodev.github.io/pequenos-sanos/assets/index-C7AoTPzR.js:82
[  284189ms] [LOG] [WS] 🗺️ Broadcast recibido. Avatares: 1 [Hijo Test(2)] @ https://jimsimrodev.github.io/pequenos-sanos/assets/index-C7AoTPzR.js:82
[  284190ms] [LOG] [WS] 🗺️ Broadcast recibido. Avatares: 1 [Hijo Test(2)] @ https://jimsimrodev.github.io/pequenos-sanos/assets/index-C7AoTPzR.js:82
[  284228ms] [LOG] [WS] 🗺️ Broadcast recibido. Avatares: 1 [Hijo Test(2)] @ https://jimsimrodev.github.io/pequenos-sanos/assets/index-C7AoTPzR.js:82
[  284266ms] [LOG] [WS] 🗺️ Broadcast recibido. Avatares: 1 [Hijo Test(2)] @ https://jimsimrodev.github.io/pequenos-sanos/assets/index-C7AoTPzR.js:82
[  284302ms] [LOG] [WS] 🗺️ Broadcast recibido. Avatares: 1 [Hijo Test(2)] @ https://jimsimrodev.github.io/pequenos-sanos/assets/index-C7AoTPzR.js:82
[  284303ms] [LOG] [WS] 🗺️ Broadcast recibido. Avatares: 1 [Hijo Test(2)] @ https://jimsimrodev.github.io/pequenos-sanos/assets/index-C7AoTPzR.js:82
[  284338ms] [LOG] [WS] 🗺️ Broadcast recibido. Avatares: 1 [Hijo Test(2)] @ https://jimsimrodev.github.io/pequenos-sanos/assets/index-C7AoTPzR.js:82
[  284370ms] [LOG] [WS] 🗺️ Broadcast recibido. Avatares: 1 [Hijo Test(2)] @ https://jimsimrodev.github.io/pequenos-sanos/assets/index-C7AoTPzR.js:82
[  284398ms] [LOG] [WS] 🗺️ Broadcast recibido. Avatares: 1 [Hijo Test(2)] @ https://jimsimrodev.github.io/pequenos-sanos/assets/index-C7AoTPzR.js:82
[  284433ms] [LOG] [WS] 🗺️ Broadcast recibido. Avatares: 1 [Hijo Test(2)] @ https://jimsimrodev.github.io/pequenos-sanos/assets/index-C7AoTPzR.js:82
[  284464ms] [LOG] [WS] 🗺️ Broadcast recibido. Avatares: 1 [Hijo Test(2)] @ https://jimsimrodev.github.io/pequenos-sanos/assets/index-C7AoTPzR.js:82
[  284503ms] [LOG] [WS] 🗺️ Broadcast recibido. Avatares: 1 [Hijo Test(2)] @ https://jimsimrodev.github.io/pequenos-sanos/assets/index-C7AoTPzR.js:82
[  284537ms] [LOG] [WS] 🗺️ Broadcast recibido. Avatares: 1 [Hijo Test(2)] @ https://jimsimrodev.github.io/pequenos-sanos/assets/index-C7AoTPzR.js:82
[  284538ms] [LOG] [WS] 🗺️ Broadcast recibido. Avatares: 1 [Hijo Test(2)] @ https://jimsimrodev.github.io/pequenos-sanos/assets/index-C7AoTPzR.js:82
[  284575ms] [LOG] [WS] 🗺️ Broadcast recibido. Avatares: 1 [Hijo Test(2)] @ https://jimsimrodev.github.io/pequenos-sanos/assets/index-C7AoTPzR.js:82
[  284610ms] [LOG] [WS] 🗺️ Broadcast recibido. Avatares: 1 [Hijo Test(2)] @ https://jimsimrodev.github.io/pequenos-sanos/assets/index-C7AoTPzR.js:82
[  284653ms] [LOG] [WS] 🗺️ Broadcast recibido. Avatares: 1 [Hijo Test(2)] @ https://jimsimrodev.github.io/pequenos-sanos/assets/index-C7AoTPzR.js:82
[  284686ms] [LOG] [WS] 🗺️ Broadcast recibido. Avatares: 1 [Hijo Test(2)] @ https://jimsimrodev.github.io/pequenos-sanos/assets/index-C7AoTPzR.js:82
[  284733ms] [LOG] [WS] 🗺️ Broadcast recibido. Avatares: 1 [Hijo Test(2)] @ https://jimsimrodev.github.io/pequenos-sanos/assets/index-C7AoTPzR.js:82
[  284780ms] [LOG] [WS] 🗺️ Broadcast recibido. Avatares: 1 [Hijo Test(2)] @ https://jimsimrodev.github.io/pequenos-sanos/assets/index-C7AoTPzR.js:82
[  284833ms] [LOG] [WS] 🗺️ Broadcast recibido. Avatares: 1 [Hijo Test(2)] @ https://jimsimrodev.github.io/pequenos-sanos/assets/index-C7AoTPzR.js:82
[  284880ms] [LOG] [WS] 🗺️ Broadcast recibido. Avatares: 1 [Hijo Test(2)] @ https://jimsimrodev.github.io/pequenos-sanos/assets/index-C7AoTPzR.js:82
[  284883ms] [LOG] [WS] 🗺️ Broadcast recibido. Avatares: 1 [Hijo Test(2)] @ https://jimsimrodev.github.io/pequenos-sanos/assets/index-C7AoTPzR.js:82
[  284918ms] [LOG] [WS] 🗺️ Broadcast recibido. Avatares: 1 [Hijo Test(2)] @ https://jimsimrodev.github.io/pequenos-sanos/assets/index-C7AoTPzR.js:82
[  284958ms] [LOG] [WS] 🗺️ Broadcast recibido. Avatares: 1 [Hijo Test(2)] @ https://jimsimrodev.github.io/pequenos-sanos/assets/index-C7AoTPzR.js:82
[  284995ms] [LOG] [WS] 🗺️ Broadcast recibido. Avatares: 1 [Hijo Test(2)] @ https://jimsimrodev.github.io/pequenos-sanos/assets/index-C7AoTPzR.js:82
[  285040ms] [LOG] [WS] 🗺️ Broadcast recibido. Avatares: 1 [Hijo Test(2)] @ https://jimsimrodev.github.io/pequenos-sanos/assets/index-C7AoTPzR.js:82
[  285041ms] [LOG] [WS] 🗺️ Broadcast recibido. Avatares: 1 [Hijo Test(2)] @ https://jimsimrodev.github.io/pequenos-sanos/assets/index-C7AoTPzR.js:82
[  285090ms] [LOG] [WS] 🗺️ Broadcast recibido. Avatares: 1 [Hijo Test(2)] @ https://jimsimrodev.github.io/pequenos-sanos/assets/index-C7AoTPzR.js:82
[  285130ms] [LOG] [WS] 🗺️ Broadcast recibido. Avatares: 1 [Hijo Test(2)] @ https://jimsimrodev.github.io/pequenos-sanos/assets/index-C7AoTPzR.js:82
[  285131ms] [LOG] [WS] 🗺️ Broadcast recibido. Avatares: 1 [Hijo Test(2)] @ https://jimsimrodev.github.io/pequenos-sanos/assets/index-C7AoTPzR.js:82
[  285179ms] [LOG] [WS] 🗺️ Broadcast recibido. Avatares: 1 [Hijo Test(2)] @ https://jimsimrodev.github.io/pequenos-sanos/assets/index-C7AoTPzR.js:82
[  285228ms] [LOG] [WS] 🗺️ Broadcast recibido. Avatares: 1 [Hijo Test(2)] @ https://jimsimrodev.github.io/pequenos-sanos/assets/index-C7AoTPzR.js:82
[  285273ms] [LOG] [WS] 🗺️ Broadcast recibido. Avatares: 1 [Hijo Test(2)] @ https://jimsimrodev.github.io/pequenos-sanos/assets/index-C7AoTPzR.js:82
[  285274ms] [LOG] [WS] 🗺️ Broadcast recibido. Avatares: 1 [Hijo Test(2)] @ https://jimsimrodev.github.io/pequenos-sanos/assets/index-C7AoTPzR.js:82
[  285315ms] [LOG] [WS] 🗺️ Broadcast recibido. Avatares: 1 [Hijo Test(2)] @ https://jimsimrodev.github.io/pequenos-sanos/assets/index-C7AoTPzR.js:82
[  285363ms] [LOG] [WS] 🗺️ Broadcast recibido. Avatares: 1 [Hijo Test(2)] @ https://jimsimrodev.github.io/pequenos-sanos/assets/index-C7AoTPzR.js:82
[  285406ms] [LOG] [WS] 🗺️ Broadcast recibido. Avatares: 1 [Hijo Test(2)] @ https://jimsimrodev.github.io/pequenos-sanos/assets/index-C7AoTPzR.js:82
[  285406ms] [LOG] [WS] 🗺️ Broadcast recibido. Avatares: 1 [Hijo Test(2)] @ https://jimsimrodev.github.io/pequenos-sanos/assets/index-C7AoTPzR.js:82
[  285450ms] [LOG] [WS] 🗺️ Broadcast recibido. Avatares: 1 [Hijo Test(2)] @ https://jimsimrodev.github.io/pequenos-sanos/assets/index-C7AoTPzR.js:82
[  285490ms] [LOG] [WS] 🗺️ Broadcast recibido. Avatares: 1 [Hijo Test(2)] @ https://jimsimrodev.github.io/pequenos-sanos/assets/index-C7AoTPzR.js:82
[  285539ms] [LOG] [WS] 🗺️ Broadcast recibido. Avatares: 1 [Hijo Test(2)] @ https://jimsimrodev.github.io/pequenos-sanos/assets/index-C7AoTPzR.js:82
[  285540ms] [LOG] [WS] 🗺️ Broadcast recibido. Avatares: 1 [Hijo Test(2)] @ https://jimsimrodev.github.io/pequenos-sanos/assets/index-C7AoTPzR.js:82
[  285571ms] [LOG] [WS] 🗺️ Broadcast recibido. Avatares: 1 [Hijo Test(2)] @ https://jimsimrodev.github.io/pequenos-sanos/assets/index-C7AoTPzR.js:82
[  285605ms] [LOG] [WS] 🗺️ Broadcast recibido. Avatares: 1 [Hijo Test(2)] @ https://jimsimrodev.github.io/pequenos-sanos/assets/index-C7AoTPzR.js:82
[  285645ms] [LOG] [WS] 🗺️ Broadcast recibido. Avatares: 1 [Hijo Test(2)] @ https://jimsimrodev.github.io/pequenos-sanos/assets/index-C7AoTPzR.js:82
[  285683ms] [LOG] [WS] 🗺️ Broadcast recibido. Avatares: 1 [Hijo Test(2)] @ https://jimsimrodev.github.io/pequenos-sanos/assets/index-C7AoTPzR.js:82
[  285721ms] [LOG] [WS] 🗺️ Broadcast recibido. Avatares: 1 [Hijo Test(2)] @ https://jimsimrodev.github.io/pequenos-sanos/assets/index-C7AoTPzR.js:82
[  285755ms] [LOG] [WS] 🗺️ Broadcast recibido. Avatares: 1 [Hijo Test(2)] @ https://jimsimrodev.github.io/pequenos-sanos/assets/index-C7AoTPzR.js:82
[  285756ms] [LOG] [WS] 🗺️ Broadcast recibido. Avatares: 1 [Hijo Test(2)] @ https://jimsimrodev.github.io/pequenos-sanos/assets/index-C7AoTPzR.js:82
[  285792ms] [LOG] [WS] 🗺️ Broadcast recibido. Avatares: 1 [Hijo Test(2)] @ https://jimsimrodev.github.io/pequenos-sanos/assets/index-C7AoTPzR.js:82
[  285826ms] [LOG] [WS] 🗺️ Broadcast recibido. Avatares: 1 [Hijo Test(2)] @ https://jimsimrodev.github.io/pequenos-sanos/assets/index-C7AoTPzR.js:82
[  285862ms] [LOG] [WS] 🗺️ Broadcast recibido. Avatares: 1 [Hijo Test(2)] @ https://jimsimrodev.github.io/pequenos-sanos/assets/index-C7AoTPzR.js:82
[  285895ms] [LOG] [WS] 🗺️ Broadcast recibido. Avatares: 1 [Hijo Test(2)] @ https://jimsimrodev.github.io/pequenos-sanos/assets/index-C7AoTPzR.js:82
[  285934ms] [LOG] [WS] 🗺️ Broadcast recibido. Avatares: 1 [Hijo Test(2)] @ https://jimsimrodev.github.io/pequenos-sanos/assets/index-C7AoTPzR.js:82
[  285967ms] [LOG] [WS] 🗺️ Broadcast recibido. Avatares: 1 [Hijo Test(2)] @ https://jimsimrodev.github.io/pequenos-sanos/assets/index-C7AoTPzR.js:82
[  286004ms] [LOG] [WS] 🗺️ Broadcast recibido. Avatares: 1 [Hijo Test(2)] @ https://jimsimrodev.github.io/pequenos-sanos/assets/index-C7AoTPzR.js:82
[  286042ms] [LOG] [WS] 🗺️ Broadcast recibido. Avatares: 1 [Hijo Test(2)] @ https://jimsimrodev.github.io/pequenos-sanos/assets/index-C7AoTPzR.js:82
[  286083ms] [LOG] [WS] 🗺️ Broadcast recibido. Avatares: 1 [Hijo Test(2)] @ https://jimsimrodev.github.io/pequenos-sanos/assets/index-C7AoTPzR.js:82
[  286126ms] [LOG] [WS] 🗺️ Broadcast recibido. Avatares: 1 [Hijo Test(2)] @ https://jimsimrodev.github.io/pequenos-sanos/assets/index-C7AoTPzR.js:82
[  286127ms] [LOG] [WS] 🗺️ Broadcast recibido. Avatares: 1 [Hijo Test(2)] @ https://jimsimrodev.github.io/pequenos-sanos/assets/index-C7AoTPzR.js:82
[  286161ms] [LOG] [WS] 🗺️ Broadcast recibido. Avatares: 1 [Hijo Test(2)] @ https://jimsimrodev.github.io/pequenos-sanos/assets/index-C7AoTPzR.js:82
[  286195ms] [LOG] [WS] 🗺️ Broadcast recibido. Avatares: 1 [Hijo Test(2)] @ https://jimsimrodev.github.io/pequenos-sanos/assets/index-C7AoTPzR.js:82
[  286234ms] [LOG] [WS] 🗺️ Broadcast recibido. Avatares: 1 [Hijo Test(2)] @ https://jimsimrodev.github.io/pequenos-sanos/assets/index-C7AoTPzR.js:82
[  286266ms] [LOG] [WS] 🗺️ Broadcast recibido. Avatares: 1 [Hijo Test(2)] @ https://jimsimrodev.github.io/pequenos-sanos/assets/index-C7AoTPzR.js:82
[  286304ms] [LOG] [WS] 🗺️ Broadcast recibido. Avatares: 1 [Hijo Test(2)] @ https://jimsimrodev.github.io/pequenos-sanos/assets/index-C7AoTPzR.js:82
[  286334ms] [LOG] [WS] 🗺️ Broadcast recibido. Avatares: 1 [Hijo Test(2)] @ https://jimsimrodev.github.io/pequenos-sanos/assets/index-C7AoTPzR.js:82
[  286369ms] [LOG] [WS] 🗺️ Broadcast recibido. Avatares: 1 [Hijo Test(2)] @ https://jimsimrodev.github.io/pequenos-sanos/assets/index-C7AoTPzR.js:82
[  286413ms] [LOG] [WS] 🗺️ Broadcast recibido. Avatares: 1 [Hijo Test(2)] @ https://jimsimrodev.github.io/pequenos-sanos/assets/index-C7AoTPzR.js:82
[  286470ms] [LOG] [WS] 🗺️ Broadcast recibido. Avatares: 1 [Hijo Test(2)] @ https://jimsimrodev.github.io/pequenos-sanos/assets/index-C7AoTPzR.js:82
[  286470ms] [LOG] [WS] 🗺️ Broadcast recibido. Avatares: 1 [Hijo Test(2)] @ https://jimsimrodev.github.io/pequenos-sanos/assets/index-C7AoTPzR.js:82
[  286518ms] [LOG] [WS] 🗺️ Broadcast recibido. Avatares: 1 [Hijo Test(2)] @ https://jimsimrodev.github.io/pequenos-sanos/assets/index-C7AoTPzR.js:82
[  286569ms] [LOG] [WS] 🗺️ Broadcast recibido. Avatares: 1 [Hijo Test(2)] @ https://jimsimrodev.github.io/pequenos-sanos/assets/index-C7AoTPzR.js:82
[  286570ms] [LOG] [WS] 🗺️ Broadcast recibido. Avatares: 1 [Hijo Test(2)] @ https://jimsimrodev.github.io/pequenos-sanos/assets/index-C7AoTPzR.js:82
[  286609ms] [LOG] [WS] 🗺️ Broadcast recibido. Avatares: 1 [Hijo Test(2)] @ https://jimsimrodev.github.io/pequenos-sanos/assets/index-C7AoTPzR.js:82
[  286650ms] [LOG] [WS] 🗺️ Broadcast recibido. Avatares: 1 [Hijo Test(2)] @ https://jimsimrodev.github.io/pequenos-sanos/assets/index-C7AoTPzR.js:82
[  286651ms] [LOG] [WS] 🗺️ Broadcast recibido. Avatares: 1 [Hijo Test(2)] @ https://jimsimrodev.github.io/pequenos-sanos/assets/index-C7AoTPzR.js:82
[  286688ms] [LOG] [WS] 🗺️ Broadcast recibido. Avatares: 1 [Hijo Test(2)] @ https://jimsimrodev.github.io/pequenos-sanos/assets/index-C7AoTPzR.js:82
[  286730ms] [LOG] [WS] 🗺️ Broadcast recibido. Avatares: 1 [Hijo Test(2)] @ https://jimsimrodev.github.io/pequenos-sanos/assets/index-C7AoTPzR.js:82
[  286764ms] [LOG] [WS] 🗺️ Broadcast recibido. Avatares: 1 [Hijo Test(2)] @ https://jimsimrodev.github.io/pequenos-sanos/assets/index-C7AoTPzR.js:82
[  286801ms] [LOG] [WS] 🗺️ Broadcast recibido. Avatares: 1 [Hijo Test(2)] @ https://jimsimrodev.github.io/pequenos-sanos/assets/index-C7AoTPzR.js:82
[  286838ms] [LOG] [WS] 🗺️ Broadcast recibido. Avatares: 1 [Hijo Test(2)] @ https://jimsimrodev.github.io/pequenos-sanos/assets/index-C7AoTPzR.js:82
[  286873ms] [LOG] [WS] 🗺️ Broadcast recibido. Avatares: 1 [Hijo Test(2)] @ https://jimsimrodev.github.io/pequenos-sanos/assets/index-C7AoTPzR.js:82
[  286911ms] [LOG] [WS] 🗺️ Broadcast recibido. Avatares: 1 [Hijo Test(2)] @ https://jimsimrodev.github.io/pequenos-sanos/assets/index-C7AoTPzR.js:82
[  286954ms] [LOG] [WS] 🗺️ Broadcast recibido. Avatares: 1 [Hijo Test(2)] @ https://jimsimrodev.github.io/pequenos-sanos/assets/index-C7AoTPzR.js:82
[  286954ms] [LOG] [WS] 🗺️ Broadcast recibido. Avatares: 1 [Hijo Test(2)] @ https://jimsimrodev.github.io/pequenos-sanos/assets/index-C7AoTPzR.js:82
[  286991ms] [LOG] [WS] 🗺️ Broadcast recibido. Avatares: 1 [Hijo Test(2)] @ https://jimsimrodev.github.io/pequenos-sanos/assets/index-C7AoTPzR.js:82
[  287029ms] [LOG] [WS] 🗺️ Broadcast recibido. Avatares: 1 [Hijo Test(2)] @ https://jimsimrodev.github.io/pequenos-sanos/assets/index-C7AoTPzR.js:82
[  287063ms] [LOG] [WS] 🗺️ Broadcast recibido. Avatares: 1 [Hijo Test(2)] @ https://jimsimrodev.github.io/pequenos-sanos/assets/index-C7AoTPzR.js:82
[  287106ms] [LOG] [WS] 🗺️ Broadcast recibido. Avatares: 1 [Hijo Test(2)] @ https://jimsimrodev.github.io/pequenos-sanos/assets/index-C7AoTPzR.js:82
[  287144ms] [LOG] [WS] 🗺️ Broadcast recibido. Avatares: 1 [Hijo Test(2)] @ https://jimsimrodev.github.io/pequenos-sanos/assets/index-C7AoTPzR.js:82
[  287145ms] [LOG] [WS] 🗺️ Broadcast recibido. Avatares: 1 [Hijo Test(2)] @ https://jimsimrodev.github.io/pequenos-sanos/assets/index-C7AoTPzR.js:82
[  287179ms] [LOG] [WS] 🗺️ Broadcast recibido. Avatares: 1 [Hijo Test(2)] @ https://jimsimrodev.github.io/pequenos-sanos/assets/index-C7AoTPzR.js:82
[  287211ms] [LOG] [WS] 🗺️ Broadcast recibido. Avatares: 1 [Hijo Test(2)] @ https://jimsimrodev.github.io/pequenos-sanos/assets/index-C7AoTPzR.js:82
[  287251ms] [LOG] [WS] 🗺️ Broadcast recibido. Avatares: 1 [Hijo Test(2)] @ https://jimsimrodev.github.io/pequenos-sanos/assets/index-C7AoTPzR.js:82
[  287295ms] [LOG] [WS] 🗺️ Broadcast recibido. Avatares: 1 [Hijo Test(2)] @ https://jimsimrodev.github.io/pequenos-sanos/assets/index-C7AoTPzR.js:82
[  287339ms] [LOG] [WS] 🗺️ Broadcast recibido. Avatares: 1 [Hijo Test(2)] @ https://jimsimrodev.github.io/pequenos-sanos/assets/index-C7AoTPzR.js:82
[  287380ms] [LOG] [WS] 🗺️ Broadcast recibido. Avatares: 1 [Hijo Test(2)] @ https://jimsimrodev.github.io/pequenos-sanos/assets/index-C7AoTPzR.js:82
[  287381ms] [LOG] [WS] 🗺️ Broadcast recibido. Avatares: 1 [Hijo Test(2)] @ https://jimsimrodev.github.io/pequenos-sanos/assets/index-C7AoTPzR.js:82
[  287420ms] [LOG] [WS] 🗺️ Broadcast recibido. Avatares: 1 [Hijo Test(2)] @ https://jimsimrodev.github.io/pequenos-sanos/assets/index-C7AoTPzR.js:82
[  287421ms] [LOG] [WS] 🗺️ Broadcast recibido. Avatares: 1 [Hijo Test(2)] @ https://jimsimrodev.github.io/pequenos-sanos/assets/index-C7AoTPzR.js:82
[  287479ms] [LOG] [WS] 🗺️ Broadcast recibido. Avatares: 1 [Hijo Test(2)] @ https://jimsimrodev.github.io/pequenos-sanos/assets/index-C7AoTPzR.js:82
[  287518ms] [LOG] [WS] 🗺️ Broadcast recibido. Avatares: 1 [Hijo Test(2)] @ https://jimsimrodev.github.io/pequenos-sanos/assets/index-C7AoTPzR.js:82
[  287557ms] [LOG] [WS] 🗺️ Broadcast recibido. Avatares: 1 [Hijo Test(2)] @ https://jimsimrodev.github.io/pequenos-sanos/assets/index-C7AoTPzR.js:82
[  287596ms] [LOG] [WS] 🗺️ Broadcast recibido. Avatares: 1 [Hijo Test(2)] @ https://jimsimrodev.github.io/pequenos-sanos/assets/index-C7AoTPzR.js:82
[  287629ms] [LOG] [WS] 🗺️ Broadcast recibido. Avatares: 1 [Hijo Test(2)] @ https://jimsimrodev.github.io/pequenos-sanos/assets/index-C7AoTPzR.js:82
[  287673ms] [LOG] [WS] 🗺️ Broadcast recibido. Avatares: 1 [Hijo Test(2)] @ https://jimsimrodev.github.io/pequenos-sanos/assets/index-C7AoTPzR.js:82
[  287718ms] [LOG] [WS] 🗺️ Broadcast recibido. Avatares: 1 [Hijo Test(2)] @ https://jimsimrodev.github.io/pequenos-sanos/assets/index-C7AoTPzR.js:82
[  287719ms] [LOG] [WS] 🗺️ Broadcast recibido. Avatares: 1 [Hijo Test(2)] @ https://jimsimrodev.github.io/pequenos-sanos/assets/index-C7AoTPzR.js:82
[  287757ms] [LOG] [WS] 🗺️ Broadcast recibido. Avatares: 1 [Hijo Test(2)] @ https://jimsimrodev.github.io/pequenos-sanos/assets/index-C7AoTPzR.js:82
[  287793ms] [LOG] [WS] 🗺️ Broadcast recibido. Avatares: 1 [Hijo Test(2)] @ https://jimsimrodev.github.io/pequenos-sanos/assets/index-C7AoTPzR.js:82
[  287837ms] [LOG] [WS] 🗺️ Broadcast recibido. Avatares: 1 [Hijo Test(2)] @ https://jimsimrodev.github.io/pequenos-sanos/assets/index-C7AoTPzR.js:82
[  287873ms] [LOG] [WS] 🗺️ Broadcast recibido. Avatares: 1 [Hijo Test(2)] @ https://jimsimrodev.github.io/pequenos-sanos/assets/index-C7AoTPzR.js:82
[  287874ms] [LOG] [WS] 🗺️ Broadcast recibido. Avatares: 1 [Hijo Test(2)] @ https://jimsimrodev.github.io/pequenos-sanos/assets/index-C7AoTPzR.js:82
[  287913ms] [LOG] [WS] 🗺️ Broadcast recibido. Avatares: 1 [Hijo Test(2)] @ https://jimsimrodev.github.io/pequenos-sanos/assets/index-C7AoTPzR.js:82
[  287952ms] [LOG] [WS] 🗺️ Broadcast recibido. Avatares: 1 [Hijo Test(2)] @ https://jimsimrodev.github.io/pequenos-sanos/assets/index-C7AoTPzR.js:82
[  287993ms] [LOG] [WS] 🗺️ Broadcast recibido. Avatares: 1 [Hijo Test(2)] @ https://jimsimrodev.github.io/pequenos-sanos/assets/index-C7AoTPzR.js:82
[  288027ms] [LOG] [WS] 🗺️ Broadcast recibido. Avatares: 1 [Hijo Test(2)] @ https://jimsimrodev.github.io/pequenos-sanos/assets/index-C7AoTPzR.js:82
[  288028ms] [LOG] [WS] 🗺️ Broadcast recibido. Avatares: 1 [Hijo Test(2)] @ https://jimsimrodev.github.io/pequenos-sanos/assets/index-C7AoTPzR.js:82
[  288070ms] [LOG] [WS] 🗺️ Broadcast recibido. Avatares: 1 [Hijo Test(2)] @ https://jimsimrodev.github.io/pequenos-sanos/assets/index-C7AoTPzR.js:82
[  288117ms] [LOG] [WS] 🗺️ Broadcast recibido. Avatares: 1 [Hijo Test(2)] @ https://jimsimrodev.github.io/pequenos-sanos/assets/index-C7AoTPzR.js:82
[  288167ms] [LOG] [WS] 🗺️ Broadcast recibido. Avatares: 1 [Hijo Test(2)] @ https://jimsimrodev.github.io/pequenos-sanos/assets/index-C7AoTPzR.js:82
[  288217ms] [LOG] [WS] 🗺️ Broadcast recibido. Avatares: 1 [Hijo Test(2)] @ https://jimsimrodev.github.io/pequenos-sanos/assets/index-C7AoTPzR.js:82
[  288218ms] [LOG] [WS] 🗺️ Broadcast recibido. Avatares: 1 [Hijo Test(2)] @ https://jimsimrodev.github.io/pequenos-sanos/assets/index-C7AoTPzR.js:82
[  288260ms] [LOG] [WS] 🗺️ Broadcast recibido. Avatares: 1 [Hijo Test(2)] @ https://jimsimrodev.github.io/pequenos-sanos/assets/index-C7AoTPzR.js:82
[  288305ms] [LOG] [WS] 🗺️ Broadcast recibido. Avatares: 1 [Hijo Test(2)] @ https://jimsimrodev.github.io/pequenos-sanos/assets/index-C7AoTPzR.js:82
[  288307ms] [LOG] [WS] 🗺️ Broadcast recibido. Avatares: 1 [Hijo Test(2)] @ https://jimsimrodev.github.io/pequenos-sanos/assets/index-C7AoTPzR.js:82
[  288344ms] [LOG] [WS] 🗺️ Broadcast recibido. Avatares: 1 [Hijo Test(2)] @ https://jimsimrodev.github.io/pequenos-sanos/assets/index-C7AoTPzR.js:82
[  288381ms] [LOG] [WS] 🗺️ Broadcast recibido. Avatares: 1 [Hijo Test(2)] @ https://jimsimrodev.github.io/pequenos-sanos/assets/index-C7AoTPzR.js:82
[  288419ms] [LOG] [WS] 🗺️ Broadcast recibido. Avatares: 1 [Hijo Test(2)] @ https://jimsimrodev.github.io/pequenos-sanos/assets/index-C7AoTPzR.js:82
[  288450ms] [LOG] [WS] 🗺️ Broadcast recibido. Avatares: 1 [Hijo Test(2)] @ https://jimsimrodev.github.io/pequenos-sanos/assets/index-C7AoTPzR.js:82
[  288485ms] [LOG] [WS] 🗺️ Broadcast recibido. Avatares: 1 [Hijo Test(2)] @ https://jimsimrodev.github.io/pequenos-sanos/assets/index-C7AoTPzR.js:82
[  288528ms] [LOG] [WS] 🗺️ Broadcast recibido. Avatares: 1 [Hijo Test(2)] @ https://jimsimrodev.github.io/pequenos-sanos/assets/index-C7AoTPzR.js:82
[  288566ms] [LOG] [WS] 🗺️ Broadcast recibido. Avatares: 1 [Hijo Test(2)] @ https://jimsimrodev.github.io/pequenos-sanos/assets/index-C7AoTPzR.js:82
[  288567ms] [LOG] [WS] 🗺️ Broadcast recibido. Avatares: 1 [Hijo Test(2)] @ https://jimsimrodev.github.io/pequenos-sanos/assets/index-C7AoTPzR.js:82
[  288604ms] [LOG] [WS] 🗺️ Broadcast recibido. Avatares: 1 [Hijo Test(2)] @ https://jimsimrodev.github.io/pequenos-sanos/assets/index-C7AoTPzR.js:82
[  288639ms] [LOG] [WS] 🗺️ Broadcast recibido. Avatares: 1 [Hijo Test(2)] @ https://jimsimrodev.github.io/pequenos-sanos/assets/index-C7AoTPzR.js:82
[  288674ms] [LOG] [WS] 🗺️ Broadcast recibido. Avatares: 1 [Hijo Test(2)] @ https://jimsimrodev.github.io/pequenos-sanos/assets/index-C7AoTPzR.js:82
[  288709ms] [LOG] [WS] 🗺️ Broadcast recibido. Avatares: 1 [Hijo Test(2)] @ https://jimsimrodev.github.io/pequenos-sanos/assets/index-C7AoTPzR.js:82
[  288744ms] [LOG] [WS] 🗺️ Broadcast recibido. Avatares: 1 [Hijo Test(2)] @ https://jimsimrodev.github.io/pequenos-sanos/assets/index-C7AoTPzR.js:82
[  288785ms] [LOG] [WS] 🗺️ Broadcast recibido. Avatares: 1 [Hijo Test(2)] @ https://jimsimrodev.github.io/pequenos-sanos/assets/index-C7AoTPzR.js:82
[  288824ms] [LOG] [WS] 🗺️ Broadcast recibido. Avatares: 1 [Hijo Test(2)] @ https://jimsimrodev.github.io/pequenos-sanos/assets/index-C7AoTPzR.js:82
[  288873ms] [LOG] [WS] 🗺️ Broadcast recibido. Avatares: 1 [Hijo Test(2)] @ https://jimsimrodev.github.io/pequenos-sanos/assets/index-C7AoTPzR.js:82
[  288874ms] [LOG] [WS] 🗺️ Broadcast recibido. Avatares: 1 [Hijo Test(2)] @ https://jimsimrodev.github.io/pequenos-sanos/assets/index-C7AoTPzR.js:82
[  288916ms] [LOG] [WS] 🗺️ Broadcast recibido. Avatares: 1 [Hijo Test(2)] @ https://jimsimrodev.github.io/pequenos-sanos/assets/index-C7AoTPzR.js:82
[  288952ms] [LOG] [WS] 🗺️ Broadcast recibido. Avatares: 1 [Hijo Test(2)] @ https://jimsimrodev.github.io/pequenos-sanos/assets/index-C7AoTPzR.js:82
[  288987ms] [LOG] [WS] 🗺️ Broadcast recibido. Avatares: 1 [Hijo Test(2)] @ https://jimsimrodev.github.io/pequenos-sanos/assets/index-C7AoTPzR.js:82
[  288988ms] [LOG] [WS] 🗺️ Broadcast recibido. Avatares: 1 [Hijo Test(2)] @ https://jimsimrodev.github.io/pequenos-sanos/assets/index-C7AoTPzR.js:82
[  288989ms] [LOG] [WS] 🗺️ Broadcast recibido. Avatares: 1 [Hijo Test(2)] @ https://jimsimrodev.github.io/pequenos-sanos/assets/index-C7AoTPzR.js:82
[  289022ms] [LOG] [WS] 🗺️ Broadcast recibido. Avatares: 1 [Hijo Test(2)] @ https://jimsimrodev.github.io/pequenos-sanos/assets/index-C7AoTPzR.js:82
[  289060ms] [LOG] [WS] 🗺️ Broadcast recibido. Avatares: 1 [Hijo Test(2)] @ https://jimsimrodev.github.io/pequenos-sanos/assets/index-C7AoTPzR.js:82
[  289093ms] [LOG] [WS] 🗺️ Broadcast recibido. Avatares: 1 [Hijo Test(2)] @ https://jimsimrodev.github.io/pequenos-sanos/assets/index-C7AoTPzR.js:82
[  289131ms] [LOG] [WS] 🗺️ Broadcast recibido. Avatares: 1 [Hijo Test(2)] @ https://jimsimrodev.github.io/pequenos-sanos/assets/index-C7AoTPzR.js:82
[  289168ms] [LOG] [WS] 🗺️ Broadcast recibido. Avatares: 1 [Hijo Test(2)] @ https://jimsimrodev.github.io/pequenos-sanos/assets/index-C7AoTPzR.js:82
[  289206ms] [LOG] [WS] 🗺️ Broadcast recibido. Avatares: 1 [Hijo Test(2)] @ https://jimsimrodev.github.io/pequenos-sanos/assets/index-C7AoTPzR.js:82
[  289239ms] [LOG] [WS] 🗺️ Broadcast recibido. Avatares: 1 [Hijo Test(2)] @ https://jimsimrodev.github.io/pequenos-sanos/assets/index-C7AoTPzR.js:82
[  289285ms] [LOG] [WS] 🗺️ Broadcast recibido. Avatares: 1 [Hijo Test(2)] @ https://jimsimrodev.github.io/pequenos-sanos/assets/index-C7AoTPzR.js:82
[  289324ms] [LOG] [WS] 🗺️ Broadcast recibido. Avatares: 1 [Hijo Test(2)] @ https://jimsimrodev.github.io/pequenos-sanos/assets/index-C7AoTPzR.js:82
[  289367ms] [LOG] [WS] 🗺️ Broadcast recibido. Avatares: 1 [Hijo Test(2)] @ https://jimsimrodev.github.io/pequenos-sanos/assets/index-C7AoTPzR.js:82
[  289403ms] [LOG] [WS] 🗺️ Broadcast recibido. Avatares: 1 [Hijo Test(2)] @ https://jimsimrodev.github.io/pequenos-sanos/assets/index-C7AoTPzR.js:82
[  289449ms] [LOG] [WS] 🗺️ Broadcast recibido. Avatares: 1 [Hijo Test(2)] @ https://jimsimrodev.github.io/pequenos-sanos/assets/index-C7AoTPzR.js:82
[  289499ms] [LOG] [WS] 🗺️ Broadcast recibido. Avatares: 1 [Hijo Test(2)] @ https://jimsimrodev.github.io/pequenos-sanos/assets/index-C7AoTPzR.js:82
[  289548ms] [LOG] [WS] 🗺️ Broadcast recibido. Avatares: 1 [Hijo Test(2)] @ https://jimsimrodev.github.io/pequenos-sanos/assets/index-C7AoTPzR.js:82
[  289549ms] [LOG] [WS] 🗺️ Broadcast recibido. Avatares: 1 [Hijo Test(2)] @ https://jimsimrodev.github.io/pequenos-sanos/assets/index-C7AoTPzR.js:82
[  289596ms] [LOG] [WS] 🗺️ Broadcast recibido. Avatares: 1 [Hijo Test(2)] @ https://jimsimrodev.github.io/pequenos-sanos/assets/index-C7AoTPzR.js:82
[  289597ms] [LOG] [WS] 🗺️ Broadcast recibido. Avatares: 1 [Hijo Test(2)] @ https://jimsimrodev.github.io/pequenos-sanos/assets/index-C7AoTPzR.js:82
[  289641ms] [LOG] [WS] 🗺️ Broadcast recibido. Avatares: 1 [Hijo Test(2)] @ https://jimsimrodev.github.io/pequenos-sanos/assets/index-C7AoTPzR.js:82
[  289695ms] [LOG] [WS] 🗺️ Broadcast recibido. Avatares: 1 [Hijo Test(2)] @ https://jimsimrodev.github.io/pequenos-sanos/assets/index-C7AoTPzR.js:82
[  289741ms] [LOG] [WS] 🗺️ Broadcast recibido. Avatares: 1 [Hijo Test(2)] @ https://jimsimrodev.github.io/pequenos-sanos/assets/index-C7AoTPzR.js:82
[  289741ms] [LOG] [WS] 🗺️ Broadcast recibido. Avatares: 1 [Hijo Test(2)] @ https://jimsimrodev.github.io/pequenos-sanos/assets/index-C7AoTPzR.js:82
[  289793ms] [LOG] [WS] 🗺️ Broadcast recibido. Avatares: 1 [Hijo Test(2)] @ https://jimsimrodev.github.io/pequenos-sanos/assets/index-C7AoTPzR.js:82
[  289828ms] [LOG] [WS] 🗺️ Broadcast recibido. Avatares: 1 [Hijo Test(2)] @ https://jimsimrodev.github.io/pequenos-sanos/assets/index-C7AoTPzR.js:82
[  289829ms] [LOG] [WS] 🗺️ Broadcast recibido. Avatares: 1 [Hijo Test(2)] @ https://jimsimrodev.github.io/pequenos-sanos/assets/index-C7AoTPzR.js:82
[  289863ms] [LOG] [WS] 🗺️ Broadcast recibido. Avatares: 1 [Hijo Test(2)] @ https://jimsimrodev.github.io/pequenos-sanos/assets/index-C7AoTPzR.js:82
[  289903ms] [LOG] [WS] 🗺️ Broadcast recibido. Avatares: 1 [Hijo Test(2)] @ https://jimsimrodev.github.io/pequenos-sanos/assets/index-C7AoTPzR.js:82
[  289942ms] [LOG] [WS] 🗺️ Broadcast recibido. Avatares: 1 [Hijo Test(2)] @ https://jimsimrodev.github.io/pequenos-sanos/assets/index-C7AoTPzR.js:82
[  289975ms] [LOG] [WS] 🗺️ Broadcast recibido. Avatares: 1 [Hijo Test(2)] @ https://jimsimrodev.github.io/pequenos-sanos/assets/index-C7AoTPzR.js:82
[  290014ms] [LOG] [WS] 🗺️ Broadcast recibido. Avatares: 1 [Hijo Test(2)] @ https://jimsimrodev.github.io/pequenos-sanos/assets/index-C7AoTPzR.js:82
[  290054ms] [LOG] [WS] 🗺️ Broadcast recibido. Avatares: 1 [Hijo Test(2)] @ https://jimsimrodev.github.io/pequenos-sanos/assets/index-C7AoTPzR.js:82
[  290055ms] [LOG] [WS] 🗺️ Broadcast recibido. Avatares: 1 [Hijo Test(2)] @ https://jimsimrodev.github.io/pequenos-sanos/assets/index-C7AoTPzR.js:82
[  290090ms] [LOG] [WS] 🗺️ Broadcast recibido. Avatares: 1 [Hijo Test(2)] @ https://jimsimrodev.github.io/pequenos-sanos/assets/index-C7AoTPzR.js:82
[  290126ms] [LOG] [WS] 🗺️ Broadcast recibido. Avatares: 1 [Hijo Test(2)] @ https://jimsimrodev.github.io/pequenos-sanos/assets/index-C7AoTPzR.js:82
[  290165ms] [LOG] [WS] 🗺️ Broadcast recibido. Avatares: 1 [Hijo Test(2)] @ https://jimsimrodev.github.io/pequenos-sanos/assets/index-C7AoTPzR.js:82
[  290199ms] [LOG] [WS] 🗺️ Broadcast recibido. Avatares: 1 [Hijo Test(2)] @ https://jimsimrodev.github.io/pequenos-sanos/assets/index-C7AoTPzR.js:82
[  290234ms] [LOG] [WS] 🗺️ Broadcast recibido. Avatares: 1 [Hijo Test(2)] @ https://jimsimrodev.github.io/pequenos-sanos/assets/index-C7AoTPzR.js:82
[  290270ms] [LOG] [WS] 🗺️ Broadcast recibido. Avatares: 1 [Hijo Test(2)] @ https://jimsimrodev.github.io/pequenos-sanos/assets/index-C7AoTPzR.js:82
[  290304ms] [LOG] [WS] 🗺️ Broadcast recibido. Avatares: 1 [Hijo Test(2)] @ https://jimsimrodev.github.io/pequenos-sanos/assets/index-C7AoTPzR.js:82
[  290333ms] [LOG] [WS] 🗺️ Broadcast recibido. Avatares: 1 [Hijo Test(2)] @ https://jimsimrodev.github.io/pequenos-sanos/assets/index-C7AoTPzR.js:82
[  290334ms] [LOG] [WS] 🗺️ Broadcast recibido. Avatares: 1 [Hijo Test(2)] @ https://jimsimrodev.github.io/pequenos-sanos/assets/index-C7AoTPzR.js:82
[  290372ms] [LOG] [WS] 🗺️ Broadcast recibido. Avatares: 1 [Hijo Test(2)] @ https://jimsimrodev.github.io/pequenos-sanos/assets/index-C7AoTPzR.js:82
[  290441ms] [LOG] [WS] 🗺️ Broadcast recibido. Avatares: 1 [Hijo Test(2)] @ https://jimsimrodev.github.io/pequenos-sanos/assets/index-C7AoTPzR.js:82
[  290478ms] [LOG] [WS] 🗺️ Broadcast recibido. Avatares: 1 [Hijo Test(2)] @ https://jimsimrodev.github.io/pequenos-sanos/assets/index-C7AoTPzR.js:82
[  290480ms] [LOG] [WS] 🗺️ Broadcast recibido. Avatares: 1 [Hijo Test(2)] @ https://jimsimrodev.github.io/pequenos-sanos/assets/index-C7AoTPzR.js:82
[  290512ms] [LOG] [WS] 🗺️ Broadcast recibido. Avatares: 1 [Hijo Test(2)] @ https://jimsimrodev.github.io/pequenos-sanos/assets/index-C7AoTPzR.js:82
[  290547ms] [LOG] [WS] 🗺️ Broadcast recibido. Avatares: 1 [Hijo Test(2)] @ https://jimsimrodev.github.io/pequenos-sanos/assets/index-C7AoTPzR.js:82
[  290582ms] [LOG] [WS] 🗺️ Broadcast recibido. Avatares: 1 [Hijo Test(2)] @ https://jimsimrodev.github.io/pequenos-sanos/assets/index-C7AoTPzR.js:82
[  290619ms] [LOG] [WS] 🗺️ Broadcast recibido. Avatares: 1 [Hijo Test(2)] @ https://jimsimrodev.github.io/pequenos-sanos/assets/index-C7AoTPzR.js:82
[  290655ms] [LOG] [WS] 🗺️ Broadcast recibido. Avatares: 1 [Hijo Test(2)] @ https://jimsimrodev.github.io/pequenos-sanos/assets/index-C7AoTPzR.js:82
[  290695ms] [LOG] [WS] 🗺️ Broadcast recibido. Avatares: 1 [Hijo Test(2)] @ https://jimsimrodev.github.io/pequenos-sanos/assets/index-C7AoTPzR.js:82
[  290734ms] [LOG] [WS] 🗺️ Broadcast recibido. Avatares: 1 [Hijo Test(2)] @ https://jimsimrodev.github.io/pequenos-sanos/assets/index-C7AoTPzR.js:82
[  290771ms] [LOG] [WS] 🗺️ Broadcast recibido. Avatares: 1 [Hijo Test(2)] @ https://jimsimrodev.github.io/pequenos-sanos/assets/index-C7AoTPzR.js:82
[  290772ms] [LOG] [WS] 🗺️ Broadcast recibido. Avatares: 1 [Hijo Test(2)] @ https://jimsimrodev.github.io/pequenos-sanos/assets/index-C7AoTPzR.js:82
[  290811ms] [LOG] [WS] 🗺️ Broadcast recibido. Avatares: 1 [Hijo Test(2)] @ https://jimsimrodev.github.io/pequenos-sanos/assets/index-C7AoTPzR.js:82
[  290856ms] [LOG] [WS] 🗺️ Broadcast recibido. Avatares: 1 [Hijo Test(2)] @ https://jimsimrodev.github.io/pequenos-sanos/assets/index-C7AoTPzR.js:82
[  290911ms] [LOG] [WS] 🗺️ Broadcast recibido. Avatares: 1 [Hijo Test(2)] @ https://jimsimrodev.github.io/pequenos-sanos/assets/index-C7AoTPzR.js:82
[  290949ms] [LOG] [WS] 🗺️ Broadcast recibido. Avatares: 1 [Hijo Test(2)] @ https://jimsimrodev.github.io/pequenos-sanos/assets/index-C7AoTPzR.js:82
[  290950ms] [LOG] [WS] 🗺️ Broadcast recibido. Avatares: 1 [Hijo Test(2)] @ https://jimsimrodev.github.io/pequenos-sanos/assets/index-C7AoTPzR.js:82
[  290987ms] [LOG] [WS] 🗺️ Broadcast recibido. Avatares: 1 [Hijo Test(2)] @ https://jimsimrodev.github.io/pequenos-sanos/assets/index-C7AoTPzR.js:82
[  291020ms] [LOG] [WS] 🗺️ Broadcast recibido. Avatares: 1 [Hijo Test(2)] @ https://jimsimrodev.github.io/pequenos-sanos/assets/index-C7AoTPzR.js:82
[  291059ms] [LOG] [WS] 🗺️ Broadcast recibido. Avatares: 1 [Hijo Test(2)] @ https://jimsimrodev.github.io/pequenos-sanos/assets/index-C7AoTPzR.js:82
[  291092ms] [LOG] [WS] 🗺️ Broadcast recibido. Avatares: 1 [Hijo Test(2)] @ https://jimsimrodev.github.io/pequenos-sanos/assets/index-C7AoTPzR.js:82
[  291124ms] [LOG] [WS] 🗺️ Broadcast recibido. Avatares: 1 [Hijo Test(2)] @ https://jimsimrodev.github.io/pequenos-sanos/assets/index-C7AoTPzR.js:82
[  291165ms] [LOG] [WS] 🗺️ Broadcast recibido. Avatares: 1 [Hijo Test(2)] @ https://jimsimrodev.github.io/pequenos-sanos/assets/index-C7AoTPzR.js:82
[  291208ms] [LOG] [WS] 🗺️ Broadcast recibido. Avatares: 1 [Hijo Test(2)] @ https://jimsimrodev.github.io/pequenos-sanos/assets/index-C7AoTPzR.js:82
[  291208ms] [LOG] [WS] 🗺️ Broadcast recibido. Avatares: 1 [Hijo Test(2)] @ https://jimsimrodev.github.io/pequenos-sanos/assets/index-C7AoTPzR.js:82
[  291247ms] [LOG] [WS] 🗺️ Broadcast recibido. Avatares: 1 [Hijo Test(2)] @ https://jimsimrodev.github.io/pequenos-sanos/assets/index-C7AoTPzR.js:82
[  291288ms] [LOG] [WS] 🗺️ Broadcast recibido. Avatares: 1 [Hijo Test(2)] @ https://jimsimrodev.github.io/pequenos-sanos/assets/index-C7AoTPzR.js:82
[  291320ms] [LOG] [WS] 🗺️ Broadcast recibido. Avatares: 1 [Hijo Test(2)] @ https://jimsimrodev.github.io/pequenos-sanos/assets/index-C7AoTPzR.js:82
[  291353ms] [LOG] [WS] 🗺️ Broadcast recibido. Avatares: 1 [Hijo Test(2)] @ https://jimsimrodev.github.io/pequenos-sanos/assets/index-C7AoTPzR.js:82
[  291389ms] [LOG] [WS] 🗺️ Broadcast recibido. Avatares: 1 [Hijo Test(2)] @ https://jimsimrodev.github.io/pequenos-sanos/assets/index-C7AoTPzR.js:82
[  291428ms] [LOG] [WS] 🗺️ Broadcast recibido. Avatares: 1 [Hijo Test(2)] @ https://jimsimrodev.github.io/pequenos-sanos/assets/index-C7AoTPzR.js:82
[  291463ms] [LOG] [WS] 🗺️ Broadcast recibido. Avatares: 1 [Hijo Test(2)] @ https://jimsimrodev.github.io/pequenos-sanos/assets/index-C7AoTPzR.js:82
[  291464ms] [LOG] [WS] 🗺️ Broadcast recibido. Avatares: 1 [Hijo Test(2)] @ https://jimsimrodev.github.io/pequenos-sanos/assets/index-C7AoTPzR.js:82
[  291502ms] [LOG] [WS] 🗺️ Broadcast recibido. Avatares: 1 [Hijo Test(2)] @ https://jimsimrodev.github.io/pequenos-sanos/assets/index-C7AoTPzR.js:82
[  291536ms] [LOG] [WS] 🗺️ Broadcast recibido. Avatares: 1 [Hijo Test(2)] @ https://jimsimrodev.github.io/pequenos-sanos/assets/index-C7AoTPzR.js:82
[  291572ms] [LOG] [WS] 🗺️ Broadcast recibido. Avatares: 1 [Hijo Test(2)] @ https://jimsimrodev.github.io/pequenos-sanos/assets/index-C7AoTPzR.js:82
[  291605ms] [LOG] [WS] 🗺️ Broadcast recibido. Avatares: 1 [Hijo Test(2)] @ https://jimsimrodev.github.io/pequenos-sanos/assets/index-C7AoTPzR.js:82
[  291643ms] [LOG] [WS] 🗺️ Broadcast recibido. Avatares: 1 [Hijo Test(2)] @ https://jimsimrodev.github.io/pequenos-sanos/assets/index-C7AoTPzR.js:82
[  291681ms] [LOG] [WS] 🗺️ Broadcast recibido. Avatares: 1 [Hijo Test(2)] @ https://jimsimrodev.github.io/pequenos-sanos/assets/index-C7AoTPzR.js:82
[  291716ms] [LOG] [WS] 🗺️ Broadcast recibido. Avatares: 1 [Hijo Test(2)] @ https://jimsimrodev.github.io/pequenos-sanos/assets/index-C7AoTPzR.js:82
[  291755ms] [LOG] [WS] 🗺️ Broadcast recibido. Avatares: 1 [Hijo Test(2)] @ https://jimsimrodev.github.io/pequenos-sanos/assets/index-C7AoTPzR.js:82
[  291806ms] [LOG] [WS] 🗺️ Broadcast recibido. Avatares: 1 [Hijo Test(2)] @ https://jimsimrodev.github.io/pequenos-sanos/assets/index-C7AoTPzR.js:82
[  291865ms] [LOG] [WS] 🗺️ Broadcast recibido. Avatares: 1 [Hijo Test(2)] @ https://jimsimrodev.github.io/pequenos-sanos/assets/index-C7AoTPzR.js:82
[  291866ms] [LOG] [WS] 🗺️ Broadcast recibido. Avatares: 1 [Hijo Test(2)] @ https://jimsimrodev.github.io/pequenos-sanos/assets/index-C7AoTPzR.js:82
[  291910ms] [LOG] [WS] 🗺️ Broadcast recibido. Avatares: 1 [Hijo Test(2)] @ https://jimsimrodev.github.io/pequenos-sanos/assets/index-C7AoTPzR.js:82
[  291912ms] [LOG] [WS] 🗺️ Broadcast recibido. Avatares: 1 [Hijo Test(2)] @ https://jimsimrodev.github.io/pequenos-sanos/assets/index-C7AoTPzR.js:82
[  291947ms] [LOG] [WS] 🗺️ Broadcast recibido. Avatares: 1 [Hijo Test(2)] @ https://jimsimrodev.github.io/pequenos-sanos/assets/index-C7AoTPzR.js:82
[  291989ms] [LOG] [WS] 🗺️ Broadcast recibido. Avatares: 1 [Hijo Test(2)] @ https://jimsimrodev.github.io/pequenos-sanos/assets/index-C7AoTPzR.js:82
[  292029ms] [LOG] [WS] 🗺️ Broadcast recibido. Avatares: 1 [Hijo Test(2)] @ https://jimsimrodev.github.io/pequenos-sanos/assets/index-C7AoTPzR.js:82
[  292030ms] [LOG] [WS] 🗺️ Broadcast recibido. Avatares: 1 [Hijo Test(2)] @ https://jimsimrodev.github.io/pequenos-sanos/assets/index-C7AoTPzR.js:82
[  292074ms] [LOG] [WS] 🗺️ Broadcast recibido. Avatares: 1 [Hijo Test(2)] @ https://jimsimrodev.github.io/pequenos-sanos/assets/index-C7AoTPzR.js:82
[  292107ms] [LOG] [WS] 🗺️ Broadcast recibido. Avatares: 1 [Hijo Test(2)] @ https://jimsimrodev.github.io/pequenos-sanos/assets/index-C7AoTPzR.js:82
[  292144ms] [LOG] [WS] 🗺️ Broadcast recibido. Avatares: 1 [Hijo Test(2)] @ https://jimsimrodev.github.io/pequenos-sanos/assets/index-C7AoTPzR.js:82
[  292175ms] [LOG] [WS] 🗺️ Broadcast recibido. Avatares: 1 [Hijo Test(2)] @ https://jimsimrodev.github.io/pequenos-sanos/assets/index-C7AoTPzR.js:82
[  292218ms] [LOG] [WS] 🗺️ Broadcast recibido. Avatares: 1 [Hijo Test(2)] @ https://jimsimrodev.github.io/pequenos-sanos/assets/index-C7AoTPzR.js:82
[  292252ms] [LOG] [WS] 🗺️ Broadcast recibido. Avatares: 1 [Hijo Test(2)] @ https://jimsimrodev.github.io/pequenos-sanos/assets/index-C7AoTPzR.js:82
[  292253ms] [LOG] [WS] 🗺️ Broadcast recibido. Avatares: 1 [Hijo Test(2)] @ https://jimsimrodev.github.io/pequenos-sanos/assets/index-C7AoTPzR.js:82
[  292287ms] [LOG] [WS] 🗺️ Broadcast recibido. Avatares: 1 [Hijo Test(2)] @ https://jimsimrodev.github.io/pequenos-sanos/assets/index-C7AoTPzR.js:82
[  292326ms] [LOG] [WS] 🗺️ Broadcast recibido. Avatares: 1 [Hijo Test(2)] @ https://jimsimrodev.github.io/pequenos-sanos/assets/index-C7AoTPzR.js:82
[  292365ms] [LOG] [WS] 🗺️ Broadcast recibido. Avatares: 1 [Hijo Test(2)] @ https://jimsimrodev.github.io/pequenos-sanos/assets/index-C7AoTPzR.js:82
[  292441ms] [LOG] [WS] 🗺️ Broadcast recibido. Avatares: 1 [Hijo Test(2)] @ https://jimsimrodev.github.io/pequenos-sanos/assets/index-C7AoTPzR.js:82
[  292479ms] [LOG] [WS] 🗺️ Broadcast recibido. Avatares: 1 [Hijo Test(2)] @ https://jimsimrodev.github.io/pequenos-sanos/assets/index-C7AoTPzR.js:82
[  292480ms] [LOG] [WS] 🗺️ Broadcast recibido. Avatares: 1 [Hijo Test(2)] @ https://jimsimrodev.github.io/pequenos-sanos/assets/index-C7AoTPzR.js:82
[  292514ms] [LOG] [WS] 🗺️ Broadcast recibido. Avatares: 1 [Hijo Test(2)] @ https://jimsimrodev.github.io/pequenos-sanos/assets/index-C7AoTPzR.js:82
[  292552ms] [LOG] [WS] 🗺️ Broadcast recibido. Avatares: 1 [Hijo Test(2)] @ https://jimsimrodev.github.io/pequenos-sanos/assets/index-C7AoTPzR.js:82
[  292588ms] [LOG] [WS] 🗺️ Broadcast recibido. Avatares: 1 [Hijo Test(2)] @ https://jimsimrodev.github.io/pequenos-sanos/assets/index-C7AoTPzR.js:82
[  292589ms] [LOG] [WS] 🗺️ Broadcast recibido. Avatares: 1 [Hijo Test(2)] @ https://jimsimrodev.github.io/pequenos-sanos/assets/index-C7AoTPzR.js:82
[  292625ms] [LOG] [WS] 🗺️ Broadcast recibido. Avatares: 1 [Hijo Test(2)] @ https://jimsimrodev.github.io/pequenos-sanos/assets/index-C7AoTPzR.js:82
[  292659ms] [LOG] [WS] 🗺️ Broadcast recibido. Avatares: 1 [Hijo Test(2)] @ https://jimsimrodev.github.io/pequenos-sanos/assets/index-C7AoTPzR.js:82
[  292698ms] [LOG] [WS] 🗺️ Broadcast recibido. Avatares: 1 [Hijo Test(2)] @ https://jimsimrodev.github.io/pequenos-sanos/assets/index-C7AoTPzR.js:82
[  292739ms] [LOG] [WS] 🗺️ Broadcast recibido. Avatares: 1 [Hijo Test(2)] @ https://jimsimrodev.github.io/pequenos-sanos/assets/index-C7AoTPzR.js:82
[  292773ms] [LOG] [WS] 🗺️ Broadcast recibido. Avatares: 1 [Hijo Test(2)] @ https://jimsimrodev.github.io/pequenos-sanos/assets/index-C7AoTPzR.js:82
[  292809ms] [LOG] [WS] 🗺️ Broadcast recibido. Avatares: 1 [Hijo Test(2)] @ https://jimsimrodev.github.io/pequenos-sanos/assets/index-C7AoTPzR.js:82
[  292854ms] [LOG] [WS] 🗺️ Broadcast recibido. Avatares: 1 [Hijo Test(2)] @ https://jimsimrodev.github.io/pequenos-sanos/assets/index-C7AoTPzR.js:82
[  292895ms] [LOG] [WS] 🗺️ Broadcast recibido. Avatares: 1 [Hijo Test(2)] @ https://jimsimrodev.github.io/pequenos-sanos/assets/index-C7AoTPzR.js:82
[  292895ms] [LOG] [WS] 🗺️ Broadcast recibido. Avatares: 1 [Hijo Test(2)] @ https://jimsimrodev.github.io/pequenos-sanos/assets/index-C7AoTPzR.js:82
[  292940ms] [LOG] [WS] 🗺️ Broadcast recibido. Avatares: 1 [Hijo Test(2)] @ https://jimsimrodev.github.io/pequenos-sanos/assets/index-C7AoTPzR.js:82
[  292980ms] [LOG] [WS] 🗺️ Broadcast recibido. Avatares: 1 [Hijo Test(2)] @ https://jimsimrodev.github.io/pequenos-sanos/assets/index-C7AoTPzR.js:82
[  293018ms] [LOG] [WS] 🗺️ Broadcast recibido. Avatares: 1 [Hijo Test(2)] @ https://jimsimrodev.github.io/pequenos-sanos/assets/index-C7AoTPzR.js:82
[  293019ms] [LOG] [WS] 🗺️ Broadcast recibido. Avatares: 1 [Hijo Test(2)] @ https://jimsimrodev.github.io/pequenos-sanos/assets/index-C7AoTPzR.js:82
[  293058ms] [LOG] [WS] 🗺️ Broadcast recibido. Avatares: 1 [Hijo Test(2)] @ https://jimsimrodev.github.io/pequenos-sanos/assets/index-C7AoTPzR.js:82
[  293092ms] [LOG] [WS] 🗺️ Broadcast recibido. Avatares: 1 [Hijo Test(2)] @ https://jimsimrodev.github.io/pequenos-sanos/assets/index-C7AoTPzR.js:82
[  293132ms] [LOG] [WS] 🗺️ Broadcast recibido. Avatares: 1 [Hijo Test(2)] @ https://jimsimrodev.github.io/pequenos-sanos/assets/index-C7AoTPzR.js:82
[  293164ms] [LOG] [WS] 🗺️ Broadcast recibido. Avatares: 1 [Hijo Test(2)] @ https://jimsimrodev.github.io/pequenos-sanos/assets/index-C7AoTPzR.js:82
[  293197ms] [LOG] [WS] 🗺️ Broadcast recibido. Avatares: 1 [Hijo Test(2)] @ https://jimsimrodev.github.io/pequenos-sanos/assets/index-C7AoTPzR.js:82
[  293233ms] [LOG] [WS] 🗺️ Broadcast recibido. Avatares: 1 [Hijo Test(2)] @ https://jimsimrodev.github.io/pequenos-sanos/assets/index-C7AoTPzR.js:82
[  293268ms] [LOG] [WS] 🗺️ Broadcast recibido. Avatares: 1 [Hijo Test(2)] @ https://jimsimrodev.github.io/pequenos-sanos/assets/index-C7AoTPzR.js:82
[  293298ms] [LOG] [WS] 🗺️ Broadcast recibido. Avatares: 1 [Hijo Test(2)] @ https://jimsimrodev.github.io/pequenos-sanos/assets/index-C7AoTPzR.js:82
[  293344ms] [LOG] [WS] 🗺️ Broadcast recibido. Avatares: 1 [Hijo Test(2)] @ https://jimsimrodev.github.io/pequenos-sanos/assets/index-C7AoTPzR.js:82
[  293385ms] [LOG] [WS] 🗺️ Broadcast recibido. Avatares: 1 [Hijo Test(2)] @ https://jimsimrodev.github.io/pequenos-sanos/assets/index-C7AoTPzR.js:82
[  293386ms] [LOG] [WS] 🗺️ Broadcast recibido. Avatares: 1 [Hijo Test(2)] @ https://jimsimrodev.github.io/pequenos-sanos/assets/index-C7AoTPzR.js:82
[  293417ms] [LOG] [WS] 🗺️ Broadcast recibido. Avatares: 1 [Hijo Test(2)] @ https://jimsimrodev.github.io/pequenos-sanos/assets/index-C7AoTPzR.js:82
[  293454ms] [LOG] [WS] 🗺️ Broadcast recibido. Avatares: 1 [Hijo Test(2)] @ https://jimsimrodev.github.io/pequenos-sanos/assets/index-C7AoTPzR.js:82
[  293491ms] [LOG] [WS] 🗺️ Broadcast recibido. Avatares: 1 [Hijo Test(2)] @ https://jimsimrodev.github.io/pequenos-sanos/assets/index-C7AoTPzR.js:82
[  293529ms] [LOG] [WS] 🗺️ Broadcast recibido. Avatares: 1 [Hijo Test(2)] @ https://jimsimrodev.github.io/pequenos-sanos/assets/index-C7AoTPzR.js:82
[  293565ms] [LOG] [WS] 🗺️ Broadcast recibido. Avatares: 1 [Hijo Test(2)] @ https://jimsimrodev.github.io/pequenos-sanos/assets/index-C7AoTPzR.js:82
[  293598ms] [LOG] [WS] 🗺️ Broadcast recibido. Avatares: 1 [Hijo Test(2)] @ https://jimsimrodev.github.io/pequenos-sanos/assets/index-C7AoTPzR.js:82
[  293640ms] [LOG] [WS] 🗺️ Broadcast recibido. Avatares: 1 [Hijo Test(2)] @ https://jimsimrodev.github.io/pequenos-sanos/assets/index-C7AoTPzR.js:82
[  293674ms] [LOG] [WS] 🗺️ Broadcast recibido. Avatares: 1 [Hijo Test(2)] @ https://jimsimrodev.github.io/pequenos-sanos/assets/index-C7AoTPzR.js:82
[  293675ms] [LOG] [WS] 🗺️ Broadcast recibido. Avatares: 1 [Hijo Test(2)] @ https://jimsimrodev.github.io/pequenos-sanos/assets/index-C7AoTPzR.js:82
[  293712ms] [LOG] [WS] 🗺️ Broadcast recibido. Avatares: 1 [Hijo Test(2)] @ https://jimsimrodev.github.io/pequenos-sanos/assets/index-C7AoTPzR.js:82
[  293753ms] [LOG] [WS] 🗺️ Broadcast recibido. Avatares: 1 [Hijo Test(2)] @ https://jimsimrodev.github.io/pequenos-sanos/assets/index-C7AoTPzR.js:82
[  293791ms] [LOG] [WS] 🗺️ Broadcast recibido. Avatares: 1 [Hijo Test(2)] @ https://jimsimrodev.github.io/pequenos-sanos/assets/index-C7AoTPzR.js:82
[  293829ms] [LOG] [WS] 🗺️ Broadcast recibido. Avatares: 1 [Hijo Test(2)] @ https://jimsimrodev.github.io/pequenos-sanos/assets/index-C7AoTPzR.js:82
[  293860ms] [LOG] [WS] 🗺️ Broadcast recibido. Avatares: 1 [Hijo Test(2)] @ https://jimsimrodev.github.io/pequenos-sanos/assets/index-C7AoTPzR.js:82
[  293930ms] [LOG] [WS] 🗺️ Broadcast recibido. Avatares: 1 [Hijo Test(2)] @ https://jimsimrodev.github.io/pequenos-sanos/assets/index-C7AoTPzR.js:82
[  293979ms] [LOG] [WS] 🗺️ Broadcast recibido. Avatares: 1 [Hijo Test(2)] @ https://jimsimrodev.github.io/pequenos-sanos/assets/index-C7AoTPzR.js:82
[  293980ms] [LOG] [WS] 🗺️ Broadcast recibido. Avatares: 1 [Hijo Test(2)] @ https://jimsimrodev.github.io/pequenos-sanos/assets/index-C7AoTPzR.js:82
[  294045ms] [LOG] [WS] 🗺️ Broadcast recibido. Avatares: 1 [Hijo Test(2)] @ https://jimsimrodev.github.io/pequenos-sanos/assets/index-C7AoTPzR.js:82
[  294047ms] [LOG] [WS] 🗺️ Broadcast recibido. Avatares: 1 [Hijo Test(2)] @ https://jimsimrodev.github.io/pequenos-sanos/assets/index-C7AoTPzR.js:82
[  294097ms] [LOG] [WS] 🗺️ Broadcast recibido. Avatares: 1 [Hijo Test(2)] @ https://jimsimrodev.github.io/pequenos-sanos/assets/index-C7AoTPzR.js:82
[  294098ms] [LOG] [WS] 🗺️ Broadcast recibido. Avatares: 1 [Hijo Test(2)] @ https://jimsimrodev.github.io/pequenos-sanos/assets/index-C7AoTPzR.js:82
[  294145ms] [LOG] [WS] 🗺️ Broadcast recibido. Avatares: 1 [Hijo Test(2)] @ https://jimsimrodev.github.io/pequenos-sanos/assets/index-C7AoTPzR.js:82
[  294190ms] [LOG] [WS] 🗺️ Broadcast recibido. Avatares: 1 [Hijo Test(2)] @ https://jimsimrodev.github.io/pequenos-sanos/assets/index-C7AoTPzR.js:82
[  294192ms] [LOG] [WS] 🗺️ Broadcast recibido. Avatares: 1 [Hijo Test(2)] @ https://jimsimrodev.github.io/pequenos-sanos/assets/index-C7AoTPzR.js:82
[  294229ms] [LOG] [WS] 🗺️ Broadcast recibido. Avatares: 1 [Hijo Test(2)] @ https://jimsimrodev.github.io/pequenos-sanos/assets/index-C7AoTPzR.js:82
[  294271ms] [LOG] [WS] 🗺️ Broadcast recibido. Avatares: 1 [Hijo Test(2)] @ https://jimsimrodev.github.io/pequenos-sanos/assets/index-C7AoTPzR.js:82
[  294313ms] [LOG] [WS] 🗺️ Broadcast recibido. Avatares: 1 [Hijo Test(2)] @ https://jimsimrodev.github.io/pequenos-sanos/assets/index-C7AoTPzR.js:82
[  294313ms] [LOG] [WS] 🗺️ Broadcast recibido. Avatares: 1 [Hijo Test(2)] @ https://jimsimrodev.github.io/pequenos-sanos/assets/index-C7AoTPzR.js:82
[  294354ms] [LOG] [WS] 🗺️ Broadcast recibido. Avatares: 1 [Hijo Test(2)] @ https://jimsimrodev.github.io/pequenos-sanos/assets/index-C7AoTPzR.js:82
[  294391ms] [LOG] [WS] 🗺️ Broadcast recibido. Avatares: 1 [Hijo Test(2)] @ https://jimsimrodev.github.io/pequenos-sanos/assets/index-C7AoTPzR.js:82
[  294429ms] [LOG] [WS] 🗺️ Broadcast recibido. Avatares: 1 [Hijo Test(2)] @ https://jimsimrodev.github.io/pequenos-sanos/assets/index-C7AoTPzR.js:82
[  294473ms] [LOG] [WS] 🗺️ Broadcast recibido. Avatares: 1 [Hijo Test(2)] @ https://jimsimrodev.github.io/pequenos-sanos/assets/index-C7AoTPzR.js:82
[  294509ms] [LOG] [WS] 🗺️ Broadcast recibido. Avatares: 1 [Hijo Test(2)] @ https://jimsimrodev.github.io/pequenos-sanos/assets/index-C7AoTPzR.js:82
[  294510ms] [LOG] [WS] 🗺️ Broadcast recibido. Avatares: 1 [Hijo Test(2)] @ https://jimsimrodev.github.io/pequenos-sanos/assets/index-C7AoTPzR.js:82
[  294549ms] [LOG] [WS] 🗺️ Broadcast recibido. Avatares: 1 [Hijo Test(2)] @ https://jimsimrodev.github.io/pequenos-sanos/assets/index-C7AoTPzR.js:82
[  294588ms] [LOG] [WS] 🗺️ Broadcast recibido. Avatares: 1 [Hijo Test(2)] @ https://jimsimrodev.github.io/pequenos-sanos/assets/index-C7AoTPzR.js:82
[  294626ms] [LOG] [WS] 🗺️ Broadcast recibido. Avatares: 1 [Hijo Test(2)] @ https://jimsimrodev.github.io/pequenos-sanos/assets/index-C7AoTPzR.js:82
[  294667ms] [LOG] [WS] 🗺️ Broadcast recibido. Avatares: 1 [Hijo Test(2)] @ https://jimsimrodev.github.io/pequenos-sanos/assets/index-C7AoTPzR.js:82
[  294750ms] [LOG] [WS] 🗺️ Broadcast recibido. Avatares: 1 [Hijo Test(2)] @ https://jimsimrodev.github.io/pequenos-sanos/assets/index-C7AoTPzR.js:82
[  294751ms] [LOG] [WS] 🗺️ Broadcast recibido. Avatares: 1 [Hijo Test(2)] @ https://jimsimrodev.github.io/pequenos-sanos/assets/index-C7AoTPzR.js:82
[  294851ms] [LOG] [WS] 🗺️ Broadcast recibido. Avatares: 1 [Hijo Test(2)] @ https://jimsimrodev.github.io/pequenos-sanos/assets/index-C7AoTPzR.js:82
[  294852ms] [LOG] [WS] 🗺️ Broadcast recibido. Avatares: 1 [Hijo Test(2)] @ https://jimsimrodev.github.io/pequenos-sanos/assets/index-C7AoTPzR.js:82
[  294927ms] [LOG] [WS] 🗺️ Broadcast recibido. Avatares: 1 [Hijo Test(2)] @ https://jimsimrodev.github.io/pequenos-sanos/assets/index-C7AoTPzR.js:82
[  294928ms] [LOG] [WS] 🗺️ Broadcast recibido. Avatares: 1 [Hijo Test(2)] @ https://jimsimrodev.github.io/pequenos-sanos/assets/index-C7AoTPzR.js:82
[  294928ms] [LOG] [WS] 🗺️ Broadcast recibido. Avatares: 1 [Hijo Test(2)] @ https://jimsimrodev.github.io/pequenos-sanos/assets/index-C7AoTPzR.js:82
[  294929ms] [LOG] [WS] 🗺️ Broadcast recibido. Avatares: 1 [Hijo Test(2)] @ https://jimsimrodev.github.io/pequenos-sanos/assets/index-C7AoTPzR.js:82
[  294931ms] [LOG] [WS] 🗺️ Broadcast recibido. Avatares: 1 [Hijo Test(2)] @ https://jimsimrodev.github.io/pequenos-sanos/assets/index-C7AoTPzR.js:82
[  295004ms] [LOG] [WS] 🗺️ Broadcast recibido. Avatares: 1 [Hijo Test(2)] @ https://jimsimrodev.github.io/pequenos-sanos/assets/index-C7AoTPzR.js:82
[  295072ms] [LOG] [WS] 🗺️ Broadcast recibido. Avatares: 1 [Hijo Test(2)] @ https://jimsimrodev.github.io/pequenos-sanos/assets/index-C7AoTPzR.js:82
[  295135ms] [LOG] [WS] 🗺️ Broadcast recibido. Avatares: 1 [Hijo Test(2)] @ https://jimsimrodev.github.io/pequenos-sanos/assets/index-C7AoTPzR.js:82
[  295136ms] [LOG] [WS] 🗺️ Broadcast recibido. Avatares: 1 [Hijo Test(2)] @ https://jimsimrodev.github.io/pequenos-sanos/assets/index-C7AoTPzR.js:82
[  295209ms] [LOG] [WS] 🗺️ Broadcast recibido. Avatares: 1 [Hijo Test(2)] @ https://jimsimrodev.github.io/pequenos-sanos/assets/index-C7AoTPzR.js:82
[  295210ms] [LOG] [WS] 🗺️ Broadcast recibido. Avatares: 1 [Hijo Test(2)] @ https://jimsimrodev.github.io/pequenos-sanos/assets/index-C7AoTPzR.js:82
[  295269ms] [LOG] [WS] 🗺️ Broadcast recibido. Avatares: 1 [Hijo Test(2)] @ https://jimsimrodev.github.io/pequenos-sanos/assets/index-C7AoTPzR.js:82
[  295270ms] [LOG] [WS] 🗺️ Broadcast recibido. Avatares: 1 [Hijo Test(2)] @ https://jimsimrodev.github.io/pequenos-sanos/assets/index-C7AoTPzR.js:82
[  295271ms] [LOG] [WS] 🗺️ Broadcast recibido. Avatares: 1 [Hijo Test(2)] @ https://jimsimrodev.github.io/pequenos-sanos/assets/index-C7AoTPzR.js:82
[  295348ms] [LOG] [WS] 🗺️ Broadcast recibido. Avatares: 1 [Hijo Test(2)] @ https://jimsimrodev.github.io/pequenos-sanos/assets/index-C7AoTPzR.js:82
[  295349ms] [LOG] [WS] 🗺️ Broadcast recibido. Avatares: 1 [Hijo Test(2)] @ https://jimsimrodev.github.io/pequenos-sanos/assets/index-C7AoTPzR.js:82
[  295455ms] [LOG] [WS] 🗺️ Broadcast recibido. Avatares: 1 [Hijo Test(2)] @ https://jimsimrodev.github.io/pequenos-sanos/assets/index-C7AoTPzR.js:82
[  295459ms] [LOG] [WS] 🗺️ Broadcast recibido. Avatares: 1 [Hijo Test(2)] @ https://jimsimrodev.github.io/pequenos-sanos/assets/index-C7AoTPzR.js:82
[  295524ms] [LOG] [WS] 🗺️ Broadcast recibido. Avatares: 1 [Hijo Test(2)] @ https://jimsimrodev.github.io/pequenos-sanos/assets/index-C7AoTPzR.js:82
[  295525ms] [LOG] [WS] 🗺️ Broadcast recibido. Avatares: 1 [Hijo Test(2)] @ https://jimsimrodev.github.io/pequenos-sanos/assets/index-C7AoTPzR.js:82
[  295526ms] [LOG] [WS] 🗺️ Broadcast recibido. Avatares: 1 [Hijo Test(2)] @ https://jimsimrodev.github.io/pequenos-sanos/assets/index-C7AoTPzR.js:82
[  295528ms] [LOG] [WS] 🗺️ Broadcast recibido. Avatares: 1 [Hijo Test(2)] @ https://jimsimrodev.github.io/pequenos-sanos/assets/index-C7AoTPzR.js:82
[  295585ms] [LOG] [WS] 🗺️ Broadcast recibido. Avatares: 1 [Hijo Test(2)] @ https://jimsimrodev.github.io/pequenos-sanos/assets/index-C7AoTPzR.js:82
[  295586ms] [LOG] [WS] 🗺️ Broadcast recibido. Avatares: 1 [Hijo Test(2)] @ https://jimsimrodev.github.io/pequenos-sanos/assets/index-C7AoTPzR.js:82
[  295638ms] [LOG] [WS] 🗺️ Broadcast recibido. Avatares: 1 [Hijo Test(2)] @ https://jimsimrodev.github.io/pequenos-sanos/assets/index-C7AoTPzR.js:82
[  295639ms] [LOG] [WS] 🗺️ Broadcast recibido. Avatares: 1 [Hijo Test(2)] @ https://jimsimrodev.github.io/pequenos-sanos/assets/index-C7AoTPzR.js:82
[  295686ms] [LOG] [WS] 🗺️ Broadcast recibido. Avatares: 1 [Hijo Test(2)] @ https://jimsimrodev.github.io/pequenos-sanos/assets/index-C7AoTPzR.js:82
[  295738ms] [LOG] [WS] 🗺️ Broadcast recibido. Avatares: 1 [Hijo Test(2)] @ https://jimsimrodev.github.io/pequenos-sanos/assets/index-C7AoTPzR.js:82
[  295739ms] [LOG] [WS] 🗺️ Broadcast recibido. Avatares: 1 [Hijo Test(2)] @ https://jimsimrodev.github.io/pequenos-sanos/assets/index-C7AoTPzR.js:82
[  295803ms] [LOG] [WS] 🗺️ Broadcast recibido. Avatares: 1 [Hijo Test(2)] @ https://jimsimrodev.github.io/pequenos-sanos/assets/index-C7AoTPzR.js:82
[  295865ms] [LOG] [WS] 🗺️ Broadcast recibido. Avatares: 1 [Hijo Test(2)] @ https://jimsimrodev.github.io/pequenos-sanos/assets/index-C7AoTPzR.js:82
[  295866ms] [LOG] [WS] 🗺️ Broadcast recibido. Avatares: 1 [Hijo Test(2)] @ https://jimsimrodev.github.io/pequenos-sanos/assets/index-C7AoTPzR.js:82
[  295922ms] [LOG] [WS] 🗺️ Broadcast recibido. Avatares: 1 [Hijo Test(2)] @ https://jimsimrodev.github.io/pequenos-sanos/assets/index-C7AoTPzR.js:82
[  295923ms] [LOG] [WS] 🗺️ Broadcast recibido. Avatares: 1 [Hijo Test(2)] @ https://jimsimrodev.github.io/pequenos-sanos/assets/index-C7AoTPzR.js:82
[  295993ms] [LOG] [WS] 🗺️ Broadcast recibido. Avatares: 1 [Hijo Test(2)] @ https://jimsimrodev.github.io/pequenos-sanos/assets/index-C7AoTPzR.js:82
[  295994ms] [LOG] [WS] 🗺️ Broadcast recibido. Avatares: 1 [Hijo Test(2)] @ https://jimsimrodev.github.io/pequenos-sanos/assets/index-C7AoTPzR.js:82
[  296085ms] [LOG] [WS] 🗺️ Broadcast recibido. Avatares: 1 [Hijo Test(2)] @ https://jimsimrodev.github.io/pequenos-sanos/assets/index-C7AoTPzR.js:82
[  296086ms] [LOG] [WS] 🗺️ Broadcast recibido. Avatares: 1 [Hijo Test(2)] @ https://jimsimrodev.github.io/pequenos-sanos/assets/index-C7AoTPzR.js:82
[  296136ms] [LOG] [WS] 🗺️ Broadcast recibido. Avatares: 1 [Hijo Test(2)] @ https://jimsimrodev.github.io/pequenos-sanos/assets/index-C7AoTPzR.js:82
[  296137ms] [LOG] [WS] 🗺️ Broadcast recibido. Avatares: 1 [Hijo Test(2)] @ https://jimsimrodev.github.io/pequenos-sanos/assets/index-C7AoTPzR.js:82
[  296218ms] [LOG] [WS] 🗺️ Broadcast recibido. Avatares: 1 [Hijo Test(2)] @ https://jimsimrodev.github.io/pequenos-sanos/assets/index-C7AoTPzR.js:82
[  296219ms] [LOG] [WS] 🗺️ Broadcast recibido. Avatares: 1 [Hijo Test(2)] @ https://jimsimrodev.github.io/pequenos-sanos/assets/index-C7AoTPzR.js:82
[  296298ms] [LOG] [WS] 🗺️ Broadcast recibido. Avatares: 1 [Hijo Test(2)] @ https://jimsimrodev.github.io/pequenos-sanos/assets/index-C7AoTPzR.js:82
[  296298ms] [LOG] [WS] 🗺️ Broadcast recibido. Avatares: 1 [Hijo Test(2)] @ https://jimsimrodev.github.io/pequenos-sanos/assets/index-C7AoTPzR.js:82
[  296299ms] [LOG] [WS] 🗺️ Broadcast recibido. Avatares: 1 [Hijo Test(2)] @ https://jimsimrodev.github.io/pequenos-sanos/assets/index-C7AoTPzR.js:82
[  296358ms] [LOG] [WS] 🗺️ Broadcast recibido. Avatares: 1 [Hijo Test(2)] @ https://jimsimrodev.github.io/pequenos-sanos/assets/index-C7AoTPzR.js:82
[  296361ms] [LOG] [WS] 🗺️ Broadcast recibido. Avatares: 1 [Hijo Test(2)] @ https://jimsimrodev.github.io/pequenos-sanos/assets/index-C7AoTPzR.js:82
[  296407ms] [LOG] [WS] 🗺️ Broadcast recibido. Avatares: 1 [Hijo Test(2)] @ https://jimsimrodev.github.io/pequenos-sanos/assets/index-C7AoTPzR.js:82
[  296465ms] [LOG] [WS] 🗺️ Broadcast recibido. Avatares: 1 [Hijo Test(2)] @ https://jimsimrodev.github.io/pequenos-sanos/assets/index-C7AoTPzR.js:82
[  296543ms] [LOG] [WS] 🗺️ Broadcast recibido. Avatares: 1 [Hijo Test(2)] @ https://jimsimrodev.github.io/pequenos-sanos/assets/index-C7AoTPzR.js:82
[  296618ms] [LOG] [WS] 🗺️ Broadcast recibido. Avatares: 1 [Hijo Test(2)] @ https://jimsimrodev.github.io/pequenos-sanos/assets/index-C7AoTPzR.js:82
[  296619ms] [LOG] [WS] 🗺️ Broadcast recibido. Avatares: 1 [Hijo Test(2)] @ https://jimsimrodev.github.io/pequenos-sanos/assets/index-C7AoTPzR.js:82
[  296621ms] [LOG] [WS] 🗺️ Broadcast recibido. Avatares: 1 [Hijo Test(2)] @ https://jimsimrodev.github.io/pequenos-sanos/assets/index-C7AoTPzR.js:82
[  296622ms] [LOG] [WS] 🗺️ Broadcast recibido. Avatares: 1 [Hijo Test(2)] @ https://jimsimrodev.github.io/pequenos-sanos/assets/index-C7AoTPzR.js:82
[  296679ms] [LOG] [WS] 🗺️ Broadcast recibido. Avatares: 1 [Hijo Test(2)] @ https://jimsimrodev.github.io/pequenos-sanos/assets/index-C7AoTPzR.js:82
[  296735ms] [LOG] [WS] 🗺️ Broadcast recibido. Avatares: 1 [Hijo Test(2)] @ https://jimsimrodev.github.io/pequenos-sanos/assets/index-C7AoTPzR.js:82
[  296736ms] [LOG] [WS] 🗺️ Broadcast recibido. Avatares: 1 [Hijo Test(2)] @ https://jimsimrodev.github.io/pequenos-sanos/assets/index-C7AoTPzR.js:82
[  296737ms] [LOG] [WS] 🗺️ Broadcast recibido. Avatares: 1 [Hijo Test(2)] @ https://jimsimrodev.github.io/pequenos-sanos/assets/index-C7AoTPzR.js:82
[  296739ms] [LOG] [WS] 🗺️ Broadcast recibido. Avatares: 1 [Hijo Test(2)] @ https://jimsimrodev.github.io/pequenos-sanos/assets/index-C7AoTPzR.js:82
[  296794ms] [LOG] [WS] 🗺️ Broadcast recibido. Avatares: 1 [Hijo Test(2)] @ https://jimsimrodev.github.io/pequenos-sanos/assets/index-C7AoTPzR.js:82
[  296794ms] [LOG] [WS] 🗺️ Broadcast recibido. Avatares: 1 [Hijo Test(2)] @ https://jimsimrodev.github.io/pequenos-sanos/assets/index-C7AoTPzR.js:82
[  296835ms] [LOG] [WS] 🗺️ Broadcast recibido. Avatares: 1 [Hijo Test(2)] @ https://jimsimrodev.github.io/pequenos-sanos/assets/index-C7AoTPzR.js:82
[  296876ms] [LOG] [WS] 🗺️ Broadcast recibido. Avatares: 1 [Hijo Test(2)] @ https://jimsimrodev.github.io/pequenos-sanos/assets/index-C7AoTPzR.js:82
[  296926ms] [LOG] [WS] 🗺️ Broadcast recibido. Avatares: 1 [Hijo Test(2)] @ https://jimsimrodev.github.io/pequenos-sanos/assets/index-C7AoTPzR.js:82
[  296927ms] [LOG] [WS] 🗺️ Broadcast recibido. Avatares: 1 [Hijo Test(2)] @ https://jimsimrodev.github.io/pequenos-sanos/assets/index-C7AoTPzR.js:82
[  296975ms] [LOG] [WS] 🗺️ Broadcast recibido. Avatares: 1 [Hijo Test(2)] @ https://jimsimrodev.github.io/pequenos-sanos/assets/index-C7AoTPzR.js:82
[  297010ms] [LOG] [WS] 🗺️ Broadcast recibido. Avatares: 1 [Hijo Test(2)] @ https://jimsimrodev.github.io/pequenos-sanos/assets/index-C7AoTPzR.js:82
[  297011ms] [LOG] [WS] 🗺️ Broadcast recibido. Avatares: 1 [Hijo Test(2)] @ https://jimsimrodev.github.io/pequenos-sanos/assets/index-C7AoTPzR.js:82
[  297060ms] [LOG] [WS] 🗺️ Broadcast recibido. Avatares: 1 [Hijo Test(2)] @ https://jimsimrodev.github.io/pequenos-sanos/assets/index-C7AoTPzR.js:82
[  297110ms] [LOG] [WS] 🗺️ Broadcast recibido. Avatares: 1 [Hijo Test(2)] @ https://jimsimrodev.github.io/pequenos-sanos/assets/index-C7AoTPzR.js:82
[  297157ms] [LOG] [WS] 🗺️ Broadcast recibido. Avatares: 1 [Hijo Test(2)] @ https://jimsimrodev.github.io/pequenos-sanos/assets/index-C7AoTPzR.js:82
[  297158ms] [LOG] [WS] 🗺️ Broadcast recibido. Avatares: 1 [Hijo Test(2)] @ https://jimsimrodev.github.io/pequenos-sanos/assets/index-C7AoTPzR.js:82
[  297203ms] [LOG] [WS] 🗺️ Broadcast recibido. Avatares: 1 [Hijo Test(2)] @ https://jimsimrodev.github.io/pequenos-sanos/assets/index-C7AoTPzR.js:82
[  297244ms] [LOG] [WS] 🗺️ Broadcast recibido. Avatares: 1 [Hijo Test(2)] @ https://jimsimrodev.github.io/pequenos-sanos/assets/index-C7AoTPzR.js:82
[  297283ms] [LOG] [WS] 🗺️ Broadcast recibido. Avatares: 1 [Hijo Test(2)] @ https://jimsimrodev.github.io/pequenos-sanos/assets/index-C7AoTPzR.js:82
[  297284ms] [LOG] [WS] 🗺️ Broadcast recibido. Avatares: 1 [Hijo Test(2)] @ https://jimsimrodev.github.io/pequenos-sanos/assets/index-C7AoTPzR.js:82
[  297321ms] [LOG] [WS] 🗺️ Broadcast recibido. Avatares: 1 [Hijo Test(2)] @ https://jimsimrodev.github.io/pequenos-sanos/assets/index-C7AoTPzR.js:82
[  297354ms] [LOG] [WS] 🗺️ Broadcast recibido. Avatares: 1 [Hijo Test(2)] @ https://jimsimrodev.github.io/pequenos-sanos/assets/index-C7AoTPzR.js:82
[  297392ms] [LOG] [WS] 🗺️ Broadcast recibido. Avatares: 1 [Hijo Test(2)] @ https://jimsimrodev.github.io/pequenos-sanos/assets/index-C7AoTPzR.js:82
[  297436ms] [LOG] [WS] 🗺️ Broadcast recibido. Avatares: 1 [Hijo Test(2)] @ https://jimsimrodev.github.io/pequenos-sanos/assets/index-C7AoTPzR.js:82
[  297466ms] [LOG] [WS] 🗺️ Broadcast recibido. Avatares: 1 [Hijo Test(2)] @ https://jimsimrodev.github.io/pequenos-sanos/assets/index-C7AoTPzR.js:82
[  297502ms] [LOG] [WS] 🗺️ Broadcast recibido. Avatares: 1 [Hijo Test(2)] @ https://jimsimrodev.github.io/pequenos-sanos/assets/index-C7AoTPzR.js:82
[  297503ms] [LOG] [WS] 🗺️ Broadcast recibido. Avatares: 1 [Hijo Test(2)] @ https://jimsimrodev.github.io/pequenos-sanos/assets/index-C7AoTPzR.js:82
[  297544ms] [LOG] [WS] 🗺️ Broadcast recibido. Avatares: 1 [Hijo Test(2)] @ https://jimsimrodev.github.io/pequenos-sanos/assets/index-C7AoTPzR.js:82
[  297579ms] [LOG] [WS] 🗺️ Broadcast recibido. Avatares: 1 [Hijo Test(2)] @ https://jimsimrodev.github.io/pequenos-sanos/assets/index-C7AoTPzR.js:82
[  297612ms] [LOG] [WS] 🗺️ Broadcast recibido. Avatares: 1 [Hijo Test(2)] @ https://jimsimrodev.github.io/pequenos-sanos/assets/index-C7AoTPzR.js:82
[  297644ms] [LOG] [WS] 🗺️ Broadcast recibido. Avatares: 1 [Hijo Test(2)] @ https://jimsimrodev.github.io/pequenos-sanos/assets/index-C7AoTPzR.js:82
[  297682ms] [LOG] [WS] 🗺️ Broadcast recibido. Avatares: 1 [Hijo Test(2)] @ https://jimsimrodev.github.io/pequenos-sanos/assets/index-C7AoTPzR.js:82
[  297720ms] [LOG] [WS] 🗺️ Broadcast recibido. Avatares: 1 [Hijo Test(2)] @ https://jimsimrodev.github.io/pequenos-sanos/assets/index-C7AoTPzR.js:82
[  297756ms] [LOG] [WS] 🗺️ Broadcast recibido. Avatares: 1 [Hijo Test(2)] @ https://jimsimrodev.github.io/pequenos-sanos/assets/index-C7AoTPzR.js:82
[  297798ms] [LOG] [WS] 🗺️ Broadcast recibido. Avatares: 1 [Hijo Test(2)] @ https://jimsimrodev.github.io/pequenos-sanos/assets/index-C7AoTPzR.js:82
[  297836ms] [LOG] [WS] 🗺️ Broadcast recibido. Avatares: 1 [Hijo Test(2)] @ https://jimsimrodev.github.io/pequenos-sanos/assets/index-C7AoTPzR.js:82
[  297837ms] [LOG] [WS] 🗺️ Broadcast recibido. Avatares: 1 [Hijo Test(2)] @ https://jimsimrodev.github.io/pequenos-sanos/assets/index-C7AoTPzR.js:82
[  297883ms] [LOG] [WS] 🗺️ Broadcast recibido. Avatares: 1 [Hijo Test(2)] @ https://jimsimrodev.github.io/pequenos-sanos/assets/index-C7AoTPzR.js:82
[  297916ms] [LOG] [WS] 🗺️ Broadcast recibido. Avatares: 1 [Hijo Test(2)] @ https://jimsimrodev.github.io/pequenos-sanos/assets/index-C7AoTPzR.js:82
[  297960ms] [LOG] [WS] 🗺️ Broadcast recibido. Avatares: 1 [Hijo Test(2)] @ https://jimsimrodev.github.io/pequenos-sanos/assets/index-C7AoTPzR.js:82
[  298005ms] [LOG] [WS] 🗺️ Broadcast recibido. Avatares: 1 [Hijo Test(2)] @ https://jimsimrodev.github.io/pequenos-sanos/assets/index-C7AoTPzR.js:82
[  298043ms] [LOG] [WS] 🗺️ Broadcast recibido. Avatares: 1 [Hijo Test(2)] @ https://jimsimrodev.github.io/pequenos-sanos/assets/index-C7AoTPzR.js:82
[  298044ms] [LOG] [WS] 🗺️ Broadcast recibido. Avatares: 1 [Hijo Test(2)] @ https://jimsimrodev.github.io/pequenos-sanos/assets/index-C7AoTPzR.js:82
[  298085ms] [LOG] [WS] 🗺️ Broadcast recibido. Avatares: 1 [Hijo Test(2)] @ https://jimsimrodev.github.io/pequenos-sanos/assets/index-C7AoTPzR.js:82
[  298124ms] [LOG] [WS] 🗺️ Broadcast recibido. Avatares: 1 [Hijo Test(2)] @ https://jimsimrodev.github.io/pequenos-sanos/assets/index-C7AoTPzR.js:82
[  298180ms] [LOG] [WS] 🗺️ Broadcast recibido. Avatares: 1 [Hijo Test(2)] @ https://jimsimrodev.github.io/pequenos-sanos/assets/index-C7AoTPzR.js:82
[  298222ms] [LOG] [WS] 🗺️ Broadcast recibido. Avatares: 1 [Hijo Test(2)] @ https://jimsimrodev.github.io/pequenos-sanos/assets/index-C7AoTPzR.js:82
[  298223ms] [LOG] [WS] 🗺️ Broadcast recibido. Avatares: 1 [Hijo Test(2)] @ https://jimsimrodev.github.io/pequenos-sanos/assets/index-C7AoTPzR.js:82
[  298274ms] [LOG] [WS] 🗺️ Broadcast recibido. Avatares: 1 [Hijo Test(2)] @ https://jimsimrodev.github.io/pequenos-sanos/assets/index-C7AoTPzR.js:82
[  298312ms] [LOG] [WS] 🗺️ Broadcast recibido. Avatares: 1 [Hijo Test(2)] @ https://jimsimrodev.github.io/pequenos-sanos/assets/index-C7AoTPzR.js:82
[  298313ms] [LOG] [WS] 🗺️ Broadcast recibido. Avatares: 1 [Hijo Test(2)] @ https://jimsimrodev.github.io/pequenos-sanos/assets/index-C7AoTPzR.js:82
[  298353ms] [LOG] [WS] 🗺️ Broadcast recibido. Avatares: 1 [Hijo Test(2)] @ https://jimsimrodev.github.io/pequenos-sanos/assets/index-C7AoTPzR.js:82
[  298398ms] [LOG] [WS] 🗺️ Broadcast recibido. Avatares: 1 [Hijo Test(2)] @ https://jimsimrodev.github.io/pequenos-sanos/assets/index-C7AoTPzR.js:82
[  298451ms] [LOG] [WS] 🗺️ Broadcast recibido. Avatares: 1 [Hijo Test(2)] @ https://jimsimrodev.github.io/pequenos-sanos/assets/index-C7AoTPzR.js:82
[  298452ms] [LOG] [WS] 🗺️ Broadcast recibido. Avatares: 1 [Hijo Test(2)] @ https://jimsimrodev.github.io/pequenos-sanos/assets/index-C7AoTPzR.js:82
[  298501ms] [LOG] [WS] 🗺️ Broadcast recibido. Avatares: 1 [Hijo Test(2)] @ https://jimsimrodev.github.io/pequenos-sanos/assets/index-C7AoTPzR.js:82
[  298548ms] [LOG] [WS] 🗺️ Broadcast recibido. Avatares: 1 [Hijo Test(2)] @ https://jimsimrodev.github.io/pequenos-sanos/assets/index-C7AoTPzR.js:82
[  298549ms] [LOG] [WS] 🗺️ Broadcast recibido. Avatares: 1 [Hijo Test(2)] @ https://jimsimrodev.github.io/pequenos-sanos/assets/index-C7AoTPzR.js:82
[  298594ms] [LOG] [WS] 🗺️ Broadcast recibido. Avatares: 1 [Hijo Test(2)] @ https://jimsimrodev.github.io/pequenos-sanos/assets/index-C7AoTPzR.js:82
[  298648ms] [LOG] [WS] 🗺️ Broadcast recibido. Avatares: 1 [Hijo Test(2)] @ https://jimsimrodev.github.io/pequenos-sanos/assets/index-C7AoTPzR.js:82
[  298649ms] [LOG] [WS] 🗺️ Broadcast recibido. Avatares: 1 [Hijo Test(2)] @ https://jimsimrodev.github.io/pequenos-sanos/assets/index-C7AoTPzR.js:82
[  298692ms] [LOG] [WS] 🗺️ Broadcast recibido. Avatares: 1 [Hijo Test(2)] @ https://jimsimrodev.github.io/pequenos-sanos/assets/index-C7AoTPzR.js:82
[  298732ms] [LOG] [WS] 🗺️ Broadcast recibido. Avatares: 1 [Hijo Test(2)] @ https://jimsimrodev.github.io/pequenos-sanos/assets/index-C7AoTPzR.js:82
[  298733ms] [LOG] [WS] 🗺️ Broadcast recibido. Avatares: 1 [Hijo Test(2)] @ https://jimsimrodev.github.io/pequenos-sanos/assets/index-C7AoTPzR.js:82
[  298763ms] [LOG] [WS] 🗺️ Broadcast recibido. Avatares: 1 [Hijo Test(2)] @ https://jimsimrodev.github.io/pequenos-sanos/assets/index-C7AoTPzR.js:82
[  298801ms] [LOG] [WS] 🗺️ Broadcast recibido. Avatares: 1 [Hijo Test(2)] @ https://jimsimrodev.github.io/pequenos-sanos/assets/index-C7AoTPzR.js:82
[  298842ms] [LOG] [WS] 🗺️ Broadcast recibido. Avatares: 1 [Hijo Test(2)] @ https://jimsimrodev.github.io/pequenos-sanos/assets/index-C7AoTPzR.js:82
[  298879ms] [LOG] [WS] 🗺️ Broadcast recibido. Avatares: 1 [Hijo Test(2)] @ https://jimsimrodev.github.io/pequenos-sanos/assets/index-C7AoTPzR.js:82
[  298915ms] [LOG] [WS] 🗺️ Broadcast recibido. Avatares: 1 [Hijo Test(2)] @ https://jimsimrodev.github.io/pequenos-sanos/assets/index-C7AoTPzR.js:82
[  298948ms] [LOG] [WS] 🗺️ Broadcast recibido. Avatares: 1 [Hijo Test(2)] @ https://jimsimrodev.github.io/pequenos-sanos/assets/index-C7AoTPzR.js:82
[  298983ms] [LOG] [WS] 🗺️ Broadcast recibido. Avatares: 1 [Hijo Test(2)] @ https://jimsimrodev.github.io/pequenos-sanos/assets/index-C7AoTPzR.js:82
[  299017ms] [LOG] [WS] 🗺️ Broadcast recibido. Avatares: 1 [Hijo Test(2)] @ https://jimsimrodev.github.io/pequenos-sanos/assets/index-C7AoTPzR.js:82
[  299049ms] [LOG] [WS] 🗺️ Broadcast recibido. Avatares: 1 [Hijo Test(2)] @ https://jimsimrodev.github.io/pequenos-sanos/assets/index-C7AoTPzR.js:82
[  299087ms] [LOG] [WS] 🗺️ Broadcast recibido. Avatares: 1 [Hijo Test(2)] @ https://jimsimrodev.github.io/pequenos-sanos/assets/index-C7AoTPzR.js:82
[  299124ms] [LOG] [WS] 🗺️ Broadcast recibido. Avatares: 1 [Hijo Test(2)] @ https://jimsimrodev.github.io/pequenos-sanos/assets/index-C7AoTPzR.js:82
[  299125ms] [LOG] [WS] 🗺️ Broadcast recibido. Avatares: 1 [Hijo Test(2)] @ https://jimsimrodev.github.io/pequenos-sanos/assets/index-C7AoTPzR.js:82
[  299161ms] [LOG] [WS] 🗺️ Broadcast recibido. Avatares: 1 [Hijo Test(2)] @ https://jimsimrodev.github.io/pequenos-sanos/assets/index-C7AoTPzR.js:82
[  299198ms] [LOG] [WS] 🗺️ Broadcast recibido. Avatares: 1 [Hijo Test(2)] @ https://jimsimrodev.github.io/pequenos-sanos/assets/index-C7AoTPzR.js:82
[  299232ms] [LOG] [WS] 🗺️ Broadcast recibido. Avatares: 1 [Hijo Test(2)] @ https://jimsimrodev.github.io/pequenos-sanos/assets/index-C7AoTPzR.js:82
[  299268ms] [LOG] [WS] 🗺️ Broadcast recibido. Avatares: 1 [Hijo Test(2)] @ https://jimsimrodev.github.io/pequenos-sanos/assets/index-C7AoTPzR.js:82
[  299318ms] [LOG] [WS] 🗺️ Broadcast recibido. Avatares: 1 [Hijo Test(2)] @ https://jimsimrodev.github.io/pequenos-sanos/assets/index-C7AoTPzR.js:82
[  299359ms] [LOG] [WS] 🗺️ Broadcast recibido. Avatares: 1 [Hijo Test(2)] @ https://jimsimrodev.github.io/pequenos-sanos/assets/index-C7AoTPzR.js:82
[  299359ms] [LOG] [WS] 🗺️ Broadcast recibido. Avatares: 1 [Hijo Test(2)] @ https://jimsimrodev.github.io/pequenos-sanos/assets/index-C7AoTPzR.js:82
[  299406ms] [LOG] [WS] 🗺️ Broadcast recibido. Avatares: 1 [Hijo Test(2)] @ https://jimsimrodev.github.io/pequenos-sanos/assets/index-C7AoTPzR.js:82
[  299455ms] [LOG] [WS] 🗺️ Broadcast recibido. Avatares: 1 [Hijo Test(2)] @ https://jimsimrodev.github.io/pequenos-sanos/assets/index-C7AoTPzR.js:82
[  299502ms] [LOG] [WS] 🗺️ Broadcast recibido. Avatares: 1 [Hijo Test(2)] @ https://jimsimrodev.github.io/pequenos-sanos/assets/index-C7AoTPzR.js:82
[  299560ms] [LOG] [WS] 🗺️ Broadcast recibido. Avatares: 1 [Hijo Test(2)] @ https://jimsimrodev.github.io/pequenos-sanos/assets/index-C7AoTPzR.js:82
[  299561ms] [LOG] [WS] 🗺️ Broadcast recibido. Avatares: 1 [Hijo Test(2)] @ https://jimsimrodev.github.io/pequenos-sanos/assets/index-C7AoTPzR.js:82
[  299617ms] [LOG] [WS] 🗺️ Broadcast recibido. Avatares: 1 [Hijo Test(2)] @ https://jimsimrodev.github.io/pequenos-sanos/assets/index-C7AoTPzR.js:82
[  299617ms] [LOG] [WS] 🗺️ Broadcast recibido. Avatares: 1 [Hijo Test(2)] @ https://jimsimrodev.github.io/pequenos-sanos/assets/index-C7AoTPzR.js:82
[  299676ms] [LOG] [WS] 🗺️ Broadcast recibido. Avatares: 1 [Hijo Test(2)] @ https://jimsimrodev.github.io/pequenos-sanos/assets/index-C7AoTPzR.js:82
[  299677ms] [LOG] [WS] 🗺️ Broadcast recibido. Avatares: 1 [Hijo Test(2)] @ https://jimsimrodev.github.io/pequenos-sanos/assets/index-C7AoTPzR.js:82
[  299739ms] [LOG] [WS] 🗺️ Broadcast recibido. Avatares: 1 [Hijo Test(2)] @ https://jimsimrodev.github.io/pequenos-sanos/assets/index-C7AoTPzR.js:82
[  299740ms] [LOG] [WS] 🗺️ Broadcast recibido. Avatares: 1 [Hijo Test(2)] @ https://jimsimrodev.github.io/pequenos-sanos/assets/index-C7AoTPzR.js:82
[  299810ms] [LOG] [WS] 🗺️ Broadcast recibido. Avatares: 1 [Hijo Test(2)] @ https://jimsimrodev.github.io/pequenos-sanos/assets/index-C7AoTPzR.js:82
[  299857ms] [LOG] [WS] 🗺️ Broadcast recibido. Avatares: 1 [Hijo Test(2)] @ https://jimsimrodev.github.io/pequenos-sanos/assets/index-C7AoTPzR.js:82
[  299858ms] [LOG] [WS] 🗺️ Broadcast recibido. Avatares: 1 [Hijo Test(2)] @ https://jimsimrodev.github.io/pequenos-sanos/assets/index-C7AoTPzR.js:82
[  299897ms] [LOG] [WS] 🗺️ Broadcast recibido. Avatares: 1 [Hijo Test(2)] @ https://jimsimrodev.github.io/pequenos-sanos/assets/index-C7AoTPzR.js:82
[  299898ms] [LOG] [WS] 🗺️ Broadcast recibido. Avatares: 1 [Hijo Test(2)] @ https://jimsimrodev.github.io/pequenos-sanos/assets/index-C7AoTPzR.js:82
[  299939ms] [LOG] [WS] 🗺️ Broadcast recibido. Avatares: 1 [Hijo Test(2)] @ https://jimsimrodev.github.io/pequenos-sanos/assets/index-C7AoTPzR.js:82
[  300009ms] [LOG] [WS] 🗺️ Broadcast recibido. Avatares: 1 [Hijo Test(2)] @ https://jimsimrodev.github.io/pequenos-sanos/assets/index-C7AoTPzR.js:82
[  300029ms] [LOG] [WS] 🗺️ Broadcast recibido. Avatares: 1 [Hijo Test(2)] @ https://jimsimrodev.github.io/pequenos-sanos/assets/index-C7AoTPzR.js:82
[  300030ms] [LOG] [WS] 🗺️ Broadcast recibido. Avatares: 1 [Hijo Test(2)] @ https://jimsimrodev.github.io/pequenos-sanos/assets/index-C7AoTPzR.js:82
[  300031ms] [LOG] [WS] 🗺️ Broadcast recibido. Avatares: 1 [Hijo Test(2)] @ https://jimsimrodev.github.io/pequenos-sanos/assets/index-C7AoTPzR.js:82
[  300050ms] [LOG] [WS] 🗺️ Broadcast recibido. Avatares: 1 [Hijo Test(2)] @ https://jimsimrodev.github.io/pequenos-sanos/assets/index-C7AoTPzR.js:82
[  300102ms] [LOG] [WS] 🗺️ Broadcast recibido. Avatares: 1 [Hijo Test(2)] @ https://jimsimrodev.github.io/pequenos-sanos/assets/index-C7AoTPzR.js:82
[  300122ms] [LOG] [WS] 🗺️ Broadcast recibido. Avatares: 1 [Hijo Test(2)] @ https://jimsimrodev.github.io/pequenos-sanos/assets/index-C7AoTPzR.js:82
[  300155ms] [LOG] [WS] 🗺️ Broadcast recibido. Avatares: 1 [Hijo Test(2)] @ https://jimsimrodev.github.io/pequenos-sanos/assets/index-C7AoTPzR.js:82
[  300183ms] [LOG] [WS] 🗺️ Broadcast recibido. Avatares: 1 [Hijo Test(2)] @ https://jimsimrodev.github.io/pequenos-sanos/assets/index-C7AoTPzR.js:82
[  300216ms] [LOG] [WS] 🗺️ Broadcast recibido. Avatares: 1 [Hijo Test(2)] @ https://jimsimrodev.github.io/pequenos-sanos/assets/index-C7AoTPzR.js:82
[  300249ms] [LOG] [WS] 🗺️ Broadcast recibido. Avatares: 1 [Hijo Test(2)] @ https://jimsimrodev.github.io/pequenos-sanos/assets/index-C7AoTPzR.js:82
[  300276ms] [LOG] [WS] 🗺️ Broadcast recibido. Avatares: 1 [Hijo Test(2)] @ https://jimsimrodev.github.io/pequenos-sanos/assets/index-C7AoTPzR.js:82
[  300312ms] [LOG] [WS] 🗺️ Broadcast recibido. Avatares: 1 [Hijo Test(2)] @ https://jimsimrodev.github.io/pequenos-sanos/assets/index-C7AoTPzR.js:82
[  300345ms] [LOG] [WS] 🗺️ Broadcast recibido. Avatares: 1 [Hijo Test(2)] @ https://jimsimrodev.github.io/pequenos-sanos/assets/index-C7AoTPzR.js:82
[  300376ms] [LOG] [WS] 🗺️ Broadcast recibido. Avatares: 1 [Hijo Test(2)] @ https://jimsimrodev.github.io/pequenos-sanos/assets/index-C7AoTPzR.js:82
[  300410ms] [LOG] [WS] 🗺️ Broadcast recibido. Avatares: 1 [Hijo Test(2)] @ https://jimsimrodev.github.io/pequenos-sanos/assets/index-C7AoTPzR.js:82
[  300456ms] [LOG] [WS] 🗺️ Broadcast recibido. Avatares: 1 [Hijo Test(2)] @ https://jimsimrodev.github.io/pequenos-sanos/assets/index-C7AoTPzR.js:82
[  300493ms] [LOG] [WS] 🗺️ Broadcast recibido. Avatares: 1 [Hijo Test(2)] @ https://jimsimrodev.github.io/pequenos-sanos/assets/index-C7AoTPzR.js:82
[  300509ms] [LOG] [WS] 🗺️ Broadcast recibido. Avatares: 1 [Hijo Test(2)] @ https://jimsimrodev.github.io/pequenos-sanos/assets/index-C7AoTPzR.js:82
[  300545ms] [LOG] [WS] 🗺️ Broadcast recibido. Avatares: 1 [Hijo Test(2)] @ https://jimsimrodev.github.io/pequenos-sanos/assets/index-C7AoTPzR.js:82
[  300578ms] [LOG] [WS] 🗺️ Broadcast recibido. Avatares: 1 [Hijo Test(2)] @ https://jimsimrodev.github.io/pequenos-sanos/assets/index-C7AoTPzR.js:82
[  300611ms] [LOG] [WS] 🗺️ Broadcast recibido. Avatares: 1 [Hijo Test(2)] @ https://jimsimrodev.github.io/pequenos-sanos/assets/index-C7AoTPzR.js:82
[  300643ms] [LOG] [WS] 🗺️ Broadcast recibido. Avatares: 1 [Hijo Test(2)] @ https://jimsimrodev.github.io/pequenos-sanos/assets/index-C7AoTPzR.js:82
[  300673ms] [LOG] [WS] 🗺️ Broadcast recibido. Avatares: 1 [Hijo Test(2)] @ https://jimsimrodev.github.io/pequenos-sanos/assets/index-C7AoTPzR.js:82
[  300717ms] [LOG] [WS] 🗺️ Broadcast recibido. Avatares: 1 [Hijo Test(2)] @ https://jimsimrodev.github.io/pequenos-sanos/assets/index-C7AoTPzR.js:82
[  300736ms] [LOG] [WS] 🗺️ Broadcast recibido. Avatares: 1 [Hijo Test(2)] @ https://jimsimrodev.github.io/pequenos-sanos/assets/index-C7AoTPzR.js:82
[  300779ms] [LOG] [WS] 🗺️ Broadcast recibido. Avatares: 1 [Hijo Test(2)] @ https://jimsimrodev.github.io/pequenos-sanos/assets/index-C7AoTPzR.js:82
[  300823ms] [LOG] [WS] 🗺️ Broadcast recibido. Avatares: 1 [Hijo Test(2)] @ https://jimsimrodev.github.io/pequenos-sanos/assets/index-C7AoTPzR.js:82
[  300845ms] [LOG] [WS] 🗺️ Broadcast recibido. Avatares: 1 [Hijo Test(2)] @ https://jimsimrodev.github.io/pequenos-sanos/assets/index-C7AoTPzR.js:82
[  300892ms] [LOG] [WS] 🗺️ Broadcast recibido. Avatares: 1 [Hijo Test(2)] @ https://jimsimrodev.github.io/pequenos-sanos/assets/index-C7AoTPzR.js:82
[  300909ms] [LOG] [WS] 🗺️ Broadcast recibido. Avatares: 1 [Hijo Test(2)] @ https://jimsimrodev.github.io/pequenos-sanos/assets/index-C7AoTPzR.js:82
[  300943ms] [LOG] [WS] 🗺️ Broadcast recibido. Avatares: 1 [Hijo Test(2)] @ https://jimsimrodev.github.io/pequenos-sanos/assets/index-C7AoTPzR.js:82
[  300973ms] [LOG] [WS] 🗺️ Broadcast recibido. Avatares: 1 [Hijo Test(2)] @ https://jimsimrodev.github.io/pequenos-sanos/assets/index-C7AoTPzR.js:82
[  301022ms] [LOG] [WS] 🗺️ Broadcast recibido. Avatares: 1 [Hijo Test(2)] @ https://jimsimrodev.github.io/pequenos-sanos/assets/index-C7AoTPzR.js:82
[  301038ms] [LOG] [WS] 🗺️ Broadcast recibido. Avatares: 1 [Hijo Test(2)] @ https://jimsimrodev.github.io/pequenos-sanos/assets/index-C7AoTPzR.js:82
[  301126ms] [LOG] [WS] 🗺️ Broadcast recibido. Avatares: 1 [Hijo Test(2)] @ https://jimsimrodev.github.io/pequenos-sanos/assets/index-C7AoTPzR.js:82
[  301140ms] [LOG] [WS] 🗺️ Broadcast recibido. Avatares: 1 [Hijo Test(2)] @ https://jimsimrodev.github.io/pequenos-sanos/assets/index-C7AoTPzR.js:82
[  301221ms] [LOG] [WS] 🗺️ Broadcast recibido. Avatares: 1 [Hijo Test(2)] @ https://jimsimrodev.github.io/pequenos-sanos/assets/index-C7AoTPzR.js:82
[  301239ms] [LOG] [WS] 🗺️ Broadcast recibido. Avatares: 1 [Hijo Test(2)] @ https://jimsimrodev.github.io/pequenos-sanos/assets/index-C7AoTPzR.js:82
[  301256ms] [LOG] [WS] 🗺️ Broadcast recibido. Avatares: 1 [Hijo Test(2)] @ https://jimsimrodev.github.io/pequenos-sanos/assets/index-C7AoTPzR.js:82
[  301257ms] [LOG] [WS] 🗺️ Broadcast recibido. Avatares: 1 [Hijo Test(2)] @ https://jimsimrodev.github.io/pequenos-sanos/assets/index-C7AoTPzR.js:82
[  301273ms] [LOG] [WS] 🗺️ Broadcast recibido. Avatares: 1 [Hijo Test(2)] @ https://jimsimrodev.github.io/pequenos-sanos/assets/index-C7AoTPzR.js:82
[  301306ms] [LOG] [WS] 🗺️ Broadcast recibido. Avatares: 1 [Hijo Test(2)] @ https://jimsimrodev.github.io/pequenos-sanos/assets/index-C7AoTPzR.js:82
[  301358ms] [LOG] [WS] 🗺️ Broadcast recibido. Avatares: 1 [Hijo Test(2)] @ https://jimsimrodev.github.io/pequenos-sanos/assets/index-C7AoTPzR.js:82
[  301374ms] [LOG] [WS] 🗺️ Broadcast recibido. Avatares: 1 [Hijo Test(2)] @ https://jimsimrodev.github.io/pequenos-sanos/assets/index-C7AoTPzR.js:82
[  301408ms] [LOG] [WS] 🗺️ Broadcast recibido. Avatares: 1 [Hijo Test(2)] @ https://jimsimrodev.github.io/pequenos-sanos/assets/index-C7AoTPzR.js:82
[  301456ms] [LOG] [WS] 🗺️ Broadcast recibido. Avatares: 1 [Hijo Test(2)] @ https://jimsimrodev.github.io/pequenos-sanos/assets/index-C7AoTPzR.js:82
[  301488ms] [LOG] [WS] 🗺️ Broadcast recibido. Avatares: 1 [Hijo Test(2)] @ https://jimsimrodev.github.io/pequenos-sanos/assets/index-C7AoTPzR.js:82
[  301492ms] [LOG] [WS] 🗺️ Broadcast recibido. Avatares: 1 [Hijo Test(2)] @ https://jimsimrodev.github.io/pequenos-sanos/assets/index-C7AoTPzR.js:82
[  301562ms] [LOG] [WS] 🗺️ Broadcast recibido. Avatares: 1 [Hijo Test(2)] @ https://jimsimrodev.github.io/pequenos-sanos/assets/index-C7AoTPzR.js:82
[  301588ms] [LOG] [WS] 🗺️ Broadcast recibido. Avatares: 1 [Hijo Test(2)] @ https://jimsimrodev.github.io/pequenos-sanos/assets/index-C7AoTPzR.js:82
[  301609ms] [LOG] [WS] 🗺️ Broadcast recibido. Avatares: 1 [Hijo Test(2)] @ https://jimsimrodev.github.io/pequenos-sanos/assets/index-C7AoTPzR.js:82
[  301624ms] [LOG] [WS] 🗺️ Broadcast recibido. Avatares: 1 [Hijo Test(2)] @ https://jimsimrodev.github.io/pequenos-sanos/assets/index-C7AoTPzR.js:82
[  301713ms] [LOG] [WS] 🗺️ Broadcast recibido. Avatares: 1 [Hijo Test(2)] @ https://jimsimrodev.github.io/pequenos-sanos/assets/index-C7AoTPzR.js:82
[  301737ms] [LOG] [WS] 🗺️ Broadcast recibido. Avatares: 1 [Hijo Test(2)] @ https://jimsimrodev.github.io/pequenos-sanos/assets/index-C7AoTPzR.js:82
[  301754ms] [LOG] [WS] 🗺️ Broadcast recibido. Avatares: 1 [Hijo Test(2)] @ https://jimsimrodev.github.io/pequenos-sanos/assets/index-C7AoTPzR.js:82
[  301773ms] [LOG] [WS] 🗺️ Broadcast recibido. Avatares: 1 [Hijo Test(2)] @ https://jimsimrodev.github.io/pequenos-sanos/assets/index-C7AoTPzR.js:82
[  301834ms] [LOG] [WS] 🗺️ Broadcast recibido. Avatares: 1 [Hijo Test(2)] @ https://jimsimrodev.github.io/pequenos-sanos/assets/index-C7AoTPzR.js:82
[  301853ms] [LOG] [WS] 🗺️ Broadcast recibido. Avatares: 1 [Hijo Test(2)] @ https://jimsimrodev.github.io/pequenos-sanos/assets/index-C7AoTPzR.js:82
[  301870ms] [LOG] [WS] 🗺️ Broadcast recibido. Avatares: 1 [Hijo Test(2)] @ https://jimsimrodev.github.io/pequenos-sanos/assets/index-C7AoTPzR.js:82
[  301973ms] [LOG] [WS] 🗺️ Broadcast recibido. Avatares: 1 [Hijo Test(2)] @ https://jimsimrodev.github.io/pequenos-sanos/assets/index-C7AoTPzR.js:82
[  301974ms] [LOG] [WS] 🗺️ Broadcast recibido. Avatares: 1 [Hijo Test(2)] @ https://jimsimrodev.github.io/pequenos-sanos/assets/index-C7AoTPzR.js:82
[  301974ms] [LOG] [WS] 🗺️ Broadcast recibido. Avatares: 1 [Hijo Test(2)] @ https://jimsimrodev.github.io/pequenos-sanos/assets/index-C7AoTPzR.js:82
[  301993ms] [LOG] [WS] 🗺️ Broadcast recibido. Avatares: 1 [Hijo Test(2)] @ https://jimsimrodev.github.io/pequenos-sanos/assets/index-C7AoTPzR.js:82
[  302022ms] [LOG] [WS] 🗺️ Broadcast recibido. Avatares: 1 [Hijo Test(2)] @ https://jimsimrodev.github.io/pequenos-sanos/assets/index-C7AoTPzR.js:82
[  302120ms] [LOG] [WS] 🗺️ Broadcast recibido. Avatares: 1 [Hijo Test(2)] @ https://jimsimrodev.github.io/pequenos-sanos/assets/index-C7AoTPzR.js:82
[  302121ms] [LOG] [WS] 🗺️ Broadcast recibido. Avatares: 1 [Hijo Test(2)] @ https://jimsimrodev.github.io/pequenos-sanos/assets/index-C7AoTPzR.js:82
[  302122ms] [LOG] [WS] 🗺️ Broadcast recibido. Avatares: 1 [Hijo Test(2)] @ https://jimsimrodev.github.io/pequenos-sanos/assets/index-C7AoTPzR.js:82
[  302166ms] [LOG] [WS] 🗺️ Broadcast recibido. Avatares: 1 [Hijo Test(2)] @ https://jimsimrodev.github.io/pequenos-sanos/assets/index-C7AoTPzR.js:82
[  302201ms] [LOG] [WS] 🗺️ Broadcast recibido. Avatares: 1 [Hijo Test(2)] @ https://jimsimrodev.github.io/pequenos-sanos/assets/index-C7AoTPzR.js:82
[  302220ms] [LOG] [WS] 🗺️ Broadcast recibido. Avatares: 1 [Hijo Test(2)] @ https://jimsimrodev.github.io/pequenos-sanos/assets/index-C7AoTPzR.js:82
[  302265ms] [LOG] [WS] 🗺️ Broadcast recibido. Avatares: 1 [Hijo Test(2)] @ https://jimsimrodev.github.io/pequenos-sanos/assets/index-C7AoTPzR.js:82
[  302301ms] [LOG] [WS] 🗺️ Broadcast recibido. Avatares: 1 [Hijo Test(2)] @ https://jimsimrodev.github.io/pequenos-sanos/assets/index-C7AoTPzR.js:82
[  302333ms] [LOG] [WS] 🗺️ Broadcast recibido. Avatares: 1 [Hijo Test(2)] @ https://jimsimrodev.github.io/pequenos-sanos/assets/index-C7AoTPzR.js:82
[  302352ms] [LOG] [WS] 🗺️ Broadcast recibido. Avatares: 1 [Hijo Test(2)] @ https://jimsimrodev.github.io/pequenos-sanos/assets/index-C7AoTPzR.js:82
[  302392ms] [LOG] [WS] 🗺️ Broadcast recibido. Avatares: 1 [Hijo Test(2)] @ https://jimsimrodev.github.io/pequenos-sanos/assets/index-C7AoTPzR.js:82
[  302423ms] [LOG] [WS] 🗺️ Broadcast recibido. Avatares: 1 [Hijo Test(2)] @ https://jimsimrodev.github.io/pequenos-sanos/assets/index-C7AoTPzR.js:82
[  302460ms] [LOG] [WS] 🗺️ Broadcast recibido. Avatares: 1 [Hijo Test(2)] @ https://jimsimrodev.github.io/pequenos-sanos/assets/index-C7AoTPzR.js:82
[  302492ms] [LOG] [WS] 🗺️ Broadcast recibido. Avatares: 1 [Hijo Test(2)] @ https://jimsimrodev.github.io/pequenos-sanos/assets/index-C7AoTPzR.js:82
[  302526ms] [LOG] [WS] 🗺️ Broadcast recibido. Avatares: 1 [Hijo Test(2)] @ https://jimsimrodev.github.io/pequenos-sanos/assets/index-C7AoTPzR.js:82
[  302557ms] [LOG] [WS] 🗺️ Broadcast recibido. Avatares: 1 [Hijo Test(2)] @ https://jimsimrodev.github.io/pequenos-sanos/assets/index-C7AoTPzR.js:82
[  302593ms] [LOG] [WS] 🗺️ Broadcast recibido. Avatares: 1 [Hijo Test(2)] @ https://jimsimrodev.github.io/pequenos-sanos/assets/index-C7AoTPzR.js:82
[  302622ms] [LOG] [WS] 🗺️ Broadcast recibido. Avatares: 1 [Hijo Test(2)] @ https://jimsimrodev.github.io/pequenos-sanos/assets/index-C7AoTPzR.js:82
[  302656ms] [LOG] [WS] 🗺️ Broadcast recibido. Avatares: 1 [Hijo Test(2)] @ https://jimsimrodev.github.io/pequenos-sanos/assets/index-C7AoTPzR.js:82
[  302686ms] [LOG] [WS] 🗺️ Broadcast recibido. Avatares: 1 [Hijo Test(2)] @ https://jimsimrodev.github.io/pequenos-sanos/assets/index-C7AoTPzR.js:82
[  302725ms] [LOG] [WS] 🗺️ Broadcast recibido. Avatares: 1 [Hijo Test(2)] @ https://jimsimrodev.github.io/pequenos-sanos/assets/index-C7AoTPzR.js:82
[  302760ms] [LOG] [WS] 🗺️ Broadcast recibido. Avatares: 1 [Hijo Test(2)] @ https://jimsimrodev.github.io/pequenos-sanos/assets/index-C7AoTPzR.js:82
[  302790ms] [LOG] [WS] 🗺️ Broadcast recibido. Avatares: 1 [Hijo Test(2)] @ https://jimsimrodev.github.io/pequenos-sanos/assets/index-C7AoTPzR.js:82
[  302824ms] [LOG] [WS] 🗺️ Broadcast recibido. Avatares: 1 [Hijo Test(2)] @ https://jimsimrodev.github.io/pequenos-sanos/assets/index-C7AoTPzR.js:82
[  302859ms] [LOG] [WS] 🗺️ Broadcast recibido. Avatares: 1 [Hijo Test(2)] @ https://jimsimrodev.github.io/pequenos-sanos/assets/index-C7AoTPzR.js:82
[  302879ms] [LOG] [WS] 🗺️ Broadcast recibido. Avatares: 1 [Hijo Test(2)] @ https://jimsimrodev.github.io/pequenos-sanos/assets/index-C7AoTPzR.js:82
[  302929ms] [LOG] [WS] 🗺️ Broadcast recibido. Avatares: 1 [Hijo Test(2)] @ https://jimsimrodev.github.io/pequenos-sanos/assets/index-C7AoTPzR.js:82
[  302946ms] [LOG] [WS] 🗺️ Broadcast recibido. Avatares: 1 [Hijo Test(2)] @ https://jimsimrodev.github.io/pequenos-sanos/assets/index-C7AoTPzR.js:82
[  302991ms] [LOG] [WS] 🗺️ Broadcast recibido. Avatares: 1 [Hijo Test(2)] @ https://jimsimrodev.github.io/pequenos-sanos/assets/index-C7AoTPzR.js:82
[  303030ms] [LOG] [WS] 🗺️ Broadcast recibido. Avatares: 1 [Hijo Test(2)] @ https://jimsimrodev.github.io/pequenos-sanos/assets/index-C7AoTPzR.js:82
[  303044ms] [LOG] [WS] 🗺️ Broadcast recibido. Avatares: 1 [Hijo Test(2)] @ https://jimsimrodev.github.io/pequenos-sanos/assets/index-C7AoTPzR.js:82
[  303081ms] [LOG] [WS] 🗺️ Broadcast recibido. Avatares: 1 [Hijo Test(2)] @ https://jimsimrodev.github.io/pequenos-sanos/assets/index-C7AoTPzR.js:82
[  303116ms] [LOG] [WS] 🗺️ Broadcast recibido. Avatares: 1 [Hijo Test(2)] @ https://jimsimrodev.github.io/pequenos-sanos/assets/index-C7AoTPzR.js:82
[  303144ms] [LOG] [WS] 🗺️ Broadcast recibido. Avatares: 1 [Hijo Test(2)] @ https://jimsimrodev.github.io/pequenos-sanos/assets/index-C7AoTPzR.js:82
[  303178ms] [LOG] [WS] 🗺️ Broadcast recibido. Avatares: 1 [Hijo Test(2)] @ https://jimsimrodev.github.io/pequenos-sanos/assets/index-C7AoTPzR.js:82
[  303226ms] [LOG] [WS] 🗺️ Broadcast recibido. Avatares: 1 [Hijo Test(2)] @ https://jimsimrodev.github.io/pequenos-sanos/assets/index-C7AoTPzR.js:82
[  303241ms] [LOG] [WS] 🗺️ Broadcast recibido. Avatares: 1 [Hijo Test(2)] @ https://jimsimrodev.github.io/pequenos-sanos/assets/index-C7AoTPzR.js:82
[  303279ms] [LOG] [WS] 🗺️ Broadcast recibido. Avatares: 1 [Hijo Test(2)] @ https://jimsimrodev.github.io/pequenos-sanos/assets/index-C7AoTPzR.js:82
[  303311ms] [LOG] [WS] 🗺️ Broadcast recibido. Avatares: 1 [Hijo Test(2)] @ https://jimsimrodev.github.io/pequenos-sanos/assets/index-C7AoTPzR.js:82
[  303341ms] [LOG] [WS] 🗺️ Broadcast recibido. Avatares: 1 [Hijo Test(2)] @ https://jimsimrodev.github.io/pequenos-sanos/assets/index-C7AoTPzR.js:82
[  303386ms] [LOG] [WS] 🗺️ Broadcast recibido. Avatares: 1 [Hijo Test(2)] @ https://jimsimrodev.github.io/pequenos-sanos/assets/index-C7AoTPzR.js:82
[  303407ms] [LOG] [WS] 🗺️ Broadcast recibido. Avatares: 1 [Hijo Test(2)] @ https://jimsimrodev.github.io/pequenos-sanos/assets/index-C7AoTPzR.js:82
[  303443ms] [LOG] [WS] 🗺️ Broadcast recibido. Avatares: 1 [Hijo Test(2)] @ https://jimsimrodev.github.io/pequenos-sanos/assets/index-C7AoTPzR.js:82
[  303477ms] [LOG] [WS] 🗺️ Broadcast recibido. Avatares: 1 [Hijo Test(2)] @ https://jimsimrodev.github.io/pequenos-sanos/assets/index-C7AoTPzR.js:82
[  303507ms] [LOG] [WS] 🗺️ Broadcast recibido. Avatares: 1 [Hijo Test(2)] @ https://jimsimrodev.github.io/pequenos-sanos/assets/index-C7AoTPzR.js:82
[  303541ms] [LOG] [WS] 🗺️ Broadcast recibido. Avatares: 1 [Hijo Test(2)] @ https://jimsimrodev.github.io/pequenos-sanos/assets/index-C7AoTPzR.js:82
[  303574ms] [LOG] [WS] 🗺️ Broadcast recibido. Avatares: 1 [Hijo Test(2)] @ https://jimsimrodev.github.io/pequenos-sanos/assets/index-C7AoTPzR.js:82
[  303607ms] [LOG] [WS] 🗺️ Broadcast recibido. Avatares: 1 [Hijo Test(2)] @ https://jimsimrodev.github.io/pequenos-sanos/assets/index-C7AoTPzR.js:82
[  303641ms] [LOG] [WS] 🗺️ Broadcast recibido. Avatares: 1 [Hijo Test(2)] @ https://jimsimrodev.github.io/pequenos-sanos/assets/index-C7AoTPzR.js:82
[  303671ms] [LOG] [WS] 🗺️ Broadcast recibido. Avatares: 1 [Hijo Test(2)] @ https://jimsimrodev.github.io/pequenos-sanos/assets/index-C7AoTPzR.js:82
[  303704ms] [LOG] [WS] 🗺️ Broadcast recibido. Avatares: 1 [Hijo Test(2)] @ https://jimsimrodev.github.io/pequenos-sanos/assets/index-C7AoTPzR.js:82
[  303740ms] [LOG] [WS] 🗺️ Broadcast recibido. Avatares: 1 [Hijo Test(2)] @ https://jimsimrodev.github.io/pequenos-sanos/assets/index-C7AoTPzR.js:82
[  303772ms] [LOG] [WS] 🗺️ Broadcast recibido. Avatares: 1 [Hijo Test(2)] @ https://jimsimrodev.github.io/pequenos-sanos/assets/index-C7AoTPzR.js:82
[  303807ms] [LOG] [WS] 🗺️ Broadcast recibido. Avatares: 1 [Hijo Test(2)] @ https://jimsimrodev.github.io/pequenos-sanos/assets/index-C7AoTPzR.js:82
[  303838ms] [LOG] [WS] 🗺️ Broadcast recibido. Avatares: 1 [Hijo Test(2)] @ https://jimsimrodev.github.io/pequenos-sanos/assets/index-C7AoTPzR.js:82
[  303876ms] [LOG] [WS] 🗺️ Broadcast recibido. Avatares: 1 [Hijo Test(2)] @ https://jimsimrodev.github.io/pequenos-sanos/assets/index-C7AoTPzR.js:82
[  303907ms] [LOG] [WS] 🗺️ Broadcast recibido. Avatares: 1 [Hijo Test(2)] @ https://jimsimrodev.github.io/pequenos-sanos/assets/index-C7AoTPzR.js:82
[  303938ms] [LOG] [WS] 🗺️ Broadcast recibido. Avatares: 1 [Hijo Test(2)] @ https://jimsimrodev.github.io/pequenos-sanos/assets/index-C7AoTPzR.js:82
[  303970ms] [LOG] [WS] 🗺️ Broadcast recibido. Avatares: 1 [Hijo Test(2)] @ https://jimsimrodev.github.io/pequenos-sanos/assets/index-C7AoTPzR.js:82
[  304004ms] [LOG] [WS] 🗺️ Broadcast recibido. Avatares: 1 [Hijo Test(2)] @ https://jimsimrodev.github.io/pequenos-sanos/assets/index-C7AoTPzR.js:82
[  304046ms] [LOG] [WS] 🗺️ Broadcast recibido. Avatares: 1 [Hijo Test(2)] @ https://jimsimrodev.github.io/pequenos-sanos/assets/index-C7AoTPzR.js:82
[  304075ms] [LOG] [WS] 🗺️ Broadcast recibido. Avatares: 1 [Hijo Test(2)] @ https://jimsimrodev.github.io/pequenos-sanos/assets/index-C7AoTPzR.js:82
[  304105ms] [LOG] [WS] 🗺️ Broadcast recibido. Avatares: 1 [Hijo Test(2)] @ https://jimsimrodev.github.io/pequenos-sanos/assets/index-C7AoTPzR.js:82
[  304140ms] [LOG] [WS] 🗺️ Broadcast recibido. Avatares: 1 [Hijo Test(2)] @ https://jimsimrodev.github.io/pequenos-sanos/assets/index-C7AoTPzR.js:82
[  304173ms] [LOG] [WS] 🗺️ Broadcast recibido. Avatares: 1 [Hijo Test(2)] @ https://jimsimrodev.github.io/pequenos-sanos/assets/index-C7AoTPzR.js:82
[  304205ms] [LOG] [WS] 🗺️ Broadcast recibido. Avatares: 1 [Hijo Test(2)] @ https://jimsimrodev.github.io/pequenos-sanos/assets/index-C7AoTPzR.js:82
[  304236ms] [LOG] [WS] 🗺️ Broadcast recibido. Avatares: 1 [Hijo Test(2)] @ https://jimsimrodev.github.io/pequenos-sanos/assets/index-C7AoTPzR.js:82
[  304272ms] [LOG] [WS] 🗺️ Broadcast recibido. Avatares: 1 [Hijo Test(2)] @ https://jimsimrodev.github.io/pequenos-sanos/assets/index-C7AoTPzR.js:82
[  304306ms] [LOG] [WS] 🗺️ Broadcast recibido. Avatares: 1 [Hijo Test(2)] @ https://jimsimrodev.github.io/pequenos-sanos/assets/index-C7AoTPzR.js:82
[  304338ms] [LOG] [WS] 🗺️ Broadcast recibido. Avatares: 1 [Hijo Test(2)] @ https://jimsimrodev.github.io/pequenos-sanos/assets/index-C7AoTPzR.js:82
[  304372ms] [LOG] [WS] 🗺️ Broadcast recibido. Avatares: 1 [Hijo Test(2)] @ https://jimsimrodev.github.io/pequenos-sanos/assets/index-C7AoTPzR.js:82
[  304404ms] [LOG] [WS] 🗺️ Broadcast recibido. Avatares: 1 [Hijo Test(2)] @ https://jimsimrodev.github.io/pequenos-sanos/assets/index-C7AoTPzR.js:82
[  304439ms] [LOG] [WS] 🗺️ Broadcast recibido. Avatares: 1 [Hijo Test(2)] @ https://jimsimrodev.github.io/pequenos-sanos/assets/index-C7AoTPzR.js:82
[  304473ms] [LOG] [WS] 🗺️ Broadcast recibido. Avatares: 1 [Hijo Test(2)] @ https://jimsimrodev.github.io/pequenos-sanos/assets/index-C7AoTPzR.js:82
[  304506ms] [LOG] [WS] 🗺️ Broadcast recibido. Avatares: 1 [Hijo Test(2)] @ https://jimsimrodev.github.io/pequenos-sanos/assets/index-C7AoTPzR.js:82
[  304536ms] [LOG] [WS] 🗺️ Broadcast recibido. Avatares: 1 [Hijo Test(2)] @ https://jimsimrodev.github.io/pequenos-sanos/assets/index-C7AoTPzR.js:82
[  304573ms] [LOG] [WS] 🗺️ Broadcast recibido. Avatares: 1 [Hijo Test(2)] @ https://jimsimrodev.github.io/pequenos-sanos/assets/index-C7AoTPzR.js:82
[  304608ms] [LOG] [WS] 🗺️ Broadcast recibido. Avatares: 1 [Hijo Test(2)] @ https://jimsimrodev.github.io/pequenos-sanos/assets/index-C7AoTPzR.js:82
[  304640ms] [LOG] [WS] 🗺️ Broadcast recibido. Avatares: 1 [Hijo Test(2)] @ https://jimsimrodev.github.io/pequenos-sanos/assets/index-C7AoTPzR.js:82
[  304674ms] [LOG] [WS] 🗺️ Broadcast recibido. Avatares: 1 [Hijo Test(2)] @ https://jimsimrodev.github.io/pequenos-sanos/assets/index-C7AoTPzR.js:82
[  304707ms] [LOG] [WS] 🗺️ Broadcast recibido. Avatares: 1 [Hijo Test(2)] @ https://jimsimrodev.github.io/pequenos-sanos/assets/index-C7AoTPzR.js:82
[  304725ms] [LOG] [WS] 🗺️ Broadcast recibido. Avatares: 1 [Hijo Test(2)] @ https://jimsimrodev.github.io/pequenos-sanos/assets/index-C7AoTPzR.js:82
[  304762ms] [LOG] [WS] 🗺️ Broadcast recibido. Avatares: 1 [Hijo Test(2)] @ https://jimsimrodev.github.io/pequenos-sanos/assets/index-C7AoTPzR.js:82
[  304800ms] [LOG] [WS] 🗺️ Broadcast recibido. Avatares: 1 [Hijo Test(2)] @ https://jimsimrodev.github.io/pequenos-sanos/assets/index-C7AoTPzR.js:82
[  304837ms] [LOG] [WS] 🗺️ Broadcast recibido. Avatares: 1 [Hijo Test(2)] @ https://jimsimrodev.github.io/pequenos-sanos/assets/index-C7AoTPzR.js:82
[  304874ms] [LOG] [WS] 🗺️ Broadcast recibido. Avatares: 1 [Hijo Test(2)] @ https://jimsimrodev.github.io/pequenos-sanos/assets/index-C7AoTPzR.js:82
[  304909ms] [LOG] [WS] 🗺️ Broadcast recibido. Avatares: 1 [Hijo Test(2)] @ https://jimsimrodev.github.io/pequenos-sanos/assets/index-C7AoTPzR.js:82
[  304932ms] [LOG] [WS] 🗺️ Broadcast recibido. Avatares: 1 [Hijo Test(2)] @ https://jimsimrodev.github.io/pequenos-sanos/assets/index-C7AoTPzR.js:82
[  304959ms] [LOG] [WS] 🗺️ Broadcast recibido. Avatares: 1 [Hijo Test(2)] @ https://jimsimrodev.github.io/pequenos-sanos/assets/index-C7AoTPzR.js:82
[  304991ms] [LOG] [WS] 🗺️ Broadcast recibido. Avatares: 1 [Hijo Test(2)] @ https://jimsimrodev.github.io/pequenos-sanos/assets/index-C7AoTPzR.js:82
[  305026ms] [LOG] [WS] 🗺️ Broadcast recibido. Avatares: 1 [Hijo Test(2)] @ https://jimsimrodev.github.io/pequenos-sanos/assets/index-C7AoTPzR.js:82
[  305058ms] [LOG] [WS] 🗺️ Broadcast recibido. Avatares: 1 [Hijo Test(2)] @ https://jimsimrodev.github.io/pequenos-sanos/assets/index-C7AoTPzR.js:82
[  305111ms] [LOG] [WS] 🗺️ Broadcast recibido. Avatares: 1 [Hijo Test(2)] @ https://jimsimrodev.github.io/pequenos-sanos/assets/index-C7AoTPzR.js:82
[  305123ms] [LOG] [WS] 🗺️ Broadcast recibido. Avatares: 1 [Hijo Test(2)] @ https://jimsimrodev.github.io/pequenos-sanos/assets/index-C7AoTPzR.js:82
[  305160ms] [LOG] [WS] 🗺️ Broadcast recibido. Avatares: 1 [Hijo Test(2)] @ https://jimsimrodev.github.io/pequenos-sanos/assets/index-C7AoTPzR.js:82
[  305192ms] [LOG] [WS] 🗺️ Broadcast recibido. Avatares: 1 [Hijo Test(2)] @ https://jimsimrodev.github.io/pequenos-sanos/assets/index-C7AoTPzR.js:82
[  305223ms] [LOG] [WS] 🗺️ Broadcast recibido. Avatares: 1 [Hijo Test(2)] @ https://jimsimrodev.github.io/pequenos-sanos/assets/index-C7AoTPzR.js:82
[  305256ms] [LOG] [WS] 🗺️ Broadcast recibido. Avatares: 1 [Hijo Test(2)] @ https://jimsimrodev.github.io/pequenos-sanos/assets/index-C7AoTPzR.js:82
[  305290ms] [LOG] [WS] 🗺️ Broadcast recibido. Avatares: 1 [Hijo Test(2)] @ https://jimsimrodev.github.io/pequenos-sanos/assets/index-C7AoTPzR.js:82
[  305322ms] [LOG] [WS] 🗺️ Broadcast recibido. Avatares: 1 [Hijo Test(2)] @ https://jimsimrodev.github.io/pequenos-sanos/assets/index-C7AoTPzR.js:82
[  305361ms] [LOG] [WS] 🗺️ Broadcast recibido. Avatares: 1 [Hijo Test(2)] @ https://jimsimrodev.github.io/pequenos-sanos/assets/index-C7AoTPzR.js:82
[  305392ms] [LOG] [WS] 🗺️ Broadcast recibido. Avatares: 1 [Hijo Test(2)] @ https://jimsimrodev.github.io/pequenos-sanos/assets/index-C7AoTPzR.js:82
[  305422ms] [LOG] [WS] 🗺️ Broadcast recibido. Avatares: 1 [Hijo Test(2)] @ https://jimsimrodev.github.io/pequenos-sanos/assets/index-C7AoTPzR.js:82
[  305454ms] [LOG] [WS] 🗺️ Broadcast recibido. Avatares: 1 [Hijo Test(2)] @ https://jimsimrodev.github.io/pequenos-sanos/assets/index-C7AoTPzR.js:82
[  305488ms] [LOG] [WS] 🗺️ Broadcast recibido. Avatares: 1 [Hijo Test(2)] @ https://jimsimrodev.github.io/pequenos-sanos/assets/index-C7AoTPzR.js:82
[  305523ms] [LOG] [WS] 🗺️ Broadcast recibido. Avatares: 1 [Hijo Test(2)] @ https://jimsimrodev.github.io/pequenos-sanos/assets/index-C7AoTPzR.js:82
[  305562ms] [LOG] [WS] 🗺️ Broadcast recibido. Avatares: 1 [Hijo Test(2)] @ https://jimsimrodev.github.io/pequenos-sanos/assets/index-C7AoTPzR.js:82
[  305596ms] [LOG] [WS] 🗺️ Broadcast recibido. Avatares: 1 [Hijo Test(2)] @ https://jimsimrodev.github.io/pequenos-sanos/assets/index-C7AoTPzR.js:82
[  305629ms] [LOG] [WS] 🗺️ Broadcast recibido. Avatares: 1 [Hijo Test(2)] @ https://jimsimrodev.github.io/pequenos-sanos/assets/index-C7AoTPzR.js:82
[  305659ms] [LOG] [WS] 🗺️ Broadcast recibido. Avatares: 1 [Hijo Test(2)] @ https://jimsimrodev.github.io/pequenos-sanos/assets/index-C7AoTPzR.js:82
[  305692ms] [LOG] [WS] 🗺️ Broadcast recibido. Avatares: 1 [Hijo Test(2)] @ https://jimsimrodev.github.io/pequenos-sanos/assets/index-C7AoTPzR.js:82
[  305723ms] [LOG] [WS] 🗺️ Broadcast recibido. Avatares: 1 [Hijo Test(2)] @ https://jimsimrodev.github.io/pequenos-sanos/assets/index-C7AoTPzR.js:82
[  305760ms] [LOG] [WS] 🗺️ Broadcast recibido. Avatares: 1 [Hijo Test(2)] @ https://jimsimrodev.github.io/pequenos-sanos/assets/index-C7AoTPzR.js:82
[  305803ms] [LOG] [WS] 🗺️ Broadcast recibido. Avatares: 1 [Hijo Test(2)] @ https://jimsimrodev.github.io/pequenos-sanos/assets/index-C7AoTPzR.js:82
[  305824ms] [LOG] [WS] 🗺️ Broadcast recibido. Avatares: 1 [Hijo Test(2)] @ https://jimsimrodev.github.io/pequenos-sanos/assets/index-C7AoTPzR.js:82
[  305865ms] [LOG] [WS] 🗺️ Broadcast recibido. Avatares: 1 [Hijo Test(2)] @ https://jimsimrodev.github.io/pequenos-sanos/assets/index-C7AoTPzR.js:82
[  305890ms] [LOG] [WS] 🗺️ Broadcast recibido. Avatares: 1 [Hijo Test(2)] @ https://jimsimrodev.github.io/pequenos-sanos/assets/index-C7AoTPzR.js:82
[  305930ms] [LOG] [WS] 🗺️ Broadcast recibido. Avatares: 1 [Hijo Test(2)] @ https://jimsimrodev.github.io/pequenos-sanos/assets/index-C7AoTPzR.js:82
[  305953ms] [LOG] [WS] 🗺️ Broadcast recibido. Avatares: 1 [Hijo Test(2)] @ https://jimsimrodev.github.io/pequenos-sanos/assets/index-C7AoTPzR.js:82
[  305998ms] [LOG] [WS] 🗺️ Broadcast recibido. Avatares: 1 [Hijo Test(2)] @ https://jimsimrodev.github.io/pequenos-sanos/assets/index-C7AoTPzR.js:82
[  306015ms] [LOG] [WS] 🗺️ Broadcast recibido. Avatares: 1 [Hijo Test(2)] @ https://jimsimrodev.github.io/pequenos-sanos/assets/index-C7AoTPzR.js:82
[  306056ms] [LOG] [WS] 🗺️ Broadcast recibido. Avatares: 1 [Hijo Test(2)] @ https://jimsimrodev.github.io/pequenos-sanos/assets/index-C7AoTPzR.js:82
[  306094ms] [LOG] [WS] 🗺️ Broadcast recibido. Avatares: 1 [Hijo Test(2)] @ https://jimsimrodev.github.io/pequenos-sanos/assets/index-C7AoTPzR.js:82
[  306127ms] [LOG] [WS] 🗺️ Broadcast recibido. Avatares: 1 [Hijo Test(2)] @ https://jimsimrodev.github.io/pequenos-sanos/assets/index-C7AoTPzR.js:82
[  306158ms] [LOG] [WS] 🗺️ Broadcast recibido. Avatares: 1 [Hijo Test(2)] @ https://jimsimrodev.github.io/pequenos-sanos/assets/index-C7AoTPzR.js:82
[  306187ms] [LOG] [WS] 🗺️ Broadcast recibido. Avatares: 1 [Hijo Test(2)] @ https://jimsimrodev.github.io/pequenos-sanos/assets/index-C7AoTPzR.js:82
[  306221ms] [LOG] [WS] 🗺️ Broadcast recibido. Avatares: 1 [Hijo Test(2)] @ https://jimsimrodev.github.io/pequenos-sanos/assets/index-C7AoTPzR.js:82
[  306260ms] [LOG] [WS] 🗺️ Broadcast recibido. Avatares: 1 [Hijo Test(2)] @ https://jimsimrodev.github.io/pequenos-sanos/assets/index-C7AoTPzR.js:82
[  306289ms] [LOG] [WS] 🗺️ Broadcast recibido. Avatares: 1 [Hijo Test(2)] @ https://jimsimrodev.github.io/pequenos-sanos/assets/index-C7AoTPzR.js:82
[  306323ms] [LOG] [WS] 🗺️ Broadcast recibido. Avatares: 1 [Hijo Test(2)] @ https://jimsimrodev.github.io/pequenos-sanos/assets/index-C7AoTPzR.js:82
[  306359ms] [LOG] [WS] 🗺️ Broadcast recibido. Avatares: 1 [Hijo Test(2)] @ https://jimsimrodev.github.io/pequenos-sanos/assets/index-C7AoTPzR.js:82
[  306389ms] [LOG] [WS] 🗺️ Broadcast recibido. Avatares: 1 [Hijo Test(2)] @ https://jimsimrodev.github.io/pequenos-sanos/assets/index-C7AoTPzR.js:82
[  306428ms] [LOG] [WS] 🗺️ Broadcast recibido. Avatares: 1 [Hijo Test(2)] @ https://jimsimrodev.github.io/pequenos-sanos/assets/index-C7AoTPzR.js:82
[  306458ms] [LOG] [WS] 🗺️ Broadcast recibido. Avatares: 1 [Hijo Test(2)] @ https://jimsimrodev.github.io/pequenos-sanos/assets/index-C7AoTPzR.js:82
[  306475ms] [LOG] [WS] 🗺️ Broadcast recibido. Avatares: 1 [Hijo Test(2)] @ https://jimsimrodev.github.io/pequenos-sanos/assets/index-C7AoTPzR.js:82
[  306508ms] [LOG] [WS] 🗺️ Broadcast recibido. Avatares: 1 [Hijo Test(2)] @ https://jimsimrodev.github.io/pequenos-sanos/assets/index-C7AoTPzR.js:82
[  306559ms] [LOG] [WS] 🗺️ Broadcast recibido. Avatares: 1 [Hijo Test(2)] @ https://jimsimrodev.github.io/pequenos-sanos/assets/index-C7AoTPzR.js:82
[  306578ms] [LOG] [WS] 🗺️ Broadcast recibido. Avatares: 1 [Hijo Test(2)] @ https://jimsimrodev.github.io/pequenos-sanos/assets/index-C7AoTPzR.js:82
[  306613ms] [LOG] [WS] 🗺️ Broadcast recibido. Avatares: 1 [Hijo Test(2)] @ https://jimsimrodev.github.io/pequenos-sanos/assets/index-C7AoTPzR.js:82
[  306654ms] [LOG] [WS] 🗺️ Broadcast recibido. Avatares: 1 [Hijo Test(2)] @ https://jimsimrodev.github.io/pequenos-sanos/assets/index-C7AoTPzR.js:82
[  306675ms] [LOG] [WS] 🗺️ Broadcast recibido. Avatares: 1 [Hijo Test(2)] @ https://jimsimrodev.github.io/pequenos-sanos/assets/index-C7AoTPzR.js:82
[  306709ms] [LOG] [WS] 🗺️ Broadcast recibido. Avatares: 1 [Hijo Test(2)] @ https://jimsimrodev.github.io/pequenos-sanos/assets/index-C7AoTPzR.js:82
[  306740ms] [LOG] [WS] 🗺️ Broadcast recibido. Avatares: 1 [Hijo Test(2)] @ https://jimsimrodev.github.io/pequenos-sanos/assets/index-C7AoTPzR.js:82
[  306774ms] [LOG] [WS] 🗺️ Broadcast recibido. Avatares: 1 [Hijo Test(2)] @ https://jimsimrodev.github.io/pequenos-sanos/assets/index-C7AoTPzR.js:82
[  306822ms] [LOG] [WS] 🗺️ Broadcast recibido. Avatares: 1 [Hijo Test(2)] @ https://jimsimrodev.github.io/pequenos-sanos/assets/index-C7AoTPzR.js:82
[  306841ms] [LOG] [WS] 🗺️ Broadcast recibido. Avatares: 1 [Hijo Test(2)] @ https://jimsimrodev.github.io/pequenos-sanos/assets/index-C7AoTPzR.js:82
[  306875ms] [LOG] [WS] 🗺️ Broadcast recibido. Avatares: 1 [Hijo Test(2)] @ https://jimsimrodev.github.io/pequenos-sanos/assets/index-C7AoTPzR.js:82
[  306907ms] [LOG] [WS] 🗺️ Broadcast recibido. Avatares: 1 [Hijo Test(2)] @ https://jimsimrodev.github.io/pequenos-sanos/assets/index-C7AoTPzR.js:82
[  306943ms] [LOG] [WS] 🗺️ Broadcast recibido. Avatares: 1 [Hijo Test(2)] @ https://jimsimrodev.github.io/pequenos-sanos/assets/index-C7AoTPzR.js:82
[  306974ms] [LOG] [WS] 🗺️ Broadcast recibido. Avatares: 1 [Hijo Test(2)] @ https://jimsimrodev.github.io/pequenos-sanos/assets/index-C7AoTPzR.js:82
[  307004ms] [LOG] [WS] 🗺️ Broadcast recibido. Avatares: 1 [Hijo Test(2)] @ https://jimsimrodev.github.io/pequenos-sanos/assets/index-C7AoTPzR.js:82
[  307040ms] [LOG] [WS] 🗺️ Broadcast recibido. Avatares: 1 [Hijo Test(2)] @ https://jimsimrodev.github.io/pequenos-sanos/assets/index-C7AoTPzR.js:82
[  307073ms] [LOG] [WS] 🗺️ Broadcast recibido. Avatares: 1 [Hijo Test(2)] @ https://jimsimrodev.github.io/pequenos-sanos/assets/index-C7AoTPzR.js:82
[  307104ms] [LOG] [WS] 🗺️ Broadcast recibido. Avatares: 1 [Hijo Test(2)] @ https://jimsimrodev.github.io/pequenos-sanos/assets/index-C7AoTPzR.js:82
[  307140ms] [LOG] [WS] 🗺️ Broadcast recibido. Avatares: 1 [Hijo Test(2)] @ https://jimsimrodev.github.io/pequenos-sanos/assets/index-C7AoTPzR.js:82
[  307173ms] [LOG] [WS] 🗺️ Broadcast recibido. Avatares: 1 [Hijo Test(2)] @ https://jimsimrodev.github.io/pequenos-sanos/assets/index-C7AoTPzR.js:82
[  307205ms] [LOG] [WS] 🗺️ Broadcast recibido. Avatares: 1 [Hijo Test(2)] @ https://jimsimrodev.github.io/pequenos-sanos/assets/index-C7AoTPzR.js:82
[  307237ms] [LOG] [WS] 🗺️ Broadcast recibido. Avatares: 1 [Hijo Test(2)] @ https://jimsimrodev.github.io/pequenos-sanos/assets/index-C7AoTPzR.js:82
[  307276ms] [LOG] [WS] 🗺️ Broadcast recibido. Avatares: 1 [Hijo Test(2)] @ https://jimsimrodev.github.io/pequenos-sanos/assets/index-C7AoTPzR.js:82
[  307325ms] [LOG] [WS] 🗺️ Broadcast recibido. Avatares: 1 [Hijo Test(2)] @ https://jimsimrodev.github.io/pequenos-sanos/assets/index-C7AoTPzR.js:82
[  307337ms] [LOG] [WS] 🗺️ Broadcast recibido. Avatares: 1 [Hijo Test(2)] @ https://jimsimrodev.github.io/pequenos-sanos/assets/index-C7AoTPzR.js:82
[  307375ms] [LOG] [WS] 🗺️ Broadcast recibido. Avatares: 1 [Hijo Test(2)] @ https://jimsimrodev.github.io/pequenos-sanos/assets/index-C7AoTPzR.js:82
[  307407ms] [LOG] [WS] 🗺️ Broadcast recibido. Avatares: 1 [Hijo Test(2)] @ https://jimsimrodev.github.io/pequenos-sanos/assets/index-C7AoTPzR.js:82
[  307527ms] [LOG] [WS] 🗺️ Broadcast recibido. Avatares: 1 [Hijo Test(2)] @ https://jimsimrodev.github.io/pequenos-sanos/assets/index-C7AoTPzR.js:82
[  307543ms] [LOG] [WS] 🗺️ Broadcast recibido. Avatares: 1 [Hijo Test(2)] @ https://jimsimrodev.github.io/pequenos-sanos/assets/index-C7AoTPzR.js:82
[  307543ms] [LOG] [WS] 🗺️ Broadcast recibido. Avatares: 1 [Hijo Test(2)] @ https://jimsimrodev.github.io/pequenos-sanos/assets/index-C7AoTPzR.js:82
[  307555ms] [LOG] [WS] 🗺️ Broadcast recibido. Avatares: 1 [Hijo Test(2)] @ https://jimsimrodev.github.io/pequenos-sanos/assets/index-C7AoTPzR.js:82
[  307573ms] [LOG] [WS] 🗺️ Broadcast recibido. Avatares: 1 [Hijo Test(2)] @ https://jimsimrodev.github.io/pequenos-sanos/assets/index-C7AoTPzR.js:82
[  307606ms] [LOG] [WS] 🗺️ Broadcast recibido. Avatares: 1 [Hijo Test(2)] @ https://jimsimrodev.github.io/pequenos-sanos/assets/index-C7AoTPzR.js:82
[  307639ms] [LOG] [WS] 🗺️ Broadcast recibido. Avatares: 1 [Hijo Test(2)] @ https://jimsimrodev.github.io/pequenos-sanos/assets/index-C7AoTPzR.js:82
[  307671ms] [LOG] [WS] 🗺️ Broadcast recibido. Avatares: 1 [Hijo Test(2)] @ https://jimsimrodev.github.io/pequenos-sanos/assets/index-C7AoTPzR.js:82
[  307704ms] [LOG] [WS] 🗺️ Broadcast recibido. Avatares: 1 [Hijo Test(2)] @ https://jimsimrodev.github.io/pequenos-sanos/assets/index-C7AoTPzR.js:82
[  307736ms] [LOG] [WS] 🗺️ Broadcast recibido. Avatares: 1 [Hijo Test(2)] @ https://jimsimrodev.github.io/pequenos-sanos/assets/index-C7AoTPzR.js:82
[  307774ms] [LOG] [WS] 🗺️ Broadcast recibido. Avatares: 1 [Hijo Test(2)] @ https://jimsimrodev.github.io/pequenos-sanos/assets/index-C7AoTPzR.js:82
[  307808ms] [LOG] [WS] 🗺️ Broadcast recibido. Avatares: 1 [Hijo Test(2)] @ https://jimsimrodev.github.io/pequenos-sanos/assets/index-C7AoTPzR.js:82
[  307835ms] [LOG] [WS] 🗺️ Broadcast recibido. Avatares: 1 [Hijo Test(2)] @ https://jimsimrodev.github.io/pequenos-sanos/assets/index-C7AoTPzR.js:82
[  307870ms] [LOG] [WS] 🗺️ Broadcast recibido. Avatares: 1 [Hijo Test(2)] @ https://jimsimrodev.github.io/pequenos-sanos/assets/index-C7AoTPzR.js:82
[  307906ms] [LOG] [WS] 🗺️ Broadcast recibido. Avatares: 1 [Hijo Test(2)] @ https://jimsimrodev.github.io/pequenos-sanos/assets/index-C7AoTPzR.js:82
[  307942ms] [LOG] [WS] 🗺️ Broadcast recibido. Avatares: 1 [Hijo Test(2)] @ https://jimsimrodev.github.io/pequenos-sanos/assets/index-C7AoTPzR.js:82
[  307973ms] [LOG] [WS] 🗺️ Broadcast recibido. Avatares: 1 [Hijo Test(2)] @ https://jimsimrodev.github.io/pequenos-sanos/assets/index-C7AoTPzR.js:82
[  308010ms] [LOG] [WS] 🗺️ Broadcast recibido. Avatares: 1 [Hijo Test(2)] @ https://jimsimrodev.github.io/pequenos-sanos/assets/index-C7AoTPzR.js:82
[  308040ms] [LOG] [WS] 🗺️ Broadcast recibido. Avatares: 1 [Hijo Test(2)] @ https://jimsimrodev.github.io/pequenos-sanos/assets/index-C7AoTPzR.js:82
[  308074ms] [LOG] [WS] 🗺️ Broadcast recibido. Avatares: 1 [Hijo Test(2)] @ https://jimsimrodev.github.io/pequenos-sanos/assets/index-C7AoTPzR.js:82
[  308107ms] [LOG] [WS] 🗺️ Broadcast recibido. Avatares: 1 [Hijo Test(2)] @ https://jimsimrodev.github.io/pequenos-sanos/assets/index-C7AoTPzR.js:82
[  308126ms] [LOG] [WS] 🗺️ Broadcast recibido. Avatares: 1 [Hijo Test(2)] @ https://jimsimrodev.github.io/pequenos-sanos/assets/index-C7AoTPzR.js:82
[  308158ms] [LOG] [WS] 🗺️ Broadcast recibido. Avatares: 1 [Hijo Test(2)] @ https://jimsimrodev.github.io/pequenos-sanos/assets/index-C7AoTPzR.js:82
[  308191ms] [LOG] [WS] 🗺️ Broadcast recibido. Avatares: 1 [Hijo Test(2)] @ https://jimsimrodev.github.io/pequenos-sanos/assets/index-C7AoTPzR.js:82
[  308242ms] [LOG] [WS] 🗺️ Broadcast recibido. Avatares: 1 [Hijo Test(2)] @ https://jimsimrodev.github.io/pequenos-sanos/assets/index-C7AoTPzR.js:82
[  308273ms] [LOG] [WS] 🗺️ Broadcast recibido. Avatares: 1 [Hijo Test(2)] @ https://jimsimrodev.github.io/pequenos-sanos/assets/index-C7AoTPzR.js:82
[  308309ms] [LOG] [WS] 🗺️ Broadcast recibido. Avatares: 1 [Hijo Test(2)] @ https://jimsimrodev.github.io/pequenos-sanos/assets/index-C7AoTPzR.js:82
[  308326ms] [LOG] [WS] 🗺️ Broadcast recibido. Avatares: 1 [Hijo Test(2)] @ https://jimsimrodev.github.io/pequenos-sanos/assets/index-C7AoTPzR.js:82
[  308361ms] [LOG] [WS] 🗺️ Broadcast recibido. Avatares: 1 [Hijo Test(2)] @ https://jimsimrodev.github.io/pequenos-sanos/assets/index-C7AoTPzR.js:82
[  308395ms] [LOG] [WS] 🗺️ Broadcast recibido. Avatares: 1 [Hijo Test(2)] @ https://jimsimrodev.github.io/pequenos-sanos/assets/index-C7AoTPzR.js:82
[  308432ms] [LOG] [WS] 🗺️ Broadcast recibido. Avatares: 1 [Hijo Test(2)] @ https://jimsimrodev.github.io/pequenos-sanos/assets/index-C7AoTPzR.js:82
[  308462ms] [LOG] [WS] 🗺️ Broadcast recibido. Avatares: 1 [Hijo Test(2)] @ https://jimsimrodev.github.io/pequenos-sanos/assets/index-C7AoTPzR.js:82
[  308495ms] [LOG] [WS] 🗺️ Broadcast recibido. Avatares: 1 [Hijo Test(2)] @ https://jimsimrodev.github.io/pequenos-sanos/assets/index-C7AoTPzR.js:82
[  308526ms] [LOG] [WS] 🗺️ Broadcast recibido. Avatares: 1 [Hijo Test(2)] @ https://jimsimrodev.github.io/pequenos-sanos/assets/index-C7AoTPzR.js:82
[  308561ms] [LOG] [WS] 🗺️ Broadcast recibido. Avatares: 1 [Hijo Test(2)] @ https://jimsimrodev.github.io/pequenos-sanos/assets/index-C7AoTPzR.js:82
[  308593ms] [LOG] [WS] 🗺️ Broadcast recibido. Avatares: 1 [Hijo Test(2)] @ https://jimsimrodev.github.io/pequenos-sanos/assets/index-C7AoTPzR.js:82
[  308626ms] [LOG] [WS] 🗺️ Broadcast recibido. Avatares: 1 [Hijo Test(2)] @ https://jimsimrodev.github.io/pequenos-sanos/assets/index-C7AoTPzR.js:82
[  308663ms] [LOG] [WS] 🗺️ Broadcast recibido. Avatares: 1 [Hijo Test(2)] @ https://jimsimrodev.github.io/pequenos-sanos/assets/index-C7AoTPzR.js:82
[  308694ms] [LOG] [WS] 🗺️ Broadcast recibido. Avatares: 1 [Hijo Test(2)] @ https://jimsimrodev.github.io/pequenos-sanos/assets/index-C7AoTPzR.js:82
[  308725ms] [LOG] [WS] 🗺️ Broadcast recibido. Avatares: 1 [Hijo Test(2)] @ https://jimsimrodev.github.io/pequenos-sanos/assets/index-C7AoTPzR.js:82
[  308755ms] [LOG] [WS] 🗺️ Broadcast recibido. Avatares: 1 [Hijo Test(2)] @ https://jimsimrodev.github.io/pequenos-sanos/assets/index-C7AoTPzR.js:82
[  308791ms] [LOG] [WS] 🗺️ Broadcast recibido. Avatares: 1 [Hijo Test(2)] @ https://jimsimrodev.github.io/pequenos-sanos/assets/index-C7AoTPzR.js:82
[  308831ms] [LOG] [WS] 🗺️ Broadcast recibido. Avatares: 1 [Hijo Test(2)] @ https://jimsimrodev.github.io/pequenos-sanos/assets/index-C7AoTPzR.js:82
[  308856ms] [LOG] [WS] 🗺️ Broadcast recibido. Avatares: 1 [Hijo Test(2)] @ https://jimsimrodev.github.io/pequenos-sanos/assets/index-C7AoTPzR.js:82
[  308894ms] [LOG] [WS] 🗺️ Broadcast recibido. Avatares: 1 [Hijo Test(2)] @ https://jimsimrodev.github.io/pequenos-sanos/assets/index-C7AoTPzR.js:82
[  308926ms] [LOG] [WS] 🗺️ Broadcast recibido. Avatares: 1 [Hijo Test(2)] @ https://jimsimrodev.github.io/pequenos-sanos/assets/index-C7AoTPzR.js:82
[  308949ms] [LOG] [WS] 🗺️ Broadcast recibido. Avatares: 1 [Hijo Test(2)] @ https://jimsimrodev.github.io/pequenos-sanos/assets/index-C7AoTPzR.js:82
[  308985ms] [LOG] [WS] 🗺️ Broadcast recibido. Avatares: 1 [Hijo Test(2)] @ https://jimsimrodev.github.io/pequenos-sanos/assets/index-C7AoTPzR.js:82
[  309024ms] [LOG] [WS] 🗺️ Broadcast recibido. Avatares: 1 [Hijo Test(2)] @ https://jimsimrodev.github.io/pequenos-sanos/assets/index-C7AoTPzR.js:82
[  309051ms] [LOG] [WS] 🗺️ Broadcast recibido. Avatares: 1 [Hijo Test(2)] @ https://jimsimrodev.github.io/pequenos-sanos/assets/index-C7AoTPzR.js:82
[  309083ms] [LOG] [WS] 🗺️ Broadcast recibido. Avatares: 1 [Hijo Test(2)] @ https://jimsimrodev.github.io/pequenos-sanos/assets/index-C7AoTPzR.js:82
[  309118ms] [LOG] [WS] 🗺️ Broadcast recibido. Avatares: 1 [Hijo Test(2)] @ https://jimsimrodev.github.io/pequenos-sanos/assets/index-C7AoTPzR.js:82
[  309151ms] [LOG] [WS] 🗺️ Broadcast recibido. Avatares: 1 [Hijo Test(2)] @ https://jimsimrodev.github.io/pequenos-sanos/assets/index-C7AoTPzR.js:82
[  309185ms] [LOG] [WS] 🗺️ Broadcast recibido. Avatares: 1 [Hijo Test(2)] @ https://jimsimrodev.github.io/pequenos-sanos/assets/index-C7AoTPzR.js:82
[  309217ms] [LOG] [WS] 🗺️ Broadcast recibido. Avatares: 1 [Hijo Test(2)] @ https://jimsimrodev.github.io/pequenos-sanos/assets/index-C7AoTPzR.js:82
[  309252ms] [LOG] [WS] 🗺️ Broadcast recibido. Avatares: 1 [Hijo Test(2)] @ https://jimsimrodev.github.io/pequenos-sanos/assets/index-C7AoTPzR.js:82
[  309349ms] [LOG] [WS] 🗺️ Broadcast recibido. Avatares: 1 [Hijo Test(2)] @ https://jimsimrodev.github.io/pequenos-sanos/assets/index-C7AoTPzR.js:82
[  309350ms] [LOG] [WS] 🗺️ Broadcast recibido. Avatares: 1 [Hijo Test(2)] @ https://jimsimrodev.github.io/pequenos-sanos/assets/index-C7AoTPzR.js:82
[  309351ms] [LOG] [WS] 🗺️ Broadcast recibido. Avatares: 1 [Hijo Test(2)] @ https://jimsimrodev.github.io/pequenos-sanos/assets/index-C7AoTPzR.js:82
[  309388ms] [LOG] [WS] 🗺️ Broadcast recibido. Avatares: 1 [Hijo Test(2)] @ https://jimsimrodev.github.io/pequenos-sanos/assets/index-C7AoTPzR.js:82
[  309412ms] [LOG] [WS] 🗺️ Broadcast recibido. Avatares: 1 [Hijo Test(2)] @ https://jimsimrodev.github.io/pequenos-sanos/assets/index-C7AoTPzR.js:82
[  309464ms] [LOG] [WS] 🗺️ Broadcast recibido. Avatares: 1 [Hijo Test(2)] @ https://jimsimrodev.github.io/pequenos-sanos/assets/index-C7AoTPzR.js:82
[  309484ms] [LOG] [WS] 🗺️ Broadcast recibido. Avatares: 1 [Hijo Test(2)] @ https://jimsimrodev.github.io/pequenos-sanos/assets/index-C7AoTPzR.js:82
[  309521ms] [LOG] [WS] 🗺️ Broadcast recibido. Avatares: 1 [Hijo Test(2)] @ https://jimsimrodev.github.io/pequenos-sanos/assets/index-C7AoTPzR.js:82
[  309625ms] [LOG] [WS] 🗺️ Broadcast recibido. Avatares: 1 [Hijo Test(2)] @ https://jimsimrodev.github.io/pequenos-sanos/assets/index-C7AoTPzR.js:82
[  309646ms] [LOG] [WS] 🗺️ Broadcast recibido. Avatares: 1 [Hijo Test(2)] @ https://jimsimrodev.github.io/pequenos-sanos/assets/index-C7AoTPzR.js:82
[  309647ms] [LOG] [WS] 🗺️ Broadcast recibido. Avatares: 1 [Hijo Test(2)] @ https://jimsimrodev.github.io/pequenos-sanos/assets/index-C7AoTPzR.js:82
[  309668ms] [LOG] [WS] 🗺️ Broadcast recibido. Avatares: 1 [Hijo Test(2)] @ https://jimsimrodev.github.io/pequenos-sanos/assets/index-C7AoTPzR.js:82
[  309695ms] [LOG] [WS] 🗺️ Broadcast recibido. Avatares: 1 [Hijo Test(2)] @ https://jimsimrodev.github.io/pequenos-sanos/assets/index-C7AoTPzR.js:82
[  309770ms] [LOG] [WS] 🗺️ Broadcast recibido. Avatares: 1 [Hijo Test(2)] @ https://jimsimrodev.github.io/pequenos-sanos/assets/index-C7AoTPzR.js:82
[  309789ms] [LOG] [WS] 🗺️ Broadcast recibido. Avatares: 1 [Hijo Test(2)] @ https://jimsimrodev.github.io/pequenos-sanos/assets/index-C7AoTPzR.js:82
[  309790ms] [LOG] [WS] 🗺️ Broadcast recibido. Avatares: 1 [Hijo Test(2)] @ https://jimsimrodev.github.io/pequenos-sanos/assets/index-C7AoTPzR.js:82
[  309809ms] [LOG] [WS] 🗺️ Broadcast recibido. Avatares: 1 [Hijo Test(2)] @ https://jimsimrodev.github.io/pequenos-sanos/assets/index-C7AoTPzR.js:82
[  309898ms] [LOG] [WS] 🗺️ Broadcast recibido. Avatares: 1 [Hijo Test(2)] @ https://jimsimrodev.github.io/pequenos-sanos/assets/index-C7AoTPzR.js:82
[  309899ms] [LOG] [WS] 🗺️ Broadcast recibido. Avatares: 1 [Hijo Test(2)] @ https://jimsimrodev.github.io/pequenos-sanos/assets/index-C7AoTPzR.js:82
[  309904ms] [LOG] [WS] 🗺️ Broadcast recibido. Avatares: 1 [Hijo Test(2)] @ https://jimsimrodev.github.io/pequenos-sanos/assets/index-C7AoTPzR.js:82
[  309938ms] [LOG] [WS] 🗺️ Broadcast recibido. Avatares: 1 [Hijo Test(2)] @ https://jimsimrodev.github.io/pequenos-sanos/assets/index-C7AoTPzR.js:82
[  310031ms] [LOG] [WS] 🗺️ Broadcast recibido. Avatares: 1 [Hijo Test(2)] @ https://jimsimrodev.github.io/pequenos-sanos/assets/index-C7AoTPzR.js:82
[  310034ms] [LOG] [WS] 🗺️ Broadcast recibido. Avatares: 1 [Hijo Test(2)] @ https://jimsimrodev.github.io/pequenos-sanos/assets/index-C7AoTPzR.js:82
[  310035ms] [LOG] [WS] 🗺️ Broadcast recibido. Avatares: 1 [Hijo Test(2)] @ https://jimsimrodev.github.io/pequenos-sanos/assets/index-C7AoTPzR.js:82
[  310067ms] [LOG] [WS] 🗺️ Broadcast recibido. Avatares: 1 [Hijo Test(2)] @ https://jimsimrodev.github.io/pequenos-sanos/assets/index-C7AoTPzR.js:82
[  310172ms] [LOG] [WS] 🗺️ Broadcast recibido. Avatares: 1 [Hijo Test(2)] @ https://jimsimrodev.github.io/pequenos-sanos/assets/index-C7AoTPzR.js:82
[  310190ms] [LOG] [WS] 🗺️ Broadcast recibido. Avatares: 1 [Hijo Test(2)] @ https://jimsimrodev.github.io/pequenos-sanos/assets/index-C7AoTPzR.js:82
[  310192ms] [LOG] [WS] 🗺️ Broadcast recibido. Avatares: 1 [Hijo Test(2)] @ https://jimsimrodev.github.io/pequenos-sanos/assets/index-C7AoTPzR.js:82
[  310207ms] [LOG] [WS] 🗺️ Broadcast recibido. Avatares: 1 [Hijo Test(2)] @ https://jimsimrodev.github.io/pequenos-sanos/assets/index-C7AoTPzR.js:82
[  310235ms] [LOG] [WS] 🗺️ Broadcast recibido. Avatares: 1 [Hijo Test(2)] @ https://jimsimrodev.github.io/pequenos-sanos/assets/index-C7AoTPzR.js:82
[  310280ms] [LOG] [WS] 🗺️ Broadcast recibido. Avatares: 1 [Hijo Test(2)] @ https://jimsimrodev.github.io/pequenos-sanos/assets/index-C7AoTPzR.js:82
[  310339ms] [LOG] [WS] 🗺️ Broadcast recibido. Avatares: 1 [Hijo Test(2)] @ https://jimsimrodev.github.io/pequenos-sanos/assets/index-C7AoTPzR.js:82
[  310340ms] [LOG] [WS] 🗺️ Broadcast recibido. Avatares: 1 [Hijo Test(2)] @ https://jimsimrodev.github.io/pequenos-sanos/assets/index-C7AoTPzR.js:82
[  310387ms] [LOG] [WS] 🗺️ Broadcast recibido. Avatares: 1 [Hijo Test(2)] @ https://jimsimrodev.github.io/pequenos-sanos/assets/index-C7AoTPzR.js:82
[  310441ms] [LOG] [WS] 🗺️ Broadcast recibido. Avatares: 1 [Hijo Test(2)] @ https://jimsimrodev.github.io/pequenos-sanos/assets/index-C7AoTPzR.js:82
[  310459ms] [LOG] [WS] 🗺️ Broadcast recibido. Avatares: 1 [Hijo Test(2)] @ https://jimsimrodev.github.io/pequenos-sanos/assets/index-C7AoTPzR.js:82
[  310488ms] [LOG] [WS] 🗺️ Broadcast recibido. Avatares: 1 [Hijo Test(2)] @ https://jimsimrodev.github.io/pequenos-sanos/assets/index-C7AoTPzR.js:82
[  310536ms] [LOG] [WS] 🗺️ Broadcast recibido. Avatares: 1 [Hijo Test(2)] @ https://jimsimrodev.github.io/pequenos-sanos/assets/index-C7AoTPzR.js:82
[  310553ms] [LOG] [WS] 🗺️ Broadcast recibido. Avatares: 1 [Hijo Test(2)] @ https://jimsimrodev.github.io/pequenos-sanos/assets/index-C7AoTPzR.js:82
[  310573ms] [LOG] [WS] 🗺️ Broadcast recibido. Avatares: 1 [Hijo Test(2)] @ https://jimsimrodev.github.io/pequenos-sanos/assets/index-C7AoTPzR.js:82
[  310682ms] [LOG] [WS] 🗺️ Broadcast recibido. Avatares: 1 [Hijo Test(2)] @ https://jimsimrodev.github.io/pequenos-sanos/assets/index-C7AoTPzR.js:82
[  310683ms] [LOG] [WS] 🗺️ Broadcast recibido. Avatares: 1 [Hijo Test(2)] @ https://jimsimrodev.github.io/pequenos-sanos/assets/index-C7AoTPzR.js:82
[  310683ms] [LOG] [WS] 🗺️ Broadcast recibido. Avatares: 1 [Hijo Test(2)] @ https://jimsimrodev.github.io/pequenos-sanos/assets/index-C7AoTPzR.js:82
[  310705ms] [LOG] [WS] 🗺️ Broadcast recibido. Avatares: 1 [Hijo Test(2)] @ https://jimsimrodev.github.io/pequenos-sanos/assets/index-C7AoTPzR.js:82
[  310731ms] [LOG] [WS] 🗺️ Broadcast recibido. Avatares: 1 [Hijo Test(2)] @ https://jimsimrodev.github.io/pequenos-sanos/assets/index-C7AoTPzR.js:82
[  310833ms] [LOG] [WS] 🗺️ Broadcast recibido. Avatares: 1 [Hijo Test(2)] @ https://jimsimrodev.github.io/pequenos-sanos/assets/index-C7AoTPzR.js:82
[  310836ms] [LOG] [WS] 🗺️ Broadcast recibido. Avatares: 1 [Hijo Test(2)] @ https://jimsimrodev.github.io/pequenos-sanos/assets/index-C7AoTPzR.js:82
[  310859ms] [LOG] [WS] 🗺️ Broadcast recibido. Avatares: 1 [Hijo Test(2)] @ https://jimsimrodev.github.io/pequenos-sanos/assets/index-C7AoTPzR.js:82
[  310876ms] [LOG] [WS] 🗺️ Broadcast recibido. Avatares: 1 [Hijo Test(2)] @ https://jimsimrodev.github.io/pequenos-sanos/assets/index-C7AoTPzR.js:82
[  310905ms] [LOG] [WS] 🗺️ Broadcast recibido. Avatares: 1 [Hijo Test(2)] @ https://jimsimrodev.github.io/pequenos-sanos/assets/index-C7AoTPzR.js:82
[  310997ms] [LOG] [WS] 🗺️ Broadcast recibido. Avatares: 1 [Hijo Test(2)] @ https://jimsimrodev.github.io/pequenos-sanos/assets/index-C7AoTPzR.js:82
[  310998ms] [LOG] [WS] 🗺️ Broadcast recibido. Avatares: 1 [Hijo Test(2)] @ https://jimsimrodev.github.io/pequenos-sanos/assets/index-C7AoTPzR.js:82
[  310998ms] [LOG] [WS] 🗺️ Broadcast recibido. Avatares: 1 [Hijo Test(2)] @ https://jimsimrodev.github.io/pequenos-sanos/assets/index-C7AoTPzR.js:82
[  311038ms] [LOG] [WS] 🗺️ Broadcast recibido. Avatares: 1 [Hijo Test(2)] @ https://jimsimrodev.github.io/pequenos-sanos/assets/index-C7AoTPzR.js:82
[  311140ms] [LOG] [WS] 🗺️ Broadcast recibido. Avatares: 1 [Hijo Test(2)] @ https://jimsimrodev.github.io/pequenos-sanos/assets/index-C7AoTPzR.js:82
[  311155ms] [LOG] [WS] 🗺️ Broadcast recibido. Avatares: 1 [Hijo Test(2)] @ https://jimsimrodev.github.io/pequenos-sanos/assets/index-C7AoTPzR.js:82
[  311156ms] [LOG] [WS] 🗺️ Broadcast recibido. Avatares: 1 [Hijo Test(2)] @ https://jimsimrodev.github.io/pequenos-sanos/assets/index-C7AoTPzR.js:82
[  311170ms] [LOG] [WS] 🗺️ Broadcast recibido. Avatares: 1 [Hijo Test(2)] @ https://jimsimrodev.github.io/pequenos-sanos/assets/index-C7AoTPzR.js:82
[  311202ms] [LOG] [WS] 🗺️ Broadcast recibido. Avatares: 1 [Hijo Test(2)] @ https://jimsimrodev.github.io/pequenos-sanos/assets/index-C7AoTPzR.js:82
[  311231ms] [LOG] [WS] 🗺️ Broadcast recibido. Avatares: 1 [Hijo Test(2)] @ https://jimsimrodev.github.io/pequenos-sanos/assets/index-C7AoTPzR.js:82
[  311268ms] [LOG] [WS] 🗺️ Broadcast recibido. Avatares: 1 [Hijo Test(2)] @ https://jimsimrodev.github.io/pequenos-sanos/assets/index-C7AoTPzR.js:82
[  311352ms] [LOG] [WS] 🗺️ Broadcast recibido. Avatares: 1 [Hijo Test(2)] @ https://jimsimrodev.github.io/pequenos-sanos/assets/index-C7AoTPzR.js:82
[  311368ms] [LOG] [WS] 🗺️ Broadcast recibido. Avatares: 1 [Hijo Test(2)] @ https://jimsimrodev.github.io/pequenos-sanos/assets/index-C7AoTPzR.js:82
[  311369ms] [LOG] [WS] 🗺️ Broadcast recibido. Avatares: 1 [Hijo Test(2)] @ https://jimsimrodev.github.io/pequenos-sanos/assets/index-C7AoTPzR.js:82
[  311409ms] [LOG] [WS] 🗺️ Broadcast recibido. Avatares: 1 [Hijo Test(2)] @ https://jimsimrodev.github.io/pequenos-sanos/assets/index-C7AoTPzR.js:82
[  311425ms] [LOG] [WS] 🗺️ Broadcast recibido. Avatares: 1 [Hijo Test(2)] @ https://jimsimrodev.github.io/pequenos-sanos/assets/index-C7AoTPzR.js:82
[  311473ms] [LOG] [WS] 🗺️ Broadcast recibido. Avatares: 1 [Hijo Test(2)] @ https://jimsimrodev.github.io/pequenos-sanos/assets/index-C7AoTPzR.js:82
[  311490ms] [LOG] [WS] 🗺️ Broadcast recibido. Avatares: 1 [Hijo Test(2)] @ https://jimsimrodev.github.io/pequenos-sanos/assets/index-C7AoTPzR.js:82
[  311523ms] [LOG] [WS] 🗺️ Broadcast recibido. Avatares: 1 [Hijo Test(2)] @ https://jimsimrodev.github.io/pequenos-sanos/assets/index-C7AoTPzR.js:82
[  311568ms] [LOG] [WS] 🗺️ Broadcast recibido. Avatares: 1 [Hijo Test(2)] @ https://jimsimrodev.github.io/pequenos-sanos/assets/index-C7AoTPzR.js:82
[  311605ms] [LOG] [WS] 🗺️ Broadcast recibido. Avatares: 1 [Hijo Test(2)] @ https://jimsimrodev.github.io/pequenos-sanos/assets/index-C7AoTPzR.js:82
[  311626ms] [LOG] [WS] 🗺️ Broadcast recibido. Avatares: 1 [Hijo Test(2)] @ https://jimsimrodev.github.io/pequenos-sanos/assets/index-C7AoTPzR.js:82
[  311658ms] [LOG] [WS] 🗺️ Broadcast recibido. Avatares: 1 [Hijo Test(2)] @ https://jimsimrodev.github.io/pequenos-sanos/assets/index-C7AoTPzR.js:82
[  311691ms] [LOG] [WS] 🗺️ Broadcast recibido. Avatares: 1 [Hijo Test(2)] @ https://jimsimrodev.github.io/pequenos-sanos/assets/index-C7AoTPzR.js:82
[  311720ms] [LOG] [WS] 🗺️ Broadcast recibido. Avatares: 1 [Hijo Test(2)] @ https://jimsimrodev.github.io/pequenos-sanos/assets/index-C7AoTPzR.js:82
[  311753ms] [LOG] [WS] 🗺️ Broadcast recibido. Avatares: 1 [Hijo Test(2)] @ https://jimsimrodev.github.io/pequenos-sanos/assets/index-C7AoTPzR.js:82
[  311783ms] [LOG] [WS] 🗺️ Broadcast recibido. Avatares: 1 [Hijo Test(2)] @ https://jimsimrodev.github.io/pequenos-sanos/assets/index-C7AoTPzR.js:82
[  311818ms] [LOG] [WS] 🗺️ Broadcast recibido. Avatares: 1 [Hijo Test(2)] @ https://jimsimrodev.github.io/pequenos-sanos/assets/index-C7AoTPzR.js:82
[  312017ms] [LOG] [WS] 🗺️ Broadcast recibido. Avatares: 1 [Hijo Test(2)] @ https://jimsimrodev.github.io/pequenos-sanos/assets/index-C7AoTPzR.js:82
[  312018ms] [LOG] [WS] 🗺️ Broadcast recibido. Avatares: 1 [Hijo Test(2)] @ https://jimsimrodev.github.io/pequenos-sanos/assets/index-C7AoTPzR.js:82
[  312018ms] [LOG] [WS] 🗺️ Broadcast recibido. Avatares: 1 [Hijo Test(2)] @ https://jimsimrodev.github.io/pequenos-sanos/assets/index-C7AoTPzR.js:82
[  312019ms] [LOG] [WS] 🗺️ Broadcast recibido. Avatares: 1 [Hijo Test(2)] @ https://jimsimrodev.github.io/pequenos-sanos/assets/index-C7AoTPzR.js:82
[  312019ms] [LOG] [WS] 🗺️ Broadcast recibido. Avatares: 1 [Hijo Test(2)] @ https://jimsimrodev.github.io/pequenos-sanos/assets/index-C7AoTPzR.js:82
[  312020ms] [LOG] [WS] 🗺️ Broadcast recibido. Avatares: 1 [Hijo Test(2)] @ https://jimsimrodev.github.io/pequenos-sanos/assets/index-C7AoTPzR.js:82
[  312054ms] [LOG] [WS] 🗺️ Broadcast recibido. Avatares: 1 [Hijo Test(2)] @ https://jimsimrodev.github.io/pequenos-sanos/assets/index-C7AoTPzR.js:82
[  312081ms] [LOG] [WS] 🗺️ Broadcast recibido. Avatares: 1 [Hijo Test(2)] @ https://jimsimrodev.github.io/pequenos-sanos/assets/index-C7AoTPzR.js:82
[  312113ms] [LOG] [WS] 🗺️ Broadcast recibido. Avatares: 1 [Hijo Test(2)] @ https://jimsimrodev.github.io/pequenos-sanos/assets/index-C7AoTPzR.js:82
[  312151ms] [LOG] [WS] 🗺️ Broadcast recibido. Avatares: 1 [Hijo Test(2)] @ https://jimsimrodev.github.io/pequenos-sanos/assets/index-C7AoTPzR.js:82
[  312190ms] [LOG] [WS] 🗺️ Broadcast recibido. Avatares: 1 [Hijo Test(2)] @ https://jimsimrodev.github.io/pequenos-sanos/assets/index-C7AoTPzR.js:82
[  312215ms] [LOG] [WS] 🗺️ Broadcast recibido. Avatares: 1 [Hijo Test(2)] @ https://jimsimrodev.github.io/pequenos-sanos/assets/index-C7AoTPzR.js:82
[  312248ms] [LOG] [WS] 🗺️ Broadcast recibido. Avatares: 1 [Hijo Test(2)] @ https://jimsimrodev.github.io/pequenos-sanos/assets/index-C7AoTPzR.js:82
[  312286ms] [LOG] [WS] 🗺️ Broadcast recibido. Avatares: 1 [Hijo Test(2)] @ https://jimsimrodev.github.io/pequenos-sanos/assets/index-C7AoTPzR.js:82
[  312313ms] [LOG] [WS] 🗺️ Broadcast recibido. Avatares: 1 [Hijo Test(2)] @ https://jimsimrodev.github.io/pequenos-sanos/assets/index-C7AoTPzR.js:82
[  312349ms] [LOG] [WS] 🗺️ Broadcast recibido. Avatares: 1 [Hijo Test(2)] @ https://jimsimrodev.github.io/pequenos-sanos/assets/index-C7AoTPzR.js:82
[  312384ms] [LOG] [WS] 🗺️ Broadcast recibido. Avatares: 1 [Hijo Test(2)] @ https://jimsimrodev.github.io/pequenos-sanos/assets/index-C7AoTPzR.js:82
[  312415ms] [LOG] [WS] 🗺️ Broadcast recibido. Avatares: 1 [Hijo Test(2)] @ https://jimsimrodev.github.io/pequenos-sanos/assets/index-C7AoTPzR.js:82
[  312452ms] [LOG] [WS] 🗺️ Broadcast recibido. Avatares: 1 [Hijo Test(2)] @ https://jimsimrodev.github.io/pequenos-sanos/assets/index-C7AoTPzR.js:82
[  312486ms] [LOG] [WS] 🗺️ Broadcast recibido. Avatares: 1 [Hijo Test(2)] @ https://jimsimrodev.github.io/pequenos-sanos/assets/index-C7AoTPzR.js:82
[  312517ms] [LOG] [WS] 🗺️ Broadcast recibido. Avatares: 1 [Hijo Test(2)] @ https://jimsimrodev.github.io/pequenos-sanos/assets/index-C7AoTPzR.js:82
[  312551ms] [LOG] [WS] 🗺️ Broadcast recibido. Avatares: 1 [Hijo Test(2)] @ https://jimsimrodev.github.io/pequenos-sanos/assets/index-C7AoTPzR.js:82
[  312583ms] [LOG] [WS] 🗺️ Broadcast recibido. Avatares: 1 [Hijo Test(2)] @ https://jimsimrodev.github.io/pequenos-sanos/assets/index-C7AoTPzR.js:82
[  312619ms] [LOG] [WS] 🗺️ Broadcast recibido. Avatares: 1 [Hijo Test(2)] @ https://jimsimrodev.github.io/pequenos-sanos/assets/index-C7AoTPzR.js:82
[  312649ms] [LOG] [WS] 🗺️ Broadcast recibido. Avatares: 1 [Hijo Test(2)] @ https://jimsimrodev.github.io/pequenos-sanos/assets/index-C7AoTPzR.js:82
[  312685ms] [LOG] [WS] 🗺️ Broadcast recibido. Avatares: 1 [Hijo Test(2)] @ https://jimsimrodev.github.io/pequenos-sanos/assets/index-C7AoTPzR.js:82
[  312719ms] [LOG] [WS] 🗺️ Broadcast recibido. Avatares: 1 [Hijo Test(2)] @ https://jimsimrodev.github.io/pequenos-sanos/assets/index-C7AoTPzR.js:82
[  312754ms] [LOG] [WS] 🗺️ Broadcast recibido. Avatares: 1 [Hijo Test(2)] @ https://jimsimrodev.github.io/pequenos-sanos/assets/index-C7AoTPzR.js:82
[  312783ms] [LOG] [WS] 🗺️ Broadcast recibido. Avatares: 1 [Hijo Test(2)] @ https://jimsimrodev.github.io/pequenos-sanos/assets/index-C7AoTPzR.js:82
[  312818ms] [LOG] [WS] 🗺️ Broadcast recibido. Avatares: 1 [Hijo Test(2)] @ https://jimsimrodev.github.io/pequenos-sanos/assets/index-C7AoTPzR.js:82
[  312848ms] [LOG] [WS] 🗺️ Broadcast recibido. Avatares: 1 [Hijo Test(2)] @ https://jimsimrodev.github.io/pequenos-sanos/assets/index-C7AoTPzR.js:82
[  312882ms] [LOG] [WS] 🗺️ Broadcast recibido. Avatares: 1 [Hijo Test(2)] @ https://jimsimrodev.github.io/pequenos-sanos/assets/index-C7AoTPzR.js:82
[  312916ms] [LOG] [WS] 🗺️ Broadcast recibido. Avatares: 1 [Hijo Test(2)] @ https://jimsimrodev.github.io/pequenos-sanos/assets/index-C7AoTPzR.js:82
[  312952ms] [LOG] [WS] 🗺️ Broadcast recibido. Avatares: 1 [Hijo Test(2)] @ https://jimsimrodev.github.io/pequenos-sanos/assets/index-C7AoTPzR.js:82
[  314633ms] [LOG] [WS] 🗺️ Broadcast recibido. Avatares: 1 [Hijo Test(2)] @ https://jimsimrodev.github.io/pequenos-sanos/assets/index-C7AoTPzR.js:82
[  314634ms] [LOG] [WS] 🗺️ Broadcast recibido. Avatares: 1 [Hijo Test(2)] @ https://jimsimrodev.github.io/pequenos-sanos/assets/index-C7AoTPzR.js:82
[  314634ms] [LOG] [WS] 🗺️ Broadcast recibido. Avatares: 1 [Hijo Test(2)] @ https://jimsimrodev.github.io/pequenos-sanos/assets/index-C7AoTPzR.js:82
[  314635ms] [LOG] [WS] 🗺️ Broadcast recibido. Avatares: 1 [Hijo Test(2)] @ https://jimsimrodev.github.io/pequenos-sanos/assets/index-C7AoTPzR.js:82
[  314635ms] [LOG] [WS] 🗺️ Broadcast recibido. Avatares: 1 [Hijo Test(2)] @ https://jimsimrodev.github.io/pequenos-sanos/assets/index-C7AoTPzR.js:82
[  314635ms] [LOG] [WS] 🗺️ Broadcast recibido. Avatares: 1 [Hijo Test(2)] @ https://jimsimrodev.github.io/pequenos-sanos/assets/index-C7AoTPzR.js:82
[  314636ms] [LOG] [WS] 🗺️ Broadcast recibido. Avatares: 1 [Hijo Test(2)] @ https://jimsimrodev.github.io/pequenos-sanos/assets/index-C7AoTPzR.js:82
[  314636ms] [LOG] [WS] 🗺️ Broadcast recibido. Avatares: 1 [Hijo Test(2)] @ https://jimsimrodev.github.io/pequenos-sanos/assets/index-C7AoTPzR.js:82
[  314636ms] [LOG] [WS] 🗺️ Broadcast recibido. Avatares: 1 [Hijo Test(2)] @ https://jimsimrodev.github.io/pequenos-sanos/assets/index-C7AoTPzR.js:82
[  314637ms] [LOG] [WS] 🗺️ Broadcast recibido. Avatares: 1 [Hijo Test(2)] @ https://jimsimrodev.github.io/pequenos-sanos/assets/index-C7AoTPzR.js:82
[  314637ms] [LOG] [WS] 🗺️ Broadcast recibido. Avatares: 1 [Hijo Test(2)] @ https://jimsimrodev.github.io/pequenos-sanos/assets/index-C7AoTPzR.js:82
[  314638ms] [LOG] [WS] 🗺️ Broadcast recibido. Avatares: 1 [Hijo Test(2)] @ https://jimsimrodev.github.io/pequenos-sanos/assets/index-C7AoTPzR.js:82
[  314638ms] [LOG] [WS] 🗺️ Broadcast recibido. Avatares: 1 [Hijo Test(2)] @ https://jimsimrodev.github.io/pequenos-sanos/assets/index-C7AoTPzR.js:82
[  314639ms] [LOG] [WS] 🗺️ Broadcast recibido. Avatares: 1 [Hijo Test(2)] @ https://jimsimrodev.github.io/pequenos-sanos/assets/index-C7AoTPzR.js:82
[  314639ms] [LOG] [WS] 🗺️ Broadcast recibido. Avatares: 1 [Hijo Test(2)] @ https://jimsimrodev.github.io/pequenos-sanos/assets/index-C7AoTPzR.js:82
[  314640ms] [LOG] [WS] 🗺️ Broadcast recibido. Avatares: 1 [Hijo Test(2)] @ https://jimsimrodev.github.io/pequenos-sanos/assets/index-C7AoTPzR.js:82
[  314640ms] [LOG] [WS] 🗺️ Broadcast recibido. Avatares: 1 [Hijo Test(2)] @ https://jimsimrodev.github.io/pequenos-sanos/assets/index-C7AoTPzR.js:82
[  314671ms] [LOG] [WS] 🗺️ Broadcast recibido. Avatares: 1 [Hijo Test(2)] @ https://jimsimrodev.github.io/pequenos-sanos/assets/index-C7AoTPzR.js:82
[  314690ms] [LOG] [WS] 🗺️ Broadcast recibido. Avatares: 1 [Hijo Test(2)] @ https://jimsimrodev.github.io/pequenos-sanos/assets/index-C7AoTPzR.js:82
[  314690ms] [LOG] [WS] 🗺️ Broadcast recibido. Avatares: 1 [Hijo Test(2)] @ https://jimsimrodev.github.io/pequenos-sanos/assets/index-C7AoTPzR.js:82
[  314691ms] [LOG] [WS] 🗺️ Broadcast recibido. Avatares: 1 [Hijo Test(2)] @ https://jimsimrodev.github.io/pequenos-sanos/assets/index-C7AoTPzR.js:82
[  314691ms] [LOG] [WS] 🗺️ Broadcast recibido. Avatares: 1 [Hijo Test(2)] @ https://jimsimrodev.github.io/pequenos-sanos/assets/index-C7AoTPzR.js:82
[  314691ms] [LOG] [WS] 🗺️ Broadcast recibido. Avatares: 1 [Hijo Test(2)] @ https://jimsimrodev.github.io/pequenos-sanos/assets/index-C7AoTPzR.js:82
[  314692ms] [LOG] [WS] 🗺️ Broadcast recibido. Avatares: 1 [Hijo Test(2)] @ https://jimsimrodev.github.io/pequenos-sanos/assets/index-C7AoTPzR.js:82
[  314692ms] [LOG] [WS] 🗺️ Broadcast recibido. Avatares: 1 [Hijo Test(2)] @ https://jimsimrodev.github.io/pequenos-sanos/assets/index-C7AoTPzR.js:82
[  314693ms] [LOG] [WS] 🗺️ Broadcast recibido. Avatares: 1 [Hijo Test(2)] @ https://jimsimrodev.github.io/pequenos-sanos/assets/index-C7AoTPzR.js:82
[  314693ms] [LOG] [WS] 🗺️ Broadcast recibido. Avatares: 1 [Hijo Test(2)] @ https://jimsimrodev.github.io/pequenos-sanos/assets/index-C7AoTPzR.js:82
[  314694ms] [LOG] [WS] 🗺️ Broadcast recibido. Avatares: 1 [Hijo Test(2)] @ https://jimsimrodev.github.io/pequenos-sanos/assets/index-C7AoTPzR.js:82
[  314694ms] [LOG] [WS] 🗺️ Broadcast recibido. Avatares: 1 [Hijo Test(2)] @ https://jimsimrodev.github.io/pequenos-sanos/assets/index-C7AoTPzR.js:82
[  314695ms] [LOG] [WS] 🗺️ Broadcast recibido. Avatares: 1 [Hijo Test(2)] @ https://jimsimrodev.github.io/pequenos-sanos/assets/index-C7AoTPzR.js:82
[  314695ms] [LOG] [WS] 🗺️ Broadcast recibido. Avatares: 1 [Hijo Test(2)] @ https://jimsimrodev.github.io/pequenos-sanos/assets/index-C7AoTPzR.js:82
[  314695ms] [LOG] [WS] 🗺️ Broadcast recibido. Avatares: 1 [Hijo Test(2)] @ https://jimsimrodev.github.io/pequenos-sanos/assets/index-C7AoTPzR.js:82
[  314696ms] [LOG] [WS] 🗺️ Broadcast recibido. Avatares: 1 [Hijo Test(2)] @ https://jimsimrodev.github.io/pequenos-sanos/assets/index-C7AoTPzR.js:82
[  314696ms] [LOG] [WS] 🗺️ Broadcast recibido. Avatares: 1 [Hijo Test(2)] @ https://jimsimrodev.github.io/pequenos-sanos/assets/index-C7AoTPzR.js:82
[  314713ms] [LOG] [WS] 🗺️ Broadcast recibido. Avatares: 1 [Hijo Test(2)] @ https://jimsimrodev.github.io/pequenos-sanos/assets/index-C7AoTPzR.js:82
[  314714ms] [LOG] [WS] 🗺️ Broadcast recibido. Avatares: 1 [Hijo Test(2)] @ https://jimsimrodev.github.io/pequenos-sanos/assets/index-C7AoTPzR.js:82
[  314715ms] [LOG] [WS] 🗺️ Broadcast recibido. Avatares: 1 [Hijo Test(2)] @ https://jimsimrodev.github.io/pequenos-sanos/assets/index-C7AoTPzR.js:82
[  314716ms] [LOG] [WS] 🗺️ Broadcast recibido. Avatares: 1 [Hijo Test(2)] @ https://jimsimrodev.github.io/pequenos-sanos/assets/index-C7AoTPzR.js:82
[  314716ms] [LOG] [WS] 🗺️ Broadcast recibido. Avatares: 1 [Hijo Test(2)] @ https://jimsimrodev.github.io/pequenos-sanos/assets/index-C7AoTPzR.js:82
[  314717ms] [LOG] [WS] 🗺️ Broadcast recibido. Avatares: 1 [Hijo Test(2)] @ https://jimsimrodev.github.io/pequenos-sanos/assets/index-C7AoTPzR.js:82
[  314717ms] [LOG] [WS] 🗺️ Broadcast recibido. Avatares: 1 [Hijo Test(2)] @ https://jimsimrodev.github.io/pequenos-sanos/assets/index-C7AoTPzR.js:82
[  314718ms] [LOG] [WS] 🗺️ Broadcast recibido. Avatares: 1 [Hijo Test(2)] @ https://jimsimrodev.github.io/pequenos-sanos/assets/index-C7AoTPzR.js:82
[  314718ms] [LOG] [WS] 🗺️ Broadcast recibido. Avatares: 1 [Hijo Test(2)] @ https://jimsimrodev.github.io/pequenos-sanos/assets/index-C7AoTPzR.js:82
[  314732ms] [LOG] [WS] 🗺️ Broadcast recibido. Avatares: 1 [Hijo Test(2)] @ https://jimsimrodev.github.io/pequenos-sanos/assets/index-C7AoTPzR.js:82
[  314733ms] [LOG] [WS] 🗺️ Broadcast recibido. Avatares: 1 [Hijo Test(2)] @ https://jimsimrodev.github.io/pequenos-sanos/assets/index-C7AoTPzR.js:82
[  314734ms] [LOG] [WS] 🗺️ Broadcast recibido. Avatares: 1 [Hijo Test(2)] @ https://jimsimrodev.github.io/pequenos-sanos/assets/index-C7AoTPzR.js:82
[  314734ms] [LOG] [WS] 🗺️ Broadcast recibido. Avatares: 1 [Hijo Test(2)] @ https://jimsimrodev.github.io/pequenos-sanos/assets/index-C7AoTPzR.js:82
[  314735ms] [LOG] [WS] 🗺️ Broadcast recibido. Avatares: 1 [Hijo Test(2)] @ https://jimsimrodev.github.io/pequenos-sanos/assets/index-C7AoTPzR.js:82
[  314735ms] [LOG] [WS] 🗺️ Broadcast recibido. Avatares: 1 [Hijo Test(2)] @ https://jimsimrodev.github.io/pequenos-sanos/assets/index-C7AoTPzR.js:82
[  314735ms] [LOG] [WS] 🗺️ Broadcast recibido. Avatares: 1 [Hijo Test(2)] @ https://jimsimrodev.github.io/pequenos-sanos/assets/index-C7AoTPzR.js:82
[  314735ms] [LOG] [WS] 🗺️ Broadcast recibido. Avatares: 1 [Hijo Test(2)] @ https://jimsimrodev.github.io/pequenos-sanos/assets/index-C7AoTPzR.js:82
[  314736ms] [LOG] [WS] 🗺️ Broadcast recibido. Avatares: 1 [Hijo Test(2)] @ https://jimsimrodev.github.io/pequenos-sanos/assets/index-C7AoTPzR.js:82
[  314750ms] [LOG] [WS] 🗺️ Broadcast recibido. Avatares: 1 [Hijo Test(2)] @ https://jimsimrodev.github.io/pequenos-sanos/assets/index-C7AoTPzR.js:82
[  314751ms] [LOG] [WS] 🗺️ Broadcast recibido. Avatares: 1 [Hijo Test(2)] @ https://jimsimrodev.github.io/pequenos-sanos/assets/index-C7AoTPzR.js:82
[  314767ms] [LOG] [WS] 🗺️ Broadcast recibido. Avatares: 1 [Hijo Test(2)] @ https://jimsimrodev.github.io/pequenos-sanos/assets/index-C7AoTPzR.js:82
[  314797ms] [LOG] [WS] 🗺️ Broadcast recibido. Avatares: 1 [Hijo Test(2)] @ https://jimsimrodev.github.io/pequenos-sanos/assets/index-C7AoTPzR.js:82
[  314824ms] [LOG] [WS] 🗺️ Broadcast recibido. Avatares: 1 [Hijo Test(2)] @ https://jimsimrodev.github.io/pequenos-sanos/assets/index-C7AoTPzR.js:82
[  314867ms] [LOG] [WS] 🗺️ Broadcast recibido. Avatares: 1 [Hijo Test(2)] @ https://jimsimrodev.github.io/pequenos-sanos/assets/index-C7AoTPzR.js:82
[  314888ms] [LOG] [WS] 🗺️ Broadcast recibido. Avatares: 1 [Hijo Test(2)] @ https://jimsimrodev.github.io/pequenos-sanos/assets/index-C7AoTPzR.js:82
[  314918ms] [LOG] [WS] 🗺️ Broadcast recibido. Avatares: 1 [Hijo Test(2)] @ https://jimsimrodev.github.io/pequenos-sanos/assets/index-C7AoTPzR.js:82
[  314951ms] [LOG] [WS] 🗺️ Broadcast recibido. Avatares: 1 [Hijo Test(2)] @ https://jimsimrodev.github.io/pequenos-sanos/assets/index-C7AoTPzR.js:82
[  314986ms] [LOG] [WS] 🗺️ Broadcast recibido. Avatares: 1 [Hijo Test(2)] @ https://jimsimrodev.github.io/pequenos-sanos/assets/index-C7AoTPzR.js:82
[  315020ms] [LOG] [WS] 🗺️ Broadcast recibido. Avatares: 1 [Hijo Test(2)] @ https://jimsimrodev.github.io/pequenos-sanos/assets/index-C7AoTPzR.js:82
[  315053ms] [LOG] [WS] 🗺️ Broadcast recibido. Avatares: 1 [Hijo Test(2)] @ https://jimsimrodev.github.io/pequenos-sanos/assets/index-C7AoTPzR.js:82
[  315088ms] [LOG] [WS] 🗺️ Broadcast recibido. Avatares: 1 [Hijo Test(2)] @ https://jimsimrodev.github.io/pequenos-sanos/assets/index-C7AoTPzR.js:82
[  315132ms] [LOG] [WS] 🗺️ Broadcast recibido. Avatares: 1 [Hijo Test(2)] @ https://jimsimrodev.github.io/pequenos-sanos/assets/index-C7AoTPzR.js:82
[  315152ms] [LOG] [WS] 🗺️ Broadcast recibido. Avatares: 1 [Hijo Test(2)] @ https://jimsimrodev.github.io/pequenos-sanos/assets/index-C7AoTPzR.js:82
[  315184ms] [LOG] [WS] 🗺️ Broadcast recibido. Avatares: 1 [Hijo Test(2)] @ https://jimsimrodev.github.io/pequenos-sanos/assets/index-C7AoTPzR.js:82
[  315217ms] [LOG] [WS] 🗺️ Broadcast recibido. Avatares: 1 [Hijo Test(2)] @ https://jimsimrodev.github.io/pequenos-sanos/assets/index-C7AoTPzR.js:82
[  315250ms] [LOG] [WS] 🗺️ Broadcast recibido. Avatares: 1 [Hijo Test(2)] @ https://jimsimrodev.github.io/pequenos-sanos/assets/index-C7AoTPzR.js:82
[  315284ms] [LOG] [WS] 🗺️ Broadcast recibido. Avatares: 1 [Hijo Test(2)] @ https://jimsimrodev.github.io/pequenos-sanos/assets/index-C7AoTPzR.js:82
[  315316ms] [LOG] [WS] 🗺️ Broadcast recibido. Avatares: 1 [Hijo Test(2)] @ https://jimsimrodev.github.io/pequenos-sanos/assets/index-C7AoTPzR.js:82
[  315352ms] [LOG] [WS] 🗺️ Broadcast recibido. Avatares: 1 [Hijo Test(2)] @ https://jimsimrodev.github.io/pequenos-sanos/assets/index-C7AoTPzR.js:82
[  315398ms] [LOG] [WS] 🗺️ Broadcast recibido. Avatares: 1 [Hijo Test(2)] @ https://jimsimrodev.github.io/pequenos-sanos/assets/index-C7AoTPzR.js:82
[  315417ms] [LOG] [WS] 🗺️ Broadcast recibido. Avatares: 1 [Hijo Test(2)] @ https://jimsimrodev.github.io/pequenos-sanos/assets/index-C7AoTPzR.js:82
[  315450ms] [LOG] [WS] 🗺️ Broadcast recibido. Avatares: 1 [Hijo Test(2)] @ https://jimsimrodev.github.io/pequenos-sanos/assets/index-C7AoTPzR.js:82
[  315482ms] [LOG] [WS] 🗺️ Broadcast recibido. Avatares: 1 [Hijo Test(2)] @ https://jimsimrodev.github.io/pequenos-sanos/assets/index-C7AoTPzR.js:82
[  315519ms] [LOG] [WS] 🗺️ Broadcast recibido. Avatares: 1 [Hijo Test(2)] @ https://jimsimrodev.github.io/pequenos-sanos/assets/index-C7AoTPzR.js:82
[  315548ms] [LOG] [WS] 🗺️ Broadcast recibido. Avatares: 1 [Hijo Test(2)] @ https://jimsimrodev.github.io/pequenos-sanos/assets/index-C7AoTPzR.js:82
[  315580ms] [LOG] [WS] 🗺️ Broadcast recibido. Avatares: 1 [Hijo Test(2)] @ https://jimsimrodev.github.io/pequenos-sanos/assets/index-C7AoTPzR.js:82
[  315616ms] [LOG] [WS] 🗺️ Broadcast recibido. Avatares: 1 [Hijo Test(2)] @ https://jimsimrodev.github.io/pequenos-sanos/assets/index-C7AoTPzR.js:82
[  315653ms] [LOG] [WS] 🗺️ Broadcast recibido. Avatares: 1 [Hijo Test(2)] @ https://jimsimrodev.github.io/pequenos-sanos/assets/index-C7AoTPzR.js:82
[  315685ms] [LOG] [WS] 🗺️ Broadcast recibido. Avatares: 1 [Hijo Test(2)] @ https://jimsimrodev.github.io/pequenos-sanos/assets/index-C7AoTPzR.js:82
[  315714ms] [LOG] [WS] 🗺️ Broadcast recibido. Avatares: 1 [Hijo Test(2)] @ https://jimsimrodev.github.io/pequenos-sanos/assets/index-C7AoTPzR.js:82
[  315752ms] [LOG] [WS] 🗺️ Broadcast recibido. Avatares: 1 [Hijo Test(2)] @ https://jimsimrodev.github.io/pequenos-sanos/assets/index-C7AoTPzR.js:82
[  315782ms] [LOG] [WS] 🗺️ Broadcast recibido. Avatares: 1 [Hijo Test(2)] @ https://jimsimrodev.github.io/pequenos-sanos/assets/index-C7AoTPzR.js:82
[  315816ms] [LOG] [WS] 🗺️ Broadcast recibido. Avatares: 1 [Hijo Test(2)] @ https://jimsimrodev.github.io/pequenos-sanos/assets/index-C7AoTPzR.js:82
[  315862ms] [LOG] [WS] 🗺️ Broadcast recibido. Avatares: 1 [Hijo Test(2)] @ https://jimsimrodev.github.io/pequenos-sanos/assets/index-C7AoTPzR.js:82
[  315883ms] [LOG] [WS] 🗺️ Broadcast recibido. Avatares: 1 [Hijo Test(2)] @ https://jimsimrodev.github.io/pequenos-sanos/assets/index-C7AoTPzR.js:82
[  315914ms] [LOG] [WS] 🗺️ Broadcast recibido. Avatares: 1 [Hijo Test(2)] @ https://jimsimrodev.github.io/pequenos-sanos/assets/index-C7AoTPzR.js:82
[  315952ms] [LOG] [WS] 🗺️ Broadcast recibido. Avatares: 1 [Hijo Test(2)] @ https://jimsimrodev.github.io/pequenos-sanos/assets/index-C7AoTPzR.js:82
[  315981ms] [LOG] [WS] 🗺️ Broadcast recibido. Avatares: 1 [Hijo Test(2)] @ https://jimsimrodev.github.io/pequenos-sanos/assets/index-C7AoTPzR.js:82
[  316017ms] [LOG] [WS] 🗺️ Broadcast recibido. Avatares: 1 [Hijo Test(2)] @ https://jimsimrodev.github.io/pequenos-sanos/assets/index-C7AoTPzR.js:82
[  316050ms] [LOG] [WS] 🗺️ Broadcast recibido. Avatares: 1 [Hijo Test(2)] @ https://jimsimrodev.github.io/pequenos-sanos/assets/index-C7AoTPzR.js:82
[  316086ms] [LOG] [WS] 🗺️ Broadcast recibido. Avatares: 1 [Hijo Test(2)] @ https://jimsimrodev.github.io/pequenos-sanos/assets/index-C7AoTPzR.js:82
[  316117ms] [LOG] [WS] 🗺️ Broadcast recibido. Avatares: 1 [Hijo Test(2)] @ https://jimsimrodev.github.io/pequenos-sanos/assets/index-C7AoTPzR.js:82
[  316156ms] [LOG] [WS] 🗺️ Broadcast recibido. Avatares: 1 [Hijo Test(2)] @ https://jimsimrodev.github.io/pequenos-sanos/assets/index-C7AoTPzR.js:82
[  316182ms] [LOG] [WS] 🗺️ Broadcast recibido. Avatares: 1 [Hijo Test(2)] @ https://jimsimrodev.github.io/pequenos-sanos/assets/index-C7AoTPzR.js:82
[  316205ms] [LOG] [WS] 🗺️ Broadcast recibido. Avatares: 1 [Hijo Test(2)] @ https://jimsimrodev.github.io/pequenos-sanos/assets/index-C7AoTPzR.js:82
[  316250ms] [LOG] [WS] 🗺️ Broadcast recibido. Avatares: 1 [Hijo Test(2)] @ https://jimsimrodev.github.io/pequenos-sanos/assets/index-C7AoTPzR.js:82
[  316290ms] [LOG] [WS] 🗺️ Broadcast recibido. Avatares: 1 [Hijo Test(2)] @ https://jimsimrodev.github.io/pequenos-sanos/assets/index-C7AoTPzR.js:82
[  316308ms] [LOG] [WS] 🗺️ Broadcast recibido. Avatares: 1 [Hijo Test(2)] @ https://jimsimrodev.github.io/pequenos-sanos/assets/index-C7AoTPzR.js:82
[  316355ms] [LOG] [WS] 🗺️ Broadcast recibido. Avatares: 1 [Hijo Test(2)] @ https://jimsimrodev.github.io/pequenos-sanos/assets/index-C7AoTPzR.js:82
[  316371ms] [LOG] [WS] 🗺️ Broadcast recibido. Avatares: 1 [Hijo Test(2)] @ https://jimsimrodev.github.io/pequenos-sanos/assets/index-C7AoTPzR.js:82
[  316420ms] [LOG] [WS] 🗺️ Broadcast recibido. Avatares: 1 [Hijo Test(2)] @ https://jimsimrodev.github.io/pequenos-sanos/assets/index-C7AoTPzR.js:82
[  316440ms] [LOG] [WS] 🗺️ Broadcast recibido. Avatares: 1 [Hijo Test(2)] @ https://jimsimrodev.github.io/pequenos-sanos/assets/index-C7AoTPzR.js:82
[  316486ms] [LOG] [WS] 🗺️ Broadcast recibido. Avatares: 1 [Hijo Test(2)] @ https://jimsimrodev.github.io/pequenos-sanos/assets/index-C7AoTPzR.js:82
[  316516ms] [LOG] [WS] 🗺️ Broadcast recibido. Avatares: 1 [Hijo Test(2)] @ https://jimsimrodev.github.io/pequenos-sanos/assets/index-C7AoTPzR.js:82
[  316550ms] [LOG] [WS] 🗺️ Broadcast recibido. Avatares: 1 [Hijo Test(2)] @ https://jimsimrodev.github.io/pequenos-sanos/assets/index-C7AoTPzR.js:82
[  316569ms] [LOG] [WS] 🗺️ Broadcast recibido. Avatares: 1 [Hijo Test(2)] @ https://jimsimrodev.github.io/pequenos-sanos/assets/index-C7AoTPzR.js:82
[  316622ms] [LOG] [WS] 🗺️ Broadcast recibido. Avatares: 1 [Hijo Test(2)] @ https://jimsimrodev.github.io/pequenos-sanos/assets/index-C7AoTPzR.js:82
[  316654ms] [LOG] [WS] 🗺️ Broadcast recibido. Avatares: 1 [Hijo Test(2)] @ https://jimsimrodev.github.io/pequenos-sanos/assets/index-C7AoTPzR.js:82
[  316671ms] [LOG] [WS] 🗺️ Broadcast recibido. Avatares: 1 [Hijo Test(2)] @ https://jimsimrodev.github.io/pequenos-sanos/assets/index-C7AoTPzR.js:82
[  316710ms] [LOG] [WS] 🗺️ Broadcast recibido. Avatares: 1 [Hijo Test(2)] @ https://jimsimrodev.github.io/pequenos-sanos/assets/index-C7AoTPzR.js:82
[  316748ms] [LOG] [WS] 🗺️ Broadcast recibido. Avatares: 1 [Hijo Test(2)] @ https://jimsimrodev.github.io/pequenos-sanos/assets/index-C7AoTPzR.js:82
[  316779ms] [LOG] [WS] 🗺️ Broadcast recibido. Avatares: 1 [Hijo Test(2)] @ https://jimsimrodev.github.io/pequenos-sanos/assets/index-C7AoTPzR.js:82
[  316813ms] [LOG] [WS] 🗺️ Broadcast recibido. Avatares: 1 [Hijo Test(2)] @ https://jimsimrodev.github.io/pequenos-sanos/assets/index-C7AoTPzR.js:82
[  316850ms] [LOG] [WS] 🗺️ Broadcast recibido. Avatares: 1 [Hijo Test(2)] @ https://jimsimrodev.github.io/pequenos-sanos/assets/index-C7AoTPzR.js:82
[  316871ms] [LOG] [WS] 🗺️ Broadcast recibido. Avatares: 1 [Hijo Test(2)] @ https://jimsimrodev.github.io/pequenos-sanos/assets/index-C7AoTPzR.js:82
[  316910ms] [LOG] [WS] 🗺️ Broadcast recibido. Avatares: 1 [Hijo Test(2)] @ https://jimsimrodev.github.io/pequenos-sanos/assets/index-C7AoTPzR.js:82
[  316941ms] [LOG] [WS] 🗺️ Broadcast recibido. Avatares: 1 [Hijo Test(2)] @ https://jimsimrodev.github.io/pequenos-sanos/assets/index-C7AoTPzR.js:82
[  316978ms] [LOG] [WS] 🗺️ Broadcast recibido. Avatares: 1 [Hijo Test(2)] @ https://jimsimrodev.github.io/pequenos-sanos/assets/index-C7AoTPzR.js:82
[  317005ms] [LOG] [WS] 🗺️ Broadcast recibido. Avatares: 1 [Hijo Test(2)] @ https://jimsimrodev.github.io/pequenos-sanos/assets/index-C7AoTPzR.js:82
[  317041ms] [LOG] [WS] 🗺️ Broadcast recibido. Avatares: 1 [Hijo Test(2)] @ https://jimsimrodev.github.io/pequenos-sanos/assets/index-C7AoTPzR.js:82
[  317076ms] [LOG] [WS] 🗺️ Broadcast recibido. Avatares: 1 [Hijo Test(2)] @ https://jimsimrodev.github.io/pequenos-sanos/assets/index-C7AoTPzR.js:82
[  317108ms] [LOG] [WS] 🗺️ Broadcast recibido. Avatares: 1 [Hijo Test(2)] @ https://jimsimrodev.github.io/pequenos-sanos/assets/index-C7AoTPzR.js:82
[  317138ms] [LOG] [WS] 🗺️ Broadcast recibido. Avatares: 1 [Hijo Test(2)] @ https://jimsimrodev.github.io/pequenos-sanos/assets/index-C7AoTPzR.js:82
[  317173ms] [LOG] [WS] 🗺️ Broadcast recibido. Avatares: 1 [Hijo Test(2)] @ https://jimsimrodev.github.io/pequenos-sanos/assets/index-C7AoTPzR.js:82
[  317205ms] [LOG] [WS] 🗺️ Broadcast recibido. Avatares: 1 [Hijo Test(2)] @ https://jimsimrodev.github.io/pequenos-sanos/assets/index-C7AoTPzR.js:82
[  317233ms] [LOG] [WS] 🗺️ Broadcast recibido. Avatares: 1 [Hijo Test(2)] @ https://jimsimrodev.github.io/pequenos-sanos/assets/index-C7AoTPzR.js:82
[  317270ms] [LOG] [WS] 🗺️ Broadcast recibido. Avatares: 1 [Hijo Test(2)] @ https://jimsimrodev.github.io/pequenos-sanos/assets/index-C7AoTPzR.js:82
[  317301ms] [LOG] [WS] 🗺️ Broadcast recibido. Avatares: 1 [Hijo Test(2)] @ https://jimsimrodev.github.io/pequenos-sanos/assets/index-C7AoTPzR.js:82
[  317335ms] [LOG] [WS] 🗺️ Broadcast recibido. Avatares: 1 [Hijo Test(2)] @ https://jimsimrodev.github.io/pequenos-sanos/assets/index-C7AoTPzR.js:82
[  317366ms] [LOG] [WS] 🗺️ Broadcast recibido. Avatares: 1 [Hijo Test(2)] @ https://jimsimrodev.github.io/pequenos-sanos/assets/index-C7AoTPzR.js:82
[  317405ms] [LOG] [WS] 🗺️ Broadcast recibido. Avatares: 1 [Hijo Test(2)] @ https://jimsimrodev.github.io/pequenos-sanos/assets/index-C7AoTPzR.js:82
[  317436ms] [LOG] [WS] 🗺️ Broadcast recibido. Avatares: 1 [Hijo Test(2)] @ https://jimsimrodev.github.io/pequenos-sanos/assets/index-C7AoTPzR.js:82
[  317471ms] [LOG] [WS] 🗺️ Broadcast recibido. Avatares: 1 [Hijo Test(2)] @ https://jimsimrodev.github.io/pequenos-sanos/assets/index-C7AoTPzR.js:82
[  317501ms] [LOG] [WS] 🗺️ Broadcast recibido. Avatares: 1 [Hijo Test(2)] @ https://jimsimrodev.github.io/pequenos-sanos/assets/index-C7AoTPzR.js:82
[  317538ms] [LOG] [WS] 🗺️ Broadcast recibido. Avatares: 1 [Hijo Test(2)] @ https://jimsimrodev.github.io/pequenos-sanos/assets/index-C7AoTPzR.js:82
[  317572ms] [LOG] [WS] 🗺️ Broadcast recibido. Avatares: 1 [Hijo Test(2)] @ https://jimsimrodev.github.io/pequenos-sanos/assets/index-C7AoTPzR.js:82
[  317592ms] [LOG] [WS] 🗺️ Broadcast recibido. Avatares: 1 [Hijo Test(2)] @ https://jimsimrodev.github.io/pequenos-sanos/assets/index-C7AoTPzR.js:82
[  317635ms] [LOG] [WS] 🗺️ Broadcast recibido. Avatares: 1 [Hijo Test(2)] @ https://jimsimrodev.github.io/pequenos-sanos/assets/index-C7AoTPzR.js:82
[  317667ms] [LOG] [WS] 🗺️ Broadcast recibido. Avatares: 1 [Hijo Test(2)] @ https://jimsimrodev.github.io/pequenos-sanos/assets/index-C7AoTPzR.js:82
[  317707ms] [LOG] [WS] 🗺️ Broadcast recibido. Avatares: 1 [Hijo Test(2)] @ https://jimsimrodev.github.io/pequenos-sanos/assets/index-C7AoTPzR.js:82
[  317736ms] [LOG] [WS] 🗺️ Broadcast recibido. Avatares: 1 [Hijo Test(2)] @ https://jimsimrodev.github.io/pequenos-sanos/assets/index-C7AoTPzR.js:82
[  317767ms] [LOG] [WS] 🗺️ Broadcast recibido. Avatares: 1 [Hijo Test(2)] @ https://jimsimrodev.github.io/pequenos-sanos/assets/index-C7AoTPzR.js:82
[  317805ms] [LOG] [WS] 🗺️ Broadcast recibido. Avatares: 1 [Hijo Test(2)] @ https://jimsimrodev.github.io/pequenos-sanos/assets/index-C7AoTPzR.js:82
[  317827ms] [LOG] [WS] 🗺️ Broadcast recibido. Avatares: 1 [Hijo Test(2)] @ https://jimsimrodev.github.io/pequenos-sanos/assets/index-C7AoTPzR.js:82
[  317860ms] [LOG] [WS] 🗺️ Broadcast recibido. Avatares: 1 [Hijo Test(2)] @ https://jimsimrodev.github.io/pequenos-sanos/assets/index-C7AoTPzR.js:82
[  317899ms] [LOG] [WS] 🗺️ Broadcast recibido. Avatares: 1 [Hijo Test(2)] @ https://jimsimrodev.github.io/pequenos-sanos/assets/index-C7AoTPzR.js:82
[  317933ms] [LOG] [WS] 🗺️ Broadcast recibido. Avatares: 1 [Hijo Test(2)] @ https://jimsimrodev.github.io/pequenos-sanos/assets/index-C7AoTPzR.js:82
[  317972ms] [LOG] [WS] 🗺️ Broadcast recibido. Avatares: 1 [Hijo Test(2)] @ https://jimsimrodev.github.io/pequenos-sanos/assets/index-C7AoTPzR.js:82
[  318002ms] [LOG] [WS] 🗺️ Broadcast recibido. Avatares: 1 [Hijo Test(2)] @ https://jimsimrodev.github.io/pequenos-sanos/assets/index-C7AoTPzR.js:82
[  318020ms] [LOG] [WS] 🗺️ Broadcast recibido. Avatares: 1 [Hijo Test(2)] @ https://jimsimrodev.github.io/pequenos-sanos/assets/index-C7AoTPzR.js:82
[  318073ms] [LOG] [WS] 🗺️ Broadcast recibido. Avatares: 1 [Hijo Test(2)] @ https://jimsimrodev.github.io/pequenos-sanos/assets/index-C7AoTPzR.js:82
[  318088ms] [LOG] [WS] 🗺️ Broadcast recibido. Avatares: 1 [Hijo Test(2)] @ https://jimsimrodev.github.io/pequenos-sanos/assets/index-C7AoTPzR.js:82
[  318119ms] [LOG] [WS] 🗺️ Broadcast recibido. Avatares: 1 [Hijo Test(2)] @ https://jimsimrodev.github.io/pequenos-sanos/assets/index-C7AoTPzR.js:82
[  318151ms] [LOG] [WS] 🗺️ Broadcast recibido. Avatares: 1 [Hijo Test(2)] @ https://jimsimrodev.github.io/pequenos-sanos/assets/index-C7AoTPzR.js:82
[  318201ms] [LOG] [WS] 🗺️ Broadcast recibido. Avatares: 1 [Hijo Test(2)] @ https://jimsimrodev.github.io/pequenos-sanos/assets/index-C7AoTPzR.js:82
[  318219ms] [LOG] [WS] 🗺️ Broadcast recibido. Avatares: 1 [Hijo Test(2)] @ https://jimsimrodev.github.io/pequenos-sanos/assets/index-C7AoTPzR.js:82
[  318262ms] [LOG] [WS] 🗺️ Broadcast recibido. Avatares: 1 [Hijo Test(2)] @ https://jimsimrodev.github.io/pequenos-sanos/assets/index-C7AoTPzR.js:82
[  318297ms] [LOG] [WS] 🗺️ Broadcast recibido. Avatares: 1 [Hijo Test(2)] @ https://jimsimrodev.github.io/pequenos-sanos/assets/index-C7AoTPzR.js:82
[  318333ms] [LOG] [WS] 🗺️ Broadcast recibido. Avatares: 1 [Hijo Test(2)] @ https://jimsimrodev.github.io/pequenos-sanos/assets/index-C7AoTPzR.js:82
[  318361ms] [LOG] [WS] 🗺️ Broadcast recibido. Avatares: 1 [Hijo Test(2)] @ https://jimsimrodev.github.io/pequenos-sanos/assets/index-C7AoTPzR.js:82
[  318399ms] [LOG] [WS] 🗺️ Broadcast recibido. Avatares: 1 [Hijo Test(2)] @ https://jimsimrodev.github.io/pequenos-sanos/assets/index-C7AoTPzR.js:82
[  318418ms] [LOG] [WS] 🗺️ Broadcast recibido. Avatares: 1 [Hijo Test(2)] @ https://jimsimrodev.github.io/pequenos-sanos/assets/index-C7AoTPzR.js:82
[  318451ms] [LOG] [WS] 🗺️ Broadcast recibido. Avatares: 1 [Hijo Test(2)] @ https://jimsimrodev.github.io/pequenos-sanos/assets/index-C7AoTPzR.js:82
[  318485ms] [LOG] [WS] 🗺️ Broadcast recibido. Avatares: 1 [Hijo Test(2)] @ https://jimsimrodev.github.io/pequenos-sanos/assets/index-C7AoTPzR.js:82
[  318520ms] [LOG] [WS] 🗺️ Broadcast recibido. Avatares: 1 [Hijo Test(2)] @ https://jimsimrodev.github.io/pequenos-sanos/assets/index-C7AoTPzR.js:82
[  318551ms] [LOG] [WS] 🗺️ Broadcast recibido. Avatares: 1 [Hijo Test(2)] @ https://jimsimrodev.github.io/pequenos-sanos/assets/index-C7AoTPzR.js:82
[  318585ms] [LOG] [WS] 🗺️ Broadcast recibido. Avatares: 1 [Hijo Test(2)] @ https://jimsimrodev.github.io/pequenos-sanos/assets/index-C7AoTPzR.js:82
[  318618ms] [LOG] [WS] 🗺️ Broadcast recibido. Avatares: 1 [Hijo Test(2)] @ https://jimsimrodev.github.io/pequenos-sanos/assets/index-C7AoTPzR.js:82
[  318652ms] [LOG] [WS] 🗺️ Broadcast recibido. Avatares: 1 [Hijo Test(2)] @ https://jimsimrodev.github.io/pequenos-sanos/assets/index-C7AoTPzR.js:82
[  318681ms] [LOG] [WS] 🗺️ Broadcast recibido. Avatares: 1 [Hijo Test(2)] @ https://jimsimrodev.github.io/pequenos-sanos/assets/index-C7AoTPzR.js:82
[  318716ms] [LOG] [WS] 🗺️ Broadcast recibido. Avatares: 1 [Hijo Test(2)] @ https://jimsimrodev.github.io/pequenos-sanos/assets/index-C7AoTPzR.js:82
[  318752ms] [LOG] [WS] 🗺️ Broadcast recibido. Avatares: 1 [Hijo Test(2)] @ https://jimsimrodev.github.io/pequenos-sanos/assets/index-C7AoTPzR.js:82
[  318788ms] [LOG] [WS] 🗺️ Broadcast recibido. Avatares: 1 [Hijo Test(2)] @ https://jimsimrodev.github.io/pequenos-sanos/assets/index-C7AoTPzR.js:82
[  318818ms] [LOG] [WS] 🗺️ Broadcast recibido. Avatares: 1 [Hijo Test(2)] @ https://jimsimrodev.github.io/pequenos-sanos/assets/index-C7AoTPzR.js:82
[  318852ms] [LOG] [WS] 🗺️ Broadcast recibido. Avatares: 1 [Hijo Test(2)] @ https://jimsimrodev.github.io/pequenos-sanos/assets/index-C7AoTPzR.js:82
[  318880ms] [LOG] [WS] 🗺️ Broadcast recibido. Avatares: 1 [Hijo Test(2)] @ https://jimsimrodev.github.io/pequenos-sanos/assets/index-C7AoTPzR.js:82
[  318919ms] [LOG] [WS] 🗺️ Broadcast recibido. Avatares: 1 [Hijo Test(2)] @ https://jimsimrodev.github.io/pequenos-sanos/assets/index-C7AoTPzR.js:82
[  318948ms] [LOG] [WS] 🗺️ Broadcast recibido. Avatares: 1 [Hijo Test(2)] @ https://jimsimrodev.github.io/pequenos-sanos/assets/index-C7AoTPzR.js:82
[  318982ms] [LOG] [WS] 🗺️ Broadcast recibido. Avatares: 1 [Hijo Test(2)] @ https://jimsimrodev.github.io/pequenos-sanos/assets/index-C7AoTPzR.js:82
[  319019ms] [LOG] [WS] 🗺️ Broadcast recibido. Avatares: 1 [Hijo Test(2)] @ https://jimsimrodev.github.io/pequenos-sanos/assets/index-C7AoTPzR.js:82
[  319052ms] [LOG] [WS] 🗺️ Broadcast recibido. Avatares: 1 [Hijo Test(2)] @ https://jimsimrodev.github.io/pequenos-sanos/assets/index-C7AoTPzR.js:82
[  319085ms] [LOG] [WS] 🗺️ Broadcast recibido. Avatares: 1 [Hijo Test(2)] @ https://jimsimrodev.github.io/pequenos-sanos/assets/index-C7AoTPzR.js:82
[  319117ms] [LOG] [WS] 🗺️ Broadcast recibido. Avatares: 1 [Hijo Test(2)] @ https://jimsimrodev.github.io/pequenos-sanos/assets/index-C7AoTPzR.js:82
[  319151ms] [LOG] [WS] 🗺️ Broadcast recibido. Avatares: 1 [Hijo Test(2)] @ https://jimsimrodev.github.io/pequenos-sanos/assets/index-C7AoTPzR.js:82
[  319186ms] [LOG] [WS] 🗺️ Broadcast recibido. Avatares: 1 [Hijo Test(2)] @ https://jimsimrodev.github.io/pequenos-sanos/assets/index-C7AoTPzR.js:82
[  319221ms] [LOG] [WS] 🗺️ Broadcast recibido. Avatares: 1 [Hijo Test(2)] @ https://jimsimrodev.github.io/pequenos-sanos/assets/index-C7AoTPzR.js:82
[  319250ms] [LOG] [WS] 🗺️ Broadcast recibido. Avatares: 1 [Hijo Test(2)] @ https://jimsimrodev.github.io/pequenos-sanos/assets/index-C7AoTPzR.js:82
[  319282ms] [LOG] [WS] 🗺️ Broadcast recibido. Avatares: 1 [Hijo Test(2)] @ https://jimsimrodev.github.io/pequenos-sanos/assets/index-C7AoTPzR.js:82
[  319319ms] [LOG] [WS] 🗺️ Broadcast recibido. Avatares: 1 [Hijo Test(2)] @ https://jimsimrodev.github.io/pequenos-sanos/assets/index-C7AoTPzR.js:82
[  319354ms] [LOG] [WS] 🗺️ Broadcast recibido. Avatares: 1 [Hijo Test(2)] @ https://jimsimrodev.github.io/pequenos-sanos/assets/index-C7AoTPzR.js:82
[  319384ms] [LOG] [WS] 🗺️ Broadcast recibido. Avatares: 1 [Hijo Test(2)] @ https://jimsimrodev.github.io/pequenos-sanos/assets/index-C7AoTPzR.js:82
[  319420ms] [LOG] [WS] 🗺️ Broadcast recibido. Avatares: 1 [Hijo Test(2)] @ https://jimsimrodev.github.io/pequenos-sanos/assets/index-C7AoTPzR.js:82
[  319451ms] [LOG] [WS] 🗺️ Broadcast recibido. Avatares: 1 [Hijo Test(2)] @ https://jimsimrodev.github.io/pequenos-sanos/assets/index-C7AoTPzR.js:82
[  319486ms] [LOG] [WS] 🗺️ Broadcast recibido. Avatares: 1 [Hijo Test(2)] @ https://jimsimrodev.github.io/pequenos-sanos/assets/index-C7AoTPzR.js:82
[  319506ms] [LOG] [WS] 🗺️ Broadcast recibido. Avatares: 1 [Hijo Test(2)] @ https://jimsimrodev.github.io/pequenos-sanos/assets/index-C7AoTPzR.js:82
[  319551ms] [LOG] [WS] 🗺️ Broadcast recibido. Avatares: 1 [Hijo Test(2)] @ https://jimsimrodev.github.io/pequenos-sanos/assets/index-C7AoTPzR.js:82
[  319585ms] [LOG] [WS] 🗺️ Broadcast recibido. Avatares: 1 [Hijo Test(2)] @ https://jimsimrodev.github.io/pequenos-sanos/assets/index-C7AoTPzR.js:82
[  319620ms] [LOG] [WS] 🗺️ Broadcast recibido. Avatares: 1 [Hijo Test(2)] @ https://jimsimrodev.github.io/pequenos-sanos/assets/index-C7AoTPzR.js:82
[  319653ms] [LOG] [WS] 🗺️ Broadcast recibido. Avatares: 1 [Hijo Test(2)] @ https://jimsimrodev.github.io/pequenos-sanos/assets/index-C7AoTPzR.js:82
[  319670ms] [LOG] [WS] 🗺️ Broadcast recibido. Avatares: 1 [Hijo Test(2)] @ https://jimsimrodev.github.io/pequenos-sanos/assets/index-C7AoTPzR.js:82
[  319705ms] [LOG] [WS] 🗺️ Broadcast recibido. Avatares: 1 [Hijo Test(2)] @ https://jimsimrodev.github.io/pequenos-sanos/assets/index-C7AoTPzR.js:82
[  319737ms] [LOG] [WS] 🗺️ Broadcast recibido. Avatares: 1 [Hijo Test(2)] @ https://jimsimrodev.github.io/pequenos-sanos/assets/index-C7AoTPzR.js:82
[  319779ms] [LOG] [WS] 🗺️ Broadcast recibido. Avatares: 1 [Hijo Test(2)] @ https://jimsimrodev.github.io/pequenos-sanos/assets/index-C7AoTPzR.js:82
[  319815ms] [LOG] [WS] 🗺️ Broadcast recibido. Avatares: 1 [Hijo Test(2)] @ https://jimsimrodev.github.io/pequenos-sanos/assets/index-C7AoTPzR.js:82
[  319853ms] [LOG] [WS] 🗺️ Broadcast recibido. Avatares: 1 [Hijo Test(2)] @ https://jimsimrodev.github.io/pequenos-sanos/assets/index-C7AoTPzR.js:82
[  319869ms] [LOG] [WS] 🗺️ Broadcast recibido. Avatares: 1 [Hijo Test(2)] @ https://jimsimrodev.github.io/pequenos-sanos/assets/index-C7AoTPzR.js:82
[  319903ms] [LOG] [WS] 🗺️ Broadcast recibido. Avatares: 1 [Hijo Test(2)] @ https://jimsimrodev.github.io/pequenos-sanos/assets/index-C7AoTPzR.js:82
[  319934ms] [LOG] [WS] 🗺️ Broadcast recibido. Avatares: 1 [Hijo Test(2)] @ https://jimsimrodev.github.io/pequenos-sanos/assets/index-C7AoTPzR.js:82
[  319968ms] [LOG] [WS] 🗺️ Broadcast recibido. Avatares: 1 [Hijo Test(2)] @ https://jimsimrodev.github.io/pequenos-sanos/assets/index-C7AoTPzR.js:82
[  320000ms] [LOG] [WS] 🗺️ Broadcast recibido. Avatares: 1 [Hijo Test(2)] @ https://jimsimrodev.github.io/pequenos-sanos/assets/index-C7AoTPzR.js:82
[  320053ms] [LOG] [WS] 🗺️ Broadcast recibido. Avatares: 1 [Hijo Test(2)] @ https://jimsimrodev.github.io/pequenos-sanos/assets/index-C7AoTPzR.js:82
[  320068ms] [LOG] [WS] 🗺️ Broadcast recibido. Avatares: 1 [Hijo Test(2)] @ https://jimsimrodev.github.io/pequenos-sanos/assets/index-C7AoTPzR.js:82
[  320104ms] [LOG] [WS] 🗺️ Broadcast recibido. Avatares: 1 [Hijo Test(2)] @ https://jimsimrodev.github.io/pequenos-sanos/assets/index-C7AoTPzR.js:82
[  320134ms] [LOG] [WS] 🗺️ Broadcast recibido. Avatares: 1 [Hijo Test(2)] @ https://jimsimrodev.github.io/pequenos-sanos/assets/index-C7AoTPzR.js:82
[  320171ms] [LOG] [WS] 🗺️ Broadcast recibido. Avatares: 1 [Hijo Test(2)] @ https://jimsimrodev.github.io/pequenos-sanos/assets/index-C7AoTPzR.js:82
[  320211ms] [LOG] [WS] 🗺️ Broadcast recibido. Avatares: 1 [Hijo Test(2)] @ https://jimsimrodev.github.io/pequenos-sanos/assets/index-C7AoTPzR.js:82
[  320237ms] [LOG] [WS] 🗺️ Broadcast recibido. Avatares: 1 [Hijo Test(2)] @ https://jimsimrodev.github.io/pequenos-sanos/assets/index-C7AoTPzR.js:82
[  320267ms] [LOG] [WS] 🗺️ Broadcast recibido. Avatares: 1 [Hijo Test(2)] @ https://jimsimrodev.github.io/pequenos-sanos/assets/index-C7AoTPzR.js:82
[  320304ms] [LOG] [WS] 🗺️ Broadcast recibido. Avatares: 1 [Hijo Test(2)] @ https://jimsimrodev.github.io/pequenos-sanos/assets/index-C7AoTPzR.js:82
[  320333ms] [LOG] [WS] 🗺️ Broadcast recibido. Avatares: 1 [Hijo Test(2)] @ https://jimsimrodev.github.io/pequenos-sanos/assets/index-C7AoTPzR.js:82
[  320367ms] [LOG] [WS] 🗺️ Broadcast recibido. Avatares: 1 [Hijo Test(2)] @ https://jimsimrodev.github.io/pequenos-sanos/assets/index-C7AoTPzR.js:82
[  320400ms] [LOG] [WS] 🗺️ Broadcast recibido. Avatares: 1 [Hijo Test(2)] @ https://jimsimrodev.github.io/pequenos-sanos/assets/index-C7AoTPzR.js:82
[  320433ms] [LOG] [WS] 🗺️ Broadcast recibido. Avatares: 1 [Hijo Test(2)] @ https://jimsimrodev.github.io/pequenos-sanos/assets/index-C7AoTPzR.js:82
[  320470ms] [LOG] [WS] 🗺️ Broadcast recibido. Avatares: 1 [Hijo Test(2)] @ https://jimsimrodev.github.io/pequenos-sanos/assets/index-C7AoTPzR.js:82
[  320502ms] [LOG] [WS] 🗺️ Broadcast recibido. Avatares: 1 [Hijo Test(2)] @ https://jimsimrodev.github.io/pequenos-sanos/assets/index-C7AoTPzR.js:82
[  320533ms] [LOG] [WS] 🗺️ Broadcast recibido. Avatares: 1 [Hijo Test(2)] @ https://jimsimrodev.github.io/pequenos-sanos/assets/index-C7AoTPzR.js:82
[  320565ms] [LOG] [WS] 🗺️ Broadcast recibido. Avatares: 1 [Hijo Test(2)] @ https://jimsimrodev.github.io/pequenos-sanos/assets/index-C7AoTPzR.js:82
[  320600ms] [LOG] [WS] 🗺️ Broadcast recibido. Avatares: 1 [Hijo Test(2)] @ https://jimsimrodev.github.io/pequenos-sanos/assets/index-C7AoTPzR.js:82
[  320632ms] [LOG] [WS] 🗺️ Broadcast recibido. Avatares: 1 [Hijo Test(2)] @ https://jimsimrodev.github.io/pequenos-sanos/assets/index-C7AoTPzR.js:82
[  320666ms] [LOG] [WS] 🗺️ Broadcast recibido. Avatares: 1 [Hijo Test(2)] @ https://jimsimrodev.github.io/pequenos-sanos/assets/index-C7AoTPzR.js:82
[  320699ms] [LOG] [WS] 🗺️ Broadcast recibido. Avatares: 1 [Hijo Test(2)] @ https://jimsimrodev.github.io/pequenos-sanos/assets/index-C7AoTPzR.js:82
[  320731ms] [LOG] [WS] 🗺️ Broadcast recibido. Avatares: 1 [Hijo Test(2)] @ https://jimsimrodev.github.io/pequenos-sanos/assets/index-C7AoTPzR.js:82
[  320766ms] [LOG] [WS] 🗺️ Broadcast recibido. Avatares: 1 [Hijo Test(2)] @ https://jimsimrodev.github.io/pequenos-sanos/assets/index-C7AoTPzR.js:82
[  320809ms] [LOG] [WS] 🗺️ Broadcast recibido. Avatares: 1 [Hijo Test(2)] @ https://jimsimrodev.github.io/pequenos-sanos/assets/index-C7AoTPzR.js:82
[  320827ms] [LOG] [WS] 🗺️ Broadcast recibido. Avatares: 1 [Hijo Test(2)] @ https://jimsimrodev.github.io/pequenos-sanos/assets/index-C7AoTPzR.js:82
[  320878ms] [LOG] [WS] 🗺️ Broadcast recibido. Avatares: 1 [Hijo Test(2)] @ https://jimsimrodev.github.io/pequenos-sanos/assets/index-C7AoTPzR.js:82
[  320892ms] [LOG] [WS] 🗺️ Broadcast recibido. Avatares: 1 [Hijo Test(2)] @ https://jimsimrodev.github.io/pequenos-sanos/assets/index-C7AoTPzR.js:82
[  320925ms] [LOG] [WS] 🗺️ Broadcast recibido. Avatares: 1 [Hijo Test(2)] @ https://jimsimrodev.github.io/pequenos-sanos/assets/index-C7AoTPzR.js:82
[  320972ms] [LOG] [WS] 🗺️ Broadcast recibido. Avatares: 1 [Hijo Test(2)] @ https://jimsimrodev.github.io/pequenos-sanos/assets/index-C7AoTPzR.js:82
[  321003ms] [LOG] [WS] 🗺️ Broadcast recibido. Avatares: 1 [Hijo Test(2)] @ https://jimsimrodev.github.io/pequenos-sanos/assets/index-C7AoTPzR.js:82
[  321038ms] [LOG] [WS] 🗺️ Broadcast recibido. Avatares: 1 [Hijo Test(2)] @ https://jimsimrodev.github.io/pequenos-sanos/assets/index-C7AoTPzR.js:82
[  321069ms] [LOG] [WS] 🗺️ Broadcast recibido. Avatares: 1 [Hijo Test(2)] @ https://jimsimrodev.github.io/pequenos-sanos/assets/index-C7AoTPzR.js:82
[  321102ms] [LOG] [WS] 🗺️ Broadcast recibido. Avatares: 1 [Hijo Test(2)] @ https://jimsimrodev.github.io/pequenos-sanos/assets/index-C7AoTPzR.js:82
[  321134ms] [LOG] [WS] 🗺️ Broadcast recibido. Avatares: 1 [Hijo Test(2)] @ https://jimsimrodev.github.io/pequenos-sanos/assets/index-C7AoTPzR.js:82
[  321166ms] [LOG] [WS] 🗺️ Broadcast recibido. Avatares: 1 [Hijo Test(2)] @ https://jimsimrodev.github.io/pequenos-sanos/assets/index-C7AoTPzR.js:82
[  321200ms] [LOG] [WS] 🗺️ Broadcast recibido. Avatares: 1 [Hijo Test(2)] @ https://jimsimrodev.github.io/pequenos-sanos/assets/index-C7AoTPzR.js:82
[  321238ms] [LOG] [WS] 🗺️ Broadcast recibido. Avatares: 1 [Hijo Test(2)] @ https://jimsimrodev.github.io/pequenos-sanos/assets/index-C7AoTPzR.js:82
[  321262ms] [LOG] [WS] 🗺️ Broadcast recibido. Avatares: 1 [Hijo Test(2)] @ https://jimsimrodev.github.io/pequenos-sanos/assets/index-C7AoTPzR.js:82
[  321294ms] [LOG] [WS] 🗺️ Broadcast recibido. Avatares: 1 [Hijo Test(2)] @ https://jimsimrodev.github.io/pequenos-sanos/assets/index-C7AoTPzR.js:82
[  321325ms] [LOG] [WS] 🗺️ Broadcast recibido. Avatares: 1 [Hijo Test(2)] @ https://jimsimrodev.github.io/pequenos-sanos/assets/index-C7AoTPzR.js:82
[  321370ms] [LOG] [WS] 🗺️ Broadcast recibido. Avatares: 1 [Hijo Test(2)] @ https://jimsimrodev.github.io/pequenos-sanos/assets/index-C7AoTPzR.js:82
[  321387ms] [LOG] [WS] 🗺️ Broadcast recibido. Avatares: 1 [Hijo Test(2)] @ https://jimsimrodev.github.io/pequenos-sanos/assets/index-C7AoTPzR.js:82
[  321435ms] [LOG] [WS] 🗺️ Broadcast recibido. Avatares: 1 [Hijo Test(2)] @ https://jimsimrodev.github.io/pequenos-sanos/assets/index-C7AoTPzR.js:82
[  321468ms] [LOG] [WS] 🗺️ Broadcast recibido. Avatares: 1 [Hijo Test(2)] @ https://jimsimrodev.github.io/pequenos-sanos/assets/index-C7AoTPzR.js:82
[  321486ms] [LOG] [WS] 🗺️ Broadcast recibido. Avatares: 1 [Hijo Test(2)] @ https://jimsimrodev.github.io/pequenos-sanos/assets/index-C7AoTPzR.js:82
[  321523ms] [LOG] [WS] 🗺️ Broadcast recibido. Avatares: 1 [Hijo Test(2)] @ https://jimsimrodev.github.io/pequenos-sanos/assets/index-C7AoTPzR.js:82
[  321553ms] [LOG] [WS] 🗺️ Broadcast recibido. Avatares: 1 [Hijo Test(2)] @ https://jimsimrodev.github.io/pequenos-sanos/assets/index-C7AoTPzR.js:82
[  321589ms] [LOG] [WS] 🗺️ Broadcast recibido. Avatares: 1 [Hijo Test(2)] @ https://jimsimrodev.github.io/pequenos-sanos/assets/index-C7AoTPzR.js:82
[  321624ms] [LOG] [WS] 🗺️ Broadcast recibido. Avatares: 1 [Hijo Test(2)] @ https://jimsimrodev.github.io/pequenos-sanos/assets/index-C7AoTPzR.js:82
[  321654ms] [LOG] [WS] 🗺️ Broadcast recibido. Avatares: 1 [Hijo Test(2)] @ https://jimsimrodev.github.io/pequenos-sanos/assets/index-C7AoTPzR.js:82
[  321688ms] [LOG] [WS] 🗺️ Broadcast recibido. Avatares: 1 [Hijo Test(2)] @ https://jimsimrodev.github.io/pequenos-sanos/assets/index-C7AoTPzR.js:82
[  321723ms] [LOG] [WS] 🗺️ Broadcast recibido. Avatares: 1 [Hijo Test(2)] @ https://jimsimrodev.github.io/pequenos-sanos/assets/index-C7AoTPzR.js:82
[  321758ms] [LOG] [WS] 🗺️ Broadcast recibido. Avatares: 1 [Hijo Test(2)] @ https://jimsimrodev.github.io/pequenos-sanos/assets/index-C7AoTPzR.js:82
[  321789ms] [LOG] [WS] 🗺️ Broadcast recibido. Avatares: 1 [Hijo Test(2)] @ https://jimsimrodev.github.io/pequenos-sanos/assets/index-C7AoTPzR.js:82
[  321820ms] [LOG] [WS] 🗺️ Broadcast recibido. Avatares: 1 [Hijo Test(2)] @ https://jimsimrodev.github.io/pequenos-sanos/assets/index-C7AoTPzR.js:82
[  321865ms] [LOG] [WS] 🗺️ Broadcast recibido. Avatares: 1 [Hijo Test(2)] @ https://jimsimrodev.github.io/pequenos-sanos/assets/index-C7AoTPzR.js:82
[  321890ms] [LOG] [WS] 🗺️ Broadcast recibido. Avatares: 1 [Hijo Test(2)] @ https://jimsimrodev.github.io/pequenos-sanos/assets/index-C7AoTPzR.js:82
[  321923ms] [LOG] [WS] 🗺️ Broadcast recibido. Avatares: 1 [Hijo Test(2)] @ https://jimsimrodev.github.io/pequenos-sanos/assets/index-C7AoTPzR.js:82
[  321951ms] [LOG] [WS] 🗺️ Broadcast recibido. Avatares: 1 [Hijo Test(2)] @ https://jimsimrodev.github.io/pequenos-sanos/assets/index-C7AoTPzR.js:82
[  321983ms] [LOG] [WS] 🗺️ Broadcast recibido. Avatares: 1 [Hijo Test(2)] @ https://jimsimrodev.github.io/pequenos-sanos/assets/index-C7AoTPzR.js:82
[  322028ms] [LOG] [WS] 🗺️ Broadcast recibido. Avatares: 1 [Hijo Test(2)] @ https://jimsimrodev.github.io/pequenos-sanos/assets/index-C7AoTPzR.js:82
[  322056ms] [LOG] [WS] 🗺️ Broadcast recibido. Avatares: 1 [Hijo Test(2)] @ https://jimsimrodev.github.io/pequenos-sanos/assets/index-C7AoTPzR.js:82
[  322090ms] [LOG] [WS] 🗺️ Broadcast recibido. Avatares: 1 [Hijo Test(2)] @ https://jimsimrodev.github.io/pequenos-sanos/assets/index-C7AoTPzR.js:82
[  322115ms] [LOG] [WS] 🗺️ Broadcast recibido. Avatares: 1 [Hijo Test(2)] @ https://jimsimrodev.github.io/pequenos-sanos/assets/index-C7AoTPzR.js:82
[  322150ms] [LOG] [WS] 🗺️ Broadcast recibido. Avatares: 1 [Hijo Test(2)] @ https://jimsimrodev.github.io/pequenos-sanos/assets/index-C7AoTPzR.js:82
[  322185ms] [LOG] [WS] 🗺️ Broadcast recibido. Avatares: 1 [Hijo Test(2)] @ https://jimsimrodev.github.io/pequenos-sanos/assets/index-C7AoTPzR.js:82
[  322218ms] [LOG] [WS] 🗺️ Broadcast recibido. Avatares: 1 [Hijo Test(2)] @ https://jimsimrodev.github.io/pequenos-sanos/assets/index-C7AoTPzR.js:82
[  322247ms] [LOG] [WS] 🗺️ Broadcast recibido. Avatares: 1 [Hijo Test(2)] @ https://jimsimrodev.github.io/pequenos-sanos/assets/index-C7AoTPzR.js:82
[  322282ms] [LOG] [WS] 🗺️ Broadcast recibido. Avatares: 1 [Hijo Test(2)] @ https://jimsimrodev.github.io/pequenos-sanos/assets/index-C7AoTPzR.js:82
[  322317ms] [LOG] [WS] 🗺️ Broadcast recibido. Avatares: 1 [Hijo Test(2)] @ https://jimsimrodev.github.io/pequenos-sanos/assets/index-C7AoTPzR.js:82
[  322355ms] [LOG] [WS] 🗺️ Broadcast recibido. Avatares: 1 [Hijo Test(2)] @ https://jimsimrodev.github.io/pequenos-sanos/assets/index-C7AoTPzR.js:82
[  322390ms] [LOG] [WS] 🗺️ Broadcast recibido. Avatares: 1 [Hijo Test(2)] @ https://jimsimrodev.github.io/pequenos-sanos/assets/index-C7AoTPzR.js:82
[  322423ms] [LOG] [WS] 🗺️ Broadcast recibido. Avatares: 1 [Hijo Test(2)] @ https://jimsimrodev.github.io/pequenos-sanos/assets/index-C7AoTPzR.js:82
[  322453ms] [LOG] [WS] 🗺️ Broadcast recibido. Avatares: 1 [Hijo Test(2)] @ https://jimsimrodev.github.io/pequenos-sanos/assets/index-C7AoTPzR.js:82
[  322486ms] [LOG] [WS] 🗺️ Broadcast recibido. Avatares: 1 [Hijo Test(2)] @ https://jimsimrodev.github.io/pequenos-sanos/assets/index-C7AoTPzR.js:82
[  322518ms] [LOG] [WS] 🗺️ Broadcast recibido. Avatares: 1 [Hijo Test(2)] @ https://jimsimrodev.github.io/pequenos-sanos/assets/index-C7AoTPzR.js:82
[  322552ms] [LOG] [WS] 🗺️ Broadcast recibido. Avatares: 1 [Hijo Test(2)] @ https://jimsimrodev.github.io/pequenos-sanos/assets/index-C7AoTPzR.js:82
[  322587ms] [LOG] [WS] 🗺️ Broadcast recibido. Avatares: 1 [Hijo Test(2)] @ https://jimsimrodev.github.io/pequenos-sanos/assets/index-C7AoTPzR.js:82
[  322620ms] [LOG] [WS] 🗺️ Broadcast recibido. Avatares: 1 [Hijo Test(2)] @ https://jimsimrodev.github.io/pequenos-sanos/assets/index-C7AoTPzR.js:82
[  322649ms] [LOG] [WS] 🗺️ Broadcast recibido. Avatares: 1 [Hijo Test(2)] @ https://jimsimrodev.github.io/pequenos-sanos/assets/index-C7AoTPzR.js:82
[  322684ms] [LOG] [WS] 🗺️ Broadcast recibido. Avatares: 1 [Hijo Test(2)] @ https://jimsimrodev.github.io/pequenos-sanos/assets/index-C7AoTPzR.js:82
[  322719ms] [LOG] [WS] 🗺️ Broadcast recibido. Avatares: 1 [Hijo Test(2)] @ https://jimsimrodev.github.io/pequenos-sanos/assets/index-C7AoTPzR.js:82
[  322749ms] [LOG] [WS] 🗺️ Broadcast recibido. Avatares: 1 [Hijo Test(2)] @ https://jimsimrodev.github.io/pequenos-sanos/assets/index-C7AoTPzR.js:82
[  322787ms] [LOG] [WS] 🗺️ Broadcast recibido. Avatares: 1 [Hijo Test(2)] @ https://jimsimrodev.github.io/pequenos-sanos/assets/index-C7AoTPzR.js:82
[  322817ms] [LOG] [WS] 🗺️ Broadcast recibido. Avatares: 1 [Hijo Test(2)] @ https://jimsimrodev.github.io/pequenos-sanos/assets/index-C7AoTPzR.js:82
[  322851ms] [LOG] [WS] 🗺️ Broadcast recibido. Avatares: 1 [Hijo Test(2)] @ https://jimsimrodev.github.io/pequenos-sanos/assets/index-C7AoTPzR.js:82
[  322885ms] [LOG] [WS] 🗺️ Broadcast recibido. Avatares: 1 [Hijo Test(2)] @ https://jimsimrodev.github.io/pequenos-sanos/assets/index-C7AoTPzR.js:82
[  322917ms] [LOG] [WS] 🗺️ Broadcast recibido. Avatares: 1 [Hijo Test(2)] @ https://jimsimrodev.github.io/pequenos-sanos/assets/index-C7AoTPzR.js:82
[  322954ms] [LOG] [WS] 🗺️ Broadcast recibido. Avatares: 1 [Hijo Test(2)] @ https://jimsimrodev.github.io/pequenos-sanos/assets/index-C7AoTPzR.js:82
[  322974ms] [LOG] [WS] 🗺️ Broadcast recibido. Avatares: 1 [Hijo Test(2)] @ https://jimsimrodev.github.io/pequenos-sanos/assets/index-C7AoTPzR.js:82
[  323016ms] [LOG] [WS] 🗺️ Broadcast recibido. Avatares: 1 [Hijo Test(2)] @ https://jimsimrodev.github.io/pequenos-sanos/assets/index-C7AoTPzR.js:82
[  323036ms] [LOG] [WS] 🗺️ Broadcast recibido. Avatares: 1 [Hijo Test(2)] @ https://jimsimrodev.github.io/pequenos-sanos/assets/index-C7AoTPzR.js:82
[  323083ms] [LOG] [WS] 🗺️ Broadcast recibido. Avatares: 1 [Hijo Test(2)] @ https://jimsimrodev.github.io/pequenos-sanos/assets/index-C7AoTPzR.js:82
[  323101ms] [LOG] [WS] 🗺️ Broadcast recibido. Avatares: 1 [Hijo Test(2)] @ https://jimsimrodev.github.io/pequenos-sanos/assets/index-C7AoTPzR.js:82
[  323149ms] [LOG] [WS] 🗺️ Broadcast recibido. Avatares: 1 [Hijo Test(2)] @ https://jimsimrodev.github.io/pequenos-sanos/assets/index-C7AoTPzR.js:82
[  323182ms] [LOG] [WS] 🗺️ Broadcast recibido. Avatares: 1 [Hijo Test(2)] @ https://jimsimrodev.github.io/pequenos-sanos/assets/index-C7AoTPzR.js:82
[  323202ms] [LOG] [WS] 🗺️ Broadcast recibido. Avatares: 1 [Hijo Test(2)] @ https://jimsimrodev.github.io/pequenos-sanos/assets/index-C7AoTPzR.js:82
[  323235ms] [LOG] [WS] 🗺️ Broadcast recibido. Avatares: 1 [Hijo Test(2)] @ https://jimsimrodev.github.io/pequenos-sanos/assets/index-C7AoTPzR.js:82
[  323281ms] [LOG] [WS] 🗺️ Broadcast recibido. Avatares: 1 [Hijo Test(2)] @ https://jimsimrodev.github.io/pequenos-sanos/assets/index-C7AoTPzR.js:82
[  323313ms] [LOG] [WS] 🗺️ Broadcast recibido. Avatares: 1 [Hijo Test(2)] @ https://jimsimrodev.github.io/pequenos-sanos/assets/index-C7AoTPzR.js:82
[  323336ms] [LOG] [WS] 🗺️ Broadcast recibido. Avatares: 1 [Hijo Test(2)] @ https://jimsimrodev.github.io/pequenos-sanos/assets/index-C7AoTPzR.js:82
[  323366ms] [LOG] [WS] 🗺️ Broadcast recibido. Avatares: 1 [Hijo Test(2)] @ https://jimsimrodev.github.io/pequenos-sanos/assets/index-C7AoTPzR.js:82
[  323398ms] [LOG] [WS] 🗺️ Broadcast recibido. Avatares: 1 [Hijo Test(2)] @ https://jimsimrodev.github.io/pequenos-sanos/assets/index-C7AoTPzR.js:82
[  323434ms] [LOG] [WS] 🗺️ Broadcast recibido. Avatares: 1 [Hijo Test(2)] @ https://jimsimrodev.github.io/pequenos-sanos/assets/index-C7AoTPzR.js:82
[  323468ms] [LOG] [WS] 🗺️ Broadcast recibido. Avatares: 1 [Hijo Test(2)] @ https://jimsimrodev.github.io/pequenos-sanos/assets/index-C7AoTPzR.js:82
[  323499ms] [LOG] [WS] 🗺️ Broadcast recibido. Avatares: 1 [Hijo Test(2)] @ https://jimsimrodev.github.io/pequenos-sanos/assets/index-C7AoTPzR.js:82
[  323539ms] [LOG] [WS] 🗺️ Broadcast recibido. Avatares: 1 [Hijo Test(2)] @ https://jimsimrodev.github.io/pequenos-sanos/assets/index-C7AoTPzR.js:82
[  323566ms] [LOG] [WS] 🗺️ Broadcast recibido. Avatares: 1 [Hijo Test(2)] @ https://jimsimrodev.github.io/pequenos-sanos/assets/index-C7AoTPzR.js:82
[  323598ms] [LOG] [WS] 🗺️ Broadcast recibido. Avatares: 1 [Hijo Test(2)] @ https://jimsimrodev.github.io/pequenos-sanos/assets/index-C7AoTPzR.js:82
[  323631ms] [LOG] [WS] 🗺️ Broadcast recibido. Avatares: 1 [Hijo Test(2)] @ https://jimsimrodev.github.io/pequenos-sanos/assets/index-C7AoTPzR.js:82
[  323669ms] [LOG] [WS] 🗺️ Broadcast recibido. Avatares: 1 [Hijo Test(2)] @ https://jimsimrodev.github.io/pequenos-sanos/assets/index-C7AoTPzR.js:82
[  323701ms] [LOG] [WS] 🗺️ Broadcast recibido. Avatares: 1 [Hijo Test(2)] @ https://jimsimrodev.github.io/pequenos-sanos/assets/index-C7AoTPzR.js:82
[  323734ms] [LOG] [WS] 🗺️ Broadcast recibido. Avatares: 1 [Hijo Test(2)] @ https://jimsimrodev.github.io/pequenos-sanos/assets/index-C7AoTPzR.js:82
[  323766ms] [LOG] [WS] 🗺️ Broadcast recibido. Avatares: 1 [Hijo Test(2)] @ https://jimsimrodev.github.io/pequenos-sanos/assets/index-C7AoTPzR.js:82
[  323804ms] [LOG] [WS] 🗺️ Broadcast recibido. Avatares: 1 [Hijo Test(2)] @ https://jimsimrodev.github.io/pequenos-sanos/assets/index-C7AoTPzR.js:82
[  323835ms] [LOG] [WS] 🗺️ Broadcast recibido. Avatares: 1 [Hijo Test(2)] @ https://jimsimrodev.github.io/pequenos-sanos/assets/index-C7AoTPzR.js:82
[  323866ms] [LOG] [WS] 🗺️ Broadcast recibido. Avatares: 1 [Hijo Test(2)] @ https://jimsimrodev.github.io/pequenos-sanos/assets/index-C7AoTPzR.js:82
[  323901ms] [LOG] [WS] 🗺️ Broadcast recibido. Avatares: 1 [Hijo Test(2)] @ https://jimsimrodev.github.io/pequenos-sanos/assets/index-C7AoTPzR.js:82
[  323934ms] [LOG] [WS] 🗺️ Broadcast recibido. Avatares: 1 [Hijo Test(2)] @ https://jimsimrodev.github.io/pequenos-sanos/assets/index-C7AoTPzR.js:82
[  323966ms] [LOG] [WS] 🗺️ Broadcast recibido. Avatares: 1 [Hijo Test(2)] @ https://jimsimrodev.github.io/pequenos-sanos/assets/index-C7AoTPzR.js:82
[  324009ms] [LOG] [WS] 🗺️ Broadcast recibido. Avatares: 1 [Hijo Test(2)] @ https://jimsimrodev.github.io/pequenos-sanos/assets/index-C7AoTPzR.js:82
[  324042ms] [LOG] [WS] 🗺️ Broadcast recibido. Avatares: 1 [Hijo Test(2)] @ https://jimsimrodev.github.io/pequenos-sanos/assets/index-C7AoTPzR.js:82
[  324071ms] [LOG] [WS] 🗺️ Broadcast recibido. Avatares: 1 [Hijo Test(2)] @ https://jimsimrodev.github.io/pequenos-sanos/assets/index-C7AoTPzR.js:82
[  324102ms] [LOG] [WS] 🗺️ Broadcast recibido. Avatares: 1 [Hijo Test(2)] @ https://jimsimrodev.github.io/pequenos-sanos/assets/index-C7AoTPzR.js:82
[  324137ms] [LOG] [WS] 🗺️ Broadcast recibido. Avatares: 1 [Hijo Test(2)] @ https://jimsimrodev.github.io/pequenos-sanos/assets/index-C7AoTPzR.js:82
[  324173ms] [LOG] [WS] 🗺️ Broadcast recibido. Avatares: 1 [Hijo Test(2)] @ https://jimsimrodev.github.io/pequenos-sanos/assets/index-C7AoTPzR.js:82
[  324201ms] [LOG] [WS] 🗺️ Broadcast recibido. Avatares: 1 [Hijo Test(2)] @ https://jimsimrodev.github.io/pequenos-sanos/assets/index-C7AoTPzR.js:82
[  324236ms] [LOG] [WS] 🗺️ Broadcast recibido. Avatares: 1 [Hijo Test(2)] @ https://jimsimrodev.github.io/pequenos-sanos/assets/index-C7AoTPzR.js:82
[  324265ms] [LOG] [WS] 🗺️ Broadcast recibido. Avatares: 1 [Hijo Test(2)] @ https://jimsimrodev.github.io/pequenos-sanos/assets/index-C7AoTPzR.js:82
[  324300ms] [LOG] [WS] 🗺️ Broadcast recibido. Avatares: 1 [Hijo Test(2)] @ https://jimsimrodev.github.io/pequenos-sanos/assets/index-C7AoTPzR.js:82
[  324334ms] [LOG] [WS] 🗺️ Broadcast recibido. Avatares: 1 [Hijo Test(2)] @ https://jimsimrodev.github.io/pequenos-sanos/assets/index-C7AoTPzR.js:82
[  324366ms] [LOG] [WS] 🗺️ Broadcast recibido. Avatares: 1 [Hijo Test(2)] @ https://jimsimrodev.github.io/pequenos-sanos/assets/index-C7AoTPzR.js:82
[  324399ms] [LOG] [WS] 🗺️ Broadcast recibido. Avatares: 1 [Hijo Test(2)] @ https://jimsimrodev.github.io/pequenos-sanos/assets/index-C7AoTPzR.js:82
[  324436ms] [LOG] [WS] 🗺️ Broadcast recibido. Avatares: 1 [Hijo Test(2)] @ https://jimsimrodev.github.io/pequenos-sanos/assets/index-C7AoTPzR.js:82
[  324471ms] [LOG] [WS] 🗺️ Broadcast recibido. Avatares: 1 [Hijo Test(2)] @ https://jimsimrodev.github.io/pequenos-sanos/assets/index-C7AoTPzR.js:82
[  324504ms] [LOG] [WS] 🗺️ Broadcast recibido. Avatares: 1 [Hijo Test(2)] @ https://jimsimrodev.github.io/pequenos-sanos/assets/index-C7AoTPzR.js:82
[  324521ms] [LOG] [WS] 🗺️ Broadcast recibido. Avatares: 1 [Hijo Test(2)] @ https://jimsimrodev.github.io/pequenos-sanos/assets/index-C7AoTPzR.js:82
[  324567ms] [LOG] [WS] 🗺️ Broadcast recibido. Avatares: 1 [Hijo Test(2)] @ https://jimsimrodev.github.io/pequenos-sanos/assets/index-C7AoTPzR.js:82
[  324598ms] [LOG] [WS] 🗺️ Broadcast recibido. Avatares: 1 [Hijo Test(2)] @ https://jimsimrodev.github.io/pequenos-sanos/assets/index-C7AoTPzR.js:82
[  324630ms] [LOG] [WS] 🗺️ Broadcast recibido. Avatares: 1 [Hijo Test(2)] @ https://jimsimrodev.github.io/pequenos-sanos/assets/index-C7AoTPzR.js:82
[  324667ms] [LOG] [WS] 🗺️ Broadcast recibido. Avatares: 1 [Hijo Test(2)] @ https://jimsimrodev.github.io/pequenos-sanos/assets/index-C7AoTPzR.js:82
[  324703ms] [LOG] [WS] 🗺️ Broadcast recibido. Avatares: 1 [Hijo Test(2)] @ https://jimsimrodev.github.io/pequenos-sanos/assets/index-C7AoTPzR.js:82
[  324723ms] [LOG] [WS] 🗺️ Broadcast recibido. Avatares: 1 [Hijo Test(2)] @ https://jimsimrodev.github.io/pequenos-sanos/assets/index-C7AoTPzR.js:82
[  324756ms] [LOG] [WS] 🗺️ Broadcast recibido. Avatares: 1 [Hijo Test(2)] @ https://jimsimrodev.github.io/pequenos-sanos/assets/index-C7AoTPzR.js:82
[  324800ms] [LOG] [WS] 🗺️ Broadcast recibido. Avatares: 1 [Hijo Test(2)] @ https://jimsimrodev.github.io/pequenos-sanos/assets/index-C7AoTPzR.js:82
[  324837ms] [LOG] [WS] 🗺️ Broadcast recibido. Avatares: 1 [Hijo Test(2)] @ https://jimsimrodev.github.io/pequenos-sanos/assets/index-C7AoTPzR.js:82
[  324864ms] [LOG] [WS] 🗺️ Broadcast recibido. Avatares: 1 [Hijo Test(2)] @ https://jimsimrodev.github.io/pequenos-sanos/assets/index-C7AoTPzR.js:82
[  324899ms] [LOG] [WS] 🗺️ Broadcast recibido. Avatares: 1 [Hijo Test(2)] @ https://jimsimrodev.github.io/pequenos-sanos/assets/index-C7AoTPzR.js:82
[  324917ms] [LOG] [WS] 🗺️ Broadcast recibido. Avatares: 1 [Hijo Test(2)] @ https://jimsimrodev.github.io/pequenos-sanos/assets/index-C7AoTPzR.js:82
[  324964ms] [LOG] [WS] 🗺️ Broadcast recibido. Avatares: 1 [Hijo Test(2)] @ https://jimsimrodev.github.io/pequenos-sanos/assets/index-C7AoTPzR.js:82
[  324987ms] [LOG] [WS] 🗺️ Broadcast recibido. Avatares: 1 [Hijo Test(2)] @ https://jimsimrodev.github.io/pequenos-sanos/assets/index-C7AoTPzR.js:82
[  325017ms] [LOG] [WS] 🗺️ Broadcast recibido. Avatares: 1 [Hijo Test(2)] @ https://jimsimrodev.github.io/pequenos-sanos/assets/index-C7AoTPzR.js:82
[  325052ms] [LOG] [WS] 🗺️ Broadcast recibido. Avatares: 1 [Hijo Test(2)] @ https://jimsimrodev.github.io/pequenos-sanos/assets/index-C7AoTPzR.js:82
[  325083ms] [LOG] [WS] 🗺️ Broadcast recibido. Avatares: 1 [Hijo Test(2)] @ https://jimsimrodev.github.io/pequenos-sanos/assets/index-C7AoTPzR.js:82
[  325116ms] [LOG] [WS] 🗺️ Broadcast recibido. Avatares: 1 [Hijo Test(2)] @ https://jimsimrodev.github.io/pequenos-sanos/assets/index-C7AoTPzR.js:82
[  325151ms] [LOG] [WS] 🗺️ Broadcast recibido. Avatares: 1 [Hijo Test(2)] @ https://jimsimrodev.github.io/pequenos-sanos/assets/index-C7AoTPzR.js:82
[  325184ms] [LOG] [WS] 🗺️ Broadcast recibido. Avatares: 1 [Hijo Test(2)] @ https://jimsimrodev.github.io/pequenos-sanos/assets/index-C7AoTPzR.js:82
[  325216ms] [LOG] [WS] 🗺️ Broadcast recibido. Avatares: 1 [Hijo Test(2)] @ https://jimsimrodev.github.io/pequenos-sanos/assets/index-C7AoTPzR.js:82
[  325252ms] [LOG] [WS] 🗺️ Broadcast recibido. Avatares: 1 [Hijo Test(2)] @ https://jimsimrodev.github.io/pequenos-sanos/assets/index-C7AoTPzR.js:82
[  325287ms] [LOG] [WS] 🗺️ Broadcast recibido. Avatares: 1 [Hijo Test(2)] @ https://jimsimrodev.github.io/pequenos-sanos/assets/index-C7AoTPzR.js:82
[  325316ms] [LOG] [WS] 🗺️ Broadcast recibido. Avatares: 1 [Hijo Test(2)] @ https://jimsimrodev.github.io/pequenos-sanos/assets/index-C7AoTPzR.js:82
[  325353ms] [LOG] [WS] 🗺️ Broadcast recibido. Avatares: 1 [Hijo Test(2)] @ https://jimsimrodev.github.io/pequenos-sanos/assets/index-C7AoTPzR.js:82
[  325384ms] [LOG] [WS] 🗺️ Broadcast recibido. Avatares: 1 [Hijo Test(2)] @ https://jimsimrodev.github.io/pequenos-sanos/assets/index-C7AoTPzR.js:82
[  325417ms] [LOG] [WS] 🗺️ Broadcast recibido. Avatares: 1 [Hijo Test(2)] @ https://jimsimrodev.github.io/pequenos-sanos/assets/index-C7AoTPzR.js:82
[  325453ms] [LOG] [WS] 🗺️ Broadcast recibido. Avatares: 1 [Hijo Test(2)] @ https://jimsimrodev.github.io/pequenos-sanos/assets/index-C7AoTPzR.js:82
[  325488ms] [LOG] [WS] 🗺️ Broadcast recibido. Avatares: 1 [Hijo Test(2)] @ https://jimsimrodev.github.io/pequenos-sanos/assets/index-C7AoTPzR.js:82
[  325517ms] [LOG] [WS] 🗺️ Broadcast recibido. Avatares: 1 [Hijo Test(2)] @ https://jimsimrodev.github.io/pequenos-sanos/assets/index-C7AoTPzR.js:82
[  325548ms] [LOG] [WS] 🗺️ Broadcast recibido. Avatares: 1 [Hijo Test(2)] @ https://jimsimrodev.github.io/pequenos-sanos/assets/index-C7AoTPzR.js:82
[  325580ms] [LOG] [WS] 🗺️ Broadcast recibido. Avatares: 1 [Hijo Test(2)] @ https://jimsimrodev.github.io/pequenos-sanos/assets/index-C7AoTPzR.js:82
[  325619ms] [LOG] [WS] 🗺️ Broadcast recibido. Avatares: 1 [Hijo Test(2)] @ https://jimsimrodev.github.io/pequenos-sanos/assets/index-C7AoTPzR.js:82
[  325649ms] [LOG] [WS] 🗺️ Broadcast recibido. Avatares: 1 [Hijo Test(2)] @ https://jimsimrodev.github.io/pequenos-sanos/assets/index-C7AoTPzR.js:82
[  325682ms] [LOG] [WS] 🗺️ Broadcast recibido. Avatares: 1 [Hijo Test(2)] @ https://jimsimrodev.github.io/pequenos-sanos/assets/index-C7AoTPzR.js:82
[  325715ms] [LOG] [WS] 🗺️ Broadcast recibido. Avatares: 1 [Hijo Test(2)] @ https://jimsimrodev.github.io/pequenos-sanos/assets/index-C7AoTPzR.js:82
[  325749ms] [LOG] [WS] 🗺️ Broadcast recibido. Avatares: 1 [Hijo Test(2)] @ https://jimsimrodev.github.io/pequenos-sanos/assets/index-C7AoTPzR.js:82
[  325782ms] [LOG] [WS] 🗺️ Broadcast recibido. Avatares: 1 [Hijo Test(2)] @ https://jimsimrodev.github.io/pequenos-sanos/assets/index-C7AoTPzR.js:82
[  325823ms] [LOG] [WS] 🗺️ Broadcast recibido. Avatares: 1 [Hijo Test(2)] @ https://jimsimrodev.github.io/pequenos-sanos/assets/index-C7AoTPzR.js:82
[  325851ms] [LOG] [WS] 🗺️ Broadcast recibido. Avatares: 1 [Hijo Test(2)] @ https://jimsimrodev.github.io/pequenos-sanos/assets/index-C7AoTPzR.js:82
[  325877ms] [LOG] [WS] 🗺️ Broadcast recibido. Avatares: 1 [Hijo Test(2)] @ https://jimsimrodev.github.io/pequenos-sanos/assets/index-C7AoTPzR.js:82
[  325915ms] [LOG] [WS] 🗺️ Broadcast recibido. Avatares: 1 [Hijo Test(2)] @ https://jimsimrodev.github.io/pequenos-sanos/assets/index-C7AoTPzR.js:82
[  325945ms] [LOG] [WS] 🗺️ Broadcast recibido. Avatares: 1 [Hijo Test(2)] @ https://jimsimrodev.github.io/pequenos-sanos/assets/index-C7AoTPzR.js:82
[  325984ms] [LOG] [WS] 🗺️ Broadcast recibido. Avatares: 1 [Hijo Test(2)] @ https://jimsimrodev.github.io/pequenos-sanos/assets/index-C7AoTPzR.js:82
[  326016ms] [LOG] [WS] 🗺️ Broadcast recibido. Avatares: 1 [Hijo Test(2)] @ https://jimsimrodev.github.io/pequenos-sanos/assets/index-C7AoTPzR.js:82
[  326050ms] [LOG] [WS] 🗺️ Broadcast recibido. Avatares: 1 [Hijo Test(2)] @ https://jimsimrodev.github.io/pequenos-sanos/assets/index-C7AoTPzR.js:82
[  326081ms] [LOG] [WS] 🗺️ Broadcast recibido. Avatares: 1 [Hijo Test(2)] @ https://jimsimrodev.github.io/pequenos-sanos/assets/index-C7AoTPzR.js:82
[  326114ms] [LOG] [WS] 🗺️ Broadcast recibido. Avatares: 1 [Hijo Test(2)] @ https://jimsimrodev.github.io/pequenos-sanos/assets/index-C7AoTPzR.js:82
[  326152ms] [LOG] [WS] 🗺️ Broadcast recibido. Avatares: 1 [Hijo Test(2)] @ https://jimsimrodev.github.io/pequenos-sanos/assets/index-C7AoTPzR.js:82
[  326184ms] [LOG] [WS] 🗺️ Broadcast recibido. Avatares: 1 [Hijo Test(2)] @ https://jimsimrodev.github.io/pequenos-sanos/assets/index-C7AoTPzR.js:82
[  326218ms] [LOG] [WS] 🗺️ Broadcast recibido. Avatares: 1 [Hijo Test(2)] @ https://jimsimrodev.github.io/pequenos-sanos/assets/index-C7AoTPzR.js:82
[  326252ms] [LOG] [WS] 🗺️ Broadcast recibido. Avatares: 1 [Hijo Test(2)] @ https://jimsimrodev.github.io/pequenos-sanos/assets/index-C7AoTPzR.js:82
[  326281ms] [LOG] [WS] 🗺️ Broadcast recibido. Avatares: 1 [Hijo Test(2)] @ https://jimsimrodev.github.io/pequenos-sanos/assets/index-C7AoTPzR.js:82
[  326319ms] [LOG] [WS] 🗺️ Broadcast recibido. Avatares: 1 [Hijo Test(2)] @ https://jimsimrodev.github.io/pequenos-sanos/assets/index-C7AoTPzR.js:82
[  326353ms] [LOG] [WS] 🗺️ Broadcast recibido. Avatares: 1 [Hijo Test(2)] @ https://jimsimrodev.github.io/pequenos-sanos/assets/index-C7AoTPzR.js:82
[  326382ms] [LOG] [WS] 🗺️ Broadcast recibido. Avatares: 1 [Hijo Test(2)] @ https://jimsimrodev.github.io/pequenos-sanos/assets/index-C7AoTPzR.js:82
[  326414ms] [LOG] [WS] 🗺️ Broadcast recibido. Avatares: 1 [Hijo Test(2)] @ https://jimsimrodev.github.io/pequenos-sanos/assets/index-C7AoTPzR.js:82
[  326453ms] [LOG] [WS] 🗺️ Broadcast recibido. Avatares: 1 [Hijo Test(2)] @ https://jimsimrodev.github.io/pequenos-sanos/assets/index-C7AoTPzR.js:82
[  326468ms] [LOG] [WS] 🗺️ Broadcast recibido. Avatares: 1 [Hijo Test(2)] @ https://jimsimrodev.github.io/pequenos-sanos/assets/index-C7AoTPzR.js:82
[  326517ms] [LOG] [WS] 🗺️ Broadcast recibido. Avatares: 1 [Hijo Test(2)] @ https://jimsimrodev.github.io/pequenos-sanos/assets/index-C7AoTPzR.js:82
[  326549ms] [LOG] [WS] 🗺️ Broadcast recibido. Avatares: 1 [Hijo Test(2)] @ https://jimsimrodev.github.io/pequenos-sanos/assets/index-C7AoTPzR.js:82
[  326584ms] [LOG] [WS] 🗺️ Broadcast recibido. Avatares: 1 [Hijo Test(2)] @ https://jimsimrodev.github.io/pequenos-sanos/assets/index-C7AoTPzR.js:82
[  326602ms] [LOG] [WS] 🗺️ Broadcast recibido. Avatares: 1 [Hijo Test(2)] @ https://jimsimrodev.github.io/pequenos-sanos/assets/index-C7AoTPzR.js:82
[  326634ms] [LOG] [WS] 🗺️ Broadcast recibido. Avatares: 1 [Hijo Test(2)] @ https://jimsimrodev.github.io/pequenos-sanos/assets/index-C7AoTPzR.js:82
[  326671ms] [LOG] [WS] 🗺️ Broadcast recibido. Avatares: 1 [Hijo Test(2)] @ https://jimsimrodev.github.io/pequenos-sanos/assets/index-C7AoTPzR.js:82
[  326704ms] [LOG] [WS] 🗺️ Broadcast recibido. Avatares: 1 [Hijo Test(2)] @ https://jimsimrodev.github.io/pequenos-sanos/assets/index-C7AoTPzR.js:82
[  326736ms] [LOG] [WS] 🗺️ Broadcast recibido. Avatares: 1 [Hijo Test(2)] @ https://jimsimrodev.github.io/pequenos-sanos/assets/index-C7AoTPzR.js:82
[  326769ms] [LOG] [WS] 🗺️ Broadcast recibido. Avatares: 1 [Hijo Test(2)] @ https://jimsimrodev.github.io/pequenos-sanos/assets/index-C7AoTPzR.js:82
[  326803ms] [LOG] [WS] 🗺️ Broadcast recibido. Avatares: 1 [Hijo Test(2)] @ https://jimsimrodev.github.io/pequenos-sanos/assets/index-C7AoTPzR.js:82
[  326836ms] [LOG] [WS] 🗺️ Broadcast recibido. Avatares: 1 [Hijo Test(2)] @ https://jimsimrodev.github.io/pequenos-sanos/assets/index-C7AoTPzR.js:82
[  326867ms] [LOG] [WS] 🗺️ Broadcast recibido. Avatares: 1 [Hijo Test(2)] @ https://jimsimrodev.github.io/pequenos-sanos/assets/index-C7AoTPzR.js:82
[  326918ms] [LOG] [WS] 🗺️ Broadcast recibido. Avatares: 1 [Hijo Test(2)] @ https://jimsimrodev.github.io/pequenos-sanos/assets/index-C7AoTPzR.js:82
[  326957ms] [LOG] [WS] 🗺️ Broadcast recibido. Avatares: 1 [Hijo Test(2)] @ https://jimsimrodev.github.io/pequenos-sanos/assets/index-C7AoTPzR.js:82
[  326975ms] [LOG] [WS] 🗺️ Broadcast recibido. Avatares: 1 [Hijo Test(2)] @ https://jimsimrodev.github.io/pequenos-sanos/assets/index-C7AoTPzR.js:82
[  327017ms] [LOG] [WS] 🗺️ Broadcast recibido. Avatares: 1 [Hijo Test(2)] @ https://jimsimrodev.github.io/pequenos-sanos/assets/index-C7AoTPzR.js:82
[  327033ms] [LOG] [WS] 🗺️ Broadcast recibido. Avatares: 1 [Hijo Test(2)] @ https://jimsimrodev.github.io/pequenos-sanos/assets/index-C7AoTPzR.js:82
[  327066ms] [LOG] [WS] 🗺️ Broadcast recibido. Avatares: 1 [Hijo Test(2)] @ https://jimsimrodev.github.io/pequenos-sanos/assets/index-C7AoTPzR.js:82
[  327100ms] [LOG] [WS] 🗺️ Broadcast recibido. Avatares: 1 [Hijo Test(2)] @ https://jimsimrodev.github.io/pequenos-sanos/assets/index-C7AoTPzR.js:82
[  327132ms] [LOG] [WS] 🗺️ Broadcast recibido. Avatares: 1 [Hijo Test(2)] @ https://jimsimrodev.github.io/pequenos-sanos/assets/index-C7AoTPzR.js:82
[  327166ms] [LOG] [WS] 🗺️ Broadcast recibido. Avatares: 1 [Hijo Test(2)] @ https://jimsimrodev.github.io/pequenos-sanos/assets/index-C7AoTPzR.js:82
[  327205ms] [LOG] [WS] 🗺️ Broadcast recibido. Avatares: 1 [Hijo Test(2)] @ https://jimsimrodev.github.io/pequenos-sanos/assets/index-C7AoTPzR.js:82
[  327236ms] [LOG] [WS] 🗺️ Broadcast recibido. Avatares: 1 [Hijo Test(2)] @ https://jimsimrodev.github.io/pequenos-sanos/assets/index-C7AoTPzR.js:82
[  327265ms] [LOG] [WS] 🗺️ Broadcast recibido. Avatares: 1 [Hijo Test(2)] @ https://jimsimrodev.github.io/pequenos-sanos/assets/index-C7AoTPzR.js:82
[  327300ms] [LOG] [WS] 🗺️ Broadcast recibido. Avatares: 1 [Hijo Test(2)] @ https://jimsimrodev.github.io/pequenos-sanos/assets/index-C7AoTPzR.js:82
[  327334ms] [LOG] [WS] 🗺️ Broadcast recibido. Avatares: 1 [Hijo Test(2)] @ https://jimsimrodev.github.io/pequenos-sanos/assets/index-C7AoTPzR.js:82
[  327366ms] [LOG] [WS] 🗺️ Broadcast recibido. Avatares: 1 [Hijo Test(2)] @ https://jimsimrodev.github.io/pequenos-sanos/assets/index-C7AoTPzR.js:82
[  327397ms] [LOG] [WS] 🗺️ Broadcast recibido. Avatares: 1 [Hijo Test(2)] @ https://jimsimrodev.github.io/pequenos-sanos/assets/index-C7AoTPzR.js:82
[  327432ms] [LOG] [WS] 🗺️ Broadcast recibido. Avatares: 1 [Hijo Test(2)] @ https://jimsimrodev.github.io/pequenos-sanos/assets/index-C7AoTPzR.js:82
[  327469ms] [LOG] [WS] 🗺️ Broadcast recibido. Avatares: 1 [Hijo Test(2)] @ https://jimsimrodev.github.io/pequenos-sanos/assets/index-C7AoTPzR.js:82
[  327498ms] [LOG] [WS] 🗺️ Broadcast recibido. Avatares: 1 [Hijo Test(2)] @ https://jimsimrodev.github.io/pequenos-sanos/assets/index-C7AoTPzR.js:82
[  327535ms] [LOG] [WS] 🗺️ Broadcast recibido. Avatares: 1 [Hijo Test(2)] @ https://jimsimrodev.github.io/pequenos-sanos/assets/index-C7AoTPzR.js:82
[  327568ms] [LOG] [WS] 🗺️ Broadcast recibido. Avatares: 1 [Hijo Test(2)] @ https://jimsimrodev.github.io/pequenos-sanos/assets/index-C7AoTPzR.js:82
[  327599ms] [LOG] [WS] 🗺️ Broadcast recibido. Avatares: 1 [Hijo Test(2)] @ https://jimsimrodev.github.io/pequenos-sanos/assets/index-C7AoTPzR.js:82
[  327631ms] [LOG] [WS] 🗺️ Broadcast recibido. Avatares: 1 [Hijo Test(2)] @ https://jimsimrodev.github.io/pequenos-sanos/assets/index-C7AoTPzR.js:82
[  327665ms] [LOG] [WS] 🗺️ Broadcast recibido. Avatares: 1 [Hijo Test(2)] @ https://jimsimrodev.github.io/pequenos-sanos/assets/index-C7AoTPzR.js:82
[  327700ms] [LOG] [WS] 🗺️ Broadcast recibido. Avatares: 1 [Hijo Test(2)] @ https://jimsimrodev.github.io/pequenos-sanos/assets/index-C7AoTPzR.js:82
[  327731ms] [LOG] [WS] 🗺️ Broadcast recibido. Avatares: 1 [Hijo Test(2)] @ https://jimsimrodev.github.io/pequenos-sanos/assets/index-C7AoTPzR.js:82
[  327766ms] [LOG] [WS] 🗺️ Broadcast recibido. Avatares: 1 [Hijo Test(2)] @ https://jimsimrodev.github.io/pequenos-sanos/assets/index-C7AoTPzR.js:82
[  327801ms] [LOG] [WS] 🗺️ Broadcast recibido. Avatares: 1 [Hijo Test(2)] @ https://jimsimrodev.github.io/pequenos-sanos/assets/index-C7AoTPzR.js:82
[  327832ms] [LOG] [WS] 🗺️ Broadcast recibido. Avatares: 1 [Hijo Test(2)] @ https://jimsimrodev.github.io/pequenos-sanos/assets/index-C7AoTPzR.js:82
[  327865ms] [LOG] [WS] 🗺️ Broadcast recibido. Avatares: 1 [Hijo Test(2)] @ https://jimsimrodev.github.io/pequenos-sanos/assets/index-C7AoTPzR.js:82
[  327898ms] [LOG] [WS] 🗺️ Broadcast recibido. Avatares: 1 [Hijo Test(2)] @ https://jimsimrodev.github.io/pequenos-sanos/assets/index-C7AoTPzR.js:82
[  327931ms] [LOG] [WS] 🗺️ Broadcast recibido. Avatares: 1 [Hijo Test(2)] @ https://jimsimrodev.github.io/pequenos-sanos/assets/index-C7AoTPzR.js:82
[  327967ms] [LOG] [WS] 🗺️ Broadcast recibido. Avatares: 1 [Hijo Test(2)] @ https://jimsimrodev.github.io/pequenos-sanos/assets/index-C7AoTPzR.js:82
[  327999ms] [LOG] [WS] 🗺️ Broadcast recibido. Avatares: 1 [Hijo Test(2)] @ https://jimsimrodev.github.io/pequenos-sanos/assets/index-C7AoTPzR.js:82
[  328031ms] [LOG] [WS] 🗺️ Broadcast recibido. Avatares: 1 [Hijo Test(2)] @ https://jimsimrodev.github.io/pequenos-sanos/assets/index-C7AoTPzR.js:82
[  328069ms] [LOG] [WS] 🗺️ Broadcast recibido. Avatares: 1 [Hijo Test(2)] @ https://jimsimrodev.github.io/pequenos-sanos/assets/index-C7AoTPzR.js:82
[  328100ms] [LOG] [WS] 🗺️ Broadcast recibido. Avatares: 1 [Hijo Test(2)] @ https://jimsimrodev.github.io/pequenos-sanos/assets/index-C7AoTPzR.js:82
[  328138ms] [LOG] [WS] 🗺️ Broadcast recibido. Avatares: 1 [Hijo Test(2)] @ https://jimsimrodev.github.io/pequenos-sanos/assets/index-C7AoTPzR.js:82
[  328166ms] [LOG] [WS] 🗺️ Broadcast recibido. Avatares: 1 [Hijo Test(2)] @ https://jimsimrodev.github.io/pequenos-sanos/assets/index-C7AoTPzR.js:82
[  328199ms] [LOG] [WS] 🗺️ Broadcast recibido. Avatares: 1 [Hijo Test(2)] @ https://jimsimrodev.github.io/pequenos-sanos/assets/index-C7AoTPzR.js:82
[  328233ms] [LOG] [WS] 🗺️ Broadcast recibido. Avatares: 1 [Hijo Test(2)] @ https://jimsimrodev.github.io/pequenos-sanos/assets/index-C7AoTPzR.js:82
[  328268ms] [LOG] [WS] 🗺️ Broadcast recibido. Avatares: 1 [Hijo Test(2)] @ https://jimsimrodev.github.io/pequenos-sanos/assets/index-C7AoTPzR.js:82
[  328286ms] [LOG] [WS] 🗺️ Broadcast recibido. Avatares: 1 [Hijo Test(2)] @ https://jimsimrodev.github.io/pequenos-sanos/assets/index-C7AoTPzR.js:82
[  328321ms] [LOG] [WS] 🗺️ Broadcast recibido. Avatares: 1 [Hijo Test(2)] @ https://jimsimrodev.github.io/pequenos-sanos/assets/index-C7AoTPzR.js:82
[  328349ms] [LOG] [WS] 🗺️ Broadcast recibido. Avatares: 1 [Hijo Test(2)] @ https://jimsimrodev.github.io/pequenos-sanos/assets/index-C7AoTPzR.js:82
[  328385ms] [LOG] [WS] 🗺️ Broadcast recibido. Avatares: 1 [Hijo Test(2)] @ https://jimsimrodev.github.io/pequenos-sanos/assets/index-C7AoTPzR.js:82
[  328419ms] [LOG] [WS] 🗺️ Broadcast recibido. Avatares: 1 [Hijo Test(2)] @ https://jimsimrodev.github.io/pequenos-sanos/assets/index-C7AoTPzR.js:82
[  328451ms] [LOG] [WS] 🗺️ Broadcast recibido. Avatares: 1 [Hijo Test(2)] @ https://jimsimrodev.github.io/pequenos-sanos/assets/index-C7AoTPzR.js:82
[  328482ms] [LOG] [WS] 🗺️ Broadcast recibido. Avatares: 1 [Hijo Test(2)] @ https://jimsimrodev.github.io/pequenos-sanos/assets/index-C7AoTPzR.js:82
[  328516ms] [LOG] [WS] 🗺️ Broadcast recibido. Avatares: 1 [Hijo Test(2)] @ https://jimsimrodev.github.io/pequenos-sanos/assets/index-C7AoTPzR.js:82
[  328548ms] [LOG] [WS] 🗺️ Broadcast recibido. Avatares: 1 [Hijo Test(2)] @ https://jimsimrodev.github.io/pequenos-sanos/assets/index-C7AoTPzR.js:82
[  328588ms] [LOG] [WS] 🗺️ Broadcast recibido. Avatares: 1 [Hijo Test(2)] @ https://jimsimrodev.github.io/pequenos-sanos/assets/index-C7AoTPzR.js:82
[  328619ms] [LOG] [WS] 🗺️ Broadcast recibido. Avatares: 1 [Hijo Test(2)] @ https://jimsimrodev.github.io/pequenos-sanos/assets/index-C7AoTPzR.js:82
[  328649ms] [LOG] [WS] 🗺️ Broadcast recibido. Avatares: 1 [Hijo Test(2)] @ https://jimsimrodev.github.io/pequenos-sanos/assets/index-C7AoTPzR.js:82
[  328683ms] [LOG] [WS] 🗺️ Broadcast recibido. Avatares: 1 [Hijo Test(2)] @ https://jimsimrodev.github.io/pequenos-sanos/assets/index-C7AoTPzR.js:82
[  328713ms] [LOG] [WS] 🗺️ Broadcast recibido. Avatares: 1 [Hijo Test(2)] @ https://jimsimrodev.github.io/pequenos-sanos/assets/index-C7AoTPzR.js:82
[  328751ms] [LOG] [WS] 🗺️ Broadcast recibido. Avatares: 1 [Hijo Test(2)] @ https://jimsimrodev.github.io/pequenos-sanos/assets/index-C7AoTPzR.js:82
[  328783ms] [LOG] [WS] 🗺️ Broadcast recibido. Avatares: 1 [Hijo Test(2)] @ https://jimsimrodev.github.io/pequenos-sanos/assets/index-C7AoTPzR.js:82
[  328815ms] [LOG] [WS] 🗺️ Broadcast recibido. Avatares: 1 [Hijo Test(2)] @ https://jimsimrodev.github.io/pequenos-sanos/assets/index-C7AoTPzR.js:82
[  328848ms] [LOG] [WS] 🗺️ Broadcast recibido. Avatares: 1 [Hijo Test(2)] @ https://jimsimrodev.github.io/pequenos-sanos/assets/index-C7AoTPzR.js:82
[  328881ms] [LOG] [WS] 🗺️ Broadcast recibido. Avatares: 1 [Hijo Test(2)] @ https://jimsimrodev.github.io/pequenos-sanos/assets/index-C7AoTPzR.js:82
[  328914ms] [LOG] [WS] 🗺️ Broadcast recibido. Avatares: 1 [Hijo Test(2)] @ https://jimsimrodev.github.io/pequenos-sanos/assets/index-C7AoTPzR.js:82
[  328948ms] [LOG] [WS] 🗺️ Broadcast recibido. Avatares: 1 [Hijo Test(2)] @ https://jimsimrodev.github.io/pequenos-sanos/assets/index-C7AoTPzR.js:82
[  328982ms] [LOG] [WS] 🗺️ Broadcast recibido. Avatares: 1 [Hijo Test(2)] @ https://jimsimrodev.github.io/pequenos-sanos/assets/index-C7AoTPzR.js:82
[  329015ms] [LOG] [WS] 🗺️ Broadcast recibido. Avatares: 1 [Hijo Test(2)] @ https://jimsimrodev.github.io/pequenos-sanos/assets/index-C7AoTPzR.js:82
[  329047ms] [LOG] [WS] 🗺️ Broadcast recibido. Avatares: 1 [Hijo Test(2)] @ https://jimsimrodev.github.io/pequenos-sanos/assets/index-C7AoTPzR.js:82
[  329083ms] [LOG] [WS] 🗺️ Broadcast recibido. Avatares: 1 [Hijo Test(2)] @ https://jimsimrodev.github.io/pequenos-sanos/assets/index-C7AoTPzR.js:82
[  329115ms] [LOG] [WS] 🗺️ Broadcast recibido. Avatares: 1 [Hijo Test(2)] @ https://jimsimrodev.github.io/pequenos-sanos/assets/index-C7AoTPzR.js:82
[  329148ms] [LOG] [WS] 🗺️ Broadcast recibido. Avatares: 1 [Hijo Test(2)] @ https://jimsimrodev.github.io/pequenos-sanos/assets/index-C7AoTPzR.js:82
[  329183ms] [LOG] [WS] 🗺️ Broadcast recibido. Avatares: 1 [Hijo Test(2)] @ https://jimsimrodev.github.io/pequenos-sanos/assets/index-C7AoTPzR.js:82
[  329218ms] [LOG] [WS] 🗺️ Broadcast recibido. Avatares: 1 [Hijo Test(2)] @ https://jimsimrodev.github.io/pequenos-sanos/assets/index-C7AoTPzR.js:82
[  329247ms] [LOG] [WS] 🗺️ Broadcast recibido. Avatares: 1 [Hijo Test(2)] @ https://jimsimrodev.github.io/pequenos-sanos/assets/index-C7AoTPzR.js:82
[  329281ms] [LOG] [WS] 🗺️ Broadcast recibido. Avatares: 1 [Hijo Test(2)] @ https://jimsimrodev.github.io/pequenos-sanos/assets/index-C7AoTPzR.js:82
[  329315ms] [LOG] [WS] 🗺️ Broadcast recibido. Avatares: 1 [Hijo Test(2)] @ https://jimsimrodev.github.io/pequenos-sanos/assets/index-C7AoTPzR.js:82
[  329356ms] [LOG] [WS] 🗺️ Broadcast recibido. Avatares: 1 [Hijo Test(2)] @ https://jimsimrodev.github.io/pequenos-sanos/assets/index-C7AoTPzR.js:82
[  329388ms] [LOG] [WS] 🗺️ Broadcast recibido. Avatares: 1 [Hijo Test(2)] @ https://jimsimrodev.github.io/pequenos-sanos/assets/index-C7AoTPzR.js:82
[  329425ms] [LOG] [WS] 🗺️ Broadcast recibido. Avatares: 1 [Hijo Test(2)] @ https://jimsimrodev.github.io/pequenos-sanos/assets/index-C7AoTPzR.js:82
[  329444ms] [LOG] [WS] 🗺️ Broadcast recibido. Avatares: 1 [Hijo Test(2)] @ https://jimsimrodev.github.io/pequenos-sanos/assets/index-C7AoTPzR.js:82
[  329479ms] [LOG] [WS] 🗺️ Broadcast recibido. Avatares: 1 [Hijo Test(2)] @ https://jimsimrodev.github.io/pequenos-sanos/assets/index-C7AoTPzR.js:82
[  329522ms] [LOG] [WS] 🗺️ Broadcast recibido. Avatares: 1 [Hijo Test(2)] @ https://jimsimrodev.github.io/pequenos-sanos/assets/index-C7AoTPzR.js:82
[  329543ms] [LOG] [WS] 🗺️ Broadcast recibido. Avatares: 1 [Hijo Test(2)] @ https://jimsimrodev.github.io/pequenos-sanos/assets/index-C7AoTPzR.js:82
[  329580ms] [LOG] [WS] 🗺️ Broadcast recibido. Avatares: 1 [Hijo Test(2)] @ https://jimsimrodev.github.io/pequenos-sanos/assets/index-C7AoTPzR.js:82
[  329613ms] [LOG] [WS] 🗺️ Broadcast recibido. Avatares: 1 [Hijo Test(2)] @ https://jimsimrodev.github.io/pequenos-sanos/assets/index-C7AoTPzR.js:82
[  329650ms] [LOG] [WS] 🗺️ Broadcast recibido. Avatares: 1 [Hijo Test(2)] @ https://jimsimrodev.github.io/pequenos-sanos/assets/index-C7AoTPzR.js:82
[  329672ms] [LOG] [WS] 🗺️ Broadcast recibido. Avatares: 1 [Hijo Test(2)] @ https://jimsimrodev.github.io/pequenos-sanos/assets/index-C7AoTPzR.js:82
[  329715ms] [LOG] [WS] 🗺️ Broadcast recibido. Avatares: 1 [Hijo Test(2)] @ https://jimsimrodev.github.io/pequenos-sanos/assets/index-C7AoTPzR.js:82
[  329746ms] [LOG] [WS] 🗺️ Broadcast recibido. Avatares: 1 [Hijo Test(2)] @ https://jimsimrodev.github.io/pequenos-sanos/assets/index-C7AoTPzR.js:82
[  329787ms] [LOG] [WS] 🗺️ Broadcast recibido. Avatares: 1 [Hijo Test(2)] @ https://jimsimrodev.github.io/pequenos-sanos/assets/index-C7AoTPzR.js:82
[  329819ms] [LOG] [WS] 🗺️ Broadcast recibido. Avatares: 1 [Hijo Test(2)] @ https://jimsimrodev.github.io/pequenos-sanos/assets/index-C7AoTPzR.js:82
[  329841ms] [LOG] [WS] 🗺️ Broadcast recibido. Avatares: 1 [Hijo Test(2)] @ https://jimsimrodev.github.io/pequenos-sanos/assets/index-C7AoTPzR.js:82
[  329882ms] [LOG] [WS] 🗺️ Broadcast recibido. Avatares: 1 [Hijo Test(2)] @ https://jimsimrodev.github.io/pequenos-sanos/assets/index-C7AoTPzR.js:82
[  329901ms] [LOG] [WS] 🗺️ Broadcast recibido. Avatares: 1 [Hijo Test(2)] @ https://jimsimrodev.github.io/pequenos-sanos/assets/index-C7AoTPzR.js:82
[  329935ms] [LOG] [WS] 🗺️ Broadcast recibido. Avatares: 1 [Hijo Test(2)] @ https://jimsimrodev.github.io/pequenos-sanos/assets/index-C7AoTPzR.js:82
[  329969ms] [LOG] [WS] 🗺️ Broadcast recibido. Avatares: 1 [Hijo Test(2)] @ https://jimsimrodev.github.io/pequenos-sanos/assets/index-C7AoTPzR.js:82
[  330002ms] [LOG] [WS] 🗺️ Broadcast recibido. Avatares: 1 [Hijo Test(2)] @ https://jimsimrodev.github.io/pequenos-sanos/assets/index-C7AoTPzR.js:82
[  330034ms] [LOG] [WS] 🗺️ Broadcast recibido. Avatares: 1 [Hijo Test(2)] @ https://jimsimrodev.github.io/pequenos-sanos/assets/index-C7AoTPzR.js:82
[  330065ms] [LOG] [WS] 🗺️ Broadcast recibido. Avatares: 1 [Hijo Test(2)] @ https://jimsimrodev.github.io/pequenos-sanos/assets/index-C7AoTPzR.js:82
[  330100ms] [LOG] [WS] 🗺️ Broadcast recibido. Avatares: 1 [Hijo Test(2)] @ https://jimsimrodev.github.io/pequenos-sanos/assets/index-C7AoTPzR.js:82
[  330135ms] [LOG] [WS] 🗺️ Broadcast recibido. Avatares: 1 [Hijo Test(2)] @ https://jimsimrodev.github.io/pequenos-sanos/assets/index-C7AoTPzR.js:82
[  330171ms] [LOG] [WS] 🗺️ Broadcast recibido. Avatares: 1 [Hijo Test(2)] @ https://jimsimrodev.github.io/pequenos-sanos/assets/index-C7AoTPzR.js:82
[  330199ms] [LOG] [WS] 🗺️ Broadcast recibido. Avatares: 1 [Hijo Test(2)] @ https://jimsimrodev.github.io/pequenos-sanos/assets/index-C7AoTPzR.js:82
[  330238ms] [LOG] [WS] 🗺️ Broadcast recibido. Avatares: 1 [Hijo Test(2)] @ https://jimsimrodev.github.io/pequenos-sanos/assets/index-C7AoTPzR.js:82
[  330270ms] [LOG] [WS] 🗺️ Broadcast recibido. Avatares: 1 [Hijo Test(2)] @ https://jimsimrodev.github.io/pequenos-sanos/assets/index-C7AoTPzR.js:82
[  330300ms] [LOG] [WS] 🗺️ Broadcast recibido. Avatares: 1 [Hijo Test(2)] @ https://jimsimrodev.github.io/pequenos-sanos/assets/index-C7AoTPzR.js:82
[  330333ms] [LOG] [WS] 🗺️ Broadcast recibido. Avatares: 1 [Hijo Test(2)] @ https://jimsimrodev.github.io/pequenos-sanos/assets/index-C7AoTPzR.js:82
[  330368ms] [LOG] [WS] 🗺️ Broadcast recibido. Avatares: 1 [Hijo Test(2)] @ https://jimsimrodev.github.io/pequenos-sanos/assets/index-C7AoTPzR.js:82
[  330396ms] [LOG] [WS] 🗺️ Broadcast recibido. Avatares: 1 [Hijo Test(2)] @ https://jimsimrodev.github.io/pequenos-sanos/assets/index-C7AoTPzR.js:82
[  330434ms] [LOG] [WS] 🗺️ Broadcast recibido. Avatares: 1 [Hijo Test(2)] @ https://jimsimrodev.github.io/pequenos-sanos/assets/index-C7AoTPzR.js:82
[  330464ms] [LOG] [WS] 🗺️ Broadcast recibido. Avatares: 1 [Hijo Test(2)] @ https://jimsimrodev.github.io/pequenos-sanos/assets/index-C7AoTPzR.js:82
[  330499ms] [LOG] [WS] 🗺️ Broadcast recibido. Avatares: 1 [Hijo Test(2)] @ https://jimsimrodev.github.io/pequenos-sanos/assets/index-C7AoTPzR.js:82
[  330536ms] [LOG] [WS] 🗺️ Broadcast recibido. Avatares: 1 [Hijo Test(2)] @ https://jimsimrodev.github.io/pequenos-sanos/assets/index-C7AoTPzR.js:82
[  330567ms] [LOG] [WS] 🗺️ Broadcast recibido. Avatares: 1 [Hijo Test(2)] @ https://jimsimrodev.github.io/pequenos-sanos/assets/index-C7AoTPzR.js:82
[  330597ms] [LOG] [WS] 🗺️ Broadcast recibido. Avatares: 1 [Hijo Test(2)] @ https://jimsimrodev.github.io/pequenos-sanos/assets/index-C7AoTPzR.js:82
[  330639ms] [LOG] [WS] 🗺️ Broadcast recibido. Avatares: 1 [Hijo Test(2)] @ https://jimsimrodev.github.io/pequenos-sanos/assets/index-C7AoTPzR.js:82
[  330670ms] [LOG] [WS] 🗺️ Broadcast recibido. Avatares: 1 [Hijo Test(2)] @ https://jimsimrodev.github.io/pequenos-sanos/assets/index-C7AoTPzR.js:82
[  330698ms] [LOG] [WS] 🗺️ Broadcast recibido. Avatares: 1 [Hijo Test(2)] @ https://jimsimrodev.github.io/pequenos-sanos/assets/index-C7AoTPzR.js:82
[  330732ms] [LOG] [WS] 🗺️ Broadcast recibido. Avatares: 1 [Hijo Test(2)] @ https://jimsimrodev.github.io/pequenos-sanos/assets/index-C7AoTPzR.js:82
[  330766ms] [LOG] [WS] 🗺️ Broadcast recibido. Avatares: 1 [Hijo Test(2)] @ https://jimsimrodev.github.io/pequenos-sanos/assets/index-C7AoTPzR.js:82
[  330802ms] [LOG] [WS] 🗺️ Broadcast recibido. Avatares: 1 [Hijo Test(2)] @ https://jimsimrodev.github.io/pequenos-sanos/assets/index-C7AoTPzR.js:82
[  330844ms] [LOG] [WS] 🗺️ Broadcast recibido. Avatares: 1 [Hijo Test(2)] @ https://jimsimrodev.github.io/pequenos-sanos/assets/index-C7AoTPzR.js:82
[  330860ms] [LOG] [WS] 🗺️ Broadcast recibido. Avatares: 1 [Hijo Test(2)] @ https://jimsimrodev.github.io/pequenos-sanos/assets/index-C7AoTPzR.js:82
[  330903ms] [LOG] [WS] 🗺️ Broadcast recibido. Avatares: 1 [Hijo Test(2)] @ https://jimsimrodev.github.io/pequenos-sanos/assets/index-C7AoTPzR.js:82
[  330931ms] [LOG] [WS] 🗺️ Broadcast recibido. Avatares: 1 [Hijo Test(2)] @ https://jimsimrodev.github.io/pequenos-sanos/assets/index-C7AoTPzR.js:82
[  330965ms] [LOG] [WS] 🗺️ Broadcast recibido. Avatares: 1 [Hijo Test(2)] @ https://jimsimrodev.github.io/pequenos-sanos/assets/index-C7AoTPzR.js:82
[  331000ms] [LOG] [WS] 🗺️ Broadcast recibido. Avatares: 1 [Hijo Test(2)] @ https://jimsimrodev.github.io/pequenos-sanos/assets/index-C7AoTPzR.js:82
[  331032ms] [LOG] [WS] 🗺️ Broadcast recibido. Avatares: 1 [Hijo Test(2)] @ https://jimsimrodev.github.io/pequenos-sanos/assets/index-C7AoTPzR.js:82
[  331069ms] [LOG] [WS] 🗺️ Broadcast recibido. Avatares: 1 [Hijo Test(2)] @ https://jimsimrodev.github.io/pequenos-sanos/assets/index-C7AoTPzR.js:82
[  331099ms] [LOG] [WS] 🗺️ Broadcast recibido. Avatares: 1 [Hijo Test(2)] @ https://jimsimrodev.github.io/pequenos-sanos/assets/index-C7AoTPzR.js:82
[  331131ms] [LOG] [WS] 🗺️ Broadcast recibido. Avatares: 1 [Hijo Test(2)] @ https://jimsimrodev.github.io/pequenos-sanos/assets/index-C7AoTPzR.js:82
[  331167ms] [LOG] [WS] 🗺️ Broadcast recibido. Avatares: 1 [Hijo Test(2)] @ https://jimsimrodev.github.io/pequenos-sanos/assets/index-C7AoTPzR.js:82
[  331201ms] [LOG] [WS] 🗺️ Broadcast recibido. Avatares: 1 [Hijo Test(2)] @ https://jimsimrodev.github.io/pequenos-sanos/assets/index-C7AoTPzR.js:82
[  331236ms] [LOG] [WS] 🗺️ Broadcast recibido. Avatares: 1 [Hijo Test(2)] @ https://jimsimrodev.github.io/pequenos-sanos/assets/index-C7AoTPzR.js:82
[  331268ms] [LOG] [WS] 🗺️ Broadcast recibido. Avatares: 1 [Hijo Test(2)] @ https://jimsimrodev.github.io/pequenos-sanos/assets/index-C7AoTPzR.js:82
[  331298ms] [LOG] [WS] 🗺️ Broadcast recibido. Avatares: 1 [Hijo Test(2)] @ https://jimsimrodev.github.io/pequenos-sanos/assets/index-C7AoTPzR.js:82
[  331331ms] [LOG] [WS] 🗺️ Broadcast recibido. Avatares: 1 [Hijo Test(2)] @ https://jimsimrodev.github.io/pequenos-sanos/assets/index-C7AoTPzR.js:82
[  331353ms] [LOG] [WS] 🗺️ Broadcast recibido. Avatares: 1 [Hijo Test(2)] @ https://jimsimrodev.github.io/pequenos-sanos/assets/index-C7AoTPzR.js:82
[  331401ms] [LOG] [WS] 🗺️ Broadcast recibido. Avatares: 1 [Hijo Test(2)] @ https://jimsimrodev.github.io/pequenos-sanos/assets/index-C7AoTPzR.js:82
[  331435ms] [LOG] [WS] 🗺️ Broadcast recibido. Avatares: 1 [Hijo Test(2)] @ https://jimsimrodev.github.io/pequenos-sanos/assets/index-C7AoTPzR.js:82
[  331452ms] [LOG] [WS] 🗺️ Broadcast recibido. Avatares: 1 [Hijo Test(2)] @ https://jimsimrodev.github.io/pequenos-sanos/assets/index-C7AoTPzR.js:82
[  331485ms] [LOG] [WS] 🗺️ Broadcast recibido. Avatares: 1 [Hijo Test(2)] @ https://jimsimrodev.github.io/pequenos-sanos/assets/index-C7AoTPzR.js:82
[  331519ms] [LOG] [WS] 🗺️ Broadcast recibido. Avatares: 1 [Hijo Test(2)] @ https://jimsimrodev.github.io/pequenos-sanos/assets/index-C7AoTPzR.js:82
[  331565ms] [LOG] [WS] 🗺️ Broadcast recibido. Avatares: 1 [Hijo Test(2)] @ https://jimsimrodev.github.io/pequenos-sanos/assets/index-C7AoTPzR.js:82
[  331600ms] [LOG] [WS] 🗺️ Broadcast recibido. Avatares: 1 [Hijo Test(2)] @ https://jimsimrodev.github.io/pequenos-sanos/assets/index-C7AoTPzR.js:82
[  331621ms] [LOG] [WS] 🗺️ Broadcast recibido. Avatares: 1 [Hijo Test(2)] @ https://jimsimrodev.github.io/pequenos-sanos/assets/index-C7AoTPzR.js:82
[  331651ms] [LOG] [WS] 🗺️ Broadcast recibido. Avatares: 1 [Hijo Test(2)] @ https://jimsimrodev.github.io/pequenos-sanos/assets/index-C7AoTPzR.js:82
[  331686ms] [LOG] [WS] 🗺️ Broadcast recibido. Avatares: 1 [Hijo Test(2)] @ https://jimsimrodev.github.io/pequenos-sanos/assets/index-C7AoTPzR.js:82
[  331732ms] [LOG] [WS] 🗺️ Broadcast recibido. Avatares: 1 [Hijo Test(2)] @ https://jimsimrodev.github.io/pequenos-sanos/assets/index-C7AoTPzR.js:82
[  331750ms] [LOG] [WS] 🗺️ Broadcast recibido. Avatares: 1 [Hijo Test(2)] @ https://jimsimrodev.github.io/pequenos-sanos/assets/index-C7AoTPzR.js:82
[  331784ms] [LOG] [WS] 🗺️ Broadcast recibido. Avatares: 1 [Hijo Test(2)] @ https://jimsimrodev.github.io/pequenos-sanos/assets/index-C7AoTPzR.js:82
[  331818ms] [LOG] [WS] 🗺️ Broadcast recibido. Avatares: 1 [Hijo Test(2)] @ https://jimsimrodev.github.io/pequenos-sanos/assets/index-C7AoTPzR.js:82
[  331851ms] [LOG] [WS] 🗺️ Broadcast recibido. Avatares: 1 [Hijo Test(2)] @ https://jimsimrodev.github.io/pequenos-sanos/assets/index-C7AoTPzR.js:82
[  331881ms] [LOG] [WS] 🗺️ Broadcast recibido. Avatares: 1 [Hijo Test(2)] @ https://jimsimrodev.github.io/pequenos-sanos/assets/index-C7AoTPzR.js:82
[  331921ms] [LOG] [WS] 🗺️ Broadcast recibido. Avatares: 1 [Hijo Test(2)] @ https://jimsimrodev.github.io/pequenos-sanos/assets/index-C7AoTPzR.js:82
[  331949ms] [LOG] [WS] 🗺️ Broadcast recibido. Avatares: 1 [Hijo Test(2)] @ https://jimsimrodev.github.io/pequenos-sanos/assets/index-C7AoTPzR.js:82
[  331982ms] [LOG] [WS] 🗺️ Broadcast recibido. Avatares: 1 [Hijo Test(2)] @ https://jimsimrodev.github.io/pequenos-sanos/assets/index-C7AoTPzR.js:82
[  332032ms] [LOG] [WS] 🗺️ Broadcast recibido. Avatares: 1 [Hijo Test(2)] @ https://jimsimrodev.github.io/pequenos-sanos/assets/index-C7AoTPzR.js:82
[  332052ms] [LOG] [WS] 🗺️ Broadcast recibido. Avatares: 1 [Hijo Test(2)] @ https://jimsimrodev.github.io/pequenos-sanos/assets/index-C7AoTPzR.js:82
[  332086ms] [LOG] [WS] 🗺️ Broadcast recibido. Avatares: 1 [Hijo Test(2)] @ https://jimsimrodev.github.io/pequenos-sanos/assets/index-C7AoTPzR.js:82
[  332120ms] [LOG] [WS] 🗺️ Broadcast recibido. Avatares: 1 [Hijo Test(2)] @ https://jimsimrodev.github.io/pequenos-sanos/assets/index-C7AoTPzR.js:82
[  332154ms] [LOG] [WS] 🗺️ Broadcast recibido. Avatares: 1 [Hijo Test(2)] @ https://jimsimrodev.github.io/pequenos-sanos/assets/index-C7AoTPzR.js:82
[  332199ms] [LOG] [WS] 🗺️ Broadcast recibido. Avatares: 1 [Hijo Test(2)] @ https://jimsimrodev.github.io/pequenos-sanos/assets/index-C7AoTPzR.js:82
[  332216ms] [LOG] [WS] 🗺️ Broadcast recibido. Avatares: 1 [Hijo Test(2)] @ https://jimsimrodev.github.io/pequenos-sanos/assets/index-C7AoTPzR.js:82
[  332253ms] [LOG] [WS] 🗺️ Broadcast recibido. Avatares: 1 [Hijo Test(2)] @ https://jimsimrodev.github.io/pequenos-sanos/assets/index-C7AoTPzR.js:82
[  332287ms] [LOG] [WS] 🗺️ Broadcast recibido. Avatares: 1 [Hijo Test(2)] @ https://jimsimrodev.github.io/pequenos-sanos/assets/index-C7AoTPzR.js:82
[  332317ms] [LOG] [WS] 🗺️ Broadcast recibido. Avatares: 1 [Hijo Test(2)] @ https://jimsimrodev.github.io/pequenos-sanos/assets/index-C7AoTPzR.js:82
[  332351ms] [LOG] [WS] 🗺️ Broadcast recibido. Avatares: 1 [Hijo Test(2)] @ https://jimsimrodev.github.io/pequenos-sanos/assets/index-C7AoTPzR.js:82
[  332384ms] [LOG] [WS] 🗺️ Broadcast recibido. Avatares: 1 [Hijo Test(2)] @ https://jimsimrodev.github.io/pequenos-sanos/assets/index-C7AoTPzR.js:82
[  332416ms] [LOG] [WS] 🗺️ Broadcast recibido. Avatares: 1 [Hijo Test(2)] @ https://jimsimrodev.github.io/pequenos-sanos/assets/index-C7AoTPzR.js:82
[  332452ms] [LOG] [WS] 🗺️ Broadcast recibido. Avatares: 1 [Hijo Test(2)] @ https://jimsimrodev.github.io/pequenos-sanos/assets/index-C7AoTPzR.js:82
[  332487ms] [LOG] [WS] 🗺️ Broadcast recibido. Avatares: 1 [Hijo Test(2)] @ https://jimsimrodev.github.io/pequenos-sanos/assets/index-C7AoTPzR.js:82
[  332524ms] [LOG] [WS] 🗺️ Broadcast recibido. Avatares: 1 [Hijo Test(2)] @ https://jimsimrodev.github.io/pequenos-sanos/assets/index-C7AoTPzR.js:82
[  332542ms] [LOG] [WS] 🗺️ Broadcast recibido. Avatares: 1 [Hijo Test(2)] @ https://jimsimrodev.github.io/pequenos-sanos/assets/index-C7AoTPzR.js:82
[  332574ms] [LOG] [WS] 🗺️ Broadcast recibido. Avatares: 1 [Hijo Test(2)] @ https://jimsimrodev.github.io/pequenos-sanos/assets/index-C7AoTPzR.js:82
[  332622ms] [LOG] [WS] 🗺️ Broadcast recibido. Avatares: 1 [Hijo Test(2)] @ https://jimsimrodev.github.io/pequenos-sanos/assets/index-C7AoTPzR.js:82
[  332654ms] [LOG] [WS] 🗺️ Broadcast recibido. Avatares: 1 [Hijo Test(2)] @ https://jimsimrodev.github.io/pequenos-sanos/assets/index-C7AoTPzR.js:82
[  332688ms] [LOG] [WS] 🗺️ Broadcast recibido. Avatares: 1 [Hijo Test(2)] @ https://jimsimrodev.github.io/pequenos-sanos/assets/index-C7AoTPzR.js:82
[  332716ms] [LOG] [WS] 🗺️ Broadcast recibido. Avatares: 1 [Hijo Test(2)] @ https://jimsimrodev.github.io/pequenos-sanos/assets/index-C7AoTPzR.js:82
[  332748ms] [LOG] [WS] 🗺️ Broadcast recibido. Avatares: 1 [Hijo Test(2)] @ https://jimsimrodev.github.io/pequenos-sanos/assets/index-C7AoTPzR.js:82
[  332783ms] [LOG] [WS] 🗺️ Broadcast recibido. Avatares: 1 [Hijo Test(2)] @ https://jimsimrodev.github.io/pequenos-sanos/assets/index-C7AoTPzR.js:82
[  332821ms] [LOG] [WS] 🗺️ Broadcast recibido. Avatares: 1 [Hijo Test(2)] @ https://jimsimrodev.github.io/pequenos-sanos/assets/index-C7AoTPzR.js:82
[  332850ms] [LOG] [WS] 🗺️ Broadcast recibido. Avatares: 1 [Hijo Test(2)] @ https://jimsimrodev.github.io/pequenos-sanos/assets/index-C7AoTPzR.js:82
[  332883ms] [LOG] [WS] 🗺️ Broadcast recibido. Avatares: 1 [Hijo Test(2)] @ https://jimsimrodev.github.io/pequenos-sanos/assets/index-C7AoTPzR.js:82
[  332916ms] [LOG] [WS] 🗺️ Broadcast recibido. Avatares: 1 [Hijo Test(2)] @ https://jimsimrodev.github.io/pequenos-sanos/assets/index-C7AoTPzR.js:82
[  332951ms] [LOG] [WS] 🗺️ Broadcast recibido. Avatares: 1 [Hijo Test(2)] @ https://jimsimrodev.github.io/pequenos-sanos/assets/index-C7AoTPzR.js:82
[  332983ms] [LOG] [WS] 🗺️ Broadcast recibido. Avatares: 1 [Hijo Test(2)] @ https://jimsimrodev.github.io/pequenos-sanos/assets/index-C7AoTPzR.js:82
[  333014ms] [LOG] [WS] 🗺️ Broadcast recibido. Avatares: 1 [Hijo Test(2)] @ https://jimsimrodev.github.io/pequenos-sanos/assets/index-C7AoTPzR.js:82
[  333051ms] [LOG] [WS] 🗺️ Broadcast recibido. Avatares: 1 [Hijo Test(2)] @ https://jimsimrodev.github.io/pequenos-sanos/assets/index-C7AoTPzR.js:82
[  333081ms] [LOG] [WS] 🗺️ Broadcast recibido. Avatares: 1 [Hijo Test(2)] @ https://jimsimrodev.github.io/pequenos-sanos/assets/index-C7AoTPzR.js:82
[  333117ms] [LOG] [WS] 🗺️ Broadcast recibido. Avatares: 1 [Hijo Test(2)] @ https://jimsimrodev.github.io/pequenos-sanos/assets/index-C7AoTPzR.js:82
[  333181ms] [LOG] [WS] 🗺️ Broadcast recibido. Avatares: 1 [Hijo Test(2)] @ https://jimsimrodev.github.io/pequenos-sanos/assets/index-C7AoTPzR.js:82
[  333213ms] [LOG] [WS] 🗺️ Broadcast recibido. Avatares: 1 [Hijo Test(2)] @ https://jimsimrodev.github.io/pequenos-sanos/assets/index-C7AoTPzR.js:82
[  333246ms] [LOG] [WS] 🗺️ Broadcast recibido. Avatares: 1 [Hijo Test(2)] @ https://jimsimrodev.github.io/pequenos-sanos/assets/index-C7AoTPzR.js:82
[  333276ms] [LOG] [WS] 🗺️ Broadcast recibido. Avatares: 1 [Hijo Test(2)] @ https://jimsimrodev.github.io/pequenos-sanos/assets/index-C7AoTPzR.js:82
[  333312ms] [LOG] [WS] 🗺️ Broadcast recibido. Avatares: 1 [Hijo Test(2)] @ https://jimsimrodev.github.io/pequenos-sanos/assets/index-C7AoTPzR.js:82
[  333340ms] [LOG] [WS] 🗺️ Broadcast recibido. Avatares: 1 [Hijo Test(2)] @ https://jimsimrodev.github.io/pequenos-sanos/assets/index-C7AoTPzR.js:82
[  333370ms] [LOG] [WS] 🗺️ Broadcast recibido. Avatares: 1 [Hijo Test(2)] @ https://jimsimrodev.github.io/pequenos-sanos/assets/index-C7AoTPzR.js:82
[  333404ms] [LOG] [WS] 🗺️ Broadcast recibido. Avatares: 1 [Hijo Test(2)] @ https://jimsimrodev.github.io/pequenos-sanos/assets/index-C7AoTPzR.js:82
[  333434ms] [LOG] [WS] 🗺️ Broadcast recibido. Avatares: 1 [Hijo Test(2)] @ https://jimsimrodev.github.io/pequenos-sanos/assets/index-C7AoTPzR.js:82
[  333463ms] [LOG] [WS] 🗺️ Broadcast recibido. Avatares: 1 [Hijo Test(2)] @ https://jimsimrodev.github.io/pequenos-sanos/assets/index-C7AoTPzR.js:82
[  333490ms] [LOG] [WS] 🗺️ Broadcast recibido. Avatares: 1 [Hijo Test(2)] @ https://jimsimrodev.github.io/pequenos-sanos/assets/index-C7AoTPzR.js:82
[  333519ms] [LOG] [WS] 🗺️ Broadcast recibido. Avatares: 1 [Hijo Test(2)] @ https://jimsimrodev.github.io/pequenos-sanos/assets/index-C7AoTPzR.js:82
[  333549ms] [LOG] [WS] 🗺️ Broadcast recibido. Avatares: 1 [Hijo Test(2)] @ https://jimsimrodev.github.io/pequenos-sanos/assets/index-C7AoTPzR.js:82
[  333577ms] [LOG] [WS] 🗺️ Broadcast recibido. Avatares: 1 [Hijo Test(2)] @ https://jimsimrodev.github.io/pequenos-sanos/assets/index-C7AoTPzR.js:82
[  333613ms] [LOG] [WS] 🗺️ Broadcast recibido. Avatares: 1 [Hijo Test(2)] @ https://jimsimrodev.github.io/pequenos-sanos/assets/index-C7AoTPzR.js:82
[  333640ms] [LOG] [WS] 🗺️ Broadcast recibido. Avatares: 1 [Hijo Test(2)] @ https://jimsimrodev.github.io/pequenos-sanos/assets/index-C7AoTPzR.js:82
[  333670ms] [LOG] [WS] 🗺️ Broadcast recibido. Avatares: 1 [Hijo Test(2)] @ https://jimsimrodev.github.io/pequenos-sanos/assets/index-C7AoTPzR.js:82
[  333720ms] [LOG] [WS] 🗺️ Broadcast recibido. Avatares: 1 [Hijo Test(2)] @ https://jimsimrodev.github.io/pequenos-sanos/assets/index-C7AoTPzR.js:82
[  333759ms] [LOG] [WS] 🗺️ Broadcast recibido. Avatares: 1 [Hijo Test(2)] @ https://jimsimrodev.github.io/pequenos-sanos/assets/index-C7AoTPzR.js:82
[  333789ms] [LOG] [WS] 🗺️ Broadcast recibido. Avatares: 1 [Hijo Test(2)] @ https://jimsimrodev.github.io/pequenos-sanos/assets/index-C7AoTPzR.js:82
[  333824ms] [LOG] [WS] 🗺️ Broadcast recibido. Avatares: 1 [Hijo Test(2)] @ https://jimsimrodev.github.io/pequenos-sanos/assets/index-C7AoTPzR.js:82
[  333854ms] [LOG] [WS] 🗺️ Broadcast recibido. Avatares: 1 [Hijo Test(2)] @ https://jimsimrodev.github.io/pequenos-sanos/assets/index-C7AoTPzR.js:82
[  333885ms] [LOG] [WS] 🗺️ Broadcast recibido. Avatares: 1 [Hijo Test(2)] @ https://jimsimrodev.github.io/pequenos-sanos/assets/index-C7AoTPzR.js:82
[  333909ms] [LOG] [WS] 🗺️ Broadcast recibido. Avatares: 1 [Hijo Test(2)] @ https://jimsimrodev.github.io/pequenos-sanos/assets/index-C7AoTPzR.js:82
[  333945ms] [LOG] [WS] 🗺️ Broadcast recibido. Avatares: 1 [Hijo Test(2)] @ https://jimsimrodev.github.io/pequenos-sanos/assets/index-C7AoTPzR.js:82
[  333971ms] [LOG] [WS] 🗺️ Broadcast recibido. Avatares: 1 [Hijo Test(2)] @ https://jimsimrodev.github.io/pequenos-sanos/assets/index-C7AoTPzR.js:82
[  334000ms] [LOG] [WS] 🗺️ Broadcast recibido. Avatares: 1 [Hijo Test(2)] @ https://jimsimrodev.github.io/pequenos-sanos/assets/index-C7AoTPzR.js:82
[  334034ms] [LOG] [WS] 🗺️ Broadcast recibido. Avatares: 1 [Hijo Test(2)] @ https://jimsimrodev.github.io/pequenos-sanos/assets/index-C7AoTPzR.js:82
[  334084ms] [LOG] [WS] 🗺️ Broadcast recibido. Avatares: 1 [Hijo Test(2)] @ https://jimsimrodev.github.io/pequenos-sanos/assets/index-C7AoTPzR.js:82
[  334112ms] [LOG] [WS] 🗺️ Broadcast recibido. Avatares: 1 [Hijo Test(2)] @ https://jimsimrodev.github.io/pequenos-sanos/assets/index-C7AoTPzR.js:82
[  334140ms] [LOG] [WS] 🗺️ Broadcast recibido. Avatares: 1 [Hijo Test(2)] @ https://jimsimrodev.github.io/pequenos-sanos/assets/index-C7AoTPzR.js:82
[  334168ms] [LOG] [WS] 🗺️ Broadcast recibido. Avatares: 1 [Hijo Test(2)] @ https://jimsimrodev.github.io/pequenos-sanos/assets/index-C7AoTPzR.js:82
[  334198ms] [LOG] [WS] 🗺️ Broadcast recibido. Avatares: 1 [Hijo Test(2)] @ https://jimsimrodev.github.io/pequenos-sanos/assets/index-C7AoTPzR.js:82
[  334231ms] [LOG] [WS] 🗺️ Broadcast recibido. Avatares: 1 [Hijo Test(2)] @ https://jimsimrodev.github.io/pequenos-sanos/assets/index-C7AoTPzR.js:82
[  334280ms] [LOG] [WS] 🗺️ Broadcast recibido. Avatares: 1 [Hijo Test(2)] @ https://jimsimrodev.github.io/pequenos-sanos/assets/index-C7AoTPzR.js:82
[  334305ms] [LOG] [WS] 🗺️ Broadcast recibido. Avatares: 1 [Hijo Test(2)] @ https://jimsimrodev.github.io/pequenos-sanos/assets/index-C7AoTPzR.js:82
[  334331ms] [LOG] [WS] 🗺️ Broadcast recibido. Avatares: 1 [Hijo Test(2)] @ https://jimsimrodev.github.io/pequenos-sanos/assets/index-C7AoTPzR.js:82
[  334387ms] [LOG] [WS] 🗺️ Broadcast recibido. Avatares: 1 [Hijo Test(2)] @ https://jimsimrodev.github.io/pequenos-sanos/assets/index-C7AoTPzR.js:82
[  334415ms] [LOG] [WS] 🗺️ Broadcast recibido. Avatares: 1 [Hijo Test(2)] @ https://jimsimrodev.github.io/pequenos-sanos/assets/index-C7AoTPzR.js:82
[  334445ms] [LOG] [WS] 🗺️ Broadcast recibido. Avatares: 1 [Hijo Test(2)] @ https://jimsimrodev.github.io/pequenos-sanos/assets/index-C7AoTPzR.js:82
[  334472ms] [LOG] [WS] 🗺️ Broadcast recibido. Avatares: 1 [Hijo Test(2)] @ https://jimsimrodev.github.io/pequenos-sanos/assets/index-C7AoTPzR.js:82
[  334501ms] [LOG] [WS] 🗺️ Broadcast recibido. Avatares: 1 [Hijo Test(2)] @ https://jimsimrodev.github.io/pequenos-sanos/assets/index-C7AoTPzR.js:82
[  334528ms] [LOG] [WS] 🗺️ Broadcast recibido. Avatares: 1 [Hijo Test(2)] @ https://jimsimrodev.github.io/pequenos-sanos/assets/index-C7AoTPzR.js:82
[  334558ms] [LOG] [WS] 🗺️ Broadcast recibido. Avatares: 1 [Hijo Test(2)] @ https://jimsimrodev.github.io/pequenos-sanos/assets/index-C7AoTPzR.js:82
[  334589ms] [LOG] [WS] 🗺️ Broadcast recibido. Avatares: 1 [Hijo Test(2)] @ https://jimsimrodev.github.io/pequenos-sanos/assets/index-C7AoTPzR.js:82
[  334649ms] [LOG] [WS] 🗺️ Broadcast recibido. Avatares: 1 [Hijo Test(2)] @ https://jimsimrodev.github.io/pequenos-sanos/assets/index-C7AoTPzR.js:82
[  334676ms] [LOG] [WS] 🗺️ Broadcast recibido. Avatares: 1 [Hijo Test(2)] @ https://jimsimrodev.github.io/pequenos-sanos/assets/index-C7AoTPzR.js:82
[  334715ms] [LOG] [WS] 🗺️ Broadcast recibido. Avatares: 1 [Hijo Test(2)] @ https://jimsimrodev.github.io/pequenos-sanos/assets/index-C7AoTPzR.js:82
[  334747ms] [LOG] [WS] 🗺️ Broadcast recibido. Avatares: 1 [Hijo Test(2)] @ https://jimsimrodev.github.io/pequenos-sanos/assets/index-C7AoTPzR.js:82
[  334774ms] [LOG] [WS] 🗺️ Broadcast recibido. Avatares: 1 [Hijo Test(2)] @ https://jimsimrodev.github.io/pequenos-sanos/assets/index-C7AoTPzR.js:82
[  334805ms] [LOG] [WS] 🗺️ Broadcast recibido. Avatares: 1 [Hijo Test(2)] @ https://jimsimrodev.github.io/pequenos-sanos/assets/index-C7AoTPzR.js:82
[  334831ms] [LOG] [WS] 🗺️ Broadcast recibido. Avatares: 1 [Hijo Test(2)] @ https://jimsimrodev.github.io/pequenos-sanos/assets/index-C7AoTPzR.js:82
[  334860ms] [LOG] [WS] 🗺️ Broadcast recibido. Avatares: 1 [Hijo Test(2)] @ https://jimsimrodev.github.io/pequenos-sanos/assets/index-C7AoTPzR.js:82
[  334891ms] [LOG] [WS] 🗺️ Broadcast recibido. Avatares: 1 [Hijo Test(2)] @ https://jimsimrodev.github.io/pequenos-sanos/assets/index-C7AoTPzR.js:82
[  334921ms] [LOG] [WS] 🗺️ Broadcast recibido. Avatares: 1 [Hijo Test(2)] @ https://jimsimrodev.github.io/pequenos-sanos/assets/index-C7AoTPzR.js:82
[  334978ms] [LOG] [WS] 🗺️ Broadcast recibido. Avatares: 1 [Hijo Test(2)] @ https://jimsimrodev.github.io/pequenos-sanos/assets/index-C7AoTPzR.js:82
[  335005ms] [LOG] [WS] 🗺️ Broadcast recibido. Avatares: 1 [Hijo Test(2)] @ https://jimsimrodev.github.io/pequenos-sanos/assets/index-C7AoTPzR.js:82
[  335034ms] [LOG] [WS] 🗺️ Broadcast recibido. Avatares: 1 [Hijo Test(2)] @ https://jimsimrodev.github.io/pequenos-sanos/assets/index-C7AoTPzR.js:82
[  335069ms] [LOG] [WS] 🗺️ Broadcast recibido. Avatares: 1 [Hijo Test(2)] @ https://jimsimrodev.github.io/pequenos-sanos/assets/index-C7AoTPzR.js:82
[  335092ms] [LOG] [WS] 🗺️ Broadcast recibido. Avatares: 1 [Hijo Test(2)] @ https://jimsimrodev.github.io/pequenos-sanos/assets/index-C7AoTPzR.js:82
[  335120ms] [LOG] [WS] 🗺️ Broadcast recibido. Avatares: 1 [Hijo Test(2)] @ https://jimsimrodev.github.io/pequenos-sanos/assets/index-C7AoTPzR.js:82
[  335152ms] [LOG] [WS] 🗺️ Broadcast recibido. Avatares: 1 [Hijo Test(2)] @ https://jimsimrodev.github.io/pequenos-sanos/assets/index-C7AoTPzR.js:82
[  335182ms] [LOG] [WS] 🗺️ Broadcast recibido. Avatares: 1 [Hijo Test(2)] @ https://jimsimrodev.github.io/pequenos-sanos/assets/index-C7AoTPzR.js:82
[  335236ms] [LOG] [WS] 🗺️ Broadcast recibido. Avatares: 1 [Hijo Test(2)] @ https://jimsimrodev.github.io/pequenos-sanos/assets/index-C7AoTPzR.js:82
[  335270ms] [LOG] [WS] 🗺️ Broadcast recibido. Avatares: 1 [Hijo Test(2)] @ https://jimsimrodev.github.io/pequenos-sanos/assets/index-C7AoTPzR.js:82
[  335296ms] [LOG] [WS] 🗺️ Broadcast recibido. Avatares: 1 [Hijo Test(2)] @ https://jimsimrodev.github.io/pequenos-sanos/assets/index-C7AoTPzR.js:82
[  335323ms] [LOG] [WS] 🗺️ Broadcast recibido. Avatares: 1 [Hijo Test(2)] @ https://jimsimrodev.github.io/pequenos-sanos/assets/index-C7AoTPzR.js:82
[  335354ms] [LOG] [WS] 🗺️ Broadcast recibido. Avatares: 1 [Hijo Test(2)] @ https://jimsimrodev.github.io/pequenos-sanos/assets/index-C7AoTPzR.js:82
[  335387ms] [LOG] [WS] 🗺️ Broadcast recibido. Avatares: 1 [Hijo Test(2)] @ https://jimsimrodev.github.io/pequenos-sanos/assets/index-C7AoTPzR.js:82
[  335418ms] [LOG] [WS] 🗺️ Broadcast recibido. Avatares: 1 [Hijo Test(2)] @ https://jimsimrodev.github.io/pequenos-sanos/assets/index-C7AoTPzR.js:82
[  335448ms] [LOG] [WS] 🗺️ Broadcast recibido. Avatares: 1 [Hijo Test(2)] @ https://jimsimrodev.github.io/pequenos-sanos/assets/index-C7AoTPzR.js:82
[  335485ms] [LOG] [WS] 🗺️ Broadcast recibido. Avatares: 1 [Hijo Test(2)] @ https://jimsimrodev.github.io/pequenos-sanos/assets/index-C7AoTPzR.js:82
[  335516ms] [LOG] [WS] 🗺️ Broadcast recibido. Avatares: 1 [Hijo Test(2)] @ https://jimsimrodev.github.io/pequenos-sanos/assets/index-C7AoTPzR.js:82
[  335556ms] [LOG] [WS] 🗺️ Broadcast recibido. Avatares: 1 [Hijo Test(2)] @ https://jimsimrodev.github.io/pequenos-sanos/assets/index-C7AoTPzR.js:82
[  335583ms] [LOG] [WS] 🗺️ Broadcast recibido. Avatares: 1 [Hijo Test(2)] @ https://jimsimrodev.github.io/pequenos-sanos/assets/index-C7AoTPzR.js:82
[  335648ms] [LOG] [WS] 🗺️ Broadcast recibido. Avatares: 1 [Hijo Test(2)] @ https://jimsimrodev.github.io/pequenos-sanos/assets/index-C7AoTPzR.js:82
[  335681ms] [LOG] [WS] 🗺️ Broadcast recibido. Avatares: 1 [Hijo Test(2)] @ https://jimsimrodev.github.io/pequenos-sanos/assets/index-C7AoTPzR.js:82
[  335709ms] [LOG] [WS] 🗺️ Broadcast recibido. Avatares: 1 [Hijo Test(2)] @ https://jimsimrodev.github.io/pequenos-sanos/assets/index-C7AoTPzR.js:82
[  335747ms] [LOG] [WS] 🗺️ Broadcast recibido. Avatares: 1 [Hijo Test(2)] @ https://jimsimrodev.github.io/pequenos-sanos/assets/index-C7AoTPzR.js:82
[  335778ms] [LOG] [WS] 🗺️ Broadcast recibido. Avatares: 1 [Hijo Test(2)] @ https://jimsimrodev.github.io/pequenos-sanos/assets/index-C7AoTPzR.js:82
[  335819ms] [LOG] [WS] 🗺️ Broadcast recibido. Avatares: 1 [Hijo Test(2)] @ https://jimsimrodev.github.io/pequenos-sanos/assets/index-C7AoTPzR.js:82
[  335850ms] [LOG] [WS] 🗺️ Broadcast recibido. Avatares: 1 [Hijo Test(2)] @ https://jimsimrodev.github.io/pequenos-sanos/assets/index-C7AoTPzR.js:82
[  335886ms] [LOG] [WS] 🗺️ Broadcast recibido. Avatares: 1 [Hijo Test(2)] @ https://jimsimrodev.github.io/pequenos-sanos/assets/index-C7AoTPzR.js:82
[  335926ms] [LOG] [WS] 🗺️ Broadcast recibido. Avatares: 1 [Hijo Test(2)] @ https://jimsimrodev.github.io/pequenos-sanos/assets/index-C7AoTPzR.js:82
[  335955ms] [LOG] [WS] 🗺️ Broadcast recibido. Avatares: 1 [Hijo Test(2)] @ https://jimsimrodev.github.io/pequenos-sanos/assets/index-C7AoTPzR.js:82
[  335985ms] [LOG] [WS] 🗺️ Broadcast recibido. Avatares: 1 [Hijo Test(2)] @ https://jimsimrodev.github.io/pequenos-sanos/assets/index-C7AoTPzR.js:82
[  336012ms] [LOG] [WS] 🗺️ Broadcast recibido. Avatares: 1 [Hijo Test(2)] @ https://jimsimrodev.github.io/pequenos-sanos/assets/index-C7AoTPzR.js:82
[  336044ms] [LOG] [WS] 🗺️ Broadcast recibido. Avatares: 1 [Hijo Test(2)] @ https://jimsimrodev.github.io/pequenos-sanos/assets/index-C7AoTPzR.js:82
[  336072ms] [LOG] [WS] 🗺️ Broadcast recibido. Avatares: 1 [Hijo Test(2)] @ https://jimsimrodev.github.io/pequenos-sanos/assets/index-C7AoTPzR.js:82
[  336103ms] [LOG] [WS] 🗺️ Broadcast recibido. Avatares: 1 [Hijo Test(2)] @ https://jimsimrodev.github.io/pequenos-sanos/assets/index-C7AoTPzR.js:82
[  336135ms] [LOG] [WS] 🗺️ Broadcast recibido. Avatares: 1 [Hijo Test(2)] @ https://jimsimrodev.github.io/pequenos-sanos/assets/index-C7AoTPzR.js:82
[  336160ms] [LOG] [WS] 🗺️ Broadcast recibido. Avatares: 1 [Hijo Test(2)] @ https://jimsimrodev.github.io/pequenos-sanos/assets/index-C7AoTPzR.js:82
[  336197ms] [LOG] [WS] 🗺️ Broadcast recibido. Avatares: 1 [Hijo Test(2)] @ https://jimsimrodev.github.io/pequenos-sanos/assets/index-C7AoTPzR.js:82
[  336230ms] [LOG] [WS] 🗺️ Broadcast recibido. Avatares: 1 [Hijo Test(2)] @ https://jimsimrodev.github.io/pequenos-sanos/assets/index-C7AoTPzR.js:82
[  336264ms] [LOG] [WS] 🗺️ Broadcast recibido. Avatares: 1 [Hijo Test(2)] @ https://jimsimrodev.github.io/pequenos-sanos/assets/index-C7AoTPzR.js:82
[  336305ms] [LOG] [WS] 🗺️ Broadcast recibido. Avatares: 1 [Hijo Test(2)] @ https://jimsimrodev.github.io/pequenos-sanos/assets/index-C7AoTPzR.js:82
[  336338ms] [LOG] [WS] 🗺️ Broadcast recibido. Avatares: 1 [Hijo Test(2)] @ https://jimsimrodev.github.io/pequenos-sanos/assets/index-C7AoTPzR.js:82
[  336374ms] [LOG] [WS] 🗺️ Broadcast recibido. Avatares: 1 [Hijo Test(2)] @ https://jimsimrodev.github.io/pequenos-sanos/assets/index-C7AoTPzR.js:82
[  336406ms] [LOG] [WS] 🗺️ Broadcast recibido. Avatares: 1 [Hijo Test(2)] @ https://jimsimrodev.github.io/pequenos-sanos/assets/index-C7AoTPzR.js:82
[  336442ms] [LOG] [WS] 🗺️ Broadcast recibido. Avatares: 1 [Hijo Test(2)] @ https://jimsimrodev.github.io/pequenos-sanos/assets/index-C7AoTPzR.js:82
[  336474ms] [LOG] [WS] 🗺️ Broadcast recibido. Avatares: 1 [Hijo Test(2)] @ https://jimsimrodev.github.io/pequenos-sanos/assets/index-C7AoTPzR.js:82
[  336510ms] [LOG] [WS] 🗺️ Broadcast recibido. Avatares: 1 [Hijo Test(2)] @ https://jimsimrodev.github.io/pequenos-sanos/assets/index-C7AoTPzR.js:82
[  336536ms] [LOG] [WS] 🗺️ Broadcast recibido. Avatares: 1 [Hijo Test(2)] @ https://jimsimrodev.github.io/pequenos-sanos/assets/index-C7AoTPzR.js:82
[  336566ms] [LOG] [WS] 🗺️ Broadcast recibido. Avatares: 1 [Hijo Test(2)] @ https://jimsimrodev.github.io/pequenos-sanos/assets/index-C7AoTPzR.js:82
[  336595ms] [LOG] [WS] 🗺️ Broadcast recibido. Avatares: 1 [Hijo Test(2)] @ https://jimsimrodev.github.io/pequenos-sanos/assets/index-C7AoTPzR.js:82
[  336632ms] [LOG] [WS] 🗺️ Broadcast recibido. Avatares: 1 [Hijo Test(2)] @ https://jimsimrodev.github.io/pequenos-sanos/assets/index-C7AoTPzR.js:82
[  336662ms] [LOG] [WS] 🗺️ Broadcast recibido. Avatares: 1 [Hijo Test(2)] @ https://jimsimrodev.github.io/pequenos-sanos/assets/index-C7AoTPzR.js:82
[  336688ms] [LOG] [WS] 🗺️ Broadcast recibido. Avatares: 1 [Hijo Test(2)] @ https://jimsimrodev.github.io/pequenos-sanos/assets/index-C7AoTPzR.js:82
[  336719ms] [LOG] [WS] 🗺️ Broadcast recibido. Avatares: 1 [Hijo Test(2)] @ https://jimsimrodev.github.io/pequenos-sanos/assets/index-C7AoTPzR.js:82
[  336753ms] [LOG] [WS] 🗺️ Broadcast recibido. Avatares: 1 [Hijo Test(2)] @ https://jimsimrodev.github.io/pequenos-sanos/assets/index-C7AoTPzR.js:82
[  336782ms] [LOG] [WS] 🗺️ Broadcast recibido. Avatares: 1 [Hijo Test(2)] @ https://jimsimrodev.github.io/pequenos-sanos/assets/index-C7AoTPzR.js:82
[  336814ms] [LOG] [WS] 🗺️ Broadcast recibido. Avatares: 1 [Hijo Test(2)] @ https://jimsimrodev.github.io/pequenos-sanos/assets/index-C7AoTPzR.js:82
[  336844ms] [LOG] [WS] 🗺️ Broadcast recibido. Avatares: 1 [Hijo Test(2)] @ https://jimsimrodev.github.io/pequenos-sanos/assets/index-C7AoTPzR.js:82
[  336869ms] [LOG] [WS] 🗺️ Broadcast recibido. Avatares: 1 [Hijo Test(2)] @ https://jimsimrodev.github.io/pequenos-sanos/assets/index-C7AoTPzR.js:82
[  336899ms] [LOG] [WS] 🗺️ Broadcast recibido. Avatares: 1 [Hijo Test(2)] @ https://jimsimrodev.github.io/pequenos-sanos/assets/index-C7AoTPzR.js:82
[  336955ms] [LOG] [WS] 🗺️ Broadcast recibido. Avatares: 1 [Hijo Test(2)] @ https://jimsimrodev.github.io/pequenos-sanos/assets/index-C7AoTPzR.js:82
[  336984ms] [LOG] [WS] 🗺️ Broadcast recibido. Avatares: 1 [Hijo Test(2)] @ https://jimsimrodev.github.io/pequenos-sanos/assets/index-C7AoTPzR.js:82
[  337016ms] [LOG] [WS] 🗺️ Broadcast recibido. Avatares: 1 [Hijo Test(2)] @ https://jimsimrodev.github.io/pequenos-sanos/assets/index-C7AoTPzR.js:82
[  337042ms] [LOG] [WS] 🗺️ Broadcast recibido. Avatares: 1 [Hijo Test(2)] @ https://jimsimrodev.github.io/pequenos-sanos/assets/index-C7AoTPzR.js:82
[  337074ms] [LOG] [WS] 🗺️ Broadcast recibido. Avatares: 1 [Hijo Test(2)] @ https://jimsimrodev.github.io/pequenos-sanos/assets/index-C7AoTPzR.js:82
[  337111ms] [LOG] [WS] 🗺️ Broadcast recibido. Avatares: 1 [Hijo Test(2)] @ https://jimsimrodev.github.io/pequenos-sanos/assets/index-C7AoTPzR.js:82
[  337143ms] [LOG] [WS] 🗺️ Broadcast recibido. Avatares: 1 [Hijo Test(2)] @ https://jimsimrodev.github.io/pequenos-sanos/assets/index-C7AoTPzR.js:82
[  337171ms] [LOG] [WS] 🗺️ Broadcast recibido. Avatares: 1 [Hijo Test(2)] @ https://jimsimrodev.github.io/pequenos-sanos/assets/index-C7AoTPzR.js:82
[  337201ms] [LOG] [WS] 🗺️ Broadcast recibido. Avatares: 1 [Hijo Test(2)] @ https://jimsimrodev.github.io/pequenos-sanos/assets/index-C7AoTPzR.js:82
[  337259ms] [LOG] [WS] 🗺️ Broadcast recibido. Avatares: 1 [Hijo Test(2)] @ https://jimsimrodev.github.io/pequenos-sanos/assets/index-C7AoTPzR.js:82
[  337283ms] [LOG] [WS] 🗺️ Broadcast recibido. Avatares: 1 [Hijo Test(2)] @ https://jimsimrodev.github.io/pequenos-sanos/assets/index-C7AoTPzR.js:82
[  337308ms] [LOG] [WS] 🗺️ Broadcast recibido. Avatares: 1 [Hijo Test(2)] @ https://jimsimrodev.github.io/pequenos-sanos/assets/index-C7AoTPzR.js:82
[  337329ms] [LOG] [WS] 🗺️ Broadcast recibido. Avatares: 1 [Hijo Test(2)] @ https://jimsimrodev.github.io/pequenos-sanos/assets/index-C7AoTPzR.js:82
[  337389ms] [LOG] [WS] 🗺️ Broadcast recibido. Avatares: 1 [Hijo Test(2)] @ https://jimsimrodev.github.io/pequenos-sanos/assets/index-C7AoTPzR.js:82
[  337412ms] [LOG] [WS] 🗺️ Broadcast recibido. Avatares: 1 [Hijo Test(2)] @ https://jimsimrodev.github.io/pequenos-sanos/assets/index-C7AoTPzR.js:82
[  337447ms] [LOG] [WS] 🗺️ Broadcast recibido. Avatares: 1 [Hijo Test(2)] @ https://jimsimrodev.github.io/pequenos-sanos/assets/index-C7AoTPzR.js:82
[  337472ms] [LOG] [WS] 🗺️ Broadcast recibido. Avatares: 1 [Hijo Test(2)] @ https://jimsimrodev.github.io/pequenos-sanos/assets/index-C7AoTPzR.js:82
[  337500ms] [LOG] [WS] 🗺️ Broadcast recibido. Avatares: 1 [Hijo Test(2)] @ https://jimsimrodev.github.io/pequenos-sanos/assets/index-C7AoTPzR.js:82
[  337526ms] [LOG] [WS] 🗺️ Broadcast recibido. Avatares: 1 [Hijo Test(2)] @ https://jimsimrodev.github.io/pequenos-sanos/assets/index-C7AoTPzR.js:82
[  337582ms] [LOG] [WS] 🗺️ Broadcast recibido. Avatares: 1 [Hijo Test(2)] @ https://jimsimrodev.github.io/pequenos-sanos/assets/index-C7AoTPzR.js:82
[  337610ms] [LOG] [WS] 🗺️ Broadcast recibido. Avatares: 1 [Hijo Test(2)] @ https://jimsimrodev.github.io/pequenos-sanos/assets/index-C7AoTPzR.js:82
[  337640ms] [LOG] [WS] 🗺️ Broadcast recibido. Avatares: 1 [Hijo Test(2)] @ https://jimsimrodev.github.io/pequenos-sanos/assets/index-C7AoTPzR.js:82
[  337672ms] [LOG] [WS] 🗺️ Broadcast recibido. Avatares: 1 [Hijo Test(2)] @ https://jimsimrodev.github.io/pequenos-sanos/assets/index-C7AoTPzR.js:82
[  337699ms] [LOG] [WS] 🗺️ Broadcast recibido. Avatares: 1 [Hijo Test(2)] @ https://jimsimrodev.github.io/pequenos-sanos/assets/index-C7AoTPzR.js:82
[  337731ms] [LOG] [WS] 🗺️ Broadcast recibido. Avatares: 1 [Hijo Test(2)] @ https://jimsimrodev.github.io/pequenos-sanos/assets/index-C7AoTPzR.js:82
[  337764ms] [LOG] [WS] 🗺️ Broadcast recibido. Avatares: 1 [Hijo Test(2)] @ https://jimsimrodev.github.io/pequenos-sanos/assets/index-C7AoTPzR.js:82
[  337795ms] [LOG] [WS] 🗺️ Broadcast recibido. Avatares: 1 [Hijo Test(2)] @ https://jimsimrodev.github.io/pequenos-sanos/assets/index-C7AoTPzR.js:82
[  337831ms] [LOG] [WS] 🗺️ Broadcast recibido. Avatares: 1 [Hijo Test(2)] @ https://jimsimrodev.github.io/pequenos-sanos/assets/index-C7AoTPzR.js:82
[  337860ms] [LOG] [WS] 🗺️ Broadcast recibido. Avatares: 1 [Hijo Test(2)] @ https://jimsimrodev.github.io/pequenos-sanos/assets/index-C7AoTPzR.js:82
[  337915ms] [LOG] [WS] 🗺️ Broadcast recibido. Avatares: 1 [Hijo Test(2)] @ https://jimsimrodev.github.io/pequenos-sanos/assets/index-C7AoTPzR.js:82
[  337939ms] [LOG] [WS] 🗺️ Broadcast recibido. Avatares: 1 [Hijo Test(2)] @ https://jimsimrodev.github.io/pequenos-sanos/assets/index-C7AoTPzR.js:82
[  337970ms] [LOG] [WS] 🗺️ Broadcast recibido. Avatares: 1 [Hijo Test(2)] @ https://jimsimrodev.github.io/pequenos-sanos/assets/index-C7AoTPzR.js:82
[  337997ms] [LOG] [WS] 🗺️ Broadcast recibido. Avatares: 1 [Hijo Test(2)] @ https://jimsimrodev.github.io/pequenos-sanos/assets/index-C7AoTPzR.js:82
[  338033ms] [LOG] [WS] 🗺️ Broadcast recibido. Avatares: 1 [Hijo Test(2)] @ https://jimsimrodev.github.io/pequenos-sanos/assets/index-C7AoTPzR.js:82
[  338061ms] [LOG] [WS] 🗺️ Broadcast recibido. Avatares: 1 [Hijo Test(2)] @ https://jimsimrodev.github.io/pequenos-sanos/assets/index-C7AoTPzR.js:82
[  338089ms] [LOG] [WS] 🗺️ Broadcast recibido. Avatares: 1 [Hijo Test(2)] @ https://jimsimrodev.github.io/pequenos-sanos/assets/index-C7AoTPzR.js:82
[  338143ms] [LOG] [WS] 🗺️ Broadcast recibido. Avatares: 1 [Hijo Test(2)] @ https://jimsimrodev.github.io/pequenos-sanos/assets/index-C7AoTPzR.js:82
[  338177ms] [LOG] [WS] 🗺️ Broadcast recibido. Avatares: 1 [Hijo Test(2)] @ https://jimsimrodev.github.io/pequenos-sanos/assets/index-C7AoTPzR.js:82
[  338206ms] [LOG] [WS] 🗺️ Broadcast recibido. Avatares: 1 [Hijo Test(2)] @ https://jimsimrodev.github.io/pequenos-sanos/assets/index-C7AoTPzR.js:82
[  338238ms] [LOG] [WS] 🗺️ Broadcast recibido. Avatares: 1 [Hijo Test(2)] @ https://jimsimrodev.github.io/pequenos-sanos/assets/index-C7AoTPzR.js:82
[  338267ms] [LOG] [WS] 🗺️ Broadcast recibido. Avatares: 1 [Hijo Test(2)] @ https://jimsimrodev.github.io/pequenos-sanos/assets/index-C7AoTPzR.js:82
[  338295ms] [LOG] [WS] 🗺️ Broadcast recibido. Avatares: 1 [Hijo Test(2)] @ https://jimsimrodev.github.io/pequenos-sanos/assets/index-C7AoTPzR.js:82
[  338323ms] [LOG] [WS] 🗺️ Broadcast recibido. Avatares: 1 [Hijo Test(2)] @ https://jimsimrodev.github.io/pequenos-sanos/assets/index-C7AoTPzR.js:82
[  338371ms] [LOG] [WS] 🗺️ Broadcast recibido. Avatares: 1 [Hijo Test(2)] @ https://jimsimrodev.github.io/pequenos-sanos/assets/index-C7AoTPzR.js:82
[  338408ms] [LOG] [WS] 🗺️ Broadcast recibido. Avatares: 1 [Hijo Test(2)] @ https://jimsimrodev.github.io/pequenos-sanos/assets/index-C7AoTPzR.js:82
[  338441ms] [LOG] [WS] 🗺️ Broadcast recibido. Avatares: 1 [Hijo Test(2)] @ https://jimsimrodev.github.io/pequenos-sanos/assets/index-C7AoTPzR.js:82
[  338474ms] [LOG] [WS] 🗺️ Broadcast recibido. Avatares: 1 [Hijo Test(2)] @ https://jimsimrodev.github.io/pequenos-sanos/assets/index-C7AoTPzR.js:82
[  338511ms] [LOG] [WS] 🗺️ Broadcast recibido. Avatares: 1 [Hijo Test(2)] @ https://jimsimrodev.github.io/pequenos-sanos/assets/index-C7AoTPzR.js:82
[  338555ms] [LOG] [WS] 🗺️ Broadcast recibido. Avatares: 1 [Hijo Test(2)] @ https://jimsimrodev.github.io/pequenos-sanos/assets/index-C7AoTPzR.js:82
[  338584ms] [LOG] [WS] 🗺️ Broadcast recibido. Avatares: 1 [Hijo Test(2)] @ https://jimsimrodev.github.io/pequenos-sanos/assets/index-C7AoTPzR.js:82
[  338615ms] [LOG] [WS] 🗺️ Broadcast recibido. Avatares: 1 [Hijo Test(2)] @ https://jimsimrodev.github.io/pequenos-sanos/assets/index-C7AoTPzR.js:82
[  338647ms] [LOG] [WS] 🗺️ Broadcast recibido. Avatares: 1 [Hijo Test(2)] @ https://jimsimrodev.github.io/pequenos-sanos/assets/index-C7AoTPzR.js:82
[  338677ms] [LOG] [WS] 🗺️ Broadcast recibido. Avatares: 1 [Hijo Test(2)] @ https://jimsimrodev.github.io/pequenos-sanos/assets/index-C7AoTPzR.js:82
[  338709ms] [LOG] [WS] 🗺️ Broadcast recibido. Avatares: 1 [Hijo Test(2)] @ https://jimsimrodev.github.io/pequenos-sanos/assets/index-C7AoTPzR.js:82
[  338737ms] [LOG] [WS] 🗺️ Broadcast recibido. Avatares: 1 [Hijo Test(2)] @ https://jimsimrodev.github.io/pequenos-sanos/assets/index-C7AoTPzR.js:82
[  338767ms] [LOG] [WS] 🗺️ Broadcast recibido. Avatares: 1 [Hijo Test(2)] @ https://jimsimrodev.github.io/pequenos-sanos/assets/index-C7AoTPzR.js:82
[  338796ms] [LOG] [WS] 🗺️ Broadcast recibido. Avatares: 1 [Hijo Test(2)] @ https://jimsimrodev.github.io/pequenos-sanos/assets/index-C7AoTPzR.js:82
[  338829ms] [LOG] [WS] 🗺️ Broadcast recibido. Avatares: 1 [Hijo Test(2)] @ https://jimsimrodev.github.io/pequenos-sanos/assets/index-C7AoTPzR.js:82
[  338856ms] [LOG] [WS] 🗺️ Broadcast recibido. Avatares: 1 [Hijo Test(2)] @ https://jimsimrodev.github.io/pequenos-sanos/assets/index-C7AoTPzR.js:82
[  338881ms] [LOG] [WS] 🗺️ Broadcast recibido. Avatares: 1 [Hijo Test(2)] @ https://jimsimrodev.github.io/pequenos-sanos/assets/index-C7AoTPzR.js:82
[  338913ms] [LOG] [WS] 🗺️ Broadcast recibido. Avatares: 1 [Hijo Test(2)] @ https://jimsimrodev.github.io/pequenos-sanos/assets/index-C7AoTPzR.js:82
[  338948ms] [LOG] [WS] 🗺️ Broadcast recibido. Avatares: 1 [Hijo Test(2)] @ https://jimsimrodev.github.io/pequenos-sanos/assets/index-C7AoTPzR.js:82
[  338982ms] [LOG] [WS] 🗺️ Broadcast recibido. Avatares: 1 [Hijo Test(2)] @ https://jimsimrodev.github.io/pequenos-sanos/assets/index-C7AoTPzR.js:82
[  339014ms] [LOG] [WS] 🗺️ Broadcast recibido. Avatares: 1 [Hijo Test(2)] @ https://jimsimrodev.github.io/pequenos-sanos/assets/index-C7AoTPzR.js:82
[  339071ms] [LOG] [WS] 🗺️ Broadcast recibido. Avatares: 1 [Hijo Test(2)] @ https://jimsimrodev.github.io/pequenos-sanos/assets/index-C7AoTPzR.js:82
[  339110ms] [LOG] [WS] 🗺️ Broadcast recibido. Avatares: 1 [Hijo Test(2)] @ https://jimsimrodev.github.io/pequenos-sanos/assets/index-C7AoTPzR.js:82
[  339140ms] [LOG] [WS] 🗺️ Broadcast recibido. Avatares: 1 [Hijo Test(2)] @ https://jimsimrodev.github.io/pequenos-sanos/assets/index-C7AoTPzR.js:82
[  339168ms] [LOG] [WS] 🗺️ Broadcast recibido. Avatares: 1 [Hijo Test(2)] @ https://jimsimrodev.github.io/pequenos-sanos/assets/index-C7AoTPzR.js:82
[  339198ms] [LOG] [WS] 🗺️ Broadcast recibido. Avatares: 1 [Hijo Test(2)] @ https://jimsimrodev.github.io/pequenos-sanos/assets/index-C7AoTPzR.js:82
[  339229ms] [LOG] [WS] 🗺️ Broadcast recibido. Avatares: 1 [Hijo Test(2)] @ https://jimsimrodev.github.io/pequenos-sanos/assets/index-C7AoTPzR.js:82
[  339264ms] [LOG] [WS] 🗺️ Broadcast recibido. Avatares: 1 [Hijo Test(2)] @ https://jimsimrodev.github.io/pequenos-sanos/assets/index-C7AoTPzR.js:82
[  339297ms] [LOG] [WS] 🗺️ Broadcast recibido. Avatares: 1 [Hijo Test(2)] @ https://jimsimrodev.github.io/pequenos-sanos/assets/index-C7AoTPzR.js:82
[  339345ms] [LOG] [WS] 🗺️ Broadcast recibido. Avatares: 1 [Hijo Test(2)] @ https://jimsimrodev.github.io/pequenos-sanos/assets/index-C7AoTPzR.js:82
[  339386ms] [LOG] [WS] 🗺️ Broadcast recibido. Avatares: 1 [Hijo Test(2)] @ https://jimsimrodev.github.io/pequenos-sanos/assets/index-C7AoTPzR.js:82
[  339435ms] [LOG] [WS] 🗺️ Broadcast recibido. Avatares: 1 [Hijo Test(2)] @ https://jimsimrodev.github.io/pequenos-sanos/assets/index-C7AoTPzR.js:82
[  339469ms] [LOG] [WS] 🗺️ Broadcast recibido. Avatares: 1 [Hijo Test(2)] @ https://jimsimrodev.github.io/pequenos-sanos/assets/index-C7AoTPzR.js:82
[  339505ms] [LOG] [WS] 🗺️ Broadcast recibido. Avatares: 1 [Hijo Test(2)] @ https://jimsimrodev.github.io/pequenos-sanos/assets/index-C7AoTPzR.js:82
[  339540ms] [LOG] [WS] 🗺️ Broadcast recibido. Avatares: 1 [Hijo Test(2)] @ https://jimsimrodev.github.io/pequenos-sanos/assets/index-C7AoTPzR.js:82
[  339541ms] [LOG] [WS] 🗺️ Broadcast recibido. Avatares: 1 [Hijo Test(2)] @ https://jimsimrodev.github.io/pequenos-sanos/assets/index-C7AoTPzR.js:82
[  339572ms] [LOG] [WS] 🗺️ Broadcast recibido. Avatares: 1 [Hijo Test(2)] @ https://jimsimrodev.github.io/pequenos-sanos/assets/index-C7AoTPzR.js:82
[  339605ms] [LOG] [WS] 🗺️ Broadcast recibido. Avatares: 1 [Hijo Test(2)] @ https://jimsimrodev.github.io/pequenos-sanos/assets/index-C7AoTPzR.js:82
[  339649ms] [LOG] [WS] 🗺️ Broadcast recibido. Avatares: 1 [Hijo Test(2)] @ https://jimsimrodev.github.io/pequenos-sanos/assets/index-C7AoTPzR.js:82
[  339686ms] [LOG] [WS] 🗺️ Broadcast recibido. Avatares: 1 [Hijo Test(2)] @ https://jimsimrodev.github.io/pequenos-sanos/assets/index-C7AoTPzR.js:82
[  339727ms] [LOG] [WS] 🗺️ Broadcast recibido. Avatares: 1 [Hijo Test(2)] @ https://jimsimrodev.github.io/pequenos-sanos/assets/index-C7AoTPzR.js:82
[  339762ms] [LOG] [WS] 🗺️ Broadcast recibido. Avatares: 1 [Hijo Test(2)] @ https://jimsimrodev.github.io/pequenos-sanos/assets/index-C7AoTPzR.js:82
[  339810ms] [LOG] [WS] 🗺️ Broadcast recibido. Avatares: 1 [Hijo Test(2)] @ https://jimsimrodev.github.io/pequenos-sanos/assets/index-C7AoTPzR.js:82
[  339840ms] [LOG] [WS] 🗺️ Broadcast recibido. Avatares: 1 [Hijo Test(2)] @ https://jimsimrodev.github.io/pequenos-sanos/assets/index-C7AoTPzR.js:82
[  339841ms] [LOG] [WS] 🗺️ Broadcast recibido. Avatares: 1 [Hijo Test(2)] @ https://jimsimrodev.github.io/pequenos-sanos/assets/index-C7AoTPzR.js:82
[  339873ms] [LOG] [WS] 🗺️ Broadcast recibido. Avatares: 1 [Hijo Test(2)] @ https://jimsimrodev.github.io/pequenos-sanos/assets/index-C7AoTPzR.js:82
[  339903ms] [LOG] [WS] 🗺️ Broadcast recibido. Avatares: 1 [Hijo Test(2)] @ https://jimsimrodev.github.io/pequenos-sanos/assets/index-C7AoTPzR.js:82
[  339935ms] [LOG] [WS] 🗺️ Broadcast recibido. Avatares: 1 [Hijo Test(2)] @ https://jimsimrodev.github.io/pequenos-sanos/assets/index-C7AoTPzR.js:82
[  339978ms] [LOG] [WS] 🗺️ Broadcast recibido. Avatares: 1 [Hijo Test(2)] @ https://jimsimrodev.github.io/pequenos-sanos/assets/index-C7AoTPzR.js:82
[  340014ms] [LOG] [WS] 🗺️ Broadcast recibido. Avatares: 1 [Hijo Test(2)] @ https://jimsimrodev.github.io/pequenos-sanos/assets/index-C7AoTPzR.js:82
[  340052ms] [LOG] [WS] 🗺️ Broadcast recibido. Avatares: 1 [Hijo Test(2)] @ https://jimsimrodev.github.io/pequenos-sanos/assets/index-C7AoTPzR.js:82
[  340080ms] [LOG] [WS] 🗺️ Broadcast recibido. Avatares: 1 [Hijo Test(2)] @ https://jimsimrodev.github.io/pequenos-sanos/assets/index-C7AoTPzR.js:82
[  340112ms] [LOG] [WS] 🗺️ Broadcast recibido. Avatares: 1 [Hijo Test(2)] @ https://jimsimrodev.github.io/pequenos-sanos/assets/index-C7AoTPzR.js:82
[  340142ms] [LOG] [WS] 🗺️ Broadcast recibido. Avatares: 1 [Hijo Test(2)] @ https://jimsimrodev.github.io/pequenos-sanos/assets/index-C7AoTPzR.js:82
[  340169ms] [LOG] [WS] 🗺️ Broadcast recibido. Avatares: 1 [Hijo Test(2)] @ https://jimsimrodev.github.io/pequenos-sanos/assets/index-C7AoTPzR.js:82
[  340193ms] [LOG] [WS] 🗺️ Broadcast recibido. Avatares: 1 [Hijo Test(2)] @ https://jimsimrodev.github.io/pequenos-sanos/assets/index-C7AoTPzR.js:82
[  340221ms] [LOG] [WS] 🗺️ Broadcast recibido. Avatares: 1 [Hijo Test(2)] @ https://jimsimrodev.github.io/pequenos-sanos/assets/index-C7AoTPzR.js:82
[  340256ms] [LOG] [WS] 🗺️ Broadcast recibido. Avatares: 1 [Hijo Test(2)] @ https://jimsimrodev.github.io/pequenos-sanos/assets/index-C7AoTPzR.js:82
[  340289ms] [LOG] [WS] 🗺️ Broadcast recibido. Avatares: 1 [Hijo Test(2)] @ https://jimsimrodev.github.io/pequenos-sanos/assets/index-C7AoTPzR.js:82
[  340321ms] [LOG] [WS] 🗺️ Broadcast recibido. Avatares: 1 [Hijo Test(2)] @ https://jimsimrodev.github.io/pequenos-sanos/assets/index-C7AoTPzR.js:82
[  340352ms] [LOG] [WS] 🗺️ Broadcast recibido. Avatares: 1 [Hijo Test(2)] @ https://jimsimrodev.github.io/pequenos-sanos/assets/index-C7AoTPzR.js:82
[  340382ms] [LOG] [WS] 🗺️ Broadcast recibido. Avatares: 1 [Hijo Test(2)] @ https://jimsimrodev.github.io/pequenos-sanos/assets/index-C7AoTPzR.js:82
[  340412ms] [LOG] [WS] 🗺️ Broadcast recibido. Avatares: 1 [Hijo Test(2)] @ https://jimsimrodev.github.io/pequenos-sanos/assets/index-C7AoTPzR.js:82
[  340443ms] [LOG] [WS] 🗺️ Broadcast recibido. Avatares: 1 [Hijo Test(2)] @ https://jimsimrodev.github.io/pequenos-sanos/assets/index-C7AoTPzR.js:82
[  340471ms] [LOG] [WS] 🗺️ Broadcast recibido. Avatares: 1 [Hijo Test(2)] @ https://jimsimrodev.github.io/pequenos-sanos/assets/index-C7AoTPzR.js:82
[  340500ms] [LOG] [WS] 🗺️ Broadcast recibido. Avatares: 1 [Hijo Test(2)] @ https://jimsimrodev.github.io/pequenos-sanos/assets/index-C7AoTPzR.js:82
[  340532ms] [LOG] [WS] 🗺️ Broadcast recibido. Avatares: 1 [Hijo Test(2)] @ https://jimsimrodev.github.io/pequenos-sanos/assets/index-C7AoTPzR.js:82
[  340563ms] [LOG] [WS] 🗺️ Broadcast recibido. Avatares: 1 [Hijo Test(2)] @ https://jimsimrodev.github.io/pequenos-sanos/assets/index-C7AoTPzR.js:82
[  340618ms] [LOG] [WS] 🗺️ Broadcast recibido. Avatares: 1 [Hijo Test(2)] @ https://jimsimrodev.github.io/pequenos-sanos/assets/index-C7AoTPzR.js:82
[  340648ms] [LOG] [WS] 🗺️ Broadcast recibido. Avatares: 1 [Hijo Test(2)] @ https://jimsimrodev.github.io/pequenos-sanos/assets/index-C7AoTPzR.js:82
[  340676ms] [LOG] [WS] 🗺️ Broadcast recibido. Avatares: 1 [Hijo Test(2)] @ https://jimsimrodev.github.io/pequenos-sanos/assets/index-C7AoTPzR.js:82
[  340706ms] [LOG] [WS] 🗺️ Broadcast recibido. Avatares: 1 [Hijo Test(2)] @ https://jimsimrodev.github.io/pequenos-sanos/assets/index-C7AoTPzR.js:82
[  340736ms] [LOG] [WS] 🗺️ Broadcast recibido. Avatares: 1 [Hijo Test(2)] @ https://jimsimrodev.github.io/pequenos-sanos/assets/index-C7AoTPzR.js:82
[  340791ms] [LOG] [WS] 🗺️ Broadcast recibido. Avatares: 1 [Hijo Test(2)] @ https://jimsimrodev.github.io/pequenos-sanos/assets/index-C7AoTPzR.js:82
[  340827ms] [LOG] [WS] 🗺️ Broadcast recibido. Avatares: 1 [Hijo Test(2)] @ https://jimsimrodev.github.io/pequenos-sanos/assets/index-C7AoTPzR.js:82
[  340853ms] [LOG] [WS] 🗺️ Broadcast recibido. Avatares: 1 [Hijo Test(2)] @ https://jimsimrodev.github.io/pequenos-sanos/assets/index-C7AoTPzR.js:82
[  340890ms] [LOG] [WS] 🗺️ Broadcast recibido. Avatares: 1 [Hijo Test(2)] @ https://jimsimrodev.github.io/pequenos-sanos/assets/index-C7AoTPzR.js:82
[  340928ms] [LOG] [WS] 🗺️ Broadcast recibido. Avatares: 1 [Hijo Test(2)] @ https://jimsimrodev.github.io/pequenos-sanos/assets/index-C7AoTPzR.js:82
[  340962ms] [LOG] [WS] 🗺️ Broadcast recibido. Avatares: 1 [Hijo Test(2)] @ https://jimsimrodev.github.io/pequenos-sanos/assets/index-C7AoTPzR.js:82
[  340990ms] [LOG] [WS] 🗺️ Broadcast recibido. Avatares: 1 [Hijo Test(2)] @ https://jimsimrodev.github.io/pequenos-sanos/assets/index-C7AoTPzR.js:82
[  341025ms] [LOG] [WS] 🗺️ Broadcast recibido. Avatares: 1 [Hijo Test(2)] @ https://jimsimrodev.github.io/pequenos-sanos/assets/index-C7AoTPzR.js:82
[  341051ms] [LOG] [WS] 🗺️ Broadcast recibido. Avatares: 1 [Hijo Test(2)] @ https://jimsimrodev.github.io/pequenos-sanos/assets/index-C7AoTPzR.js:82
[  341082ms] [LOG] [WS] 🗺️ Broadcast recibido. Avatares: 1 [Hijo Test(2)] @ https://jimsimrodev.github.io/pequenos-sanos/assets/index-C7AoTPzR.js:82
[  341106ms] [LOG] [WS] 🗺️ Broadcast recibido. Avatares: 1 [Hijo Test(2)] @ https://jimsimrodev.github.io/pequenos-sanos/assets/index-C7AoTPzR.js:82
[  341132ms] [LOG] [WS] 🗺️ Broadcast recibido. Avatares: 1 [Hijo Test(2)] @ https://jimsimrodev.github.io/pequenos-sanos/assets/index-C7AoTPzR.js:82
[  341185ms] [LOG] [WS] 🗺️ Broadcast recibido. Avatares: 1 [Hijo Test(2)] @ https://jimsimrodev.github.io/pequenos-sanos/assets/index-C7AoTPzR.js:82
[  341211ms] [LOG] [WS] 🗺️ Broadcast recibido. Avatares: 1 [Hijo Test(2)] @ https://jimsimrodev.github.io/pequenos-sanos/assets/index-C7AoTPzR.js:82
[  341242ms] [LOG] [WS] 🗺️ Broadcast recibido. Avatares: 1 [Hijo Test(2)] @ https://jimsimrodev.github.io/pequenos-sanos/assets/index-C7AoTPzR.js:82
[  341277ms] [LOG] [WS] 🗺️ Broadcast recibido. Avatares: 1 [Hijo Test(2)] @ https://jimsimrodev.github.io/pequenos-sanos/assets/index-C7AoTPzR.js:82
[  341303ms] [LOG] [WS] 🗺️ Broadcast recibido. Avatares: 1 [Hijo Test(2)] @ https://jimsimrodev.github.io/pequenos-sanos/assets/index-C7AoTPzR.js:82
[  341335ms] [LOG] [WS] 🗺️ Broadcast recibido. Avatares: 1 [Hijo Test(2)] @ https://jimsimrodev.github.io/pequenos-sanos/assets/index-C7AoTPzR.js:82
[  341376ms] [LOG] [WS] 🗺️ Broadcast recibido. Avatares: 1 [Hijo Test(2)] @ https://jimsimrodev.github.io/pequenos-sanos/assets/index-C7AoTPzR.js:82
[  341401ms] [LOG] [WS] 🗺️ Broadcast recibido. Avatares: 1 [Hijo Test(2)] @ https://jimsimrodev.github.io/pequenos-sanos/assets/index-C7AoTPzR.js:82
[  341434ms] [LOG] [WS] 🗺️ Broadcast recibido. Avatares: 1 [Hijo Test(2)] @ https://jimsimrodev.github.io/pequenos-sanos/assets/index-C7AoTPzR.js:82
[  341469ms] [LOG] [WS] 🗺️ Broadcast recibido. Avatares: 1 [Hijo Test(2)] @ https://jimsimrodev.github.io/pequenos-sanos/assets/index-C7AoTPzR.js:82
[  341496ms] [LOG] [WS] 🗺️ Broadcast recibido. Avatares: 1 [Hijo Test(2)] @ https://jimsimrodev.github.io/pequenos-sanos/assets/index-C7AoTPzR.js:82
[  341533ms] [LOG] [WS] 🗺️ Broadcast recibido. Avatares: 1 [Hijo Test(2)] @ https://jimsimrodev.github.io/pequenos-sanos/assets/index-C7AoTPzR.js:82
[  341563ms] [LOG] [WS] 🗺️ Broadcast recibido. Avatares: 1 [Hijo Test(2)] @ https://jimsimrodev.github.io/pequenos-sanos/assets/index-C7AoTPzR.js:82
[  341591ms] [LOG] [WS] 🗺️ Broadcast recibido. Avatares: 1 [Hijo Test(2)] @ https://jimsimrodev.github.io/pequenos-sanos/assets/index-C7AoTPzR.js:82
[  341623ms] [LOG] [WS] 🗺️ Broadcast recibido. Avatares: 1 [Hijo Test(2)] @ https://jimsimrodev.github.io/pequenos-sanos/assets/index-C7AoTPzR.js:82
[  341690ms] [LOG] [WS] 🗺️ Broadcast recibido. Avatares: 1 [Hijo Test(2)] @ https://jimsimrodev.github.io/pequenos-sanos/assets/index-C7AoTPzR.js:82
[  341720ms] [LOG] [WS] 🗺️ Broadcast recibido. Avatares: 1 [Hijo Test(2)] @ https://jimsimrodev.github.io/pequenos-sanos/assets/index-C7AoTPzR.js:82
[  341755ms] [LOG] [WS] 🗺️ Broadcast recibido. Avatares: 1 [Hijo Test(2)] @ https://jimsimrodev.github.io/pequenos-sanos/assets/index-C7AoTPzR.js:82
[  341782ms] [LOG] [WS] 🗺️ Broadcast recibido. Avatares: 1 [Hijo Test(2)] @ https://jimsimrodev.github.io/pequenos-sanos/assets/index-C7AoTPzR.js:82
[  341816ms] [LOG] [WS] 🗺️ Broadcast recibido. Avatares: 1 [Hijo Test(2)] @ https://jimsimrodev.github.io/pequenos-sanos/assets/index-C7AoTPzR.js:82
[  341846ms] [LOG] [WS] 🗺️ Broadcast recibido. Avatares: 1 [Hijo Test(2)] @ https://jimsimrodev.github.io/pequenos-sanos/assets/index-C7AoTPzR.js:82
[  341881ms] [LOG] [WS] 🗺️ Broadcast recibido. Avatares: 1 [Hijo Test(2)] @ https://jimsimrodev.github.io/pequenos-sanos/assets/index-C7AoTPzR.js:82
[  341911ms] [LOG] [WS] 🗺️ Broadcast recibido. Avatares: 1 [Hijo Test(2)] @ https://jimsimrodev.github.io/pequenos-sanos/assets/index-C7AoTPzR.js:82
[  341941ms] [LOG] [WS] 🗺️ Broadcast recibido. Avatares: 1 [Hijo Test(2)] @ https://jimsimrodev.github.io/pequenos-sanos/assets/index-C7AoTPzR.js:82
[  341976ms] [LOG] [WS] 🗺️ Broadcast recibido. Avatares: 1 [Hijo Test(2)] @ https://jimsimrodev.github.io/pequenos-sanos/assets/index-C7AoTPzR.js:82
[  342003ms] [LOG] [WS] 🗺️ Broadcast recibido. Avatares: 1 [Hijo Test(2)] @ https://jimsimrodev.github.io/pequenos-sanos/assets/index-C7AoTPzR.js:82
[  342032ms] [LOG] [WS] 🗺️ Broadcast recibido. Avatares: 1 [Hijo Test(2)] @ https://jimsimrodev.github.io/pequenos-sanos/assets/index-C7AoTPzR.js:82
[  342061ms] [LOG] [WS] 🗺️ Broadcast recibido. Avatares: 1 [Hijo Test(2)] @ https://jimsimrodev.github.io/pequenos-sanos/assets/index-C7AoTPzR.js:82
[  342094ms] [LOG] [WS] 🗺️ Broadcast recibido. Avatares: 1 [Hijo Test(2)] @ https://jimsimrodev.github.io/pequenos-sanos/assets/index-C7AoTPzR.js:82
[  342119ms] [LOG] [WS] 🗺️ Broadcast recibido. Avatares: 1 [Hijo Test(2)] @ https://jimsimrodev.github.io/pequenos-sanos/assets/index-C7AoTPzR.js:82
[  342149ms] [LOG] [WS] 🗺️ Broadcast recibido. Avatares: 1 [Hijo Test(2)] @ https://jimsimrodev.github.io/pequenos-sanos/assets/index-C7AoTPzR.js:82
[  342203ms] [LOG] [WS] 🗺️ Broadcast recibido. Avatares: 1 [Hijo Test(2)] @ https://jimsimrodev.github.io/pequenos-sanos/assets/index-C7AoTPzR.js:82
[  342241ms] [LOG] [WS] 🗺️ Broadcast recibido. Avatares: 1 [Hijo Test(2)] @ https://jimsimrodev.github.io/pequenos-sanos/assets/index-C7AoTPzR.js:82
[  342273ms] [LOG] [WS] 🗺️ Broadcast recibido. Avatares: 1 [Hijo Test(2)] @ https://jimsimrodev.github.io/pequenos-sanos/assets/index-C7AoTPzR.js:82
[  342303ms] [LOG] [WS] 🗺️ Broadcast recibido. Avatares: 1 [Hijo Test(2)] @ https://jimsimrodev.github.io/pequenos-sanos/assets/index-C7AoTPzR.js:82
[  342333ms] [LOG] [WS] 🗺️ Broadcast recibido. Avatares: 1 [Hijo Test(2)] @ https://jimsimrodev.github.io/pequenos-sanos/assets/index-C7AoTPzR.js:82
[  342363ms] [LOG] [WS] 🗺️ Broadcast recibido. Avatares: 1 [Hijo Test(2)] @ https://jimsimrodev.github.io/pequenos-sanos/assets/index-C7AoTPzR.js:82
[  342391ms] [LOG] [WS] 🗺️ Broadcast recibido. Avatares: 1 [Hijo Test(2)] @ https://jimsimrodev.github.io/pequenos-sanos/assets/index-C7AoTPzR.js:82
[  342423ms] [LOG] [WS] 🗺️ Broadcast recibido. Avatares: 1 [Hijo Test(2)] @ https://jimsimrodev.github.io/pequenos-sanos/assets/index-C7AoTPzR.js:82
[  342448ms] [LOG] [WS] 🗺️ Broadcast recibido. Avatares: 1 [Hijo Test(2)] @ https://jimsimrodev.github.io/pequenos-sanos/assets/index-C7AoTPzR.js:82
[  342511ms] [LOG] [WS] 🗺️ Broadcast recibido. Avatares: 1 [Hijo Test(2)] @ https://jimsimrodev.github.io/pequenos-sanos/assets/index-C7AoTPzR.js:82
[  342547ms] [LOG] [WS] 🗺️ Broadcast recibido. Avatares: 1 [Hijo Test(2)] @ https://jimsimrodev.github.io/pequenos-sanos/assets/index-C7AoTPzR.js:82
[  342576ms] [LOG] [WS] 🗺️ Broadcast recibido. Avatares: 1 [Hijo Test(2)] @ https://jimsimrodev.github.io/pequenos-sanos/assets/index-C7AoTPzR.js:82
[  342612ms] [LOG] [WS] 🗺️ Broadcast recibido. Avatares: 1 [Hijo Test(2)] @ https://jimsimrodev.github.io/pequenos-sanos/assets/index-C7AoTPzR.js:82
[  342640ms] [LOG] [WS] 🗺️ Broadcast recibido. Avatares: 1 [Hijo Test(2)] @ https://jimsimrodev.github.io/pequenos-sanos/assets/index-C7AoTPzR.js:82
[  342669ms] [LOG] [WS] 🗺️ Broadcast recibido. Avatares: 1 [Hijo Test(2)] @ https://jimsimrodev.github.io/pequenos-sanos/assets/index-C7AoTPzR.js:82
[  342699ms] [LOG] [WS] 🗺️ Broadcast recibido. Avatares: 1 [Hijo Test(2)] @ https://jimsimrodev.github.io/pequenos-sanos/assets/index-C7AoTPzR.js:82
[  342733ms] [LOG] [WS] 🗺️ Broadcast recibido. Avatares: 1 [Hijo Test(2)] @ https://jimsimrodev.github.io/pequenos-sanos/assets/index-C7AoTPzR.js:82
[  342769ms] [LOG] [WS] 🗺️ Broadcast recibido. Avatares: 1 [Hijo Test(2)] @ https://jimsimrodev.github.io/pequenos-sanos/assets/index-C7AoTPzR.js:82
[  342804ms] [LOG] [WS] 🗺️ Broadcast recibido. Avatares: 1 [Hijo Test(2)] @ https://jimsimrodev.github.io/pequenos-sanos/assets/index-C7AoTPzR.js:82
[  342828ms] [LOG] [WS] 🗺️ Broadcast recibido. Avatares: 1 [Hijo Test(2)] @ https://jimsimrodev.github.io/pequenos-sanos/assets/index-C7AoTPzR.js:82
[  342854ms] [LOG] [WS] 🗺️ Broadcast recibido. Avatares: 1 [Hijo Test(2)] @ https://jimsimrodev.github.io/pequenos-sanos/assets/index-C7AoTPzR.js:82
[  342884ms] [LOG] [WS] 🗺️ Broadcast recibido. Avatares: 1 [Hijo Test(2)] @ https://jimsimrodev.github.io/pequenos-sanos/assets/index-C7AoTPzR.js:82
[  342917ms] [LOG] [WS] 🗺️ Broadcast recibido. Avatares: 1 [Hijo Test(2)] @ https://jimsimrodev.github.io/pequenos-sanos/assets/index-C7AoTPzR.js:82
[  342953ms] [LOG] [WS] 🗺️ Broadcast recibido. Avatares: 1 [Hijo Test(2)] @ https://jimsimrodev.github.io/pequenos-sanos/assets/index-C7AoTPzR.js:82
[  343050ms] [LOG] [WS] 🗺️ Broadcast recibido. Avatares: 1 [Hijo Test(2)] @ https://jimsimrodev.github.io/pequenos-sanos/assets/index-C7AoTPzR.js:82
[  343074ms] [LOG] [WS] 🗺️ Broadcast recibido. Avatares: 1 [Hijo Test(2)] @ https://jimsimrodev.github.io/pequenos-sanos/assets/index-C7AoTPzR.js:82
[  343075ms] [LOG] [WS] 🗺️ Broadcast recibido. Avatares: 1 [Hijo Test(2)] @ https://jimsimrodev.github.io/pequenos-sanos/assets/index-C7AoTPzR.js:82
[  343100ms] [LOG] [WS] 🗺️ Broadcast recibido. Avatares: 1 [Hijo Test(2)] @ https://jimsimrodev.github.io/pequenos-sanos/assets/index-C7AoTPzR.js:82
[  343130ms] [LOG] [WS] 🗺️ Broadcast recibido. Avatares: 1 [Hijo Test(2)] @ https://jimsimrodev.github.io/pequenos-sanos/assets/index-C7AoTPzR.js:82
[  343165ms] [LOG] [WS] 🗺️ Broadcast recibido. Avatares: 1 [Hijo Test(2)] @ https://jimsimrodev.github.io/pequenos-sanos/assets/index-C7AoTPzR.js:82
[  343197ms] [LOG] [WS] 🗺️ Broadcast recibido. Avatares: 1 [Hijo Test(2)] @ https://jimsimrodev.github.io/pequenos-sanos/assets/index-C7AoTPzR.js:82
[  343228ms] [LOG] [WS] 🗺️ Broadcast recibido. Avatares: 1 [Hijo Test(2)] @ https://jimsimrodev.github.io/pequenos-sanos/assets/index-C7AoTPzR.js:82
[  343261ms] [LOG] [WS] 🗺️ Broadcast recibido. Avatares: 1 [Hijo Test(2)] @ https://jimsimrodev.github.io/pequenos-sanos/assets/index-C7AoTPzR.js:82
[  343294ms] [LOG] [WS] 🗺️ Broadcast recibido. Avatares: 1 [Hijo Test(2)] @ https://jimsimrodev.github.io/pequenos-sanos/assets/index-C7AoTPzR.js:82
[  343323ms] [LOG] [WS] 🗺️ Broadcast recibido. Avatares: 1 [Hijo Test(2)] @ https://jimsimrodev.github.io/pequenos-sanos/assets/index-C7AoTPzR.js:82
[  343353ms] [LOG] [WS] 🗺️ Broadcast recibido. Avatares: 1 [Hijo Test(2)] @ https://jimsimrodev.github.io/pequenos-sanos/assets/index-C7AoTPzR.js:82
[  343383ms] [LOG] [WS] 🗺️ Broadcast recibido. Avatares: 1 [Hijo Test(2)] @ https://jimsimrodev.github.io/pequenos-sanos/assets/index-C7AoTPzR.js:82
[  343420ms] [LOG] [WS] 🗺️ Broadcast recibido. Avatares: 1 [Hijo Test(2)] @ https://jimsimrodev.github.io/pequenos-sanos/assets/index-C7AoTPzR.js:82
[  343448ms] [LOG] [WS] 🗺️ Broadcast recibido. Avatares: 1 [Hijo Test(2)] @ https://jimsimrodev.github.io/pequenos-sanos/assets/index-C7AoTPzR.js:82
[  343481ms] [LOG] [WS] 🗺️ Broadcast recibido. Avatares: 1 [Hijo Test(2)] @ https://jimsimrodev.github.io/pequenos-sanos/assets/index-C7AoTPzR.js:82
[  343510ms] [LOG] [WS] 🗺️ Broadcast recibido. Avatares: 1 [Hijo Test(2)] @ https://jimsimrodev.github.io/pequenos-sanos/assets/index-C7AoTPzR.js:82
[  343543ms] [LOG] [WS] 🗺️ Broadcast recibido. Avatares: 1 [Hijo Test(2)] @ https://jimsimrodev.github.io/pequenos-sanos/assets/index-C7AoTPzR.js:82
[  343572ms] [LOG] [WS] 🗺️ Broadcast recibido. Avatares: 1 [Hijo Test(2)] @ https://jimsimrodev.github.io/pequenos-sanos/assets/index-C7AoTPzR.js:82
[  343628ms] [LOG] [WS] 🗺️ Broadcast recibido. Avatares: 1 [Hijo Test(2)] @ https://jimsimrodev.github.io/pequenos-sanos/assets/index-C7AoTPzR.js:82
[  343655ms] [LOG] [WS] 🗺️ Broadcast recibido. Avatares: 1 [Hijo Test(2)] @ https://jimsimrodev.github.io/pequenos-sanos/assets/index-C7AoTPzR.js:82
[  343689ms] [LOG] [WS] 🗺️ Broadcast recibido. Avatares: 1 [Hijo Test(2)] @ https://jimsimrodev.github.io/pequenos-sanos/assets/index-C7AoTPzR.js:82
[  343721ms] [LOG] [WS] 🗺️ Broadcast recibido. Avatares: 1 [Hijo Test(2)] @ https://jimsimrodev.github.io/pequenos-sanos/assets/index-C7AoTPzR.js:82
[  343748ms] [LOG] [WS] 🗺️ Broadcast recibido. Avatares: 1 [Hijo Test(2)] @ https://jimsimrodev.github.io/pequenos-sanos/assets/index-C7AoTPzR.js:82
[  343779ms] [LOG] [WS] 🗺️ Broadcast recibido. Avatares: 1 [Hijo Test(2)] @ https://jimsimrodev.github.io/pequenos-sanos/assets/index-C7AoTPzR.js:82
[  343813ms] [LOG] [WS] 🗺️ Broadcast recibido. Avatares: 1 [Hijo Test(2)] @ https://jimsimrodev.github.io/pequenos-sanos/assets/index-C7AoTPzR.js:82
[  343844ms] [LOG] [WS] 🗺️ Broadcast recibido. Avatares: 1 [Hijo Test(2)] @ https://jimsimrodev.github.io/pequenos-sanos/assets/index-C7AoTPzR.js:82
[  343874ms] [LOG] [WS] 🗺️ Broadcast recibido. Avatares: 1 [Hijo Test(2)] @ https://jimsimrodev.github.io/pequenos-sanos/assets/index-C7AoTPzR.js:82
[  343913ms] [LOG] [WS] 🗺️ Broadcast recibido. Avatares: 1 [Hijo Test(2)] @ https://jimsimrodev.github.io/pequenos-sanos/assets/index-C7AoTPzR.js:82
[  343942ms] [LOG] [WS] 🗺️ Broadcast recibido. Avatares: 1 [Hijo Test(2)] @ https://jimsimrodev.github.io/pequenos-sanos/assets/index-C7AoTPzR.js:82
[  343971ms] [LOG] [WS] 🗺️ Broadcast recibido. Avatares: 1 [Hijo Test(2)] @ https://jimsimrodev.github.io/pequenos-sanos/assets/index-C7AoTPzR.js:82
[  344002ms] [LOG] [WS] 🗺️ Broadcast recibido. Avatares: 1 [Hijo Test(2)] @ https://jimsimrodev.github.io/pequenos-sanos/assets/index-C7AoTPzR.js:82
[  344030ms] [LOG] [WS] 🗺️ Broadcast recibido. Avatares: 1 [Hijo Test(2)] @ https://jimsimrodev.github.io/pequenos-sanos/assets/index-C7AoTPzR.js:82
[  344062ms] [LOG] [WS] 🗺️ Broadcast recibido. Avatares: 1 [Hijo Test(2)] @ https://jimsimrodev.github.io/pequenos-sanos/assets/index-C7AoTPzR.js:82
[  344097ms] [LOG] [WS] 🗺️ Broadcast recibido. Avatares: 1 [Hijo Test(2)] @ https://jimsimrodev.github.io/pequenos-sanos/assets/index-C7AoTPzR.js:82
[  344163ms] [LOG] [WS] 🗺️ Broadcast recibido. Avatares: 1 [Hijo Test(2)] @ https://jimsimrodev.github.io/pequenos-sanos/assets/index-C7AoTPzR.js:82
[  344194ms] [LOG] [WS] 🗺️ Broadcast recibido. Avatares: 1 [Hijo Test(2)] @ https://jimsimrodev.github.io/pequenos-sanos/assets/index-C7AoTPzR.js:82
[  344222ms] [LOG] [WS] 🗺️ Broadcast recibido. Avatares: 1 [Hijo Test(2)] @ https://jimsimrodev.github.io/pequenos-sanos/assets/index-C7AoTPzR.js:82
[  344247ms] [LOG] [WS] 🗺️ Broadcast recibido. Avatares: 1 [Hijo Test(2)] @ https://jimsimrodev.github.io/pequenos-sanos/assets/index-C7AoTPzR.js:82
[  344278ms] [LOG] [WS] 🗺️ Broadcast recibido. Avatares: 1 [Hijo Test(2)] @ https://jimsimrodev.github.io/pequenos-sanos/assets/index-C7AoTPzR.js:82
[  344302ms] [LOG] [WS] 🗺️ Broadcast recibido. Avatares: 1 [Hijo Test(2)] @ https://jimsimrodev.github.io/pequenos-sanos/assets/index-C7AoTPzR.js:82
[  344333ms] [LOG] [WS] 🗺️ Broadcast recibido. Avatares: 1 [Hijo Test(2)] @ https://jimsimrodev.github.io/pequenos-sanos/assets/index-C7AoTPzR.js:82
[  344365ms] [LOG] [WS] 🗺️ Broadcast recibido. Avatares: 1 [Hijo Test(2)] @ https://jimsimrodev.github.io/pequenos-sanos/assets/index-C7AoTPzR.js:82
[  344398ms] [LOG] [WS] 🗺️ Broadcast recibido. Avatares: 1 [Hijo Test(2)] @ https://jimsimrodev.github.io/pequenos-sanos/assets/index-C7AoTPzR.js:82
[  344429ms] [LOG] [WS] 🗺️ Broadcast recibido. Avatares: 1 [Hijo Test(2)] @ https://jimsimrodev.github.io/pequenos-sanos/assets/index-C7AoTPzR.js:82
[  344462ms] [LOG] [WS] 🗺️ Broadcast recibido. Avatares: 1 [Hijo Test(2)] @ https://jimsimrodev.github.io/pequenos-sanos/assets/index-C7AoTPzR.js:82
[  344514ms] [LOG] [WS] 🗺️ Broadcast recibido. Avatares: 1 [Hijo Test(2)] @ https://jimsimrodev.github.io/pequenos-sanos/assets/index-C7AoTPzR.js:82
[  344541ms] [LOG] [WS] 🗺️ Broadcast recibido. Avatares: 1 [Hijo Test(2)] @ https://jimsimrodev.github.io/pequenos-sanos/assets/index-C7AoTPzR.js:82
[  344576ms] [LOG] [WS] 🗺️ Broadcast recibido. Avatares: 1 [Hijo Test(2)] @ https://jimsimrodev.github.io/pequenos-sanos/assets/index-C7AoTPzR.js:82
[  344610ms] [LOG] [WS] 🗺️ Broadcast recibido. Avatares: 1 [Hijo Test(2)] @ https://jimsimrodev.github.io/pequenos-sanos/assets/index-C7AoTPzR.js:82
[  344638ms] [LOG] [WS] 🗺️ Broadcast recibido. Avatares: 1 [Hijo Test(2)] @ https://jimsimrodev.github.io/pequenos-sanos/assets/index-C7AoTPzR.js:82
[  344670ms] [LOG] [WS] 🗺️ Broadcast recibido. Avatares: 1 [Hijo Test(2)] @ https://jimsimrodev.github.io/pequenos-sanos/assets/index-C7AoTPzR.js:82
[  344709ms] [LOG] [WS] 🗺️ Broadcast recibido. Avatares: 1 [Hijo Test(2)] @ https://jimsimrodev.github.io/pequenos-sanos/assets/index-C7AoTPzR.js:82
[  344747ms] [LOG] [WS] 🗺️ Broadcast recibido. Avatares: 1 [Hijo Test(2)] @ https://jimsimrodev.github.io/pequenos-sanos/assets/index-C7AoTPzR.js:82
[  344776ms] [LOG] [WS] 🗺️ Broadcast recibido. Avatares: 1 [Hijo Test(2)] @ https://jimsimrodev.github.io/pequenos-sanos/assets/index-C7AoTPzR.js:82
[  344804ms] [LOG] [WS] 🗺️ Broadcast recibido. Avatares: 1 [Hijo Test(2)] @ https://jimsimrodev.github.io/pequenos-sanos/assets/index-C7AoTPzR.js:82
[  344834ms] [LOG] [WS] 🗺️ Broadcast recibido. Avatares: 1 [Hijo Test(2)] @ https://jimsimrodev.github.io/pequenos-sanos/assets/index-C7AoTPzR.js:82
[  344870ms] [LOG] [WS] 🗺️ Broadcast recibido. Avatares: 1 [Hijo Test(2)] @ https://jimsimrodev.github.io/pequenos-sanos/assets/index-C7AoTPzR.js:82
[  344900ms] [LOG] [WS] 🗺️ Broadcast recibido. Avatares: 1 [Hijo Test(2)] @ https://jimsimrodev.github.io/pequenos-sanos/assets/index-C7AoTPzR.js:82
[  344929ms] [LOG] [WS] 🗺️ Broadcast recibido. Avatares: 1 [Hijo Test(2)] @ https://jimsimrodev.github.io/pequenos-sanos/assets/index-C7AoTPzR.js:82
[  344957ms] [LOG] [WS] 🗺️ Broadcast recibido. Avatares: 1 [Hijo Test(2)] @ https://jimsimrodev.github.io/pequenos-sanos/assets/index-C7AoTPzR.js:82
[  344987ms] [LOG] [WS] 🗺️ Broadcast recibido. Avatares: 1 [Hijo Test(2)] @ https://jimsimrodev.github.io/pequenos-sanos/assets/index-C7AoTPzR.js:82
[  345042ms] [LOG] [WS] 🗺️ Broadcast recibido. Avatares: 1 [Hijo Test(2)] @ https://jimsimrodev.github.io/pequenos-sanos/assets/index-C7AoTPzR.js:82
[  345069ms] [LOG] [WS] 🗺️ Broadcast recibido. Avatares: 1 [Hijo Test(2)] @ https://jimsimrodev.github.io/pequenos-sanos/assets/index-C7AoTPzR.js:82
[  345104ms] [LOG] [WS] 🗺️ Broadcast recibido. Avatares: 1 [Hijo Test(2)] @ https://jimsimrodev.github.io/pequenos-sanos/assets/index-C7AoTPzR.js:82
[  345133ms] [LOG] [WS] 🗺️ Broadcast recibido. Avatares: 1 [Hijo Test(2)] @ https://jimsimrodev.github.io/pequenos-sanos/assets/index-C7AoTPzR.js:82
[  345168ms] [LOG] [WS] 🗺️ Broadcast recibido. Avatares: 1 [Hijo Test(2)] @ https://jimsimrodev.github.io/pequenos-sanos/assets/index-C7AoTPzR.js:82
[  345199ms] [LOG] [WS] 🗺️ Broadcast recibido. Avatares: 1 [Hijo Test(2)] @ https://jimsimrodev.github.io/pequenos-sanos/assets/index-C7AoTPzR.js:82
[  345230ms] [LOG] [WS] 🗺️ Broadcast recibido. Avatares: 1 [Hijo Test(2)] @ https://jimsimrodev.github.io/pequenos-sanos/assets/index-C7AoTPzR.js:82
[  345257ms] [LOG] [WS] 🗺️ Broadcast recibido. Avatares: 1 [Hijo Test(2)] @ https://jimsimrodev.github.io/pequenos-sanos/assets/index-C7AoTPzR.js:82
[  345294ms] [LOG] [WS] 🗺️ Broadcast recibido. Avatares: 1 [Hijo Test(2)] @ https://jimsimrodev.github.io/pequenos-sanos/assets/index-C7AoTPzR.js:82
[  345335ms] [LOG] [WS] 🗺️ Broadcast recibido. Avatares: 1 [Hijo Test(2)] @ https://jimsimrodev.github.io/pequenos-sanos/assets/index-C7AoTPzR.js:82
[  345381ms] [LOG] [WS] 🗺️ Broadcast recibido. Avatares: 1 [Hijo Test(2)] @ https://jimsimrodev.github.io/pequenos-sanos/assets/index-C7AoTPzR.js:82
[  345437ms] [LOG] [WS] 🗺️ Broadcast recibido. Avatares: 1 [Hijo Test(2)] @ https://jimsimrodev.github.io/pequenos-sanos/assets/index-C7AoTPzR.js:82
[  345487ms] [LOG] [WS] 🗺️ Broadcast recibido. Avatares: 1 [Hijo Test(2)] @ https://jimsimrodev.github.io/pequenos-sanos/assets/index-C7AoTPzR.js:82
[  345517ms] [LOG] [WS] 🗺️ Broadcast recibido. Avatares: 1 [Hijo Test(2)] @ https://jimsimrodev.github.io/pequenos-sanos/assets/index-C7AoTPzR.js:82
[  345517ms] [LOG] [WS] 🗺️ Broadcast recibido. Avatares: 1 [Hijo Test(2)] @ https://jimsimrodev.github.io/pequenos-sanos/assets/index-C7AoTPzR.js:82
[  345557ms] [LOG] [WS] 🗺️ Broadcast recibido. Avatares: 1 [Hijo Test(2)] @ https://jimsimrodev.github.io/pequenos-sanos/assets/index-C7AoTPzR.js:82
[  345598ms] [LOG] [WS] 🗺️ Broadcast recibido. Avatares: 1 [Hijo Test(2)] @ https://jimsimrodev.github.io/pequenos-sanos/assets/index-C7AoTPzR.js:82
[  345632ms] [LOG] [WS] 🗺️ Broadcast recibido. Avatares: 1 [Hijo Test(2)] @ https://jimsimrodev.github.io/pequenos-sanos/assets/index-C7AoTPzR.js:82
[  345664ms] [LOG] [WS] 🗺️ Broadcast recibido. Avatares: 1 [Hijo Test(2)] @ https://jimsimrodev.github.io/pequenos-sanos/assets/index-C7AoTPzR.js:82
[  345702ms] [LOG] [WS] 🗺️ Broadcast recibido. Avatares: 1 [Hijo Test(2)] @ https://jimsimrodev.github.io/pequenos-sanos/assets/index-C7AoTPzR.js:82
[  345733ms] [LOG] [WS] 🗺️ Broadcast recibido. Avatares: 1 [Hijo Test(2)] @ https://jimsimrodev.github.io/pequenos-sanos/assets/index-C7AoTPzR.js:82
[  345771ms] [LOG] [WS] 🗺️ Broadcast recibido. Avatares: 1 [Hijo Test(2)] @ https://jimsimrodev.github.io/pequenos-sanos/assets/index-C7AoTPzR.js:82
[  345801ms] [LOG] [WS] 🗺️ Broadcast recibido. Avatares: 1 [Hijo Test(2)] @ https://jimsimrodev.github.io/pequenos-sanos/assets/index-C7AoTPzR.js:82
[  345838ms] [LOG] [WS] 🗺️ Broadcast recibido. Avatares: 1 [Hijo Test(2)] @ https://jimsimrodev.github.io/pequenos-sanos/assets/index-C7AoTPzR.js:82
[  345871ms] [LOG] [WS] 🗺️ Broadcast recibido. Avatares: 1 [Hijo Test(2)] @ https://jimsimrodev.github.io/pequenos-sanos/assets/index-C7AoTPzR.js:82
[  345901ms] [LOG] [WS] 🗺️ Broadcast recibido. Avatares: 1 [Hijo Test(2)] @ https://jimsimrodev.github.io/pequenos-sanos/assets/index-C7AoTPzR.js:82
[  345929ms] [LOG] [WS] 🗺️ Broadcast recibido. Avatares: 1 [Hijo Test(2)] @ https://jimsimrodev.github.io/pequenos-sanos/assets/index-C7AoTPzR.js:82
[  345958ms] [LOG] [WS] 🗺️ Broadcast recibido. Avatares: 1 [Hijo Test(2)] @ https://jimsimrodev.github.io/pequenos-sanos/assets/index-C7AoTPzR.js:82
[  345997ms] [LOG] [WS] 🗺️ Broadcast recibido. Avatares: 1 [Hijo Test(2)] @ https://jimsimrodev.github.io/pequenos-sanos/assets/index-C7AoTPzR.js:82
[  346030ms] [LOG] [WS] 🗺️ Broadcast recibido. Avatares: 1 [Hijo Test(2)] @ https://jimsimrodev.github.io/pequenos-sanos/assets/index-C7AoTPzR.js:82
[  346066ms] [LOG] [WS] 🗺️ Broadcast recibido. Avatares: 1 [Hijo Test(2)] @ https://jimsimrodev.github.io/pequenos-sanos/assets/index-C7AoTPzR.js:82
[  346098ms] [LOG] [WS] 🗺️ Broadcast recibido. Avatares: 1 [Hijo Test(2)] @ https://jimsimrodev.github.io/pequenos-sanos/assets/index-C7AoTPzR.js:82
[  346141ms] [LOG] [WS] 🗺️ Broadcast recibido. Avatares: 1 [Hijo Test(2)] @ https://jimsimrodev.github.io/pequenos-sanos/assets/index-C7AoTPzR.js:82
[  346172ms] [LOG] [WS] 🗺️ Broadcast recibido. Avatares: 1 [Hijo Test(2)] @ https://jimsimrodev.github.io/pequenos-sanos/assets/index-C7AoTPzR.js:82
[  346173ms] [LOG] [WS] 🗺️ Broadcast recibido. Avatares: 1 [Hijo Test(2)] @ https://jimsimrodev.github.io/pequenos-sanos/assets/index-C7AoTPzR.js:82
[  346208ms] [LOG] [WS] 🗺️ Broadcast recibido. Avatares: 1 [Hijo Test(2)] @ https://jimsimrodev.github.io/pequenos-sanos/assets/index-C7AoTPzR.js:82
[  346242ms] [LOG] [WS] 🗺️ Broadcast recibido. Avatares: 1 [Hijo Test(2)] @ https://jimsimrodev.github.io/pequenos-sanos/assets/index-C7AoTPzR.js:82
[  346280ms] [LOG] [WS] 🗺️ Broadcast recibido. Avatares: 1 [Hijo Test(2)] @ https://jimsimrodev.github.io/pequenos-sanos/assets/index-C7AoTPzR.js:82
[  346312ms] [LOG] [WS] 🗺️ Broadcast recibido. Avatares: 1 [Hijo Test(2)] @ https://jimsimrodev.github.io/pequenos-sanos/assets/index-C7AoTPzR.js:82
[  346345ms] [LOG] [WS] 🗺️ Broadcast recibido. Avatares: 1 [Hijo Test(2)] @ https://jimsimrodev.github.io/pequenos-sanos/assets/index-C7AoTPzR.js:82
[  346379ms] [LOG] [WS] 🗺️ Broadcast recibido. Avatares: 1 [Hijo Test(2)] @ https://jimsimrodev.github.io/pequenos-sanos/assets/index-C7AoTPzR.js:82
[  346403ms] [LOG] [WS] 🗺️ Broadcast recibido. Avatares: 1 [Hijo Test(2)] @ https://jimsimrodev.github.io/pequenos-sanos/assets/index-C7AoTPzR.js:82
[  346433ms] [LOG] [WS] 🗺️ Broadcast recibido. Avatares: 1 [Hijo Test(2)] @ https://jimsimrodev.github.io/pequenos-sanos/assets/index-C7AoTPzR.js:82
[  346469ms] [LOG] [WS] 🗺️ Broadcast recibido. Avatares: 1 [Hijo Test(2)] @ https://jimsimrodev.github.io/pequenos-sanos/assets/index-C7AoTPzR.js:82
[  346497ms] [LOG] [WS] 🗺️ Broadcast recibido. Avatares: 1 [Hijo Test(2)] @ https://jimsimrodev.github.io/pequenos-sanos/assets/index-C7AoTPzR.js:82
[  346530ms] [LOG] [WS] 🗺️ Broadcast recibido. Avatares: 1 [Hijo Test(2)] @ https://jimsimrodev.github.io/pequenos-sanos/assets/index-C7AoTPzR.js:82
[  346568ms] [LOG] [WS] 🗺️ Broadcast recibido. Avatares: 1 [Hijo Test(2)] @ https://jimsimrodev.github.io/pequenos-sanos/assets/index-C7AoTPzR.js:82
[  346603ms] [LOG] [WS] 🗺️ Broadcast recibido. Avatares: 1 [Hijo Test(2)] @ https://jimsimrodev.github.io/pequenos-sanos/assets/index-C7AoTPzR.js:82
[  346634ms] [LOG] [WS] 🗺️ Broadcast recibido. Avatares: 1 [Hijo Test(2)] @ https://jimsimrodev.github.io/pequenos-sanos/assets/index-C7AoTPzR.js:82
[  346668ms] [LOG] [WS] 🗺️ Broadcast recibido. Avatares: 1 [Hijo Test(2)] @ https://jimsimrodev.github.io/pequenos-sanos/assets/index-C7AoTPzR.js:82
[  346698ms] [LOG] [WS] 🗺️ Broadcast recibido. Avatares: 1 [Hijo Test(2)] @ https://jimsimrodev.github.io/pequenos-sanos/assets/index-C7AoTPzR.js:82
[  346734ms] [LOG] [WS] 🗺️ Broadcast recibido. Avatares: 1 [Hijo Test(2)] @ https://jimsimrodev.github.io/pequenos-sanos/assets/index-C7AoTPzR.js:82
[  346763ms] [LOG] [WS] 🗺️ Broadcast recibido. Avatares: 1 [Hijo Test(2)] @ https://jimsimrodev.github.io/pequenos-sanos/assets/index-C7AoTPzR.js:82
[  346796ms] [LOG] [WS] 🗺️ Broadcast recibido. Avatares: 1 [Hijo Test(2)] @ https://jimsimrodev.github.io/pequenos-sanos/assets/index-C7AoTPzR.js:82
[  346836ms] [LOG] [WS] 🗺️ Broadcast recibido. Avatares: 1 [Hijo Test(2)] @ https://jimsimrodev.github.io/pequenos-sanos/assets/index-C7AoTPzR.js:82
[  346866ms] [LOG] [WS] 🗺️ Broadcast recibido. Avatares: 1 [Hijo Test(2)] @ https://jimsimrodev.github.io/pequenos-sanos/assets/index-C7AoTPzR.js:82
[  346904ms] [LOG] [WS] 🗺️ Broadcast recibido. Avatares: 1 [Hijo Test(2)] @ https://jimsimrodev.github.io/pequenos-sanos/assets/index-C7AoTPzR.js:82
[  346935ms] [LOG] [WS] 🗺️ Broadcast recibido. Avatares: 1 [Hijo Test(2)] @ https://jimsimrodev.github.io/pequenos-sanos/assets/index-C7AoTPzR.js:82
[  346959ms] [LOG] [WS] 🗺️ Broadcast recibido. Avatares: 1 [Hijo Test(2)] @ https://jimsimrodev.github.io/pequenos-sanos/assets/index-C7AoTPzR.js:82
[  346992ms] [LOG] [WS] 🗺️ Broadcast recibido. Avatares: 1 [Hijo Test(2)] @ https://jimsimrodev.github.io/pequenos-sanos/assets/index-C7AoTPzR.js:82
[  347023ms] [LOG] [WS] 🗺️ Broadcast recibido. Avatares: 1 [Hijo Test(2)] @ https://jimsimrodev.github.io/pequenos-sanos/assets/index-C7AoTPzR.js:82
[  347051ms] [LOG] [WS] 🗺️ Broadcast recibido. Avatares: 1 [Hijo Test(2)] @ https://jimsimrodev.github.io/pequenos-sanos/assets/index-C7AoTPzR.js:82
[  347081ms] [LOG] [WS] 🗺️ Broadcast recibido. Avatares: 1 [Hijo Test(2)] @ https://jimsimrodev.github.io/pequenos-sanos/assets/index-C7AoTPzR.js:82
[  347109ms] [LOG] [WS] 🗺️ Broadcast recibido. Avatares: 1 [Hijo Test(2)] @ https://jimsimrodev.github.io/pequenos-sanos/assets/index-C7AoTPzR.js:82
[  347137ms] [LOG] [WS] 🗺️ Broadcast recibido. Avatares: 1 [Hijo Test(2)] @ https://jimsimrodev.github.io/pequenos-sanos/assets/index-C7AoTPzR.js:82
[  347162ms] [LOG] [WS] 🗺️ Broadcast recibido. Avatares: 1 [Hijo Test(2)] @ https://jimsimrodev.github.io/pequenos-sanos/assets/index-C7AoTPzR.js:82
[  347215ms] [LOG] [WS] 🗺️ Broadcast recibido. Avatares: 1 [Hijo Test(2)] @ https://jimsimrodev.github.io/pequenos-sanos/assets/index-C7AoTPzR.js:82
[  347242ms] [LOG] [WS] 🗺️ Broadcast recibido. Avatares: 1 [Hijo Test(2)] @ https://jimsimrodev.github.io/pequenos-sanos/assets/index-C7AoTPzR.js:82
[  347268ms] [LOG] [WS] 🗺️ Broadcast recibido. Avatares: 1 [Hijo Test(2)] @ https://jimsimrodev.github.io/pequenos-sanos/assets/index-C7AoTPzR.js:82
[  347301ms] [LOG] [WS] 🗺️ Broadcast recibido. Avatares: 1 [Hijo Test(2)] @ https://jimsimrodev.github.io/pequenos-sanos/assets/index-C7AoTPzR.js:82
[  347328ms] [LOG] [WS] 🗺️ Broadcast recibido. Avatares: 1 [Hijo Test(2)] @ https://jimsimrodev.github.io/pequenos-sanos/assets/index-C7AoTPzR.js:82
[  347399ms] [LOG] [WS] 🗺️ Broadcast recibido. Avatares: 1 [Hijo Test(2)] @ https://jimsimrodev.github.io/pequenos-sanos/assets/index-C7AoTPzR.js:82
[  347437ms] [LOG] [WS] 🗺️ Broadcast recibido. Avatares: 1 [Hijo Test(2)] @ https://jimsimrodev.github.io/pequenos-sanos/assets/index-C7AoTPzR.js:82
[  347472ms] [LOG] [WS] 🗺️ Broadcast recibido. Avatares: 1 [Hijo Test(2)] @ https://jimsimrodev.github.io/pequenos-sanos/assets/index-C7AoTPzR.js:82
[  347492ms] [LOG] [WS] 🗺️ Broadcast recibido. Avatares: 1 [Hijo Test(2)] @ https://jimsimrodev.github.io/pequenos-sanos/assets/index-C7AoTPzR.js:82
[  347517ms] [LOG] [WS] 🗺️ Broadcast recibido. Avatares: 1 [Hijo Test(2)] @ https://jimsimrodev.github.io/pequenos-sanos/assets/index-C7AoTPzR.js:82
[  347547ms] [LOG] [WS] 🗺️ Broadcast recibido. Avatares: 1 [Hijo Test(2)] @ https://jimsimrodev.github.io/pequenos-sanos/assets/index-C7AoTPzR.js:82
[  347580ms] [LOG] [WS] 🗺️ Broadcast recibido. Avatares: 1 [Hijo Test(2)] @ https://jimsimrodev.github.io/pequenos-sanos/assets/index-C7AoTPzR.js:82
[  347607ms] [LOG] [WS] 🗺️ Broadcast recibido. Avatares: 1 [Hijo Test(2)] @ https://jimsimrodev.github.io/pequenos-sanos/assets/index-C7AoTPzR.js:82
[  347635ms] [LOG] [WS] 🗺️ Broadcast recibido. Avatares: 1 [Hijo Test(2)] @ https://jimsimrodev.github.io/pequenos-sanos/assets/index-C7AoTPzR.js:82
[  347662ms] [LOG] [WS] 🗺️ Broadcast recibido. Avatares: 1 [Hijo Test(2)] @ https://jimsimrodev.github.io/pequenos-sanos/assets/index-C7AoTPzR.js:82
[  347703ms] [LOG] [WS] 🗺️ Broadcast recibido. Avatares: 1 [Hijo Test(2)] @ https://jimsimrodev.github.io/pequenos-sanos/assets/index-C7AoTPzR.js:82
[  347737ms] [LOG] [WS] 🗺️ Broadcast recibido. Avatares: 1 [Hijo Test(2)] @ https://jimsimrodev.github.io/pequenos-sanos/assets/index-C7AoTPzR.js:82
[  347769ms] [LOG] [WS] 🗺️ Broadcast recibido. Avatares: 1 [Hijo Test(2)] @ https://jimsimrodev.github.io/pequenos-sanos/assets/index-C7AoTPzR.js:82
[  347795ms] [LOG] [WS] 🗺️ Broadcast recibido. Avatares: 1 [Hijo Test(2)] @ https://jimsimrodev.github.io/pequenos-sanos/assets/index-C7AoTPzR.js:82
[  347850ms] [LOG] [WS] 🗺️ Broadcast recibido. Avatares: 1 [Hijo Test(2)] @ https://jimsimrodev.github.io/pequenos-sanos/assets/index-C7AoTPzR.js:82
[  347877ms] [LOG] [WS] 🗺️ Broadcast recibido. Avatares: 1 [Hijo Test(2)] @ https://jimsimrodev.github.io/pequenos-sanos/assets/index-C7AoTPzR.js:82
[  347903ms] [LOG] [WS] 🗺️ Broadcast recibido. Avatares: 1 [Hijo Test(2)] @ https://jimsimrodev.github.io/pequenos-sanos/assets/index-C7AoTPzR.js:82
[  347929ms] [LOG] [WS] 🗺️ Broadcast recibido. Avatares: 1 [Hijo Test(2)] @ https://jimsimrodev.github.io/pequenos-sanos/assets/index-C7AoTPzR.js:82
[  347958ms] [LOG] [WS] 🗺️ Broadcast recibido. Avatares: 1 [Hijo Test(2)] @ https://jimsimrodev.github.io/pequenos-sanos/assets/index-C7AoTPzR.js:82
[  347995ms] [LOG] [WS] 🗺️ Broadcast recibido. Avatares: 1 [Hijo Test(2)] @ https://jimsimrodev.github.io/pequenos-sanos/assets/index-C7AoTPzR.js:82
[  348030ms] [LOG] [WS] 🗺️ Broadcast recibido. Avatares: 1 [Hijo Test(2)] @ https://jimsimrodev.github.io/pequenos-sanos/assets/index-C7AoTPzR.js:82
[  348085ms] [LOG] [WS] 🗺️ Broadcast recibido. Avatares: 1 [Hijo Test(2)] @ https://jimsimrodev.github.io/pequenos-sanos/assets/index-C7AoTPzR.js:82
[  348113ms] [LOG] [WS] 🗺️ Broadcast recibido. Avatares: 1 [Hijo Test(2)] @ https://jimsimrodev.github.io/pequenos-sanos/assets/index-C7AoTPzR.js:82
[  348145ms] [LOG] [WS] 🗺️ Broadcast recibido. Avatares: 1 [Hijo Test(2)] @ https://jimsimrodev.github.io/pequenos-sanos/assets/index-C7AoTPzR.js:82
[  348178ms] [LOG] [WS] 🗺️ Broadcast recibido. Avatares: 1 [Hijo Test(2)] @ https://jimsimrodev.github.io/pequenos-sanos/assets/index-C7AoTPzR.js:82
[  348211ms] [LOG] [WS] 🗺️ Broadcast recibido. Avatares: 1 [Hijo Test(2)] @ https://jimsimrodev.github.io/pequenos-sanos/assets/index-C7AoTPzR.js:82
[  348242ms] [LOG] [WS] 🗺️ Broadcast recibido. Avatares: 1 [Hijo Test(2)] @ https://jimsimrodev.github.io/pequenos-sanos/assets/index-C7AoTPzR.js:82
[  348270ms] [LOG] [WS] 🗺️ Broadcast recibido. Avatares: 1 [Hijo Test(2)] @ https://jimsimrodev.github.io/pequenos-sanos/assets/index-C7AoTPzR.js:82
[  348302ms] [LOG] [WS] 🗺️ Broadcast recibido. Avatares: 1 [Hijo Test(2)] @ https://jimsimrodev.github.io/pequenos-sanos/assets/index-C7AoTPzR.js:82
[  348332ms] [LOG] [WS] 🗺️ Broadcast recibido. Avatares: 1 [Hijo Test(2)] @ https://jimsimrodev.github.io/pequenos-sanos/assets/index-C7AoTPzR.js:82
[  348362ms] [LOG] [WS] 🗺️ Broadcast recibido. Avatares: 1 [Hijo Test(2)] @ https://jimsimrodev.github.io/pequenos-sanos/assets/index-C7AoTPzR.js:82
[  348391ms] [LOG] [WS] 🗺️ Broadcast recibido. Avatares: 1 [Hijo Test(2)] @ https://jimsimrodev.github.io/pequenos-sanos/assets/index-C7AoTPzR.js:82
[  348441ms] [LOG] [WS] 🗺️ Broadcast recibido. Avatares: 1 [Hijo Test(2)] @ https://jimsimrodev.github.io/pequenos-sanos/assets/index-C7AoTPzR.js:82
[  348467ms] [LOG] [WS] 🗺️ Broadcast recibido. Avatares: 1 [Hijo Test(2)] @ https://jimsimrodev.github.io/pequenos-sanos/assets/index-C7AoTPzR.js:82
[  348492ms] [LOG] [WS] 🗺️ Broadcast recibido. Avatares: 1 [Hijo Test(2)] @ https://jimsimrodev.github.io/pequenos-sanos/assets/index-C7AoTPzR.js:82
[  348521ms] [LOG] [WS] 🗺️ Broadcast recibido. Avatares: 1 [Hijo Test(2)] @ https://jimsimrodev.github.io/pequenos-sanos/assets/index-C7AoTPzR.js:82
[  349314ms] [LOG] [WS] 🗺️ Broadcast recibido. Avatares: 1 [Hijo Test(2)] @ https://jimsimrodev.github.io/pequenos-sanos/assets/index-C7AoTPzR.js:82
[  349357ms] [LOG] [WS] 🗺️ Broadcast recibido. Avatares: 1 [Hijo Test(2)] @ https://jimsimrodev.github.io/pequenos-sanos/assets/index-C7AoTPzR.js:82
[  349358ms] [LOG] [WS] 🗺️ Broadcast recibido. Avatares: 1 [Hijo Test(2)] @ https://jimsimrodev.github.io/pequenos-sanos/assets/index-C7AoTPzR.js:82
[  349359ms] [LOG] [WS] 🗺️ Broadcast recibido. Avatares: 1 [Hijo Test(2)] @ https://jimsimrodev.github.io/pequenos-sanos/assets/index-C7AoTPzR.js:82
[  349360ms] [LOG] [WS] 🗺️ Broadcast recibido. Avatares: 1 [Hijo Test(2)] @ https://jimsimrodev.github.io/pequenos-sanos/assets/index-C7AoTPzR.js:82
[  349361ms] [LOG] [WS] 🗺️ Broadcast recibido. Avatares: 1 [Hijo Test(2)] @ https://jimsimrodev.github.io/pequenos-sanos/assets/index-C7AoTPzR.js:82
[  349361ms] [LOG] [WS] 🗺️ Broadcast recibido. Avatares: 1 [Hijo Test(2)] @ https://jimsimrodev.github.io/pequenos-sanos/assets/index-C7AoTPzR.js:82
[  349362ms] [LOG] [WS] 🗺️ Broadcast recibido. Avatares: 1 [Hijo Test(2)] @ https://jimsimrodev.github.io/pequenos-sanos/assets/index-C7AoTPzR.js:82
[  349363ms] [LOG] [WS] 🗺️ Broadcast recibido. Avatares: 1 [Hijo Test(2)] @ https://jimsimrodev.github.io/pequenos-sanos/assets/index-C7AoTPzR.js:82
[  349363ms] [LOG] [WS] 🗺️ Broadcast recibido. Avatares: 1 [Hijo Test(2)] @ https://jimsimrodev.github.io/pequenos-sanos/assets/index-C7AoTPzR.js:82
[  349364ms] [LOG] [WS] 🗺️ Broadcast recibido. Avatares: 1 [Hijo Test(2)] @ https://jimsimrodev.github.io/pequenos-sanos/assets/index-C7AoTPzR.js:82
[  349365ms] [LOG] [WS] 🗺️ Broadcast recibido. Avatares: 1 [Hijo Test(2)] @ https://jimsimrodev.github.io/pequenos-sanos/assets/index-C7AoTPzR.js:82
[  349366ms] [LOG] [WS] 🗺️ Broadcast recibido. Avatares: 1 [Hijo Test(2)] @ https://jimsimrodev.github.io/pequenos-sanos/assets/index-C7AoTPzR.js:82
[  349367ms] [LOG] [WS] 🗺️ Broadcast recibido. Avatares: 1 [Hijo Test(2)] @ https://jimsimrodev.github.io/pequenos-sanos/assets/index-C7AoTPzR.js:82
[  349367ms] [LOG] [WS] 🗺️ Broadcast recibido. Avatares: 1 [Hijo Test(2)] @ https://jimsimrodev.github.io/pequenos-sanos/assets/index-C7AoTPzR.js:82
[  349368ms] [LOG] [WS] 🗺️ Broadcast recibido. Avatares: 1 [Hijo Test(2)] @ https://jimsimrodev.github.io/pequenos-sanos/assets/index-C7AoTPzR.js:82
[  349369ms] [LOG] [WS] 🗺️ Broadcast recibido. Avatares: 1 [Hijo Test(2)] @ https://jimsimrodev.github.io/pequenos-sanos/assets/index-C7AoTPzR.js:82
[  349403ms] [LOG] [WS] 🗺️ Broadcast recibido. Avatares: 1 [Hijo Test(2)] @ https://jimsimrodev.github.io/pequenos-sanos/assets/index-C7AoTPzR.js:82
[  349403ms] [LOG] [WS] 🗺️ Broadcast recibido. Avatares: 1 [Hijo Test(2)] @ https://jimsimrodev.github.io/pequenos-sanos/assets/index-C7AoTPzR.js:82
[  349404ms] [LOG] [WS] 🗺️ Broadcast recibido. Avatares: 1 [Hijo Test(2)] @ https://jimsimrodev.github.io/pequenos-sanos/assets/index-C7AoTPzR.js:82
[  349404ms] [LOG] [WS] 🗺️ Broadcast recibido. Avatares: 1 [Hijo Test(2)] @ https://jimsimrodev.github.io/pequenos-sanos/assets/index-C7AoTPzR.js:82
[  349404ms] [LOG] [WS] 🗺️ Broadcast recibido. Avatares: 1 [Hijo Test(2)] @ https://jimsimrodev.github.io/pequenos-sanos/assets/index-C7AoTPzR.js:82
[  349405ms] [LOG] [WS] 🗺️ Broadcast recibido. Avatares: 1 [Hijo Test(2)] @ https://jimsimrodev.github.io/pequenos-sanos/assets/index-C7AoTPzR.js:82
[  349405ms] [LOG] [WS] 🗺️ Broadcast recibido. Avatares: 1 [Hijo Test(2)] @ https://jimsimrodev.github.io/pequenos-sanos/assets/index-C7AoTPzR.js:82
[  349405ms] [LOG] [WS] 🗺️ Broadcast recibido. Avatares: 1 [Hijo Test(2)] @ https://jimsimrodev.github.io/pequenos-sanos/assets/index-C7AoTPzR.js:82
[  349440ms] [LOG] [WS] 🗺️ Broadcast recibido. Avatares: 1 [Hijo Test(2)] @ https://jimsimrodev.github.io/pequenos-sanos/assets/index-C7AoTPzR.js:82
[  349472ms] [LOG] [WS] 🗺️ Broadcast recibido. Avatares: 1 [Hijo Test(2)] @ https://jimsimrodev.github.io/pequenos-sanos/assets/index-C7AoTPzR.js:82
[  349474ms] [LOG] [WS] 🗺️ Broadcast recibido. Avatares: 1 [Hijo Test(2)] @ https://jimsimrodev.github.io/pequenos-sanos/assets/index-C7AoTPzR.js:82
[  349507ms] [LOG] [WS] 🗺️ Broadcast recibido. Avatares: 1 [Hijo Test(2)] @ https://jimsimrodev.github.io/pequenos-sanos/assets/index-C7AoTPzR.js:82
[  349544ms] [LOG] [WS] 🗺️ Broadcast recibido. Avatares: 1 [Hijo Test(2)] @ https://jimsimrodev.github.io/pequenos-sanos/assets/index-C7AoTPzR.js:82
[  349581ms] [LOG] [WS] 🗺️ Broadcast recibido. Avatares: 1 [Hijo Test(2)] @ https://jimsimrodev.github.io/pequenos-sanos/assets/index-C7AoTPzR.js:82
[  349617ms] [LOG] [WS] 🗺️ Broadcast recibido. Avatares: 1 [Hijo Test(2)] @ https://jimsimrodev.github.io/pequenos-sanos/assets/index-C7AoTPzR.js:82
[  349658ms] [LOG] [WS] 🗺️ Broadcast recibido. Avatares: 1 [Hijo Test(2)] @ https://jimsimrodev.github.io/pequenos-sanos/assets/index-C7AoTPzR.js:82
[  349695ms] [LOG] [WS] 🗺️ Broadcast recibido. Avatares: 1 [Hijo Test(2)] @ https://jimsimrodev.github.io/pequenos-sanos/assets/index-C7AoTPzR.js:82
[  349729ms] [LOG] [WS] 🗺️ Broadcast recibido. Avatares: 1 [Hijo Test(2)] @ https://jimsimrodev.github.io/pequenos-sanos/assets/index-C7AoTPzR.js:82
[  349760ms] [LOG] [WS] 🗺️ Broadcast recibido. Avatares: 1 [Hijo Test(2)] @ https://jimsimrodev.github.io/pequenos-sanos/assets/index-C7AoTPzR.js:82
[  349793ms] [LOG] [WS] 🗺️ Broadcast recibido. Avatares: 1 [Hijo Test(2)] @ https://jimsimrodev.github.io/pequenos-sanos/assets/index-C7AoTPzR.js:82
[  349823ms] [LOG] [WS] 🗺️ Broadcast recibido. Avatares: 1 [Hijo Test(2)] @ https://jimsimrodev.github.io/pequenos-sanos/assets/index-C7AoTPzR.js:82
[  349857ms] [LOG] [WS] 🗺️ Broadcast recibido. Avatares: 1 [Hijo Test(2)] @ https://jimsimrodev.github.io/pequenos-sanos/assets/index-C7AoTPzR.js:82
[  349882ms] [LOG] [WS] 🗺️ Broadcast recibido. Avatares: 1 [Hijo Test(2)] @ https://jimsimrodev.github.io/pequenos-sanos/assets/index-C7AoTPzR.js:82
[  349907ms] [LOG] [WS] 🗺️ Broadcast recibido. Avatares: 1 [Hijo Test(2)] @ https://jimsimrodev.github.io/pequenos-sanos/assets/index-C7AoTPzR.js:82
[  349935ms] [LOG] [WS] 🗺️ Broadcast recibido. Avatares: 1 [Hijo Test(2)] @ https://jimsimrodev.github.io/pequenos-sanos/assets/index-C7AoTPzR.js:82
[  349966ms] [LOG] [WS] 🗺️ Broadcast recibido. Avatares: 1 [Hijo Test(2)] @ https://jimsimrodev.github.io/pequenos-sanos/assets/index-C7AoTPzR.js:82
[  349997ms] [LOG] [WS] 🗺️ Broadcast recibido. Avatares: 1 [Hijo Test(2)] @ https://jimsimrodev.github.io/pequenos-sanos/assets/index-C7AoTPzR.js:82
[  350019ms] [LOG] [WS] 🗺️ Broadcast recibido. Avatares: 1 [Hijo Test(2)] @ https://jimsimrodev.github.io/pequenos-sanos/assets/index-C7AoTPzR.js:82
[  350042ms] [LOG] [WS] 🗺️ Broadcast recibido. Avatares: 1 [Hijo Test(2)] @ https://jimsimrodev.github.io/pequenos-sanos/assets/index-C7AoTPzR.js:82
[  350096ms] [LOG] [WS] 🗺️ Broadcast recibido. Avatares: 1 [Hijo Test(2)] @ https://jimsimrodev.github.io/pequenos-sanos/assets/index-C7AoTPzR.js:82
[  350126ms] [LOG] [WS] 🗺️ Broadcast recibido. Avatares: 1 [Hijo Test(2)] @ https://jimsimrodev.github.io/pequenos-sanos/assets/index-C7AoTPzR.js:82
[  350154ms] [LOG] [WS] 🗺️ Broadcast recibido. Avatares: 1 [Hijo Test(2)] @ https://jimsimrodev.github.io/pequenos-sanos/assets/index-C7AoTPzR.js:82
[  350185ms] [LOG] [WS] 🗺️ Broadcast recibido. Avatares: 1 [Hijo Test(2)] @ https://jimsimrodev.github.io/pequenos-sanos/assets/index-C7AoTPzR.js:82
[  350213ms] [LOG] [WS] 🗺️ Broadcast recibido. Avatares: 1 [Hijo Test(2)] @ https://jimsimrodev.github.io/pequenos-sanos/assets/index-C7AoTPzR.js:82
[  350244ms] [LOG] [WS] 🗺️ Broadcast recibido. Avatares: 1 [Hijo Test(2)] @ https://jimsimrodev.github.io/pequenos-sanos/assets/index-C7AoTPzR.js:82
[  350270ms] [LOG] [WS] 🗺️ Broadcast recibido. Avatares: 1 [Hijo Test(2)] @ https://jimsimrodev.github.io/pequenos-sanos/assets/index-C7AoTPzR.js:82
[  350325ms] [LOG] [WS] 🗺️ Broadcast recibido. Avatares: 1 [Hijo Test(2)] @ https://jimsimrodev.github.io/pequenos-sanos/assets/index-C7AoTPzR.js:82
[  350352ms] [LOG] [WS] 🗺️ Broadcast recibido. Avatares: 1 [Hijo Test(2)] @ https://jimsimrodev.github.io/pequenos-sanos/assets/index-C7AoTPzR.js:82
[  350381ms] [LOG] [WS] 🗺️ Broadcast recibido. Avatares: 1 [Hijo Test(2)] @ https://jimsimrodev.github.io/pequenos-sanos/assets/index-C7AoTPzR.js:82
[  350410ms] [LOG] [WS] 🗺️ Broadcast recibido. Avatares: 1 [Hijo Test(2)] @ https://jimsimrodev.github.io/pequenos-sanos/assets/index-C7AoTPzR.js:82
[  350451ms] [LOG] [WS] 🗺️ Broadcast recibido. Avatares: 1 [Hijo Test(2)] @ https://jimsimrodev.github.io/pequenos-sanos/assets/index-C7AoTPzR.js:82
[  350486ms] [LOG] [WS] 🗺️ Broadcast recibido. Avatares: 1 [Hijo Test(2)] @ https://jimsimrodev.github.io/pequenos-sanos/assets/index-C7AoTPzR.js:82
[  350521ms] [LOG] [WS] 🗺️ Broadcast recibido. Avatares: 1 [Hijo Test(2)] @ https://jimsimrodev.github.io/pequenos-sanos/assets/index-C7AoTPzR.js:82
[  350546ms] [LOG] [WS] 🗺️ Broadcast recibido. Avatares: 1 [Hijo Test(2)] @ https://jimsimrodev.github.io/pequenos-sanos/assets/index-C7AoTPzR.js:82
[  350576ms] [LOG] [WS] 🗺️ Broadcast recibido. Avatares: 1 [Hijo Test(2)] @ https://jimsimrodev.github.io/pequenos-sanos/assets/index-C7AoTPzR.js:82
[  350604ms] [LOG] [WS] 🗺️ Broadcast recibido. Avatares: 1 [Hijo Test(2)] @ https://jimsimrodev.github.io/pequenos-sanos/assets/index-C7AoTPzR.js:82
[  350633ms] [LOG] [WS] 🗺️ Broadcast recibido. Avatares: 1 [Hijo Test(2)] @ https://jimsimrodev.github.io/pequenos-sanos/assets/index-C7AoTPzR.js:82
[  350671ms] [LOG] [WS] 🗺️ Broadcast recibido. Avatares: 1 [Hijo Test(2)] @ https://jimsimrodev.github.io/pequenos-sanos/assets/index-C7AoTPzR.js:82
[  350709ms] [LOG] [WS] 🗺️ Broadcast recibido. Avatares: 1 [Hijo Test(2)] @ https://jimsimrodev.github.io/pequenos-sanos/assets/index-C7AoTPzR.js:82
[  350741ms] [LOG] [WS] 🗺️ Broadcast recibido. Avatares: 1 [Hijo Test(2)] @ https://jimsimrodev.github.io/pequenos-sanos/assets/index-C7AoTPzR.js:82
[  350774ms] [LOG] [WS] 🗺️ Broadcast recibido. Avatares: 1 [Hijo Test(2)] @ https://jimsimrodev.github.io/pequenos-sanos/assets/index-C7AoTPzR.js:82
[  350802ms] [LOG] [WS] 🗺️ Broadcast recibido. Avatares: 1 [Hijo Test(2)] @ https://jimsimrodev.github.io/pequenos-sanos/assets/index-C7AoTPzR.js:82
[  350836ms] [LOG] [WS] 🗺️ Broadcast recibido. Avatares: 1 [Hijo Test(2)] @ https://jimsimrodev.github.io/pequenos-sanos/assets/index-C7AoTPzR.js:82
[  350865ms] [LOG] [WS] 🗺️ Broadcast recibido. Avatares: 1 [Hijo Test(2)] @ https://jimsimrodev.github.io/pequenos-sanos/assets/index-C7AoTPzR.js:82
[  350897ms] [LOG] [WS] 🗺️ Broadcast recibido. Avatares: 1 [Hijo Test(2)] @ https://jimsimrodev.github.io/pequenos-sanos/assets/index-C7AoTPzR.js:82
[  350933ms] [LOG] [WS] 🗺️ Broadcast recibido. Avatares: 1 [Hijo Test(2)] @ https://jimsimrodev.github.io/pequenos-sanos/assets/index-C7AoTPzR.js:82
[  350973ms] [LOG] [WS] 🗺️ Broadcast recibido. Avatares: 1 [Hijo Test(2)] @ https://jimsimrodev.github.io/pequenos-sanos/assets/index-C7AoTPzR.js:82
[  350999ms] [LOG] [WS] 🗺️ Broadcast recibido. Avatares: 1 [Hijo Test(2)] @ https://jimsimrodev.github.io/pequenos-sanos/assets/index-C7AoTPzR.js:82
[  351032ms] [LOG] [WS] 🗺️ Broadcast recibido. Avatares: 1 [Hijo Test(2)] @ https://jimsimrodev.github.io/pequenos-sanos/assets/index-C7AoTPzR.js:82
[  351066ms] [LOG] [WS] 🗺️ Broadcast recibido. Avatares: 1 [Hijo Test(2)] @ https://jimsimrodev.github.io/pequenos-sanos/assets/index-C7AoTPzR.js:82
[  351094ms] [LOG] [WS] 🗺️ Broadcast recibido. Avatares: 1 [Hijo Test(2)] @ https://jimsimrodev.github.io/pequenos-sanos/assets/index-C7AoTPzR.js:82
[  351128ms] [LOG] [WS] 🗺️ Broadcast recibido. Avatares: 1 [Hijo Test(2)] @ https://jimsimrodev.github.io/pequenos-sanos/assets/index-C7AoTPzR.js:82
[  351165ms] [LOG] [WS] 🗺️ Broadcast recibido. Avatares: 1 [Hijo Test(2)] @ https://jimsimrodev.github.io/pequenos-sanos/assets/index-C7AoTPzR.js:82
[  351193ms] [LOG] [WS] 🗺️ Broadcast recibido. Avatares: 1 [Hijo Test(2)] @ https://jimsimrodev.github.io/pequenos-sanos/assets/index-C7AoTPzR.js:82
[  351247ms] [LOG] [WS] 🗺️ Broadcast recibido. Avatares: 1 [Hijo Test(2)] @ https://jimsimrodev.github.io/pequenos-sanos/assets/index-C7AoTPzR.js:82
[  351274ms] [LOG] [WS] 🗺️ Broadcast recibido. Avatares: 1 [Hijo Test(2)] @ https://jimsimrodev.github.io/pequenos-sanos/assets/index-C7AoTPzR.js:82
[  351303ms] [LOG] [WS] 🗺️ Broadcast recibido. Avatares: 1 [Hijo Test(2)] @ https://jimsimrodev.github.io/pequenos-sanos/assets/index-C7AoTPzR.js:82
[  351332ms] [LOG] [WS] 🗺️ Broadcast recibido. Avatares: 1 [Hijo Test(2)] @ https://jimsimrodev.github.io/pequenos-sanos/assets/index-C7AoTPzR.js:82
[  351373ms] [LOG] [WS] 🗺️ Broadcast recibido. Avatares: 1 [Hijo Test(2)] @ https://jimsimrodev.github.io/pequenos-sanos/assets/index-C7AoTPzR.js:82
[  351402ms] [LOG] [WS] 🗺️ Broadcast recibido. Avatares: 1 [Hijo Test(2)] @ https://jimsimrodev.github.io/pequenos-sanos/assets/index-C7AoTPzR.js:82
[  351432ms] [LOG] [WS] 🗺️ Broadcast recibido. Avatares: 1 [Hijo Test(2)] @ https://jimsimrodev.github.io/pequenos-sanos/assets/index-C7AoTPzR.js:82
[  351463ms] [LOG] [WS] 🗺️ Broadcast recibido. Avatares: 1 [Hijo Test(2)] @ https://jimsimrodev.github.io/pequenos-sanos/assets/index-C7AoTPzR.js:82
[  351494ms] [LOG] [WS] 🗺️ Broadcast recibido. Avatares: 1 [Hijo Test(2)] @ https://jimsimrodev.github.io/pequenos-sanos/assets/index-C7AoTPzR.js:82
[  351530ms] [LOG] [WS] 🗺️ Broadcast recibido. Avatares: 1 [Hijo Test(2)] @ https://jimsimrodev.github.io/pequenos-sanos/assets/index-C7AoTPzR.js:82
[  351562ms] [LOG] [WS] 🗺️ Broadcast recibido. Avatares: 1 [Hijo Test(2)] @ https://jimsimrodev.github.io/pequenos-sanos/assets/index-C7AoTPzR.js:82
[  351596ms] [LOG] [WS] 🗺️ Broadcast recibido. Avatares: 1 [Hijo Test(2)] @ https://jimsimrodev.github.io/pequenos-sanos/assets/index-C7AoTPzR.js:82
[  351630ms] [LOG] [WS] 🗺️ Broadcast recibido. Avatares: 1 [Hijo Test(2)] @ https://jimsimrodev.github.io/pequenos-sanos/assets/index-C7AoTPzR.js:82
[  351657ms] [LOG] [WS] 🗺️ Broadcast recibido. Avatares: 1 [Hijo Test(2)] @ https://jimsimrodev.github.io/pequenos-sanos/assets/index-C7AoTPzR.js:82
[  351716ms] [LOG] [WS] 🗺️ Broadcast recibido. Avatares: 1 [Hijo Test(2)] @ https://jimsimrodev.github.io/pequenos-sanos/assets/index-C7AoTPzR.js:82
[  351745ms] [LOG] [WS] 🗺️ Broadcast recibido. Avatares: 1 [Hijo Test(2)] @ https://jimsimrodev.github.io/pequenos-sanos/assets/index-C7AoTPzR.js:82
[  351774ms] [LOG] [WS] 🗺️ Broadcast recibido. Avatares: 1 [Hijo Test(2)] @ https://jimsimrodev.github.io/pequenos-sanos/assets/index-C7AoTPzR.js:82
[  351806ms] [LOG] [WS] 🗺️ Broadcast recibido. Avatares: 1 [Hijo Test(2)] @ https://jimsimrodev.github.io/pequenos-sanos/assets/index-C7AoTPzR.js:82
[  351843ms] [LOG] [WS] 🗺️ Broadcast recibido. Avatares: 1 [Hijo Test(2)] @ https://jimsimrodev.github.io/pequenos-sanos/assets/index-C7AoTPzR.js:82
[  351873ms] [LOG] [WS] 🗺️ Broadcast recibido. Avatares: 1 [Hijo Test(2)] @ https://jimsimrodev.github.io/pequenos-sanos/assets/index-C7AoTPzR.js:82
[  351906ms] [LOG] [WS] 🗺️ Broadcast recibido. Avatares: 1 [Hijo Test(2)] @ https://jimsimrodev.github.io/pequenos-sanos/assets/index-C7AoTPzR.js:82
[  351938ms] [LOG] [WS] 🗺️ Broadcast recibido. Avatares: 1 [Hijo Test(2)] @ https://jimsimrodev.github.io/pequenos-sanos/assets/index-C7AoTPzR.js:82
[  351968ms] [LOG] [WS] 🗺️ Broadcast recibido. Avatares: 1 [Hijo Test(2)] @ https://jimsimrodev.github.io/pequenos-sanos/assets/index-C7AoTPzR.js:82
[  352012ms] [LOG] [WS] 🗺️ Broadcast recibido. Avatares: 1 [Hijo Test(2)] @ https://jimsimrodev.github.io/pequenos-sanos/assets/index-C7AoTPzR.js:82
[  352055ms] [LOG] [WS] 🗺️ Broadcast recibido. Avatares: 1 [Hijo Test(2)] @ https://jimsimrodev.github.io/pequenos-sanos/assets/index-C7AoTPzR.js:82
[  352092ms] [LOG] [WS] 🗺️ Broadcast recibido. Avatares: 1 [Hijo Test(2)] @ https://jimsimrodev.github.io/pequenos-sanos/assets/index-C7AoTPzR.js:82
[  352125ms] [LOG] [WS] 🗺️ Broadcast recibido. Avatares: 1 [Hijo Test(2)] @ https://jimsimrodev.github.io/pequenos-sanos/assets/index-C7AoTPzR.js:82
[  352169ms] [LOG] [WS] 🗺️ Broadcast recibido. Avatares: 1 [Hijo Test(2)] @ https://jimsimrodev.github.io/pequenos-sanos/assets/index-C7AoTPzR.js:82
[  352206ms] [LOG] [WS] 🗺️ Broadcast recibido. Avatares: 1 [Hijo Test(2)] @ https://jimsimrodev.github.io/pequenos-sanos/assets/index-C7AoTPzR.js:82
[  352237ms] [LOG] [WS] 🗺️ Broadcast recibido. Avatares: 1 [Hijo Test(2)] @ https://jimsimrodev.github.io/pequenos-sanos/assets/index-C7AoTPzR.js:82
[  352275ms] [LOG] [WS] 🗺️ Broadcast recibido. Avatares: 1 [Hijo Test(2)] @ https://jimsimrodev.github.io/pequenos-sanos/assets/index-C7AoTPzR.js:82
[  352308ms] [LOG] [WS] 🗺️ Broadcast recibido. Avatares: 1 [Hijo Test(2)] @ https://jimsimrodev.github.io/pequenos-sanos/assets/index-C7AoTPzR.js:82
[  352338ms] [LOG] [WS] 🗺️ Broadcast recibido. Avatares: 1 [Hijo Test(2)] @ https://jimsimrodev.github.io/pequenos-sanos/assets/index-C7AoTPzR.js:82
[  352339ms] [LOG] [WS] 🗺️ Broadcast recibido. Avatares: 1 [Hijo Test(2)] @ https://jimsimrodev.github.io/pequenos-sanos/assets/index-C7AoTPzR.js:82
[  352370ms] [LOG] [WS] 🗺️ Broadcast recibido. Avatares: 1 [Hijo Test(2)] @ https://jimsimrodev.github.io/pequenos-sanos/assets/index-C7AoTPzR.js:82
[  352414ms] [LOG] [WS] 🗺️ Broadcast recibido. Avatares: 1 [Hijo Test(2)] @ https://jimsimrodev.github.io/pequenos-sanos/assets/index-C7AoTPzR.js:82
[  352428ms] [LOG] [WS] 🗺️ Broadcast recibido. Avatares: 1 [Hijo Test(2)] @ https://jimsimrodev.github.io/pequenos-sanos/assets/index-C7AoTPzR.js:82
[  352446ms] [LOG] [WS] 🗺️ Broadcast recibido. Avatares: 1 [Hijo Test(2)] @ https://jimsimrodev.github.io/pequenos-sanos/assets/index-C7AoTPzR.js:82
[  352486ms] [LOG] [WS] 🗺️ Broadcast recibido. Avatares: 1 [Hijo Test(2)] @ https://jimsimrodev.github.io/pequenos-sanos/assets/index-C7AoTPzR.js:82
[  352514ms] [LOG] [WS] 🗺️ Broadcast recibido. Avatares: 1 [Hijo Test(2)] @ https://jimsimrodev.github.io/pequenos-sanos/assets/index-C7AoTPzR.js:82
[  352553ms] [LOG] [WS] 🗺️ Broadcast recibido. Avatares: 1 [Hijo Test(2)] @ https://jimsimrodev.github.io/pequenos-sanos/assets/index-C7AoTPzR.js:82
[  352582ms] [LOG] [WS] 🗺️ Broadcast recibido. Avatares: 1 [Hijo Test(2)] @ https://jimsimrodev.github.io/pequenos-sanos/assets/index-C7AoTPzR.js:82
[  352615ms] [LOG] [WS] 🗺️ Broadcast recibido. Avatares: 1 [Hijo Test(2)] @ https://jimsimrodev.github.io/pequenos-sanos/assets/index-C7AoTPzR.js:82
[  352654ms] [LOG] [WS] 🗺️ Broadcast recibido. Avatares: 1 [Hijo Test(2)] @ https://jimsimrodev.github.io/pequenos-sanos/assets/index-C7AoTPzR.js:82
[  352683ms] [LOG] [WS] 🗺️ Broadcast recibido. Avatares: 1 [Hijo Test(2)] @ https://jimsimrodev.github.io/pequenos-sanos/assets/index-C7AoTPzR.js:82
[  352718ms] [LOG] [WS] 🗺️ Broadcast recibido. Avatares: 1 [Hijo Test(2)] @ https://jimsimrodev.github.io/pequenos-sanos/assets/index-C7AoTPzR.js:82
[  352752ms] [LOG] [WS] 🗺️ Broadcast recibido. Avatares: 1 [Hijo Test(2)] @ https://jimsimrodev.github.io/pequenos-sanos/assets/index-C7AoTPzR.js:82
[  352780ms] [LOG] [WS] 🗺️ Broadcast recibido. Avatares: 1 [Hijo Test(2)] @ https://jimsimrodev.github.io/pequenos-sanos/assets/index-C7AoTPzR.js:82
[  352817ms] [LOG] [WS] 🗺️ Broadcast recibido. Avatares: 1 [Hijo Test(2)] @ https://jimsimrodev.github.io/pequenos-sanos/assets/index-C7AoTPzR.js:82
[  352849ms] [LOG] [WS] 🗺️ Broadcast recibido. Avatares: 1 [Hijo Test(2)] @ https://jimsimrodev.github.io/pequenos-sanos/assets/index-C7AoTPzR.js:82
[  352884ms] [LOG] [WS] 🗺️ Broadcast recibido. Avatares: 1 [Hijo Test(2)] @ https://jimsimrodev.github.io/pequenos-sanos/assets/index-C7AoTPzR.js:82
[  352915ms] [LOG] [WS] 🗺️ Broadcast recibido. Avatares: 1 [Hijo Test(2)] @ https://jimsimrodev.github.io/pequenos-sanos/assets/index-C7AoTPzR.js:82
[  352947ms] [LOG] [WS] 🗺️ Broadcast recibido. Avatares: 1 [Hijo Test(2)] @ https://jimsimrodev.github.io/pequenos-sanos/assets/index-C7AoTPzR.js:82
[  352980ms] [LOG] [WS] 🗺️ Broadcast recibido. Avatares: 1 [Hijo Test(2)] @ https://jimsimrodev.github.io/pequenos-sanos/assets/index-C7AoTPzR.js:82
[  353013ms] [LOG] [WS] 🗺️ Broadcast recibido. Avatares: 1 [Hijo Test(2)] @ https://jimsimrodev.github.io/pequenos-sanos/assets/index-C7AoTPzR.js:82
[  353045ms] [LOG] [WS] 🗺️ Broadcast recibido. Avatares: 1 [Hijo Test(2)] @ https://jimsimrodev.github.io/pequenos-sanos/assets/index-C7AoTPzR.js:82
[  353081ms] [LOG] [WS] 🗺️ Broadcast recibido. Avatares: 1 [Hijo Test(2)] @ https://jimsimrodev.github.io/pequenos-sanos/assets/index-C7AoTPzR.js:82
[  353114ms] [LOG] [WS] 🗺️ Broadcast recibido. Avatares: 1 [Hijo Test(2)] @ https://jimsimrodev.github.io/pequenos-sanos/assets/index-C7AoTPzR.js:82
[  353150ms] [LOG] [WS] 🗺️ Broadcast recibido. Avatares: 1 [Hijo Test(2)] @ https://jimsimrodev.github.io/pequenos-sanos/assets/index-C7AoTPzR.js:82
[  353180ms] [LOG] [WS] 🗺️ Broadcast recibido. Avatares: 1 [Hijo Test(2)] @ https://jimsimrodev.github.io/pequenos-sanos/assets/index-C7AoTPzR.js:82
[  353214ms] [LOG] [WS] 🗺️ Broadcast recibido. Avatares: 1 [Hijo Test(2)] @ https://jimsimrodev.github.io/pequenos-sanos/assets/index-C7AoTPzR.js:82
[  353246ms] [LOG] [WS] 🗺️ Broadcast recibido. Avatares: 1 [Hijo Test(2)] @ https://jimsimrodev.github.io/pequenos-sanos/assets/index-C7AoTPzR.js:82
[  353269ms] [LOG] [WS] 🗺️ Broadcast recibido. Avatares: 1 [Hijo Test(2)] @ https://jimsimrodev.github.io/pequenos-sanos/assets/index-C7AoTPzR.js:82
[  353300ms] [LOG] [WS] 🗺️ Broadcast recibido. Avatares: 1 [Hijo Test(2)] @ https://jimsimrodev.github.io/pequenos-sanos/assets/index-C7AoTPzR.js:82
[  353336ms] [LOG] [WS] 🗺️ Broadcast recibido. Avatares: 1 [Hijo Test(2)] @ https://jimsimrodev.github.io/pequenos-sanos/assets/index-C7AoTPzR.js:82
[  353368ms] [LOG] [WS] 🗺️ Broadcast recibido. Avatares: 1 [Hijo Test(2)] @ https://jimsimrodev.github.io/pequenos-sanos/assets/index-C7AoTPzR.js:82
[  353401ms] [LOG] [WS] 🗺️ Broadcast recibido. Avatares: 1 [Hijo Test(2)] @ https://jimsimrodev.github.io/pequenos-sanos/assets/index-C7AoTPzR.js:82
[  353444ms] [LOG] [WS] 🗺️ Broadcast recibido. Avatares: 1 [Hijo Test(2)] @ https://jimsimrodev.github.io/pequenos-sanos/assets/index-C7AoTPzR.js:82
[  353468ms] [LOG] [WS] 🗺️ Broadcast recibido. Avatares: 1 [Hijo Test(2)] @ https://jimsimrodev.github.io/pequenos-sanos/assets/index-C7AoTPzR.js:82
[  353498ms] [LOG] [WS] 🗺️ Broadcast recibido. Avatares: 1 [Hijo Test(2)] @ https://jimsimrodev.github.io/pequenos-sanos/assets/index-C7AoTPzR.js:82
[  353533ms] [LOG] [WS] 🗺️ Broadcast recibido. Avatares: 1 [Hijo Test(2)] @ https://jimsimrodev.github.io/pequenos-sanos/assets/index-C7AoTPzR.js:82
[  353564ms] [LOG] [WS] 🗺️ Broadcast recibido. Avatares: 1 [Hijo Test(2)] @ https://jimsimrodev.github.io/pequenos-sanos/assets/index-C7AoTPzR.js:82
[  353597ms] [LOG] [WS] 🗺️ Broadcast recibido. Avatares: 1 [Hijo Test(2)] @ https://jimsimrodev.github.io/pequenos-sanos/assets/index-C7AoTPzR.js:82
[  353631ms] [LOG] [WS] 🗺️ Broadcast recibido. Avatares: 1 [Hijo Test(2)] @ https://jimsimrodev.github.io/pequenos-sanos/assets/index-C7AoTPzR.js:82
[  353668ms] [LOG] [WS] 🗺️ Broadcast recibido. Avatares: 1 [Hijo Test(2)] @ https://jimsimrodev.github.io/pequenos-sanos/assets/index-C7AoTPzR.js:82
[  353702ms] [LOG] [WS] 🗺️ Broadcast recibido. Avatares: 1 [Hijo Test(2)] @ https://jimsimrodev.github.io/pequenos-sanos/assets/index-C7AoTPzR.js:82
[  353734ms] [LOG] [WS] 🗺️ Broadcast recibido. Avatares: 1 [Hijo Test(2)] @ https://jimsimrodev.github.io/pequenos-sanos/assets/index-C7AoTPzR.js:82
[  353767ms] [LOG] [WS] 🗺️ Broadcast recibido. Avatares: 1 [Hijo Test(2)] @ https://jimsimrodev.github.io/pequenos-sanos/assets/index-C7AoTPzR.js:82
[  353800ms] [LOG] [WS] 🗺️ Broadcast recibido. Avatares: 1 [Hijo Test(2)] @ https://jimsimrodev.github.io/pequenos-sanos/assets/index-C7AoTPzR.js:82
[  353831ms] [LOG] [WS] 🗺️ Broadcast recibido. Avatares: 1 [Hijo Test(2)] @ https://jimsimrodev.github.io/pequenos-sanos/assets/index-C7AoTPzR.js:82
[  353862ms] [LOG] [WS] 🗺️ Broadcast recibido. Avatares: 1 [Hijo Test(2)] @ https://jimsimrodev.github.io/pequenos-sanos/assets/index-C7AoTPzR.js:82
[  353899ms] [LOG] [WS] 🗺️ Broadcast recibido. Avatares: 1 [Hijo Test(2)] @ https://jimsimrodev.github.io/pequenos-sanos/assets/index-C7AoTPzR.js:82
[  353929ms] [LOG] [WS] 🗺️ Broadcast recibido. Avatares: 1 [Hijo Test(2)] @ https://jimsimrodev.github.io/pequenos-sanos/assets/index-C7AoTPzR.js:82
[  353967ms] [LOG] [WS] 🗺️ Broadcast recibido. Avatares: 1 [Hijo Test(2)] @ https://jimsimrodev.github.io/pequenos-sanos/assets/index-C7AoTPzR.js:82
[  353998ms] [LOG] [WS] 🗺️ Broadcast recibido. Avatares: 1 [Hijo Test(2)] @ https://jimsimrodev.github.io/pequenos-sanos/assets/index-C7AoTPzR.js:82
[  354031ms] [LOG] [WS] 🗺️ Broadcast recibido. Avatares: 1 [Hijo Test(2)] @ https://jimsimrodev.github.io/pequenos-sanos/assets/index-C7AoTPzR.js:82
[  354065ms] [LOG] [WS] 🗺️ Broadcast recibido. Avatares: 1 [Hijo Test(2)] @ https://jimsimrodev.github.io/pequenos-sanos/assets/index-C7AoTPzR.js:82
[  354099ms] [LOG] [WS] 🗺️ Broadcast recibido. Avatares: 1 [Hijo Test(2)] @ https://jimsimrodev.github.io/pequenos-sanos/assets/index-C7AoTPzR.js:82
[  354133ms] [LOG] [WS] 🗺️ Broadcast recibido. Avatares: 1 [Hijo Test(2)] @ https://jimsimrodev.github.io/pequenos-sanos/assets/index-C7AoTPzR.js:82
[  354166ms] [LOG] [WS] 🗺️ Broadcast recibido. Avatares: 1 [Hijo Test(2)] @ https://jimsimrodev.github.io/pequenos-sanos/assets/index-C7AoTPzR.js:82
[  354198ms] [LOG] [WS] 🗺️ Broadcast recibido. Avatares: 1 [Hijo Test(2)] @ https://jimsimrodev.github.io/pequenos-sanos/assets/index-C7AoTPzR.js:82
[  354234ms] [LOG] [WS] 🗺️ Broadcast recibido. Avatares: 1 [Hijo Test(2)] @ https://jimsimrodev.github.io/pequenos-sanos/assets/index-C7AoTPzR.js:82
[  354261ms] [LOG] [WS] 🗺️ Broadcast recibido. Avatares: 1 [Hijo Test(2)] @ https://jimsimrodev.github.io/pequenos-sanos/assets/index-C7AoTPzR.js:82
[  354296ms] [LOG] [WS] 🗺️ Broadcast recibido. Avatares: 1 [Hijo Test(2)] @ https://jimsimrodev.github.io/pequenos-sanos/assets/index-C7AoTPzR.js:82
[  354331ms] [LOG] [WS] 🗺️ Broadcast recibido. Avatares: 1 [Hijo Test(2)] @ https://jimsimrodev.github.io/pequenos-sanos/assets/index-C7AoTPzR.js:82
[  354362ms] [LOG] [WS] 🗺️ Broadcast recibido. Avatares: 1 [Hijo Test(2)] @ https://jimsimrodev.github.io/pequenos-sanos/assets/index-C7AoTPzR.js:82
[  354398ms] [LOG] [WS] 🗺️ Broadcast recibido. Avatares: 1 [Hijo Test(2)] @ https://jimsimrodev.github.io/pequenos-sanos/assets/index-C7AoTPzR.js:82
[  354435ms] [LOG] [WS] 🗺️ Broadcast recibido. Avatares: 1 [Hijo Test(2)] @ https://jimsimrodev.github.io/pequenos-sanos/assets/index-C7AoTPzR.js:82
[  354462ms] [LOG] [WS] 🗺️ Broadcast recibido. Avatares: 1 [Hijo Test(2)] @ https://jimsimrodev.github.io/pequenos-sanos/assets/index-C7AoTPzR.js:82
[  354506ms] [LOG] [WS] 🗺️ Broadcast recibido. Avatares: 1 [Hijo Test(2)] @ https://jimsimrodev.github.io/pequenos-sanos/assets/index-C7AoTPzR.js:82
[  354531ms] [LOG] [WS] 🗺️ Broadcast recibido. Avatares: 1 [Hijo Test(2)] @ https://jimsimrodev.github.io/pequenos-sanos/assets/index-C7AoTPzR.js:82
[  354565ms] [LOG] [WS] 🗺️ Broadcast recibido. Avatares: 1 [Hijo Test(2)] @ https://jimsimrodev.github.io/pequenos-sanos/assets/index-C7AoTPzR.js:82
[  354597ms] [LOG] [WS] 🗺️ Broadcast recibido. Avatares: 1 [Hijo Test(2)] @ https://jimsimrodev.github.io/pequenos-sanos/assets/index-C7AoTPzR.js:82
[  354629ms] [LOG] [WS] 🗺️ Broadcast recibido. Avatares: 1 [Hijo Test(2)] @ https://jimsimrodev.github.io/pequenos-sanos/assets/index-C7AoTPzR.js:82
[  354663ms] [LOG] [WS] 🗺️ Broadcast recibido. Avatares: 1 [Hijo Test(2)] @ https://jimsimrodev.github.io/pequenos-sanos/assets/index-C7AoTPzR.js:82
[  354698ms] [LOG] [WS] 🗺️ Broadcast recibido. Avatares: 1 [Hijo Test(2)] @ https://jimsimrodev.github.io/pequenos-sanos/assets/index-C7AoTPzR.js:82
[  354721ms] [LOG] [WS] 🗺️ Broadcast recibido. Avatares: 1 [Hijo Test(2)] @ https://jimsimrodev.github.io/pequenos-sanos/assets/index-C7AoTPzR.js:82
[  354752ms] [LOG] [WS] 🗺️ Broadcast recibido. Avatares: 1 [Hijo Test(2)] @ https://jimsimrodev.github.io/pequenos-sanos/assets/index-C7AoTPzR.js:82
[  354800ms] [LOG] [WS] 🗺️ Broadcast recibido. Avatares: 1 [Hijo Test(2)] @ https://jimsimrodev.github.io/pequenos-sanos/assets/index-C7AoTPzR.js:82
[  354831ms] [LOG] [WS] 🗺️ Broadcast recibido. Avatares: 1 [Hijo Test(2)] @ https://jimsimrodev.github.io/pequenos-sanos/assets/index-C7AoTPzR.js:82
[  354853ms] [LOG] [WS] 🗺️ Broadcast recibido. Avatares: 1 [Hijo Test(2)] @ https://jimsimrodev.github.io/pequenos-sanos/assets/index-C7AoTPzR.js:82
[  354886ms] [LOG] [WS] 🗺️ Broadcast recibido. Avatares: 1 [Hijo Test(2)] @ https://jimsimrodev.github.io/pequenos-sanos/assets/index-C7AoTPzR.js:82
[  354918ms] [LOG] [WS] 🗺️ Broadcast recibido. Avatares: 1 [Hijo Test(2)] @ https://jimsimrodev.github.io/pequenos-sanos/assets/index-C7AoTPzR.js:82
[  354953ms] [LOG] [WS] 🗺️ Broadcast recibido. Avatares: 1 [Hijo Test(2)] @ https://jimsimrodev.github.io/pequenos-sanos/assets/index-C7AoTPzR.js:82
[  354985ms] [LOG] [WS] 🗺️ Broadcast recibido. Avatares: 1 [Hijo Test(2)] @ https://jimsimrodev.github.io/pequenos-sanos/assets/index-C7AoTPzR.js:82
[  355018ms] [LOG] [WS] 🗺️ Broadcast recibido. Avatares: 1 [Hijo Test(2)] @ https://jimsimrodev.github.io/pequenos-sanos/assets/index-C7AoTPzR.js:82
[  355051ms] [LOG] [WS] 🗺️ Broadcast recibido. Avatares: 1 [Hijo Test(2)] @ https://jimsimrodev.github.io/pequenos-sanos/assets/index-C7AoTPzR.js:82
[  355102ms] [LOG] [WS] 🗺️ Broadcast recibido. Avatares: 1 [Hijo Test(2)] @ https://jimsimrodev.github.io/pequenos-sanos/assets/index-C7AoTPzR.js:82
[  355119ms] [LOG] [WS] 🗺️ Broadcast recibido. Avatares: 1 [Hijo Test(2)] @ https://jimsimrodev.github.io/pequenos-sanos/assets/index-C7AoTPzR.js:82
[  355152ms] [LOG] [WS] 🗺️ Broadcast recibido. Avatares: 1 [Hijo Test(2)] @ https://jimsimrodev.github.io/pequenos-sanos/assets/index-C7AoTPzR.js:82
[  355182ms] [LOG] [WS] 🗺️ Broadcast recibido. Avatares: 1 [Hijo Test(2)] @ https://jimsimrodev.github.io/pequenos-sanos/assets/index-C7AoTPzR.js:82
[  355218ms] [LOG] [WS] 🗺️ Broadcast recibido. Avatares: 1 [Hijo Test(2)] @ https://jimsimrodev.github.io/pequenos-sanos/assets/index-C7AoTPzR.js:82
[  355250ms] [LOG] [WS] 🗺️ Broadcast recibido. Avatares: 1 [Hijo Test(2)] @ https://jimsimrodev.github.io/pequenos-sanos/assets/index-C7AoTPzR.js:82
[  355282ms] [LOG] [WS] 🗺️ Broadcast recibido. Avatares: 1 [Hijo Test(2)] @ https://jimsimrodev.github.io/pequenos-sanos/assets/index-C7AoTPzR.js:82
[  355314ms] [LOG] [WS] 🗺️ Broadcast recibido. Avatares: 1 [Hijo Test(2)] @ https://jimsimrodev.github.io/pequenos-sanos/assets/index-C7AoTPzR.js:82
[  355349ms] [LOG] [WS] 🗺️ Broadcast recibido. Avatares: 1 [Hijo Test(2)] @ https://jimsimrodev.github.io/pequenos-sanos/assets/index-C7AoTPzR.js:82
[  355382ms] [LOG] [WS] 🗺️ Broadcast recibido. Avatares: 1 [Hijo Test(2)] @ https://jimsimrodev.github.io/pequenos-sanos/assets/index-C7AoTPzR.js:82
[  355416ms] [LOG] [WS] 🗺️ Broadcast recibido. Avatares: 1 [Hijo Test(2)] @ https://jimsimrodev.github.io/pequenos-sanos/assets/index-C7AoTPzR.js:82
[  355449ms] [LOG] [WS] 🗺️ Broadcast recibido. Avatares: 1 [Hijo Test(2)] @ https://jimsimrodev.github.io/pequenos-sanos/assets/index-C7AoTPzR.js:82
[  355482ms] [LOG] [WS] 🗺️ Broadcast recibido. Avatares: 1 [Hijo Test(2)] @ https://jimsimrodev.github.io/pequenos-sanos/assets/index-C7AoTPzR.js:82
[  355518ms] [LOG] [WS] 🗺️ Broadcast recibido. Avatares: 1 [Hijo Test(2)] @ https://jimsimrodev.github.io/pequenos-sanos/assets/index-C7AoTPzR.js:82
[  355546ms] [LOG] [WS] 🗺️ Broadcast recibido. Avatares: 1 [Hijo Test(2)] @ https://jimsimrodev.github.io/pequenos-sanos/assets/index-C7AoTPzR.js:82
[  355580ms] [LOG] [WS] 🗺️ Broadcast recibido. Avatares: 1 [Hijo Test(2)] @ https://jimsimrodev.github.io/pequenos-sanos/assets/index-C7AoTPzR.js:82
[  355615ms] [LOG] [WS] 🗺️ Broadcast recibido. Avatares: 1 [Hijo Test(2)] @ https://jimsimrodev.github.io/pequenos-sanos/assets/index-C7AoTPzR.js:82
[  355649ms] [LOG] [WS] 🗺️ Broadcast recibido. Avatares: 1 [Hijo Test(2)] @ https://jimsimrodev.github.io/pequenos-sanos/assets/index-C7AoTPzR.js:82
[  355682ms] [LOG] [WS] 🗺️ Broadcast recibido. Avatares: 1 [Hijo Test(2)] @ https://jimsimrodev.github.io/pequenos-sanos/assets/index-C7AoTPzR.js:82
[  355719ms] [LOG] [WS] 🗺️ Broadcast recibido. Avatares: 1 [Hijo Test(2)] @ https://jimsimrodev.github.io/pequenos-sanos/assets/index-C7AoTPzR.js:82
[  355749ms] [LOG] [WS] 🗺️ Broadcast recibido. Avatares: 1 [Hijo Test(2)] @ https://jimsimrodev.github.io/pequenos-sanos/assets/index-C7AoTPzR.js:82
[  355783ms] [LOG] [WS] 🗺️ Broadcast recibido. Avatares: 1 [Hijo Test(2)] @ https://jimsimrodev.github.io/pequenos-sanos/assets/index-C7AoTPzR.js:82
[  355819ms] [LOG] [WS] 🗺️ Broadcast recibido. Avatares: 1 [Hijo Test(2)] @ https://jimsimrodev.github.io/pequenos-sanos/assets/index-C7AoTPzR.js:82
[  355854ms] [LOG] [WS] 🗺️ Broadcast recibido. Avatares: 1 [Hijo Test(2)] @ https://jimsimrodev.github.io/pequenos-sanos/assets/index-C7AoTPzR.js:82
[  355880ms] [LOG] [WS] 🗺️ Broadcast recibido. Avatares: 1 [Hijo Test(2)] @ https://jimsimrodev.github.io/pequenos-sanos/assets/index-C7AoTPzR.js:82
[  355915ms] [LOG] [WS] 🗺️ Broadcast recibido. Avatares: 1 [Hijo Test(2)] @ https://jimsimrodev.github.io/pequenos-sanos/assets/index-C7AoTPzR.js:82
[  355948ms] [LOG] [WS] 🗺️ Broadcast recibido. Avatares: 1 [Hijo Test(2)] @ https://jimsimrodev.github.io/pequenos-sanos/assets/index-C7AoTPzR.js:82
[  355978ms] [LOG] [WS] 🗺️ Broadcast recibido. Avatares: 1 [Hijo Test(2)] @ https://jimsimrodev.github.io/pequenos-sanos/assets/index-C7AoTPzR.js:82
[  356018ms] [LOG] [WS] 🗺️ Broadcast recibido. Avatares: 1 [Hijo Test(2)] @ https://jimsimrodev.github.io/pequenos-sanos/assets/index-C7AoTPzR.js:82
[  356048ms] [LOG] [WS] 🗺️ Broadcast recibido. Avatares: 1 [Hijo Test(2)] @ https://jimsimrodev.github.io/pequenos-sanos/assets/index-C7AoTPzR.js:82
[  356080ms] [LOG] [WS] 🗺️ Broadcast recibido. Avatares: 1 [Hijo Test(2)] @ https://jimsimrodev.github.io/pequenos-sanos/assets/index-C7AoTPzR.js:82
[  356112ms] [LOG] [WS] 🗺️ Broadcast recibido. Avatares: 1 [Hijo Test(2)] @ https://jimsimrodev.github.io/pequenos-sanos/assets/index-C7AoTPzR.js:82
[  356145ms] [LOG] [WS] 🗺️ Broadcast recibido. Avatares: 1 [Hijo Test(2)] @ https://jimsimrodev.github.io/pequenos-sanos/assets/index-C7AoTPzR.js:82
[  356182ms] [LOG] [WS] 🗺️ Broadcast recibido. Avatares: 1 [Hijo Test(2)] @ https://jimsimrodev.github.io/pequenos-sanos/assets/index-C7AoTPzR.js:82
[  356213ms] [LOG] [WS] 🗺️ Broadcast recibido. Avatares: 1 [Hijo Test(2)] @ https://jimsimrodev.github.io/pequenos-sanos/assets/index-C7AoTPzR.js:82
[  356248ms] [LOG] [WS] 🗺️ Broadcast recibido. Avatares: 1 [Hijo Test(2)] @ https://jimsimrodev.github.io/pequenos-sanos/assets/index-C7AoTPzR.js:82
[  356283ms] [LOG] [WS] 🗺️ Broadcast recibido. Avatares: 1 [Hijo Test(2)] @ https://jimsimrodev.github.io/pequenos-sanos/assets/index-C7AoTPzR.js:82
[  356314ms] [LOG] [WS] 🗺️ Broadcast recibido. Avatares: 1 [Hijo Test(2)] @ https://jimsimrodev.github.io/pequenos-sanos/assets/index-C7AoTPzR.js:82
[  356347ms] [LOG] [WS] 🗺️ Broadcast recibido. Avatares: 1 [Hijo Test(2)] @ https://jimsimrodev.github.io/pequenos-sanos/assets/index-C7AoTPzR.js:82
[  356381ms] [LOG] [WS] 🗺️ Broadcast recibido. Avatares: 1 [Hijo Test(2)] @ https://jimsimrodev.github.io/pequenos-sanos/assets/index-C7AoTPzR.js:82
[  356414ms] [LOG] [WS] 🗺️ Broadcast recibido. Avatares: 1 [Hijo Test(2)] @ https://jimsimrodev.github.io/pequenos-sanos/assets/index-C7AoTPzR.js:82
[  356446ms] [LOG] [WS] 🗺️ Broadcast recibido. Avatares: 1 [Hijo Test(2)] @ https://jimsimrodev.github.io/pequenos-sanos/assets/index-C7AoTPzR.js:82
[  356485ms] [LOG] [WS] 🗺️ Broadcast recibido. Avatares: 1 [Hijo Test(2)] @ https://jimsimrodev.github.io/pequenos-sanos/assets/index-C7AoTPzR.js:82
[  356502ms] [LOG] [WS] 🗺️ Broadcast recibido. Avatares: 1 [Hijo Test(2)] @ https://jimsimrodev.github.io/pequenos-sanos/assets/index-C7AoTPzR.js:82
[  356536ms] [LOG] [WS] 🗺️ Broadcast recibido. Avatares: 1 [Hijo Test(2)] @ https://jimsimrodev.github.io/pequenos-sanos/assets/index-C7AoTPzR.js:82
[  356571ms] [LOG] [WS] 🗺️ Broadcast recibido. Avatares: 1 [Hijo Test(2)] @ https://jimsimrodev.github.io/pequenos-sanos/assets/index-C7AoTPzR.js:82
[  356602ms] [LOG] [WS] 🗺️ Broadcast recibido. Avatares: 1 [Hijo Test(2)] @ https://jimsimrodev.github.io/pequenos-sanos/assets/index-C7AoTPzR.js:82
[  356635ms] [LOG] [WS] 🗺️ Broadcast recibido. Avatares: 1 [Hijo Test(2)] @ https://jimsimrodev.github.io/pequenos-sanos/assets/index-C7AoTPzR.js:82
[  356667ms] [LOG] [WS] 🗺️ Broadcast recibido. Avatares: 1 [Hijo Test(2)] @ https://jimsimrodev.github.io/pequenos-sanos/assets/index-C7AoTPzR.js:82
[  356713ms] [LOG] [WS] 🗺️ Broadcast recibido. Avatares: 1 [Hijo Test(2)] @ https://jimsimrodev.github.io/pequenos-sanos/assets/index-C7AoTPzR.js:82
[  356734ms] [LOG] [WS] 🗺️ Broadcast recibido. Avatares: 1 [Hijo Test(2)] @ https://jimsimrodev.github.io/pequenos-sanos/assets/index-C7AoTPzR.js:82
[  356765ms] [LOG] [WS] 🗺️ Broadcast recibido. Avatares: 1 [Hijo Test(2)] @ https://jimsimrodev.github.io/pequenos-sanos/assets/index-C7AoTPzR.js:82
[  356798ms] [LOG] [WS] 🗺️ Broadcast recibido. Avatares: 1 [Hijo Test(2)] @ https://jimsimrodev.github.io/pequenos-sanos/assets/index-C7AoTPzR.js:82
[  356832ms] [LOG] [WS] 🗺️ Broadcast recibido. Avatares: 1 [Hijo Test(2)] @ https://jimsimrodev.github.io/pequenos-sanos/assets/index-C7AoTPzR.js:82
[  356866ms] [LOG] [WS] 🗺️ Broadcast recibido. Avatares: 1 [Hijo Test(2)] @ https://jimsimrodev.github.io/pequenos-sanos/assets/index-C7AoTPzR.js:82
[  356900ms] [LOG] [WS] 🗺️ Broadcast recibido. Avatares: 1 [Hijo Test(2)] @ https://jimsimrodev.github.io/pequenos-sanos/assets/index-C7AoTPzR.js:82
[  356934ms] [LOG] [WS] 🗺️ Broadcast recibido. Avatares: 1 [Hijo Test(2)] @ https://jimsimrodev.github.io/pequenos-sanos/assets/index-C7AoTPzR.js:82
[  356964ms] [LOG] [WS] 🗺️ Broadcast recibido. Avatares: 1 [Hijo Test(2)] @ https://jimsimrodev.github.io/pequenos-sanos/assets/index-C7AoTPzR.js:82
[  356996ms] [LOG] [WS] 🗺️ Broadcast recibido. Avatares: 1 [Hijo Test(2)] @ https://jimsimrodev.github.io/pequenos-sanos/assets/index-C7AoTPzR.js:82
[  357034ms] [LOG] [WS] 🗺️ Broadcast recibido. Avatares: 1 [Hijo Test(2)] @ https://jimsimrodev.github.io/pequenos-sanos/assets/index-C7AoTPzR.js:82
[  357065ms] [LOG] [WS] 🗺️ Broadcast recibido. Avatares: 1 [Hijo Test(2)] @ https://jimsimrodev.github.io/pequenos-sanos/assets/index-C7AoTPzR.js:82
[  357096ms] [LOG] [WS] 🗺️ Broadcast recibido. Avatares: 1 [Hijo Test(2)] @ https://jimsimrodev.github.io/pequenos-sanos/assets/index-C7AoTPzR.js:82
[  357134ms] [LOG] [WS] 🗺️ Broadcast recibido. Avatares: 1 [Hijo Test(2)] @ https://jimsimrodev.github.io/pequenos-sanos/assets/index-C7AoTPzR.js:82
[  357163ms] [LOG] [WS] 🗺️ Broadcast recibido. Avatares: 1 [Hijo Test(2)] @ https://jimsimrodev.github.io/pequenos-sanos/assets/index-C7AoTPzR.js:82
[  357199ms] [LOG] [WS] 🗺️ Broadcast recibido. Avatares: 1 [Hijo Test(2)] @ https://jimsimrodev.github.io/pequenos-sanos/assets/index-C7AoTPzR.js:82
[  357232ms] [LOG] [WS] 🗺️ Broadcast recibido. Avatares: 1 [Hijo Test(2)] @ https://jimsimrodev.github.io/pequenos-sanos/assets/index-C7AoTPzR.js:82
[  357265ms] [LOG] [WS] 🗺️ Broadcast recibido. Avatares: 1 [Hijo Test(2)] @ https://jimsimrodev.github.io/pequenos-sanos/assets/index-C7AoTPzR.js:82
[  357297ms] [LOG] [WS] 🗺️ Broadcast recibido. Avatares: 1 [Hijo Test(2)] @ https://jimsimrodev.github.io/pequenos-sanos/assets/index-C7AoTPzR.js:82
[  357329ms] [LOG] [WS] 🗺️ Broadcast recibido. Avatares: 1 [Hijo Test(2)] @ https://jimsimrodev.github.io/pequenos-sanos/assets/index-C7AoTPzR.js:82
[  357364ms] [LOG] [WS] 🗺️ Broadcast recibido. Avatares: 1 [Hijo Test(2)] @ https://jimsimrodev.github.io/pequenos-sanos/assets/index-C7AoTPzR.js:82
[  357396ms] [LOG] [WS] 🗺️ Broadcast recibido. Avatares: 1 [Hijo Test(2)] @ https://jimsimrodev.github.io/pequenos-sanos/assets/index-C7AoTPzR.js:82
[  357429ms] [LOG] [WS] 🗺️ Broadcast recibido. Avatares: 1 [Hijo Test(2)] @ https://jimsimrodev.github.io/pequenos-sanos/assets/index-C7AoTPzR.js:82
[  357465ms] [LOG] [WS] 🗺️ Broadcast recibido. Avatares: 1 [Hijo Test(2)] @ https://jimsimrodev.github.io/pequenos-sanos/assets/index-C7AoTPzR.js:82
[  357496ms] [LOG] [WS] 🗺️ Broadcast recibido. Avatares: 1 [Hijo Test(2)] @ https://jimsimrodev.github.io/pequenos-sanos/assets/index-C7AoTPzR.js:82
[  357532ms] [LOG] [WS] 🗺️ Broadcast recibido. Avatares: 1 [Hijo Test(2)] @ https://jimsimrodev.github.io/pequenos-sanos/assets/index-C7AoTPzR.js:82
[  357565ms] [LOG] [WS] 🗺️ Broadcast recibido. Avatares: 1 [Hijo Test(2)] @ https://jimsimrodev.github.io/pequenos-sanos/assets/index-C7AoTPzR.js:82
[  357597ms] [LOG] [WS] 🗺️ Broadcast recibido. Avatares: 1 [Hijo Test(2)] @ https://jimsimrodev.github.io/pequenos-sanos/assets/index-C7AoTPzR.js:82
[  357632ms] [LOG] [WS] 🗺️ Broadcast recibido. Avatares: 1 [Hijo Test(2)] @ https://jimsimrodev.github.io/pequenos-sanos/assets/index-C7AoTPzR.js:82
[  357665ms] [LOG] [WS] 🗺️ Broadcast recibido. Avatares: 1 [Hijo Test(2)] @ https://jimsimrodev.github.io/pequenos-sanos/assets/index-C7AoTPzR.js:82
[  357699ms] [LOG] [WS] 🗺️ Broadcast recibido. Avatares: 1 [Hijo Test(2)] @ https://jimsimrodev.github.io/pequenos-sanos/assets/index-C7AoTPzR.js:82
[  357731ms] [LOG] [WS] 🗺️ Broadcast recibido. Avatares: 1 [Hijo Test(2)] @ https://jimsimrodev.github.io/pequenos-sanos/assets/index-C7AoTPzR.js:82
[  357765ms] [LOG] [WS] 🗺️ Broadcast recibido. Avatares: 1 [Hijo Test(2)] @ https://jimsimrodev.github.io/pequenos-sanos/assets/index-C7AoTPzR.js:82
[  357800ms] [LOG] [WS] 🗺️ Broadcast recibido. Avatares: 1 [Hijo Test(2)] @ https://jimsimrodev.github.io/pequenos-sanos/assets/index-C7AoTPzR.js:82
[  357832ms] [LOG] [WS] 🗺️ Broadcast recibido. Avatares: 1 [Hijo Test(2)] @ https://jimsimrodev.github.io/pequenos-sanos/assets/index-C7AoTPzR.js:82
[  357866ms] [LOG] [WS] 🗺️ Broadcast recibido. Avatares: 1 [Hijo Test(2)] @ https://jimsimrodev.github.io/pequenos-sanos/assets/index-C7AoTPzR.js:82
[  357898ms] [LOG] [WS] 🗺️ Broadcast recibido. Avatares: 1 [Hijo Test(2)] @ https://jimsimrodev.github.io/pequenos-sanos/assets/index-C7AoTPzR.js:82
[  357931ms] [LOG] [WS] 🗺️ Broadcast recibido. Avatares: 1 [Hijo Test(2)] @ https://jimsimrodev.github.io/pequenos-sanos/assets/index-C7AoTPzR.js:82
[  357965ms] [LOG] [WS] 🗺️ Broadcast recibido. Avatares: 1 [Hijo Test(2)] @ https://jimsimrodev.github.io/pequenos-sanos/assets/index-C7AoTPzR.js:82
[  357999ms] [LOG] [WS] 🗺️ Broadcast recibido. Avatares: 1 [Hijo Test(2)] @ https://jimsimrodev.github.io/pequenos-sanos/assets/index-C7AoTPzR.js:82
[  358030ms] [LOG] [WS] 🗺️ Broadcast recibido. Avatares: 1 [Hijo Test(2)] @ https://jimsimrodev.github.io/pequenos-sanos/assets/index-C7AoTPzR.js:82
[  358064ms] [LOG] [WS] 🗺️ Broadcast recibido. Avatares: 1 [Hijo Test(2)] @ https://jimsimrodev.github.io/pequenos-sanos/assets/index-C7AoTPzR.js:82
[  358094ms] [LOG] [WS] 🗺️ Broadcast recibido. Avatares: 1 [Hijo Test(2)] @ https://jimsimrodev.github.io/pequenos-sanos/assets/index-C7AoTPzR.js:82
[  358132ms] [LOG] [WS] 🗺️ Broadcast recibido. Avatares: 1 [Hijo Test(2)] @ https://jimsimrodev.github.io/pequenos-sanos/assets/index-C7AoTPzR.js:82
[  358151ms] [LOG] [WS] 🗺️ Broadcast recibido. Avatares: 1 [Hijo Test(2)] @ https://jimsimrodev.github.io/pequenos-sanos/assets/index-C7AoTPzR.js:82
[  358197ms] [LOG] [WS] 🗺️ Broadcast recibido. Avatares: 1 [Hijo Test(2)] @ https://jimsimrodev.github.io/pequenos-sanos/assets/index-C7AoTPzR.js:82
[  358229ms] [LOG] [WS] 🗺️ Broadcast recibido. Avatares: 1 [Hijo Test(2)] @ https://jimsimrodev.github.io/pequenos-sanos/assets/index-C7AoTPzR.js:82
[  358252ms] [LOG] [WS] 🗺️ Broadcast recibido. Avatares: 1 [Hijo Test(2)] @ https://jimsimrodev.github.io/pequenos-sanos/assets/index-C7AoTPzR.js:82
[  358286ms] [LOG] [WS] 🗺️ Broadcast recibido. Avatares: 1 [Hijo Test(2)] @ https://jimsimrodev.github.io/pequenos-sanos/assets/index-C7AoTPzR.js:82
[  358318ms] [LOG] [WS] 🗺️ Broadcast recibido. Avatares: 1 [Hijo Test(2)] @ https://jimsimrodev.github.io/pequenos-sanos/assets/index-C7AoTPzR.js:82
[  358350ms] [LOG] [WS] 🗺️ Broadcast recibido. Avatares: 1 [Hijo Test(2)] @ https://jimsimrodev.github.io/pequenos-sanos/assets/index-C7AoTPzR.js:82
[  358386ms] [LOG] [WS] 🗺️ Broadcast recibido. Avatares: 1 [Hijo Test(2)] @ https://jimsimrodev.github.io/pequenos-sanos/assets/index-C7AoTPzR.js:82
[  358417ms] [LOG] [WS] 🗺️ Broadcast recibido. Avatares: 1 [Hijo Test(2)] @ https://jimsimrodev.github.io/pequenos-sanos/assets/index-C7AoTPzR.js:82
[  358450ms] [LOG] [WS] 🗺️ Broadcast recibido. Avatares: 1 [Hijo Test(2)] @ https://jimsimrodev.github.io/pequenos-sanos/assets/index-C7AoTPzR.js:82
[  358482ms] [LOG] [WS] 🗺️ Broadcast recibido. Avatares: 1 [Hijo Test(2)] @ https://jimsimrodev.github.io/pequenos-sanos/assets/index-C7AoTPzR.js:82
[  358515ms] [LOG] [WS] 🗺️ Broadcast recibido. Avatares: 1 [Hijo Test(2)] @ https://jimsimrodev.github.io/pequenos-sanos/assets/index-C7AoTPzR.js:82
[  358548ms] [LOG] [WS] 🗺️ Broadcast recibido. Avatares: 1 [Hijo Test(2)] @ https://jimsimrodev.github.io/pequenos-sanos/assets/index-C7AoTPzR.js:82
[  358580ms] [LOG] [WS] 🗺️ Broadcast recibido. Avatares: 1 [Hijo Test(2)] @ https://jimsimrodev.github.io/pequenos-sanos/assets/index-C7AoTPzR.js:82
[  358616ms] [LOG] [WS] 🗺️ Broadcast recibido. Avatares: 1 [Hijo Test(2)] @ https://jimsimrodev.github.io/pequenos-sanos/assets/index-C7AoTPzR.js:82
[  358649ms] [LOG] [WS] 🗺️ Broadcast recibido. Avatares: 1 [Hijo Test(2)] @ https://jimsimrodev.github.io/pequenos-sanos/assets/index-C7AoTPzR.js:82
[  358681ms] [LOG] [WS] 🗺️ Broadcast recibido. Avatares: 1 [Hijo Test(2)] @ https://jimsimrodev.github.io/pequenos-sanos/assets/index-C7AoTPzR.js:82
[  358716ms] [LOG] [WS] 🗺️ Broadcast recibido. Avatares: 1 [Hijo Test(2)] @ https://jimsimrodev.github.io/pequenos-sanos/assets/index-C7AoTPzR.js:82
[  358749ms] [LOG] [WS] 🗺️ Broadcast recibido. Avatares: 1 [Hijo Test(2)] @ https://jimsimrodev.github.io/pequenos-sanos/assets/index-C7AoTPzR.js:82
[  358780ms] [LOG] [WS] 🗺️ Broadcast recibido. Avatares: 1 [Hijo Test(2)] @ https://jimsimrodev.github.io/pequenos-sanos/assets/index-C7AoTPzR.js:82
[  358819ms] [LOG] [WS] 🗺️ Broadcast recibido. Avatares: 1 [Hijo Test(2)] @ https://jimsimrodev.github.io/pequenos-sanos/assets/index-C7AoTPzR.js:82
[  358851ms] [LOG] [WS] 🗺️ Broadcast recibido. Avatares: 1 [Hijo Test(2)] @ https://jimsimrodev.github.io/pequenos-sanos/assets/index-C7AoTPzR.js:82
[  358880ms] [LOG] [WS] 🗺️ Broadcast recibido. Avatares: 1 [Hijo Test(2)] @ https://jimsimrodev.github.io/pequenos-sanos/assets/index-C7AoTPzR.js:82
[  358916ms] [LOG] [WS] 🗺️ Broadcast recibido. Avatares: 1 [Hijo Test(2)] @ https://jimsimrodev.github.io/pequenos-sanos/assets/index-C7AoTPzR.js:82
[  358947ms] [LOG] [WS] 🗺️ Broadcast recibido. Avatares: 1 [Hijo Test(2)] @ https://jimsimrodev.github.io/pequenos-sanos/assets/index-C7AoTPzR.js:82
[  358981ms] [LOG] [WS] 🗺️ Broadcast recibido. Avatares: 1 [Hijo Test(2)] @ https://jimsimrodev.github.io/pequenos-sanos/assets/index-C7AoTPzR.js:82
[  359015ms] [LOG] [WS] 🗺️ Broadcast recibido. Avatares: 1 [Hijo Test(2)] @ https://jimsimrodev.github.io/pequenos-sanos/assets/index-C7AoTPzR.js:82
[  359046ms] [LOG] [WS] 🗺️ Broadcast recibido. Avatares: 1 [Hijo Test(2)] @ https://jimsimrodev.github.io/pequenos-sanos/assets/index-C7AoTPzR.js:82
[  359082ms] [LOG] [WS] 🗺️ Broadcast recibido. Avatares: 1 [Hijo Test(2)] @ https://jimsimrodev.github.io/pequenos-sanos/assets/index-C7AoTPzR.js:82
[  359112ms] [LOG] [WS] 🗺️ Broadcast recibido. Avatares: 1 [Hijo Test(2)] @ https://jimsimrodev.github.io/pequenos-sanos/assets/index-C7AoTPzR.js:82
[  359147ms] [LOG] [WS] 🗺️ Broadcast recibido. Avatares: 1 [Hijo Test(2)] @ https://jimsimrodev.github.io/pequenos-sanos/assets/index-C7AoTPzR.js:82
[  359184ms] [LOG] [WS] 🗺️ Broadcast recibido. Avatares: 1 [Hijo Test(2)] @ https://jimsimrodev.github.io/pequenos-sanos/assets/index-C7AoTPzR.js:82
[  359211ms] [LOG] [WS] 🗺️ Broadcast recibido. Avatares: 1 [Hijo Test(2)] @ https://jimsimrodev.github.io/pequenos-sanos/assets/index-C7AoTPzR.js:82
[  359245ms] [LOG] [WS] 🗺️ Broadcast recibido. Avatares: 1 [Hijo Test(2)] @ https://jimsimrodev.github.io/pequenos-sanos/assets/index-C7AoTPzR.js:82
[  359284ms] [LOG] [WS] 🗺️ Broadcast recibido. Avatares: 1 [Hijo Test(2)] @ https://jimsimrodev.github.io/pequenos-sanos/assets/index-C7AoTPzR.js:82
[  359319ms] [LOG] [WS] 🗺️ Broadcast recibido. Avatares: 1 [Hijo Test(2)] @ https://jimsimrodev.github.io/pequenos-sanos/assets/index-C7AoTPzR.js:82
[  359346ms] [LOG] [WS] 🗺️ Broadcast recibido. Avatares: 1 [Hijo Test(2)] @ https://jimsimrodev.github.io/pequenos-sanos/assets/index-C7AoTPzR.js:82
[  359382ms] [LOG] [WS] 🗺️ Broadcast recibido. Avatares: 1 [Hijo Test(2)] @ https://jimsimrodev.github.io/pequenos-sanos/assets/index-C7AoTPzR.js:82
[  359418ms] [LOG] [WS] 🗺️ Broadcast recibido. Avatares: 1 [Hijo Test(2)] @ https://jimsimrodev.github.io/pequenos-sanos/assets/index-C7AoTPzR.js:82
[  359448ms] [LOG] [WS] 🗺️ Broadcast recibido. Avatares: 1 [Hijo Test(2)] @ https://jimsimrodev.github.io/pequenos-sanos/assets/index-C7AoTPzR.js:82
[  359485ms] [LOG] [WS] 🗺️ Broadcast recibido. Avatares: 1 [Hijo Test(2)] @ https://jimsimrodev.github.io/pequenos-sanos/assets/index-C7AoTPzR.js:82
[  359520ms] [LOG] [WS] 🗺️ Broadcast recibido. Avatares: 1 [Hijo Test(2)] @ https://jimsimrodev.github.io/pequenos-sanos/assets/index-C7AoTPzR.js:82
[  359549ms] [LOG] [WS] 🗺️ Broadcast recibido. Avatares: 1 [Hijo Test(2)] @ https://jimsimrodev.github.io/pequenos-sanos/assets/index-C7AoTPzR.js:82
[  359572ms] [LOG] [WS] 🗺️ Broadcast recibido. Avatares: 1 [Hijo Test(2)] @ https://jimsimrodev.github.io/pequenos-sanos/assets/index-C7AoTPzR.js:82
[  359621ms] [LOG] [WS] 🗺️ Broadcast recibido. Avatares: 1 [Hijo Test(2)] @ https://jimsimrodev.github.io/pequenos-sanos/assets/index-C7AoTPzR.js:82
[  359648ms] [LOG] [WS] 🗺️ Broadcast recibido. Avatares: 1 [Hijo Test(2)] @ https://jimsimrodev.github.io/pequenos-sanos/assets/index-C7AoTPzR.js:82
[  359682ms] [LOG] [WS] 🗺️ Broadcast recibido. Avatares: 1 [Hijo Test(2)] @ https://jimsimrodev.github.io/pequenos-sanos/assets/index-C7AoTPzR.js:82
[  359715ms] [LOG] [WS] 🗺️ Broadcast recibido. Avatares: 1 [Hijo Test(2)] @ https://jimsimrodev.github.io/pequenos-sanos/assets/index-C7AoTPzR.js:82
[  359754ms] [LOG] [WS] 🗺️ Broadcast recibido. Avatares: 1 [Hijo Test(2)] @ https://jimsimrodev.github.io/pequenos-sanos/assets/index-C7AoTPzR.js:82
[  359783ms] [LOG] [WS] 🗺️ Broadcast recibido. Avatares: 1 [Hijo Test(2)] @ https://jimsimrodev.github.io/pequenos-sanos/assets/index-C7AoTPzR.js:82
[  359816ms] [LOG] [WS] 🗺️ Broadcast recibido. Avatares: 1 [Hijo Test(2)] @ https://jimsimrodev.github.io/pequenos-sanos/assets/index-C7AoTPzR.js:82
[  359835ms] [LOG] [WS] 🗺️ Broadcast recibido. Avatares: 1 [Hijo Test(2)] @ https://jimsimrodev.github.io/pequenos-sanos/assets/index-C7AoTPzR.js:82
[  359867ms] [LOG] [WS] 🗺️ Broadcast recibido. Avatares: 1 [Hijo Test(2)] @ https://jimsimrodev.github.io/pequenos-sanos/assets/index-C7AoTPzR.js:82
[  359900ms] [LOG] [WS] 🗺️ Broadcast recibido. Avatares: 1 [Hijo Test(2)] @ https://jimsimrodev.github.io/pequenos-sanos/assets/index-C7AoTPzR.js:82
[  359936ms] [LOG] [WS] 🗺️ Broadcast recibido. Avatares: 1 [Hijo Test(2)] @ https://jimsimrodev.github.io/pequenos-sanos/assets/index-C7AoTPzR.js:82
[  359969ms] [LOG] [WS] 🗺️ Broadcast recibido. Avatares: 1 [Hijo Test(2)] @ https://jimsimrodev.github.io/pequenos-sanos/assets/index-C7AoTPzR.js:82
[  360011ms] [LOG] [WS] 🗺️ Broadcast recibido. Avatares: 1 [Hijo Test(2)] @ https://jimsimrodev.github.io/pequenos-sanos/assets/index-C7AoTPzR.js:82
[  360047ms] [LOG] [WS] 🗺️ Broadcast recibido. Avatares: 1 [Hijo Test(2)] @ https://jimsimrodev.github.io/pequenos-sanos/assets/index-C7AoTPzR.js:82
[  360078ms] [LOG] [WS] 🗺️ Broadcast recibido. Avatares: 1 [Hijo Test(2)] @ https://jimsimrodev.github.io/pequenos-sanos/assets/index-C7AoTPzR.js:82
[  360101ms] [LOG] [WS] 🗺️ Broadcast recibido. Avatares: 1 [Hijo Test(2)] @ https://jimsimrodev.github.io/pequenos-sanos/assets/index-C7AoTPzR.js:82
[  360136ms] [LOG] [WS] 🗺️ Broadcast recibido. Avatares: 1 [Hijo Test(2)] @ https://jimsimrodev.github.io/pequenos-sanos/assets/index-C7AoTPzR.js:82
[  360166ms] [LOG] [WS] 🗺️ Broadcast recibido. Avatares: 1 [Hijo Test(2)] @ https://jimsimrodev.github.io/pequenos-sanos/assets/index-C7AoTPzR.js:82
[  360201ms] [LOG] [WS] 🗺️ Broadcast recibido. Avatares: 1 [Hijo Test(2)] @ https://jimsimrodev.github.io/pequenos-sanos/assets/index-C7AoTPzR.js:82
[  360231ms] [LOG] [WS] 🗺️ Broadcast recibido. Avatares: 1 [Hijo Test(2)] @ https://jimsimrodev.github.io/pequenos-sanos/assets/index-C7AoTPzR.js:82
[  360265ms] [LOG] [WS] 🗺️ Broadcast recibido. Avatares: 1 [Hijo Test(2)] @ https://jimsimrodev.github.io/pequenos-sanos/assets/index-C7AoTPzR.js:82
[  360302ms] [LOG] [WS] 🗺️ Broadcast recibido. Avatares: 1 [Hijo Test(2)] @ https://jimsimrodev.github.io/pequenos-sanos/assets/index-C7AoTPzR.js:82
[  360333ms] [LOG] [WS] 🗺️ Broadcast recibido. Avatares: 1 [Hijo Test(2)] @ https://jimsimrodev.github.io/pequenos-sanos/assets/index-C7AoTPzR.js:82
[  360364ms] [LOG] [WS] 🗺️ Broadcast recibido. Avatares: 1 [Hijo Test(2)] @ https://jimsimrodev.github.io/pequenos-sanos/assets/index-C7AoTPzR.js:82
[  360399ms] [LOG] [WS] 🗺️ Broadcast recibido. Avatares: 1 [Hijo Test(2)] @ https://jimsimrodev.github.io/pequenos-sanos/assets/index-C7AoTPzR.js:82
[  360433ms] [LOG] [WS] 🗺️ Broadcast recibido. Avatares: 1 [Hijo Test(2)] @ https://jimsimrodev.github.io/pequenos-sanos/assets/index-C7AoTPzR.js:82
[  360467ms] [LOG] [WS] 🗺️ Broadcast recibido. Avatares: 1 [Hijo Test(2)] @ https://jimsimrodev.github.io/pequenos-sanos/assets/index-C7AoTPzR.js:82
[  360495ms] [LOG] [WS] 🗺️ Broadcast recibido. Avatares: 1 [Hijo Test(2)] @ https://jimsimrodev.github.io/pequenos-sanos/assets/index-C7AoTPzR.js:82
[  360531ms] [LOG] [WS] 🗺️ Broadcast recibido. Avatares: 1 [Hijo Test(2)] @ https://jimsimrodev.github.io/pequenos-sanos/assets/index-C7AoTPzR.js:82
[  360562ms] [LOG] [WS] 🗺️ Broadcast recibido. Avatares: 1 [Hijo Test(2)] @ https://jimsimrodev.github.io/pequenos-sanos/assets/index-C7AoTPzR.js:82
[  360596ms] [LOG] [WS] 🗺️ Broadcast recibido. Avatares: 1 [Hijo Test(2)] @ https://jimsimrodev.github.io/pequenos-sanos/assets/index-C7AoTPzR.js:82
[  360630ms] [LOG] [WS] 🗺️ Broadcast recibido. Avatares: 1 [Hijo Test(2)] @ https://jimsimrodev.github.io/pequenos-sanos/assets/index-C7AoTPzR.js:82
[  360666ms] [LOG] [WS] 🗺️ Broadcast recibido. Avatares: 1 [Hijo Test(2)] @ https://jimsimrodev.github.io/pequenos-sanos/assets/index-C7AoTPzR.js:82
[  360700ms] [LOG] [WS] 🗺️ Broadcast recibido. Avatares: 1 [Hijo Test(2)] @ https://jimsimrodev.github.io/pequenos-sanos/assets/index-C7AoTPzR.js:82
[  360730ms] [LOG] [WS] 🗺️ Broadcast recibido. Avatares: 1 [Hijo Test(2)] @ https://jimsimrodev.github.io/pequenos-sanos/assets/index-C7AoTPzR.js:82
[  360763ms] [LOG] [WS] 🗺️ Broadcast recibido. Avatares: 1 [Hijo Test(2)] @ https://jimsimrodev.github.io/pequenos-sanos/assets/index-C7AoTPzR.js:82
[  360800ms] [LOG] [WS] 🗺️ Broadcast recibido. Avatares: 1 [Hijo Test(2)] @ https://jimsimrodev.github.io/pequenos-sanos/assets/index-C7AoTPzR.js:82
[  360830ms] [LOG] [WS] 🗺️ Broadcast recibido. Avatares: 1 [Hijo Test(2)] @ https://jimsimrodev.github.io/pequenos-sanos/assets/index-C7AoTPzR.js:82
[  360867ms] [LOG] [WS] 🗺️ Broadcast recibido. Avatares: 1 [Hijo Test(2)] @ https://jimsimrodev.github.io/pequenos-sanos/assets/index-C7AoTPzR.js:82
[  360897ms] [LOG] [WS] 🗺️ Broadcast recibido. Avatares: 1 [Hijo Test(2)] @ https://jimsimrodev.github.io/pequenos-sanos/assets/index-C7AoTPzR.js:82
[  360930ms] [LOG] [WS] 🗺️ Broadcast recibido. Avatares: 1 [Hijo Test(2)] @ https://jimsimrodev.github.io/pequenos-sanos/assets/index-C7AoTPzR.js:82
[  360964ms] [LOG] [WS] 🗺️ Broadcast recibido. Avatares: 1 [Hijo Test(2)] @ https://jimsimrodev.github.io/pequenos-sanos/assets/index-C7AoTPzR.js:82
[  360997ms] [LOG] [WS] 🗺️ Broadcast recibido. Avatares: 1 [Hijo Test(2)] @ https://jimsimrodev.github.io/pequenos-sanos/assets/index-C7AoTPzR.js:82
[  361027ms] [LOG] [WS] 🗺️ Broadcast recibido. Avatares: 1 [Hijo Test(2)] @ https://jimsimrodev.github.io/pequenos-sanos/assets/index-C7AoTPzR.js:82
[  361062ms] [LOG] [WS] 🗺️ Broadcast recibido. Avatares: 1 [Hijo Test(2)] @ https://jimsimrodev.github.io/pequenos-sanos/assets/index-C7AoTPzR.js:82
[  361099ms] [LOG] [WS] 🗺️ Broadcast recibido. Avatares: 1 [Hijo Test(2)] @ https://jimsimrodev.github.io/pequenos-sanos/assets/index-C7AoTPzR.js:82
[  361129ms] [LOG] [WS] 🗺️ Broadcast recibido. Avatares: 1 [Hijo Test(2)] @ https://jimsimrodev.github.io/pequenos-sanos/assets/index-C7AoTPzR.js:82
[  361161ms] [LOG] [WS] 🗺️ Broadcast recibido. Avatares: 1 [Hijo Test(2)] @ https://jimsimrodev.github.io/pequenos-sanos/assets/index-C7AoTPzR.js:82
[  361195ms] [LOG] [WS] 🗺️ Broadcast recibido. Avatares: 1 [Hijo Test(2)] @ https://jimsimrodev.github.io/pequenos-sanos/assets/index-C7AoTPzR.js:82
[  361231ms] [LOG] [WS] 🗺️ Broadcast recibido. Avatares: 1 [Hijo Test(2)] @ https://jimsimrodev.github.io/pequenos-sanos/assets/index-C7AoTPzR.js:82
[  361263ms] [LOG] [WS] 🗺️ Broadcast recibido. Avatares: 1 [Hijo Test(2)] @ https://jimsimrodev.github.io/pequenos-sanos/assets/index-C7AoTPzR.js:82
[  361300ms] [LOG] [WS] 🗺️ Broadcast recibido. Avatares: 1 [Hijo Test(2)] @ https://jimsimrodev.github.io/pequenos-sanos/assets/index-C7AoTPzR.js:82
[  361331ms] [LOG] [WS] 🗺️ Broadcast recibido. Avatares: 1 [Hijo Test(2)] @ https://jimsimrodev.github.io/pequenos-sanos/assets/index-C7AoTPzR.js:82
[  361364ms] [LOG] [WS] 🗺️ Broadcast recibido. Avatares: 1 [Hijo Test(2)] @ https://jimsimrodev.github.io/pequenos-sanos/assets/index-C7AoTPzR.js:82
[  361396ms] [LOG] [WS] 🗺️ Broadcast recibido. Avatares: 1 [Hijo Test(2)] @ https://jimsimrodev.github.io/pequenos-sanos/assets/index-C7AoTPzR.js:82
[  361419ms] [LOG] [WS] 🗺️ Broadcast recibido. Avatares: 1 [Hijo Test(2)] @ https://jimsimrodev.github.io/pequenos-sanos/assets/index-C7AoTPzR.js:82
[  361453ms] [LOG] [WS] 🗺️ Broadcast recibido. Avatares: 1 [Hijo Test(2)] @ https://jimsimrodev.github.io/pequenos-sanos/assets/index-C7AoTPzR.js:82
[  361498ms] [LOG] [WS] 🗺️ Broadcast recibido. Avatares: 1 [Hijo Test(2)] @ https://jimsimrodev.github.io/pequenos-sanos/assets/index-C7AoTPzR.js:82
[  361532ms] [LOG] [WS] 🗺️ Broadcast recibido. Avatares: 1 [Hijo Test(2)] @ https://jimsimrodev.github.io/pequenos-sanos/assets/index-C7AoTPzR.js:82
[  361565ms] [LOG] [WS] 🗺️ Broadcast recibido. Avatares: 1 [Hijo Test(2)] @ https://jimsimrodev.github.io/pequenos-sanos/assets/index-C7AoTPzR.js:82
[  361586ms] [LOG] [WS] 🗺️ Broadcast recibido. Avatares: 1 [Hijo Test(2)] @ https://jimsimrodev.github.io/pequenos-sanos/assets/index-C7AoTPzR.js:82
[  361617ms] [LOG] [WS] 🗺️ Broadcast recibido. Avatares: 1 [Hijo Test(2)] @ https://jimsimrodev.github.io/pequenos-sanos/assets/index-C7AoTPzR.js:82
[  361652ms] [LOG] [WS] 🗺️ Broadcast recibido. Avatares: 1 [Hijo Test(2)] @ https://jimsimrodev.github.io/pequenos-sanos/assets/index-C7AoTPzR.js:82
[  361686ms] [LOG] [WS] 🗺️ Broadcast recibido. Avatares: 1 [Hijo Test(2)] @ https://jimsimrodev.github.io/pequenos-sanos/assets/index-C7AoTPzR.js:82
[  361717ms] [LOG] [WS] 🗺️ Broadcast recibido. Avatares: 1 [Hijo Test(2)] @ https://jimsimrodev.github.io/pequenos-sanos/assets/index-C7AoTPzR.js:82
[  361748ms] [LOG] [WS] 🗺️ Broadcast recibido. Avatares: 1 [Hijo Test(2)] @ https://jimsimrodev.github.io/pequenos-sanos/assets/index-C7AoTPzR.js:82
[  361782ms] [LOG] [WS] 🗺️ Broadcast recibido. Avatares: 1 [Hijo Test(2)] @ https://jimsimrodev.github.io/pequenos-sanos/assets/index-C7AoTPzR.js:82
[  361818ms] [LOG] [WS] 🗺️ Broadcast recibido. Avatares: 1 [Hijo Test(2)] @ https://jimsimrodev.github.io/pequenos-sanos/assets/index-C7AoTPzR.js:82
[  361854ms] [LOG] [WS] 🗺️ Broadcast recibido. Avatares: 1 [Hijo Test(2)] @ https://jimsimrodev.github.io/pequenos-sanos/assets/index-C7AoTPzR.js:82
[  361880ms] [LOG] [WS] 🗺️ Broadcast recibido. Avatares: 1 [Hijo Test(2)] @ https://jimsimrodev.github.io/pequenos-sanos/assets/index-C7AoTPzR.js:82
[  361916ms] [LOG] [WS] 🗺️ Broadcast recibido. Avatares: 1 [Hijo Test(2)] @ https://jimsimrodev.github.io/pequenos-sanos/assets/index-C7AoTPzR.js:82
[  361950ms] [LOG] [WS] 🗺️ Broadcast recibido. Avatares: 1 [Hijo Test(2)] @ https://jimsimrodev.github.io/pequenos-sanos/assets/index-C7AoTPzR.js:82
[  361980ms] [LOG] [WS] 🗺️ Broadcast recibido. Avatares: 1 [Hijo Test(2)] @ https://jimsimrodev.github.io/pequenos-sanos/assets/index-C7AoTPzR.js:82
[  362017ms] [LOG] [WS] 🗺️ Broadcast recibido. Avatares: 1 [Hijo Test(2)] @ https://jimsimrodev.github.io/pequenos-sanos/assets/index-C7AoTPzR.js:82
[  362052ms] [LOG] [WS] 🗺️ Broadcast recibido. Avatares: 1 [Hijo Test(2)] @ https://jimsimrodev.github.io/pequenos-sanos/assets/index-C7AoTPzR.js:82
[  362081ms] [LOG] [WS] 🗺️ Broadcast recibido. Avatares: 1 [Hijo Test(2)] @ https://jimsimrodev.github.io/pequenos-sanos/assets/index-C7AoTPzR.js:82
[  362116ms] [LOG] [WS] 🗺️ Broadcast recibido. Avatares: 1 [Hijo Test(2)] @ https://jimsimrodev.github.io/pequenos-sanos/assets/index-C7AoTPzR.js:82
[  362153ms] [LOG] [WS] 🗺️ Broadcast recibido. Avatares: 1 [Hijo Test(2)] @ https://jimsimrodev.github.io/pequenos-sanos/assets/index-C7AoTPzR.js:82
[  362181ms] [LOG] [WS] 🗺️ Broadcast recibido. Avatares: 1 [Hijo Test(2)] @ https://jimsimrodev.github.io/pequenos-sanos/assets/index-C7AoTPzR.js:82
[  362216ms] [LOG] [WS] 🗺️ Broadcast recibido. Avatares: 1 [Hijo Test(2)] @ https://jimsimrodev.github.io/pequenos-sanos/assets/index-C7AoTPzR.js:82
[  362251ms] [LOG] [WS] 🗺️ Broadcast recibido. Avatares: 1 [Hijo Test(2)] @ https://jimsimrodev.github.io/pequenos-sanos/assets/index-C7AoTPzR.js:82
[  362282ms] [LOG] [WS] 🗺️ Broadcast recibido. Avatares: 1 [Hijo Test(2)] @ https://jimsimrodev.github.io/pequenos-sanos/assets/index-C7AoTPzR.js:82
[  362328ms] [LOG] [WS] 🗺️ Broadcast recibido. Avatares: 1 [Hijo Test(2)] @ https://jimsimrodev.github.io/pequenos-sanos/assets/index-C7AoTPzR.js:82
[  362348ms] [LOG] [WS] 🗺️ Broadcast recibido. Avatares: 1 [Hijo Test(2)] @ https://jimsimrodev.github.io/pequenos-sanos/assets/index-C7AoTPzR.js:82
[  362382ms] [LOG] [WS] 🗺️ Broadcast recibido. Avatares: 1 [Hijo Test(2)] @ https://jimsimrodev.github.io/pequenos-sanos/assets/index-C7AoTPzR.js:82
[  362412ms] [LOG] [WS] 🗺️ Broadcast recibido. Avatares: 1 [Hijo Test(2)] @ https://jimsimrodev.github.io/pequenos-sanos/assets/index-C7AoTPzR.js:82
[  362445ms] [LOG] [WS] 🗺️ Broadcast recibido. Avatares: 1 [Hijo Test(2)] @ https://jimsimrodev.github.io/pequenos-sanos/assets/index-C7AoTPzR.js:82
[  362479ms] [LOG] [WS] 🗺️ Broadcast recibido. Avatares: 1 [Hijo Test(2)] @ https://jimsimrodev.github.io/pequenos-sanos/assets/index-C7AoTPzR.js:82
[  362513ms] [LOG] [WS] 🗺️ Broadcast recibido. Avatares: 1 [Hijo Test(2)] @ https://jimsimrodev.github.io/pequenos-sanos/assets/index-C7AoTPzR.js:82
[  362550ms] [LOG] [WS] 🗺️ Broadcast recibido. Avatares: 1 [Hijo Test(2)] @ https://jimsimrodev.github.io/pequenos-sanos/assets/index-C7AoTPzR.js:82
[  362582ms] [LOG] [WS] 🗺️ Broadcast recibido. Avatares: 1 [Hijo Test(2)] @ https://jimsimrodev.github.io/pequenos-sanos/assets/index-C7AoTPzR.js:82
[  362614ms] [LOG] [WS] 🗺️ Broadcast recibido. Avatares: 1 [Hijo Test(2)] @ https://jimsimrodev.github.io/pequenos-sanos/assets/index-C7AoTPzR.js:82
[  362646ms] [LOG] [WS] 🗺️ Broadcast recibido. Avatares: 1 [Hijo Test(2)] @ https://jimsimrodev.github.io/pequenos-sanos/assets/index-C7AoTPzR.js:82
[  362680ms] [LOG] [WS] 🗺️ Broadcast recibido. Avatares: 1 [Hijo Test(2)] @ https://jimsimrodev.github.io/pequenos-sanos/assets/index-C7AoTPzR.js:82
[  362717ms] [LOG] [WS] 🗺️ Broadcast recibido. Avatares: 1 [Hijo Test(2)] @ https://jimsimrodev.github.io/pequenos-sanos/assets/index-C7AoTPzR.js:82
[  362746ms] [LOG] [WS] 🗺️ Broadcast recibido. Avatares: 1 [Hijo Test(2)] @ https://jimsimrodev.github.io/pequenos-sanos/assets/index-C7AoTPzR.js:82
[  362780ms] [LOG] [WS] 🗺️ Broadcast recibido. Avatares: 1 [Hijo Test(2)] @ https://jimsimrodev.github.io/pequenos-sanos/assets/index-C7AoTPzR.js:82
[  362815ms] [LOG] [WS] 🗺️ Broadcast recibido. Avatares: 1 [Hijo Test(2)] @ https://jimsimrodev.github.io/pequenos-sanos/assets/index-C7AoTPzR.js:82
[  362845ms] [LOG] [WS] 🗺️ Broadcast recibido. Avatares: 1 [Hijo Test(2)] @ https://jimsimrodev.github.io/pequenos-sanos/assets/index-C7AoTPzR.js:82
[  362885ms] [LOG] [WS] 🗺️ Broadcast recibido. Avatares: 1 [Hijo Test(2)] @ https://jimsimrodev.github.io/pequenos-sanos/assets/index-C7AoTPzR.js:82
[  362914ms] [LOG] [WS] 🗺️ Broadcast recibido. Avatares: 1 [Hijo Test(2)] @ https://jimsimrodev.github.io/pequenos-sanos/assets/index-C7AoTPzR.js:82
[  362948ms] [LOG] [WS] 🗺️ Broadcast recibido. Avatares: 1 [Hijo Test(2)] @ https://jimsimrodev.github.io/pequenos-sanos/assets/index-C7AoTPzR.js:82
[  362980ms] [LOG] [WS] 🗺️ Broadcast recibido. Avatares: 1 [Hijo Test(2)] @ https://jimsimrodev.github.io/pequenos-sanos/assets/index-C7AoTPzR.js:82
[  363012ms] [LOG] [WS] 🗺️ Broadcast recibido. Avatares: 1 [Hijo Test(2)] @ https://jimsimrodev.github.io/pequenos-sanos/assets/index-C7AoTPzR.js:82
[  363048ms] [LOG] [WS] 🗺️ Broadcast recibido. Avatares: 1 [Hijo Test(2)] @ https://jimsimrodev.github.io/pequenos-sanos/assets/index-C7AoTPzR.js:82
[  363069ms] [LOG] [WS] 🗺️ Broadcast recibido. Avatares: 1 [Hijo Test(2)] @ https://jimsimrodev.github.io/pequenos-sanos/assets/index-C7AoTPzR.js:82
[  363112ms] [LOG] [WS] 🗺️ Broadcast recibido. Avatares: 1 [Hijo Test(2)] @ https://jimsimrodev.github.io/pequenos-sanos/assets/index-C7AoTPzR.js:82
[  363153ms] [LOG] [WS] 🗺️ Broadcast recibido. Avatares: 1 [Hijo Test(2)] @ https://jimsimrodev.github.io/pequenos-sanos/assets/index-C7AoTPzR.js:82
[  363179ms] [LOG] [WS] 🗺️ Broadcast recibido. Avatares: 1 [Hijo Test(2)] @ https://jimsimrodev.github.io/pequenos-sanos/assets/index-C7AoTPzR.js:82
[  363214ms] [LOG] [WS] 🗺️ Broadcast recibido. Avatares: 1 [Hijo Test(2)] @ https://jimsimrodev.github.io/pequenos-sanos/assets/index-C7AoTPzR.js:82
[  363249ms] [LOG] [WS] 🗺️ Broadcast recibido. Avatares: 1 [Hijo Test(2)] @ https://jimsimrodev.github.io/pequenos-sanos/assets/index-C7AoTPzR.js:82
[  363282ms] [LOG] [WS] 🗺️ Broadcast recibido. Avatares: 1 [Hijo Test(2)] @ https://jimsimrodev.github.io/pequenos-sanos/assets/index-C7AoTPzR.js:82
[  363305ms] [LOG] [WS] 🗺️ Broadcast recibido. Avatares: 1 [Hijo Test(2)] @ https://jimsimrodev.github.io/pequenos-sanos/assets/index-C7AoTPzR.js:82
[  363336ms] [LOG] [WS] 🗺️ Broadcast recibido. Avatares: 1 [Hijo Test(2)] @ https://jimsimrodev.github.io/pequenos-sanos/assets/index-C7AoTPzR.js:82
[  363366ms] [LOG] [WS] 🗺️ Broadcast recibido. Avatares: 1 [Hijo Test(2)] @ https://jimsimrodev.github.io/pequenos-sanos/assets/index-C7AoTPzR.js:82
[  363402ms] [LOG] [WS] 🗺️ Broadcast recibido. Avatares: 1 [Hijo Test(2)] @ https://jimsimrodev.github.io/pequenos-sanos/assets/index-C7AoTPzR.js:82
[  363433ms] [LOG] [WS] 🗺️ Broadcast recibido. Avatares: 1 [Hijo Test(2)] @ https://jimsimrodev.github.io/pequenos-sanos/assets/index-C7AoTPzR.js:82
[  363468ms] [LOG] [WS] 🗺️ Broadcast recibido. Avatares: 1 [Hijo Test(2)] @ https://jimsimrodev.github.io/pequenos-sanos/assets/index-C7AoTPzR.js:82
[  363504ms] [LOG] [WS] 🗺️ Broadcast recibido. Avatares: 1 [Hijo Test(2)] @ https://jimsimrodev.github.io/pequenos-sanos/assets/index-C7AoTPzR.js:82
[  363535ms] [LOG] [WS] 🗺️ Broadcast recibido. Avatares: 1 [Hijo Test(2)] @ https://jimsimrodev.github.io/pequenos-sanos/assets/index-C7AoTPzR.js:82
[  363565ms] [LOG] [WS] 🗺️ Broadcast recibido. Avatares: 1 [Hijo Test(2)] @ https://jimsimrodev.github.io/pequenos-sanos/assets/index-C7AoTPzR.js:82
[  363601ms] [LOG] [WS] 🗺️ Broadcast recibido. Avatares: 1 [Hijo Test(2)] @ https://jimsimrodev.github.io/pequenos-sanos/assets/index-C7AoTPzR.js:82
[  363636ms] [LOG] [WS] 🗺️ Broadcast recibido. Avatares: 1 [Hijo Test(2)] @ https://jimsimrodev.github.io/pequenos-sanos/assets/index-C7AoTPzR.js:82
[  363666ms] [LOG] [WS] 🗺️ Broadcast recibido. Avatares: 1 [Hijo Test(2)] @ https://jimsimrodev.github.io/pequenos-sanos/assets/index-C7AoTPzR.js:82
[  363703ms] [LOG] [WS] 🗺️ Broadcast recibido. Avatares: 1 [Hijo Test(2)] @ https://jimsimrodev.github.io/pequenos-sanos/assets/index-C7AoTPzR.js:82
[  363732ms] [LOG] [WS] 🗺️ Broadcast recibido. Avatares: 1 [Hijo Test(2)] @ https://jimsimrodev.github.io/pequenos-sanos/assets/index-C7AoTPzR.js:82
[  363763ms] [LOG] [WS] 🗺️ Broadcast recibido. Avatares: 1 [Hijo Test(2)] @ https://jimsimrodev.github.io/pequenos-sanos/assets/index-C7AoTPzR.js:82
[  363802ms] [LOG] [WS] 🗺️ Broadcast recibido. Avatares: 1 [Hijo Test(2)] @ https://jimsimrodev.github.io/pequenos-sanos/assets/index-C7AoTPzR.js:82
[  363838ms] [LOG] [WS] 🗺️ Broadcast recibido. Avatares: 1 [Hijo Test(2)] @ https://jimsimrodev.github.io/pequenos-sanos/assets/index-C7AoTPzR.js:82
[  363865ms] [LOG] [WS] 🗺️ Broadcast recibido. Avatares: 1 [Hijo Test(2)] @ https://jimsimrodev.github.io/pequenos-sanos/assets/index-C7AoTPzR.js:82
[  363900ms] [LOG] [WS] 🗺️ Broadcast recibido. Avatares: 1 [Hijo Test(2)] @ https://jimsimrodev.github.io/pequenos-sanos/assets/index-C7AoTPzR.js:82
[  363937ms] [LOG] [WS] 🗺️ Broadcast recibido. Avatares: 1 [Hijo Test(2)] @ https://jimsimrodev.github.io/pequenos-sanos/assets/index-C7AoTPzR.js:82
[  363967ms] [LOG] [WS] 🗺️ Broadcast recibido. Avatares: 1 [Hijo Test(2)] @ https://jimsimrodev.github.io/pequenos-sanos/assets/index-C7AoTPzR.js:82
[  364006ms] [LOG] [WS] 🗺️ Broadcast recibido. Avatares: 1 [Hijo Test(2)] @ https://jimsimrodev.github.io/pequenos-sanos/assets/index-C7AoTPzR.js:82
[  364032ms] [LOG] [WS] 🗺️ Broadcast recibido. Avatares: 1 [Hijo Test(2)] @ https://jimsimrodev.github.io/pequenos-sanos/assets/index-C7AoTPzR.js:82
[  364064ms] [LOG] [WS] 🗺️ Broadcast recibido. Avatares: 1 [Hijo Test(2)] @ https://jimsimrodev.github.io/pequenos-sanos/assets/index-C7AoTPzR.js:82
[  364101ms] [LOG] [WS] 🗺️ Broadcast recibido. Avatares: 1 [Hijo Test(2)] @ https://jimsimrodev.github.io/pequenos-sanos/assets/index-C7AoTPzR.js:82
[  364132ms] [LOG] [WS] 🗺️ Broadcast recibido. Avatares: 1 [Hijo Test(2)] @ https://jimsimrodev.github.io/pequenos-sanos/assets/index-C7AoTPzR.js:82
[  364167ms] [LOG] [WS] 🗺️ Broadcast recibido. Avatares: 1 [Hijo Test(2)] @ https://jimsimrodev.github.io/pequenos-sanos/assets/index-C7AoTPzR.js:82
[  364198ms] [LOG] [WS] 🗺️ Broadcast recibido. Avatares: 1 [Hijo Test(2)] @ https://jimsimrodev.github.io/pequenos-sanos/assets/index-C7AoTPzR.js:82
[  364241ms] [LOG] [WS] 🗺️ Broadcast recibido. Avatares: 1 [Hijo Test(2)] @ https://jimsimrodev.github.io/pequenos-sanos/assets/index-C7AoTPzR.js:82
[  364269ms] [LOG] [WS] 🗺️ Broadcast recibido. Avatares: 1 [Hijo Test(2)] @ https://jimsimrodev.github.io/pequenos-sanos/assets/index-C7AoTPzR.js:82
[  364300ms] [LOG] [WS] 🗺️ Broadcast recibido. Avatares: 1 [Hijo Test(2)] @ https://jimsimrodev.github.io/pequenos-sanos/assets/index-C7AoTPzR.js:82
[  364329ms] [LOG] [WS] 🗺️ Broadcast recibido. Avatares: 1 [Hijo Test(2)] @ https://jimsimrodev.github.io/pequenos-sanos/assets/index-C7AoTPzR.js:82
[  364368ms] [LOG] [WS] 🗺️ Broadcast recibido. Avatares: 1 [Hijo Test(2)] @ https://jimsimrodev.github.io/pequenos-sanos/assets/index-C7AoTPzR.js:82
[  364401ms] [LOG] [WS] 🗺️ Broadcast recibido. Avatares: 1 [Hijo Test(2)] @ https://jimsimrodev.github.io/pequenos-sanos/assets/index-C7AoTPzR.js:82
[  364432ms] [LOG] [WS] 🗺️ Broadcast recibido. Avatares: 1 [Hijo Test(2)] @ https://jimsimrodev.github.io/pequenos-sanos/assets/index-C7AoTPzR.js:82
[  364462ms] [LOG] [WS] 🗺️ Broadcast recibido. Avatares: 1 [Hijo Test(2)] @ https://jimsimrodev.github.io/pequenos-sanos/assets/index-C7AoTPzR.js:82
[  364501ms] [LOG] [WS] 🗺️ Broadcast recibido. Avatares: 1 [Hijo Test(2)] @ https://jimsimrodev.github.io/pequenos-sanos/assets/index-C7AoTPzR.js:82
[  364532ms] [LOG] [WS] 🗺️ Broadcast recibido. Avatares: 1 [Hijo Test(2)] @ https://jimsimrodev.github.io/pequenos-sanos/assets/index-C7AoTPzR.js:82
[  364562ms] [LOG] [WS] 🗺️ Broadcast recibido. Avatares: 1 [Hijo Test(2)] @ https://jimsimrodev.github.io/pequenos-sanos/assets/index-C7AoTPzR.js:82
[  364597ms] [LOG] [WS] 🗺️ Broadcast recibido. Avatares: 1 [Hijo Test(2)] @ https://jimsimrodev.github.io/pequenos-sanos/assets/index-C7AoTPzR.js:82
[  364632ms] [LOG] [WS] 🗺️ Broadcast recibido. Avatares: 1 [Hijo Test(2)] @ https://jimsimrodev.github.io/pequenos-sanos/assets/index-C7AoTPzR.js:82
[  364664ms] [LOG] [WS] 🗺️ Broadcast recibido. Avatares: 1 [Hijo Test(2)] @ https://jimsimrodev.github.io/pequenos-sanos/assets/index-C7AoTPzR.js:82
[  364699ms] [LOG] [WS] 🗺️ Broadcast recibido. Avatares: 1 [Hijo Test(2)] @ https://jimsimrodev.github.io/pequenos-sanos/assets/index-C7AoTPzR.js:82
[  364732ms] [LOG] [WS] 🗺️ Broadcast recibido. Avatares: 1 [Hijo Test(2)] @ https://jimsimrodev.github.io/pequenos-sanos/assets/index-C7AoTPzR.js:82
[  364769ms] [LOG] [WS] 🗺️ Broadcast recibido. Avatares: 1 [Hijo Test(2)] @ https://jimsimrodev.github.io/pequenos-sanos/assets/index-C7AoTPzR.js:82
[  365366ms] [LOG] [WS] 🗺️ Broadcast recibido. Avatares: 1 [Hijo Test(2)] @ https://jimsimrodev.github.io/pequenos-sanos/assets/index-C7AoTPzR.js:82
[  365367ms] [LOG] [WS] 🗺️ Broadcast recibido. Avatares: 1 [Hijo Test(2)] @ https://jimsimrodev.github.io/pequenos-sanos/assets/index-C7AoTPzR.js:82
[  365367ms] [LOG] [WS] 🗺️ Broadcast recibido. Avatares: 1 [Hijo Test(2)] @ https://jimsimrodev.github.io/pequenos-sanos/assets/index-C7AoTPzR.js:82
[  365368ms] [LOG] [WS] 🗺️ Broadcast recibido. Avatares: 1 [Hijo Test(2)] @ https://jimsimrodev.github.io/pequenos-sanos/assets/index-C7AoTPzR.js:82
[  365368ms] [LOG] [WS] 🗺️ Broadcast recibido. Avatares: 1 [Hijo Test(2)] @ https://jimsimrodev.github.io/pequenos-sanos/assets/index-C7AoTPzR.js:82
[  365368ms] [LOG] [WS] 🗺️ Broadcast recibido. Avatares: 1 [Hijo Test(2)] @ https://jimsimrodev.github.io/pequenos-sanos/assets/index-C7AoTPzR.js:82
[  365369ms] [LOG] [WS] 🗺️ Broadcast recibido. Avatares: 1 [Hijo Test(2)] @ https://jimsimrodev.github.io/pequenos-sanos/assets/index-C7AoTPzR.js:82
[  365369ms] [LOG] [WS] 🗺️ Broadcast recibido. Avatares: 1 [Hijo Test(2)] @ https://jimsimrodev.github.io/pequenos-sanos/assets/index-C7AoTPzR.js:82
[  365370ms] [LOG] [WS] 🗺️ Broadcast recibido. Avatares: 1 [Hijo Test(2)] @ https://jimsimrodev.github.io/pequenos-sanos/assets/index-C7AoTPzR.js:82
[  365370ms] [LOG] [WS] 🗺️ Broadcast recibido. Avatares: 1 [Hijo Test(2)] @ https://jimsimrodev.github.io/pequenos-sanos/assets/index-C7AoTPzR.js:82
[  365370ms] [LOG] [WS] 🗺️ Broadcast recibido. Avatares: 1 [Hijo Test(2)] @ https://jimsimrodev.github.io/pequenos-sanos/assets/index-C7AoTPzR.js:82
[  365371ms] [LOG] [WS] 🗺️ Broadcast recibido. Avatares: 1 [Hijo Test(2)] @ https://jimsimrodev.github.io/pequenos-sanos/assets/index-C7AoTPzR.js:82
[  365372ms] [LOG] [WS] 🗺️ Broadcast recibido. Avatares: 1 [Hijo Test(2)] @ https://jimsimrodev.github.io/pequenos-sanos/assets/index-C7AoTPzR.js:82
[  365373ms] [LOG] [WS] 🗺️ Broadcast recibido. Avatares: 1 [Hijo Test(2)] @ https://jimsimrodev.github.io/pequenos-sanos/assets/index-C7AoTPzR.js:82
[  365374ms] [LOG] [WS] 🗺️ Broadcast recibido. Avatares: 1 [Hijo Test(2)] @ https://jimsimrodev.github.io/pequenos-sanos/assets/index-C7AoTPzR.js:82
[  365375ms] [LOG] [WS] 🗺️ Broadcast recibido. Avatares: 1 [Hijo Test(2)] @ https://jimsimrodev.github.io/pequenos-sanos/assets/index-C7AoTPzR.js:82
[  365376ms] [LOG] [WS] 🗺️ Broadcast recibido. Avatares: 1 [Hijo Test(2)] @ https://jimsimrodev.github.io/pequenos-sanos/assets/index-C7AoTPzR.js:82
[  365407ms] [LOG] [WS] 🗺️ Broadcast recibido. Avatares: 1 [Hijo Test(2)] @ https://jimsimrodev.github.io/pequenos-sanos/assets/index-C7AoTPzR.js:82
[  365425ms] [LOG] [WS] 🗺️ Broadcast recibido. Avatares: 1 [Hijo Test(2)] @ https://jimsimrodev.github.io/pequenos-sanos/assets/index-C7AoTPzR.js:82
[  365449ms] [LOG] [WS] 🗺️ Broadcast recibido. Avatares: 1 [Hijo Test(2)] @ https://jimsimrodev.github.io/pequenos-sanos/assets/index-C7AoTPzR.js:82
[  365469ms] [LOG] [WS] 🗺️ Broadcast recibido. Avatares: 1 [Hijo Test(2)] @ https://jimsimrodev.github.io/pequenos-sanos/assets/index-C7AoTPzR.js:82
[  365486ms] [LOG] [WS] 🗺️ Broadcast recibido. Avatares: 1 [Hijo Test(2)] @ https://jimsimrodev.github.io/pequenos-sanos/assets/index-C7AoTPzR.js:82
[  365516ms] [LOG] [WS] 🗺️ Broadcast recibido. Avatares: 1 [Hijo Test(2)] @ https://jimsimrodev.github.io/pequenos-sanos/assets/index-C7AoTPzR.js:82
[  365554ms] [LOG] [WS] 🗺️ Broadcast recibido. Avatares: 1 [Hijo Test(2)] @ https://jimsimrodev.github.io/pequenos-sanos/assets/index-C7AoTPzR.js:82
[  365582ms] [LOG] [WS] 🗺️ Broadcast recibido. Avatares: 1 [Hijo Test(2)] @ https://jimsimrodev.github.io/pequenos-sanos/assets/index-C7AoTPzR.js:82
[  365620ms] [LOG] [WS] 🗺️ Broadcast recibido. Avatares: 1 [Hijo Test(2)] @ https://jimsimrodev.github.io/pequenos-sanos/assets/index-C7AoTPzR.js:82
[  365648ms] [LOG] [WS] 🗺️ Broadcast recibido. Avatares: 1 [Hijo Test(2)] @ https://jimsimrodev.github.io/pequenos-sanos/assets/index-C7AoTPzR.js:82
[  365684ms] [LOG] [WS] 🗺️ Broadcast recibido. Avatares: 1 [Hijo Test(2)] @ https://jimsimrodev.github.io/pequenos-sanos/assets/index-C7AoTPzR.js:82
[  365717ms] [LOG] [WS] 🗺️ Broadcast recibido. Avatares: 1 [Hijo Test(2)] @ https://jimsimrodev.github.io/pequenos-sanos/assets/index-C7AoTPzR.js:82
[  365752ms] [LOG] [WS] 🗺️ Broadcast recibido. Avatares: 1 [Hijo Test(2)] @ https://jimsimrodev.github.io/pequenos-sanos/assets/index-C7AoTPzR.js:82
[  365781ms] [LOG] [WS] 🗺️ Broadcast recibido. Avatares: 1 [Hijo Test(2)] @ https://jimsimrodev.github.io/pequenos-sanos/assets/index-C7AoTPzR.js:82
[  365816ms] [LOG] [WS] 🗺️ Broadcast recibido. Avatares: 1 [Hijo Test(2)] @ https://jimsimrodev.github.io/pequenos-sanos/assets/index-C7AoTPzR.js:82
[  365852ms] [LOG] [WS] 🗺️ Broadcast recibido. Avatares: 1 [Hijo Test(2)] @ https://jimsimrodev.github.io/pequenos-sanos/assets/index-C7AoTPzR.js:82
[  365882ms] [LOG] [WS] 🗺️ Broadcast recibido. Avatares: 1 [Hijo Test(2)] @ https://jimsimrodev.github.io/pequenos-sanos/assets/index-C7AoTPzR.js:82
[  365914ms] [LOG] [WS] 🗺️ Broadcast recibido. Avatares: 1 [Hijo Test(2)] @ https://jimsimrodev.github.io/pequenos-sanos/assets/index-C7AoTPzR.js:82
[  365946ms] [LOG] [WS] 🗺️ Broadcast recibido. Avatares: 1 [Hijo Test(2)] @ https://jimsimrodev.github.io/pequenos-sanos/assets/index-C7AoTPzR.js:82
[  365982ms] [LOG] [WS] 🗺️ Broadcast recibido. Avatares: 1 [Hijo Test(2)] @ https://jimsimrodev.github.io/pequenos-sanos/assets/index-C7AoTPzR.js:82
[  366016ms] [LOG] [WS] 🗺️ Broadcast recibido. Avatares: 1 [Hijo Test(2)] @ https://jimsimrodev.github.io/pequenos-sanos/assets/index-C7AoTPzR.js:82
[  366048ms] [LOG] [WS] 🗺️ Broadcast recibido. Avatares: 1 [Hijo Test(2)] @ https://jimsimrodev.github.io/pequenos-sanos/assets/index-C7AoTPzR.js:82
[  366082ms] [LOG] [WS] 🗺️ Broadcast recibido. Avatares: 1 [Hijo Test(2)] @ https://jimsimrodev.github.io/pequenos-sanos/assets/index-C7AoTPzR.js:82
[  366118ms] [LOG] [WS] 🗺️ Broadcast recibido. Avatares: 1 [Hijo Test(2)] @ https://jimsimrodev.github.io/pequenos-sanos/assets/index-C7AoTPzR.js:82
[  366150ms] [LOG] [WS] 🗺️ Broadcast recibido. Avatares: 1 [Hijo Test(2)] @ https://jimsimrodev.github.io/pequenos-sanos/assets/index-C7AoTPzR.js:82
[  366186ms] [LOG] [WS] 🗺️ Broadcast recibido. Avatares: 1 [Hijo Test(2)] @ https://jimsimrodev.github.io/pequenos-sanos/assets/index-C7AoTPzR.js:82
[  366220ms] [LOG] [WS] 🗺️ Broadcast recibido. Avatares: 1 [Hijo Test(2)] @ https://jimsimrodev.github.io/pequenos-sanos/assets/index-C7AoTPzR.js:82
[  366248ms] [LOG] [WS] 🗺️ Broadcast recibido. Avatares: 1 [Hijo Test(2)] @ https://jimsimrodev.github.io/pequenos-sanos/assets/index-C7AoTPzR.js:82
[  366283ms] [LOG] [WS] 🗺️ Broadcast recibido. Avatares: 1 [Hijo Test(2)] @ https://jimsimrodev.github.io/pequenos-sanos/assets/index-C7AoTPzR.js:82
[  366318ms] [LOG] [WS] 🗺️ Broadcast recibido. Avatares: 1 [Hijo Test(2)] @ https://jimsimrodev.github.io/pequenos-sanos/assets/index-C7AoTPzR.js:82
[  366352ms] [LOG] [WS] 🗺️ Broadcast recibido. Avatares: 1 [Hijo Test(2)] @ https://jimsimrodev.github.io/pequenos-sanos/assets/index-C7AoTPzR.js:82
[  366382ms] [LOG] [WS] 🗺️ Broadcast recibido. Avatares: 1 [Hijo Test(2)] @ https://jimsimrodev.github.io/pequenos-sanos/assets/index-C7AoTPzR.js:82
[  366415ms] [LOG] [WS] 🗺️ Broadcast recibido. Avatares: 1 [Hijo Test(2)] @ https://jimsimrodev.github.io/pequenos-sanos/assets/index-C7AoTPzR.js:82
[  366448ms] [LOG] [WS] 🗺️ Broadcast recibido. Avatares: 1 [Hijo Test(2)] @ https://jimsimrodev.github.io/pequenos-sanos/assets/index-C7AoTPzR.js:82
[  366475ms] [LOG] [WS] 🗺️ Broadcast recibido. Avatares: 1 [Hijo Test(2)] @ https://jimsimrodev.github.io/pequenos-sanos/assets/index-C7AoTPzR.js:82
[  366514ms] [LOG] [WS] 🗺️ Broadcast recibido. Avatares: 1 [Hijo Test(2)] @ https://jimsimrodev.github.io/pequenos-sanos/assets/index-C7AoTPzR.js:82
[  366535ms] [LOG] [WS] 🗺️ Broadcast recibido. Avatares: 1 [Hijo Test(2)] @ https://jimsimrodev.github.io/pequenos-sanos/assets/index-C7AoTPzR.js:82
[  366572ms] [LOG] [WS] 🗺️ Broadcast recibido. Avatares: 1 [Hijo Test(2)] @ https://jimsimrodev.github.io/pequenos-sanos/assets/index-C7AoTPzR.js:82
[  366601ms] [LOG] [WS] 🗺️ Broadcast recibido. Avatares: 1 [Hijo Test(2)] @ https://jimsimrodev.github.io/pequenos-sanos/assets/index-C7AoTPzR.js:82
[  366634ms] [LOG] [WS] 🗺️ Broadcast recibido. Avatares: 1 [Hijo Test(2)] @ https://jimsimrodev.github.io/pequenos-sanos/assets/index-C7AoTPzR.js:82
[  366668ms] [LOG] [WS] 🗺️ Broadcast recibido. Avatares: 1 [Hijo Test(2)] @ https://jimsimrodev.github.io/pequenos-sanos/assets/index-C7AoTPzR.js:82
[  366705ms] [LOG] [WS] 🗺️ Broadcast recibido. Avatares: 1 [Hijo Test(2)] @ https://jimsimrodev.github.io/pequenos-sanos/assets/index-C7AoTPzR.js:82
[  366736ms] [LOG] [WS] 🗺️ Broadcast recibido. Avatares: 1 [Hijo Test(2)] @ https://jimsimrodev.github.io/pequenos-sanos/assets/index-C7AoTPzR.js:82
[  366768ms] [LOG] [WS] 🗺️ Broadcast recibido. Avatares: 1 [Hijo Test(2)] @ https://jimsimrodev.github.io/pequenos-sanos/assets/index-C7AoTPzR.js:82
[  366806ms] [LOG] [WS] 🗺️ Broadcast recibido. Avatares: 1 [Hijo Test(2)] @ https://jimsimrodev.github.io/pequenos-sanos/assets/index-C7AoTPzR.js:82
[  366842ms] [LOG] [WS] 🗺️ Broadcast recibido. Avatares: 1 [Hijo Test(2)] @ https://jimsimrodev.github.io/pequenos-sanos/assets/index-C7AoTPzR.js:82
[  366873ms] [LOG] [WS] 🗺️ Broadcast recibido. Avatares: 1 [Hijo Test(2)] @ https://jimsimrodev.github.io/pequenos-sanos/assets/index-C7AoTPzR.js:82
[  366899ms] [LOG] [WS] 🗺️ Broadcast recibido. Avatares: 1 [Hijo Test(2)] @ https://jimsimrodev.github.io/pequenos-sanos/assets/index-C7AoTPzR.js:82
[  366933ms] [LOG] [WS] 🗺️ Broadcast recibido. Avatares: 1 [Hijo Test(2)] @ https://jimsimrodev.github.io/pequenos-sanos/assets/index-C7AoTPzR.js:82
[  366965ms] [LOG] [WS] 🗺️ Broadcast recibido. Avatares: 1 [Hijo Test(2)] @ https://jimsimrodev.github.io/pequenos-sanos/assets/index-C7AoTPzR.js:82
[  367001ms] [LOG] [WS] 🗺️ Broadcast recibido. Avatares: 1 [Hijo Test(2)] @ https://jimsimrodev.github.io/pequenos-sanos/assets/index-C7AoTPzR.js:82
[  367036ms] [LOG] [WS] 🗺️ Broadcast recibido. Avatares: 1 [Hijo Test(2)] @ https://jimsimrodev.github.io/pequenos-sanos/assets/index-C7AoTPzR.js:82
[  367065ms] [LOG] [WS] 🗺️ Broadcast recibido. Avatares: 1 [Hijo Test(2)] @ https://jimsimrodev.github.io/pequenos-sanos/assets/index-C7AoTPzR.js:82
[  367104ms] [LOG] [WS] 🗺️ Broadcast recibido. Avatares: 1 [Hijo Test(2)] @ https://jimsimrodev.github.io/pequenos-sanos/assets/index-C7AoTPzR.js:82
[  367138ms] [LOG] [WS] 🗺️ Broadcast recibido. Avatares: 1 [Hijo Test(2)] @ https://jimsimrodev.github.io/pequenos-sanos/assets/index-C7AoTPzR.js:82
[  367172ms] [LOG] [WS] 🗺️ Broadcast recibido. Avatares: 1 [Hijo Test(2)] @ https://jimsimrodev.github.io/pequenos-sanos/assets/index-C7AoTPzR.js:82
[  367202ms] [LOG] [WS] 🗺️ Broadcast recibido. Avatares: 1 [Hijo Test(2)] @ https://jimsimrodev.github.io/pequenos-sanos/assets/index-C7AoTPzR.js:82
[  367234ms] [LOG] [WS] 🗺️ Broadcast recibido. Avatares: 1 [Hijo Test(2)] @ https://jimsimrodev.github.io/pequenos-sanos/assets/index-C7AoTPzR.js:82
[  367272ms] [LOG] [WS] 🗺️ Broadcast recibido. Avatares: 1 [Hijo Test(2)] @ https://jimsimrodev.github.io/pequenos-sanos/assets/index-C7AoTPzR.js:82
[  367316ms] [LOG] [WS] 🗺️ Broadcast recibido. Avatares: 1 [Hijo Test(2)] @ https://jimsimrodev.github.io/pequenos-sanos/assets/index-C7AoTPzR.js:82
[  367339ms] [LOG] [WS] 🗺️ Broadcast recibido. Avatares: 1 [Hijo Test(2)] @ https://jimsimrodev.github.io/pequenos-sanos/assets/index-C7AoTPzR.js:82
[  367362ms] [LOG] [WS] 🗺️ Broadcast recibido. Avatares: 1 [Hijo Test(2)] @ https://jimsimrodev.github.io/pequenos-sanos/assets/index-C7AoTPzR.js:82
[  367407ms] [LOG] [WS] 🗺️ Broadcast recibido. Avatares: 1 [Hijo Test(2)] @ https://jimsimrodev.github.io/pequenos-sanos/assets/index-C7AoTPzR.js:82
[  367437ms] [LOG] [WS] 🗺️ Broadcast recibido. Avatares: 1 [Hijo Test(2)] @ https://jimsimrodev.github.io/pequenos-sanos/assets/index-C7AoTPzR.js:82
[  367479ms] [LOG] [WS] 🗺️ Broadcast recibido. Avatares: 1 [Hijo Test(2)] @ https://jimsimrodev.github.io/pequenos-sanos/assets/index-C7AoTPzR.js:82
[  367496ms] [LOG] [WS] 🗺️ Broadcast recibido. Avatares: 1 [Hijo Test(2)] @ https://jimsimrodev.github.io/pequenos-sanos/assets/index-C7AoTPzR.js:82
[  367533ms] [LOG] [WS] 🗺️ Broadcast recibido. Avatares: 1 [Hijo Test(2)] @ https://jimsimrodev.github.io/pequenos-sanos/assets/index-C7AoTPzR.js:82
[  367580ms] [LOG] [WS] 🗺️ Broadcast recibido. Avatares: 1 [Hijo Test(2)] @ https://jimsimrodev.github.io/pequenos-sanos/assets/index-C7AoTPzR.js:82
[  367598ms] [LOG] [WS] 🗺️ Broadcast recibido. Avatares: 1 [Hijo Test(2)] @ https://jimsimrodev.github.io/pequenos-sanos/assets/index-C7AoTPzR.js:82
[  367632ms] [LOG] [WS] 🗺️ Broadcast recibido. Avatares: 1 [Hijo Test(2)] @ https://jimsimrodev.github.io/pequenos-sanos/assets/index-C7AoTPzR.js:82
[  367666ms] [LOG] [WS] 🗺️ Broadcast recibido. Avatares: 1 [Hijo Test(2)] @ https://jimsimrodev.github.io/pequenos-sanos/assets/index-C7AoTPzR.js:82
[  367700ms] [LOG] [WS] 🗺️ Broadcast recibido. Avatares: 1 [Hijo Test(2)] @ https://jimsimrodev.github.io/pequenos-sanos/assets/index-C7AoTPzR.js:82
[  367733ms] [LOG] [WS] 🗺️ Broadcast recibido. Avatares: 1 [Hijo Test(2)] @ https://jimsimrodev.github.io/pequenos-sanos/assets/index-C7AoTPzR.js:82
[  367760ms] [LOG] [WS] 🗺️ Broadcast recibido. Avatares: 1 [Hijo Test(2)] @ https://jimsimrodev.github.io/pequenos-sanos/assets/index-C7AoTPzR.js:82
[  367792ms] [LOG] [WS] 🗺️ Broadcast recibido. Avatares: 1 [Hijo Test(2)] @ https://jimsimrodev.github.io/pequenos-sanos/assets/index-C7AoTPzR.js:82
[  367842ms] [LOG] [WS] 🗺️ Broadcast recibido. Avatares: 1 [Hijo Test(2)] @ https://jimsimrodev.github.io/pequenos-sanos/assets/index-C7AoTPzR.js:82
[  367865ms] [LOG] [WS] 🗺️ Broadcast recibido. Avatares: 1 [Hijo Test(2)] @ https://jimsimrodev.github.io/pequenos-sanos/assets/index-C7AoTPzR.js:82
[  367895ms] [LOG] [WS] 🗺️ Broadcast recibido. Avatares: 1 [Hijo Test(2)] @ https://jimsimrodev.github.io/pequenos-sanos/assets/index-C7AoTPzR.js:82
[  367923ms] [LOG] [WS] 🗺️ Broadcast recibido. Avatares: 1 [Hijo Test(2)] @ https://jimsimrodev.github.io/pequenos-sanos/assets/index-C7AoTPzR.js:82
[  367957ms] [LOG] [WS] 🗺️ Broadcast recibido. Avatares: 1 [Hijo Test(2)] @ https://jimsimrodev.github.io/pequenos-sanos/assets/index-C7AoTPzR.js:82
[  367993ms] [LOG] [WS] 🗺️ Broadcast recibido. Avatares: 1 [Hijo Test(2)] @ https://jimsimrodev.github.io/pequenos-sanos/assets/index-C7AoTPzR.js:82
[  368025ms] [LOG] [WS] 🗺️ Broadcast recibido. Avatares: 1 [Hijo Test(2)] @ https://jimsimrodev.github.io/pequenos-sanos/assets/index-C7AoTPzR.js:82
[  368057ms] [LOG] [WS] 🗺️ Broadcast recibido. Avatares: 1 [Hijo Test(2)] @ https://jimsimrodev.github.io/pequenos-sanos/assets/index-C7AoTPzR.js:82
[  368101ms] [LOG] [WS] 🗺️ Broadcast recibido. Avatares: 1 [Hijo Test(2)] @ https://jimsimrodev.github.io/pequenos-sanos/assets/index-C7AoTPzR.js:82
[  368117ms] [LOG] [WS] 🗺️ Broadcast recibido. Avatares: 1 [Hijo Test(2)] @ https://jimsimrodev.github.io/pequenos-sanos/assets/index-C7AoTPzR.js:82
[  368171ms] [LOG] [WS] 🗺️ Broadcast recibido. Avatares: 1 [Hijo Test(2)] @ https://jimsimrodev.github.io/pequenos-sanos/assets/index-C7AoTPzR.js:82
[  368200ms] [LOG] [WS] 🗺️ Broadcast recibido. Avatares: 1 [Hijo Test(2)] @ https://jimsimrodev.github.io/pequenos-sanos/assets/index-C7AoTPzR.js:82
[  368230ms] [LOG] [WS] 🗺️ Broadcast recibido. Avatares: 1 [Hijo Test(2)] @ https://jimsimrodev.github.io/pequenos-sanos/assets/index-C7AoTPzR.js:82
[  368262ms] [LOG] [WS] 🗺️ Broadcast recibido. Avatares: 1 [Hijo Test(2)] @ https://jimsimrodev.github.io/pequenos-sanos/assets/index-C7AoTPzR.js:82
[  368286ms] [LOG] [WS] 🗺️ Broadcast recibido. Avatares: 1 [Hijo Test(2)] @ https://jimsimrodev.github.io/pequenos-sanos/assets/index-C7AoTPzR.js:82
[  368333ms] [LOG] [WS] 🗺️ Broadcast recibido. Avatares: 1 [Hijo Test(2)] @ https://jimsimrodev.github.io/pequenos-sanos/assets/index-C7AoTPzR.js:82
[  368369ms] [LOG] [WS] 🗺️ Broadcast recibido. Avatares: 1 [Hijo Test(2)] @ https://jimsimrodev.github.io/pequenos-sanos/assets/index-C7AoTPzR.js:82
[  368383ms] [LOG] [WS] 🗺️ Broadcast recibido. Avatares: 1 [Hijo Test(2)] @ https://jimsimrodev.github.io/pequenos-sanos/assets/index-C7AoTPzR.js:82
[  368416ms] [LOG] [WS] 🗺️ Broadcast recibido. Avatares: 1 [Hijo Test(2)] @ https://jimsimrodev.github.io/pequenos-sanos/assets/index-C7AoTPzR.js:82
[  368456ms] [LOG] [WS] 🗺️ Broadcast recibido. Avatares: 1 [Hijo Test(2)] @ https://jimsimrodev.github.io/pequenos-sanos/assets/index-C7AoTPzR.js:82
[  368484ms] [LOG] [WS] 🗺️ Broadcast recibido. Avatares: 1 [Hijo Test(2)] @ https://jimsimrodev.github.io/pequenos-sanos/assets/index-C7AoTPzR.js:82
[  368516ms] [LOG] [WS] 🗺️ Broadcast recibido. Avatares: 1 [Hijo Test(2)] @ https://jimsimrodev.github.io/pequenos-sanos/assets/index-C7AoTPzR.js:82
[  368551ms] [LOG] [WS] 🗺️ Broadcast recibido. Avatares: 1 [Hijo Test(2)] @ https://jimsimrodev.github.io/pequenos-sanos/assets/index-C7AoTPzR.js:82
[  368585ms] [LOG] [WS] 🗺️ Broadcast recibido. Avatares: 1 [Hijo Test(2)] @ https://jimsimrodev.github.io/pequenos-sanos/assets/index-C7AoTPzR.js:82
[  368621ms] [LOG] [WS] 🗺️ Broadcast recibido. Avatares: 1 [Hijo Test(2)] @ https://jimsimrodev.github.io/pequenos-sanos/assets/index-C7AoTPzR.js:82
[  368652ms] [LOG] [WS] 🗺️ Broadcast recibido. Avatares: 1 [Hijo Test(2)] @ https://jimsimrodev.github.io/pequenos-sanos/assets/index-C7AoTPzR.js:82
[  368684ms] [LOG] [WS] 🗺️ Broadcast recibido. Avatares: 1 [Hijo Test(2)] @ https://jimsimrodev.github.io/pequenos-sanos/assets/index-C7AoTPzR.js:82
[  368725ms] [LOG] [WS] 🗺️ Broadcast recibido. Avatares: 1 [Hijo Test(2)] @ https://jimsimrodev.github.io/pequenos-sanos/assets/index-C7AoTPzR.js:82
[  368754ms] [LOG] [WS] 🗺️ Broadcast recibido. Avatares: 1 [Hijo Test(2)] @ https://jimsimrodev.github.io/pequenos-sanos/assets/index-C7AoTPzR.js:82
[  368790ms] [LOG] [WS] 🗺️ Broadcast recibido. Avatares: 1 [Hijo Test(2)] @ https://jimsimrodev.github.io/pequenos-sanos/assets/index-C7AoTPzR.js:82
[  368819ms] [LOG] [WS] 🗺️ Broadcast recibido. Avatares: 1 [Hijo Test(2)] @ https://jimsimrodev.github.io/pequenos-sanos/assets/index-C7AoTPzR.js:82
[  368848ms] [LOG] [WS] 🗺️ Broadcast recibido. Avatares: 1 [Hijo Test(2)] @ https://jimsimrodev.github.io/pequenos-sanos/assets/index-C7AoTPzR.js:82
[  368882ms] [LOG] [WS] 🗺️ Broadcast recibido. Avatares: 1 [Hijo Test(2)] @ https://jimsimrodev.github.io/pequenos-sanos/assets/index-C7AoTPzR.js:82
[  368922ms] [LOG] [WS] 🗺️ Broadcast recibido. Avatares: 1 [Hijo Test(2)] @ https://jimsimrodev.github.io/pequenos-sanos/assets/index-C7AoTPzR.js:82
[  368949ms] [LOG] [WS] 🗺️ Broadcast recibido. Avatares: 1 [Hijo Test(2)] @ https://jimsimrodev.github.io/pequenos-sanos/assets/index-C7AoTPzR.js:82
[  368977ms] [LOG] [WS] 🗺️ Broadcast recibido. Avatares: 1 [Hijo Test(2)] @ https://jimsimrodev.github.io/pequenos-sanos/assets/index-C7AoTPzR.js:82
[  369018ms] [LOG] [WS] 🗺️ Broadcast recibido. Avatares: 1 [Hijo Test(2)] @ https://jimsimrodev.github.io/pequenos-sanos/assets/index-C7AoTPzR.js:82
[  369408ms] [LOG] [WS] 🗺️ Broadcast recibido. Avatares: 1 [Hijo Test(2)] @ https://jimsimrodev.github.io/pequenos-sanos/assets/index-C7AoTPzR.js:82
[  369460ms] [LOG] [WS] 🗺️ Broadcast recibido. Avatares: 1 [Hijo Test(2)] @ https://jimsimrodev.github.io/pequenos-sanos/assets/index-C7AoTPzR.js:82
[  369461ms] [LOG] [WS] 🗺️ Broadcast recibido. Avatares: 1 [Hijo Test(2)] @ https://jimsimrodev.github.io/pequenos-sanos/assets/index-C7AoTPzR.js:82
[  369461ms] [LOG] [WS] 🗺️ Broadcast recibido. Avatares: 1 [Hijo Test(2)] @ https://jimsimrodev.github.io/pequenos-sanos/assets/index-C7AoTPzR.js:82
[  369462ms] [LOG] [WS] 🗺️ Broadcast recibido. Avatares: 1 [Hijo Test(2)] @ https://jimsimrodev.github.io/pequenos-sanos/assets/index-C7AoTPzR.js:82
[  369462ms] [LOG] [WS] 🗺️ Broadcast recibido. Avatares: 1 [Hijo Test(2)] @ https://jimsimrodev.github.io/pequenos-sanos/assets/index-C7AoTPzR.js:82
[  369463ms] [LOG] [WS] 🗺️ Broadcast recibido. Avatares: 1 [Hijo Test(2)] @ https://jimsimrodev.github.io/pequenos-sanos/assets/index-C7AoTPzR.js:82
[  369463ms] [LOG] [WS] 🗺️ Broadcast recibido. Avatares: 1 [Hijo Test(2)] @ https://jimsimrodev.github.io/pequenos-sanos/assets/index-C7AoTPzR.js:82
[  369463ms] [LOG] [WS] 🗺️ Broadcast recibido. Avatares: 1 [Hijo Test(2)] @ https://jimsimrodev.github.io/pequenos-sanos/assets/index-C7AoTPzR.js:82
[  369464ms] [LOG] [WS] 🗺️ Broadcast recibido. Avatares: 1 [Hijo Test(2)] @ https://jimsimrodev.github.io/pequenos-sanos/assets/index-C7AoTPzR.js:82
[  369464ms] [LOG] [WS] 🗺️ Broadcast recibido. Avatares: 1 [Hijo Test(2)] @ https://jimsimrodev.github.io/pequenos-sanos/assets/index-C7AoTPzR.js:82
[  369464ms] [LOG] [WS] 🗺️ Broadcast recibido. Avatares: 1 [Hijo Test(2)] @ https://jimsimrodev.github.io/pequenos-sanos/assets/index-C7AoTPzR.js:82
[  369517ms] [LOG] [WS] 🗺️ Broadcast recibido. Avatares: 1 [Hijo Test(2)] @ https://jimsimrodev.github.io/pequenos-sanos/assets/index-C7AoTPzR.js:82
[  369561ms] [LOG] [WS] 🗺️ Broadcast recibido. Avatares: 1 [Hijo Test(2)] @ https://jimsimrodev.github.io/pequenos-sanos/assets/index-C7AoTPzR.js:82
[  369561ms] [LOG] [WS] 🗺️ Broadcast recibido. Avatares: 1 [Hijo Test(2)] @ https://jimsimrodev.github.io/pequenos-sanos/assets/index-C7AoTPzR.js:82
[  369604ms] [LOG] [WS] 🗺️ Broadcast recibido. Avatares: 1 [Hijo Test(2)] @ https://jimsimrodev.github.io/pequenos-sanos/assets/index-C7AoTPzR.js:82
[  369646ms] [LOG] [WS] 🗺️ Broadcast recibido. Avatares: 1 [Hijo Test(2)] @ https://jimsimrodev.github.io/pequenos-sanos/assets/index-C7AoTPzR.js:82
[  369647ms] [LOG] [WS] 🗺️ Broadcast recibido. Avatares: 1 [Hijo Test(2)] @ https://jimsimrodev.github.io/pequenos-sanos/assets/index-C7AoTPzR.js:82
[  369705ms] [LOG] [WS] 🗺️ Broadcast recibido. Avatares: 1 [Hijo Test(2)] @ https://jimsimrodev.github.io/pequenos-sanos/assets/index-C7AoTPzR.js:82
[  369760ms] [LOG] [WS] 🗺️ Broadcast recibido. Avatares: 1 [Hijo Test(2)] @ https://jimsimrodev.github.io/pequenos-sanos/assets/index-C7AoTPzR.js:82
[  369761ms] [LOG] [WS] 🗺️ Broadcast recibido. Avatares: 1 [Hijo Test(2)] @ https://jimsimrodev.github.io/pequenos-sanos/assets/index-C7AoTPzR.js:82
[  369827ms] [LOG] [WS] 🗺️ Broadcast recibido. Avatares: 1 [Hijo Test(2)] @ https://jimsimrodev.github.io/pequenos-sanos/assets/index-C7AoTPzR.js:82
[  369874ms] [LOG] [WS] 🗺️ Broadcast recibido. Avatares: 1 [Hijo Test(2)] @ https://jimsimrodev.github.io/pequenos-sanos/assets/index-C7AoTPzR.js:82
[  369876ms] [LOG] [WS] 🗺️ Broadcast recibido. Avatares: 1 [Hijo Test(2)] @ https://jimsimrodev.github.io/pequenos-sanos/assets/index-C7AoTPzR.js:82
[  369923ms] [LOG] [WS] 🗺️ Broadcast recibido. Avatares: 1 [Hijo Test(2)] @ https://jimsimrodev.github.io/pequenos-sanos/assets/index-C7AoTPzR.js:82
[  369924ms] [LOG] [WS] 🗺️ Broadcast recibido. Avatares: 1 [Hijo Test(2)] @ https://jimsimrodev.github.io/pequenos-sanos/assets/index-C7AoTPzR.js:82
[  369975ms] [LOG] [WS] 🗺️ Broadcast recibido. Avatares: 1 [Hijo Test(2)] @ https://jimsimrodev.github.io/pequenos-sanos/assets/index-C7AoTPzR.js:82
[  370019ms] [LOG] [WS] 🗺️ Broadcast recibido. Avatares: 1 [Hijo Test(2)] @ https://jimsimrodev.github.io/pequenos-sanos/assets/index-C7AoTPzR.js:82
[  370020ms] [LOG] [WS] 🗺️ Broadcast recibido. Avatares: 1 [Hijo Test(2)] @ https://jimsimrodev.github.io/pequenos-sanos/assets/index-C7AoTPzR.js:82
[  370062ms] [LOG] [WS] 🗺️ Broadcast recibido. Avatares: 1 [Hijo Test(2)] @ https://jimsimrodev.github.io/pequenos-sanos/assets/index-C7AoTPzR.js:82
[  370101ms] [LOG] [WS] 🗺️ Broadcast recibido. Avatares: 1 [Hijo Test(2)] @ https://jimsimrodev.github.io/pequenos-sanos/assets/index-C7AoTPzR.js:82
[  370140ms] [LOG] [WS] 🗺️ Broadcast recibido. Avatares: 1 [Hijo Test(2)] @ https://jimsimrodev.github.io/pequenos-sanos/assets/index-C7AoTPzR.js:82
[  370141ms] [LOG] [WS] 🗺️ Broadcast recibido. Avatares: 1 [Hijo Test(2)] @ https://jimsimrodev.github.io/pequenos-sanos/assets/index-C7AoTPzR.js:82
[  370185ms] [LOG] [WS] 🗺️ Broadcast recibido. Avatares: 1 [Hijo Test(2)] @ https://jimsimrodev.github.io/pequenos-sanos/assets/index-C7AoTPzR.js:82
[  370235ms] [LOG] [WS] 🗺️ Broadcast recibido. Avatares: 1 [Hijo Test(2)] @ https://jimsimrodev.github.io/pequenos-sanos/assets/index-C7AoTPzR.js:82
[  370274ms] [LOG] [WS] 🗺️ Broadcast recibido. Avatares: 1 [Hijo Test(2)] @ https://jimsimrodev.github.io/pequenos-sanos/assets/index-C7AoTPzR.js:82
[  370275ms] [LOG] [WS] 🗺️ Broadcast recibido. Avatares: 1 [Hijo Test(2)] @ https://jimsimrodev.github.io/pequenos-sanos/assets/index-C7AoTPzR.js:82
[  370322ms] [LOG] [WS] 🗺️ Broadcast recibido. Avatares: 1 [Hijo Test(2)] @ https://jimsimrodev.github.io/pequenos-sanos/assets/index-C7AoTPzR.js:82
[  370378ms] [LOG] [WS] 🗺️ Broadcast recibido. Avatares: 1 [Hijo Test(2)] @ https://jimsimrodev.github.io/pequenos-sanos/assets/index-C7AoTPzR.js:82
[  370419ms] [LOG] [WS] 🗺️ Broadcast recibido. Avatares: 1 [Hijo Test(2)] @ https://jimsimrodev.github.io/pequenos-sanos/assets/index-C7AoTPzR.js:82
[  370420ms] [LOG] [WS] 🗺️ Broadcast recibido. Avatares: 1 [Hijo Test(2)] @ https://jimsimrodev.github.io/pequenos-sanos/assets/index-C7AoTPzR.js:82
[  370452ms] [LOG] [WS] 🗺️ Broadcast recibido. Avatares: 1 [Hijo Test(2)] @ https://jimsimrodev.github.io/pequenos-sanos/assets/index-C7AoTPzR.js:82
[  370485ms] [LOG] [WS] 🗺️ Broadcast recibido. Avatares: 1 [Hijo Test(2)] @ https://jimsimrodev.github.io/pequenos-sanos/assets/index-C7AoTPzR.js:82
[  370526ms] [LOG] [WS] 🗺️ Broadcast recibido. Avatares: 1 [Hijo Test(2)] @ https://jimsimrodev.github.io/pequenos-sanos/assets/index-C7AoTPzR.js:82
[  370560ms] [LOG] [WS] 🗺️ Broadcast recibido. Avatares: 1 [Hijo Test(2)] @ https://jimsimrodev.github.io/pequenos-sanos/assets/index-C7AoTPzR.js:82
[  370601ms] [LOG] [WS] 🗺️ Broadcast recibido. Avatares: 1 [Hijo Test(2)] @ https://jimsimrodev.github.io/pequenos-sanos/assets/index-C7AoTPzR.js:82
[  370601ms] [LOG] [WS] 🗺️ Broadcast recibido. Avatares: 1 [Hijo Test(2)] @ https://jimsimrodev.github.io/pequenos-sanos/assets/index-C7AoTPzR.js:82
[  370639ms] [LOG] [WS] 🗺️ Broadcast recibido. Avatares: 1 [Hijo Test(2)] @ https://jimsimrodev.github.io/pequenos-sanos/assets/index-C7AoTPzR.js:82
[  370676ms] [LOG] [WS] 🗺️ Broadcast recibido. Avatares: 1 [Hijo Test(2)] @ https://jimsimrodev.github.io/pequenos-sanos/assets/index-C7AoTPzR.js:82
[  370717ms] [LOG] [WS] 🗺️ Broadcast recibido. Avatares: 1 [Hijo Test(2)] @ https://jimsimrodev.github.io/pequenos-sanos/assets/index-C7AoTPzR.js:82
[  370764ms] [LOG] [WS] 🗺️ Broadcast recibido. Avatares: 1 [Hijo Test(2)] @ https://jimsimrodev.github.io/pequenos-sanos/assets/index-C7AoTPzR.js:82
[  370805ms] [LOG] [WS] 🗺️ Broadcast recibido. Avatares: 1 [Hijo Test(2)] @ https://jimsimrodev.github.io/pequenos-sanos/assets/index-C7AoTPzR.js:82
[  370806ms] [LOG] [WS] 🗺️ Broadcast recibido. Avatares: 1 [Hijo Test(2)] @ https://jimsimrodev.github.io/pequenos-sanos/assets/index-C7AoTPzR.js:82
[  370846ms] [LOG] [WS] 🗺️ Broadcast recibido. Avatares: 1 [Hijo Test(2)] @ https://jimsimrodev.github.io/pequenos-sanos/assets/index-C7AoTPzR.js:82
[  370893ms] [LOG] [WS] 🗺️ Broadcast recibido. Avatares: 1 [Hijo Test(2)] @ https://jimsimrodev.github.io/pequenos-sanos/assets/index-C7AoTPzR.js:82
[  370931ms] [LOG] [WS] 🗺️ Broadcast recibido. Avatares: 1 [Hijo Test(2)] @ https://jimsimrodev.github.io/pequenos-sanos/assets/index-C7AoTPzR.js:82
[  370932ms] [LOG] [WS] 🗺️ Broadcast recibido. Avatares: 1 [Hijo Test(2)] @ https://jimsimrodev.github.io/pequenos-sanos/assets/index-C7AoTPzR.js:82
[  370968ms] [LOG] [WS] 🗺️ Broadcast recibido. Avatares: 1 [Hijo Test(2)] @ https://jimsimrodev.github.io/pequenos-sanos/assets/index-C7AoTPzR.js:82
[  371001ms] [LOG] [WS] 🗺️ Broadcast recibido. Avatares: 1 [Hijo Test(2)] @ https://jimsimrodev.github.io/pequenos-sanos/assets/index-C7AoTPzR.js:82
[  371038ms] [LOG] [WS] 🗺️ Broadcast recibido. Avatares: 1 [Hijo Test(2)] @ https://jimsimrodev.github.io/pequenos-sanos/assets/index-C7AoTPzR.js:82
[  371075ms] [LOG] [WS] 🗺️ Broadcast recibido. Avatares: 1 [Hijo Test(2)] @ https://jimsimrodev.github.io/pequenos-sanos/assets/index-C7AoTPzR.js:82
[  371111ms] [LOG] [WS] 🗺️ Broadcast recibido. Avatares: 1 [Hijo Test(2)] @ https://jimsimrodev.github.io/pequenos-sanos/assets/index-C7AoTPzR.js:82
[  371143ms] [LOG] [WS] 🗺️ Broadcast recibido. Avatares: 1 [Hijo Test(2)] @ https://jimsimrodev.github.io/pequenos-sanos/assets/index-C7AoTPzR.js:82
[  371180ms] [LOG] [WS] 🗺️ Broadcast recibido. Avatares: 1 [Hijo Test(2)] @ https://jimsimrodev.github.io/pequenos-sanos/assets/index-C7AoTPzR.js:82
