[    1405ms] [LOG] %c %c %c %c %c Phaser v3.90.0 (WebGL | Web Audio) %c https://phaser.io/v390 background: #ff0000 background: #ffff00 background: #00ff00 background: #00ffff color: #ffffff; background: #000000 background: transparent @ https://jimsimrodev.github.io/pequenos-sanos/assets/index-C7AoTPzR.js:543
[    2822ms] [LOG] [WS] ✅ Conectado al servidor. perfilId= 2 @ https://jimsimrodev.github.io/pequenos-sanos/assets/index-C7AoTPzR.js:82
[    2825ms] [LOG] [WS] 📍 Enviando posición inicial: {perfilId: 2, nombre: Hijo Test, x: 600, y: 480, direccion: idle} @ https://jimsimrodev.github.io/pequenos-sanos/assets/index-C7AoTPzR.js:82
[    3015ms] [LOG] [WS] 🗺️ Broadcast recibido. Avatares: 1 [Hijo Test(2)] @ https://jimsimrodev.github.io/pequenos-sanos/assets/index-C7AoTPzR.js:82
[    3081ms] [LOG] [WS] 🗺️ Broadcast recibido. Avatares: 1 [Hijo Test(2)] @ https://jimsimrodev.github.io/pequenos-sanos/assets/index-C7AoTPzR.js:82
[    3154ms] [LOG] [WS] 🗺️ Broadcast recibido. Avatares: 1 [Hijo Test(2)] @ https://jimsimrodev.github.io/pequenos-sanos/assets/index-C7AoTPzR.js:82
[    3155ms] [LOG] [WS] 🗺️ Broadcast recibido. Avatares: 1 [Hijo Test(2)] @ https://jimsimrodev.github.io/pequenos-sanos/assets/index-C7AoTPzR.js:82
[    3210ms] [LOG] [WS] 🗺️ Broadcast recibido. Avatares: 1 [Hijo Test(2)] @ https://jimsimrodev.github.io/pequenos-sanos/assets/index-C7AoTPzR.js:82
[    3213ms] [LOG] [WS] 🗺️ Broadcast recibido. Avatares: 1 [Hijo Test(2)] @ https://jimsimrodev.github.io/pequenos-sanos/assets/index-C7AoTPzR.js:82
[    3280ms] [LOG] [WS] 🗺️ Broadcast recibido. Avatares: 1 [Hijo Test(2)] @ https://jimsimrodev.github.io/pequenos-sanos/assets/index-C7AoTPzR.js:82
[    3282ms] [LOG] [WS] 🗺️ Broadcast recibido. Avatares: 1 [Hijo Test(2)] @ https://jimsimrodev.github.io/pequenos-sanos/assets/index-C7AoTPzR.js:82
[    3356ms] [LOG] [WS] 🗺️ Broadcast recibido. Avatares: 1 [Hijo Test(2)] @ https://jimsimrodev.github.io/pequenos-sanos/assets/index-C7AoTPzR.js:82
[    3357ms] [LOG] [WS] 🗺️ Broadcast recibido. Avatares: 1 [Hijo Test(2)] @ https://jimsimrodev.github.io/pequenos-sanos/assets/index-C7AoTPzR.js:82
[    3425ms] [LOG] [WS] 🗺️ Broadcast recibido. Avatares: 1 [Hijo Test(2)] @ https://jimsimrodev.github.io/pequenos-sanos/assets/index-C7AoTPzR.js:82
[    3426ms] [LOG] [WS] 🗺️ Broadcast recibido. Avatares: 1 [Hijo Test(2)] @ https://jimsimrodev.github.io/pequenos-sanos/assets/index-C7AoTPzR.js:82
[    3485ms] [LOG] [WS] 🗺️ Broadcast recibido. Avatares: 1 [Hijo Test(2)] @ https://jimsimrodev.github.io/pequenos-sanos/assets/index-C7AoTPzR.js:82
[    3487ms] [LOG] [WS] 🗺️ Broadcast recibido. Avatares: 1 [Hijo Test(2)] @ https://jimsimrodev.github.io/pequenos-sanos/assets/index-C7AoTPzR.js:82
[    3566ms] [LOG] [WS] 🗺️ Broadcast recibido. Avatares: 1 [Hijo Test(2)] @ https://jimsimrodev.github.io/pequenos-sanos/assets/index-C7AoTPzR.js:82
[    3568ms] [LOG] [WS] 🗺️ Broadcast recibido. Avatares: 1 [Hijo Test(2)] @ https://jimsimrodev.github.io/pequenos-sanos/assets/index-C7AoTPzR.js:82
[    3626ms] [LOG] [WS] 🗺️ Broadcast recibido. Avatares: 1 [Hijo Test(2)] @ https://jimsimrodev.github.io/pequenos-sanos/assets/index-C7AoTPzR.js:82
[    3628ms] [LOG] [WS] 🗺️ Broadcast recibido. Avatares: 1 [Hijo Test(2)] @ https://jimsimrodev.github.io/pequenos-sanos/assets/index-C7AoTPzR.js:82
[    3682ms] [LOG] [WS] 🗺️ Broadcast recibido. Avatares: 1 [Hijo Test(2)] @ https://jimsimrodev.github.io/pequenos-sanos/assets/index-C7AoTPzR.js:82
[    3683ms] [LOG] [WS] 🗺️ Broadcast recibido. Avatares: 1 [Hijo Test(2)] @ https://jimsimrodev.github.io/pequenos-sanos/assets/index-C7AoTPzR.js:82
[    3732ms] [LOG] [WS] 🗺️ Broadcast recibido. Avatares: 1 [Hijo Test(2)] @ https://jimsimrodev.github.io/pequenos-sanos/assets/index-C7AoTPzR.js:82
[    3734ms] [LOG] [WS] 🗺️ Broadcast recibido. Avatares: 1 [Hijo Test(2)] @ https://jimsimrodev.github.io/pequenos-sanos/assets/index-C7AoTPzR.js:82
[    3804ms] [LOG] [WS] 🗺️ Broadcast recibido. Avatares: 1 [Hijo Test(2)] @ https://jimsimrodev.github.io/pequenos-sanos/assets/index-C7AoTPzR.js:82
[    3805ms] [LOG] [WS] 🗺️ Broadcast recibido. Avatares: 1 [Hijo Test(2)] @ https://jimsimrodev.github.io/pequenos-sanos/assets/index-C7AoTPzR.js:82
[    3875ms] [LOG] [WS] 🗺️ Broadcast recibido. Avatares: 1 [Hijo Test(2)] @ https://jimsimrodev.github.io/pequenos-sanos/assets/index-C7AoTPzR.js:82
[    3878ms] [LOG] [WS] 🗺️ Broadcast recibido. Avatares: 1 [Hijo Test(2)] @ https://jimsimrodev.github.io/pequenos-sanos/assets/index-C7AoTPzR.js:82
[    3941ms] [LOG] [WS] 🗺️ Broadcast recibido. Avatares: 1 [Hijo Test(2)] @ https://jimsimrodev.github.io/pequenos-sanos/assets/index-C7AoTPzR.js:82
[    3944ms] [LOG] [WS] 🗺️ Broadcast recibido. Avatares: 1 [Hijo Test(2)] @ https://jimsimrodev.github.io/pequenos-sanos/assets/index-C7AoTPzR.js:82
[    4003ms] [LOG] [WS] 🗺️ Broadcast recibido. Avatares: 1 [Hijo Test(2)] @ https://jimsimrodev.github.io/pequenos-sanos/assets/index-C7AoTPzR.js:82
[    4089ms] [LOG] [WS] 🗺️ Broadcast recibido. Avatares: 1 [Hijo Test(2)] @ https://jimsimrodev.github.io/pequenos-sanos/assets/index-C7AoTPzR.js:82
[    4091ms] [LOG] [WS] 🗺️ Broadcast recibido. Avatares: 1 [Hijo Test(2)] @ https://jimsimrodev.github.io/pequenos-sanos/assets/index-C7AoTPzR.js:82
[    4092ms] [LOG] [WS] 🗺️ Broadcast recibido. Avatares: 1 [Hijo Test(2)] @ https://jimsimrodev.github.io/pequenos-sanos/assets/index-C7AoTPzR.js:82
[    4144ms] [LOG] [WS] 🗺️ Broadcast recibido. Avatares: 1 [Hijo Test(2)] @ https://jimsimrodev.github.io/pequenos-sanos/assets/index-C7AoTPzR.js:82
[    4146ms] [LOG] [WS] 🗺️ Broadcast recibido. Avatares: 1 [Hijo Test(2)] @ https://jimsimrodev.github.io/pequenos-sanos/assets/index-C7AoTPzR.js:82
[    4185ms] [LOG] [WS] 🗺️ Broadcast recibido. Avatares: 1 [Hijo Test(2)] @ https://jimsimrodev.github.io/pequenos-sanos/assets/index-C7AoTPzR.js:82
[    4185ms] [LOG] [WS] 🗺️ Broadcast recibido. Avatares: 1 [Hijo Test(2)] @ https://jimsimrodev.github.io/pequenos-sanos/assets/index-C7AoTPzR.js:82
[    4227ms] [LOG] [WS] 🗺️ Broadcast recibido. Avatares: 1 [Hijo Test(2)] @ https://jimsimrodev.github.io/pequenos-sanos/assets/index-C7AoTPzR.js:82
[    4277ms] [LOG] [WS] 🗺️ Broadcast recibido. Avatares: 1 [Hijo Test(2)] @ https://jimsimrodev.github.io/pequenos-sanos/assets/index-C7AoTPzR.js:82
[    4315ms] [LOG] [WS] 🗺️ Broadcast recibido. Avatares: 1 [Hijo Test(2)] @ https://jimsimrodev.github.io/pequenos-sanos/assets/index-C7AoTPzR.js:82
[    4318ms] [LOG] [WS] 🗺️ Broadcast recibido. Avatares: 1 [Hijo Test(2)] @ https://jimsimrodev.github.io/pequenos-sanos/assets/index-C7AoTPzR.js:82
[    4358ms] [LOG] [WS] 🗺️ Broadcast recibido. Avatares: 1 [Hijo Test(2)] @ https://jimsimrodev.github.io/pequenos-sanos/assets/index-C7AoTPzR.js:82
[    4402ms] [LOG] [WS] 🗺️ Broadcast recibido. Avatares: 1 [Hijo Test(2)] @ https://jimsimrodev.github.io/pequenos-sanos/assets/index-C7AoTPzR.js:82
[    4443ms] [LOG] [WS] 🗺️ Broadcast recibido. Avatares: 1 [Hijo Test(2)] @ https://jimsimrodev.github.io/pequenos-sanos/assets/index-C7AoTPzR.js:82
[    4444ms] [LOG] [WS] 🗺️ Broadcast recibido. Avatares: 1 [Hijo Test(2)] @ https://jimsimrodev.github.io/pequenos-sanos/assets/index-C7AoTPzR.js:82
[    4482ms] [LOG] [WS] 🗺️ Broadcast recibido. Avatares: 1 [Hijo Test(2)] @ https://jimsimrodev.github.io/pequenos-sanos/assets/index-C7AoTPzR.js:82
[    4512ms] [LOG] [WS] 🗺️ Broadcast recibido. Avatares: 1 [Hijo Test(2)] @ https://jimsimrodev.github.io/pequenos-sanos/assets/index-C7AoTPzR.js:82
[    4550ms] [LOG] [WS] 🗺️ Broadcast recibido. Avatares: 1 [Hijo Test(2)] @ https://jimsimrodev.github.io/pequenos-sanos/assets/index-C7AoTPzR.js:82
[    4597ms] [LOG] [WS] 🗺️ Broadcast recibido. Avatares: 1 [Hijo Test(2)] @ https://jimsimrodev.github.io/pequenos-sanos/assets/index-C7AoTPzR.js:82
[    4637ms] [LOG] [WS] 🗺️ Broadcast recibido. Avatares: 1 [Hijo Test(2)] @ https://jimsimrodev.github.io/pequenos-sanos/assets/index-C7AoTPzR.js:82
[    4637ms] [LOG] [WS] 🗺️ Broadcast recibido. Avatares: 1 [Hijo Test(2)] @ https://jimsimrodev.github.io/pequenos-sanos/assets/index-C7AoTPzR.js:82
[    4688ms] [LOG] [WS] 🗺️ Broadcast recibido. Avatares: 1 [Hijo Test(2)] @ https://jimsimrodev.github.io/pequenos-sanos/assets/index-C7AoTPzR.js:82
[    4725ms] [LOG] [WS] 🗺️ Broadcast recibido. Avatares: 1 [Hijo Test(2)] @ https://jimsimrodev.github.io/pequenos-sanos/assets/index-C7AoTPzR.js:82
[    4765ms] [LOG] [WS] 🗺️ Broadcast recibido. Avatares: 1 [Hijo Test(2)] @ https://jimsimrodev.github.io/pequenos-sanos/assets/index-C7AoTPzR.js:82
[    4766ms] [LOG] [WS] 🗺️ Broadcast recibido. Avatares: 1 [Hijo Test(2)] @ https://jimsimrodev.github.io/pequenos-sanos/assets/index-C7AoTPzR.js:82
[    4801ms] [LOG] [WS] 🗺️ Broadcast recibido. Avatares: 1 [Hijo Test(2)] @ https://jimsimrodev.github.io/pequenos-sanos/assets/index-C7AoTPzR.js:82
[    4834ms] [LOG] [WS] 🗺️ Broadcast recibido. Avatares: 1 [Hijo Test(2)] @ https://jimsimrodev.github.io/pequenos-sanos/assets/index-C7AoTPzR.js:82
[    4872ms] [LOG] [WS] 🗺️ Broadcast recibido. Avatares: 1 [Hijo Test(2)] @ https://jimsimrodev.github.io/pequenos-sanos/assets/index-C7AoTPzR.js:82
[    4908ms] [LOG] [WS] 🗺️ Broadcast recibido. Avatares: 1 [Hijo Test(2)] @ https://jimsimrodev.github.io/pequenos-sanos/assets/index-C7AoTPzR.js:82
[    4949ms] [LOG] [WS] 🗺️ Broadcast recibido. Avatares: 1 [Hijo Test(2)] @ https://jimsimrodev.github.io/pequenos-sanos/assets/index-C7AoTPzR.js:82
[    4988ms] [LOG] [WS] 🗺️ Broadcast recibido. Avatares: 1 [Hijo Test(2)] @ https://jimsimrodev.github.io/pequenos-sanos/assets/index-C7AoTPzR.js:82
[    5029ms] [LOG] [WS] 🗺️ Broadcast recibido. Avatares: 1 [Hijo Test(2)] @ https://jimsimrodev.github.io/pequenos-sanos/assets/index-C7AoTPzR.js:82
[    5030ms] [LOG] [WS] 🗺️ Broadcast recibido. Avatares: 1 [Hijo Test(2)] @ https://jimsimrodev.github.io/pequenos-sanos/assets/index-C7AoTPzR.js:82
[    5068ms] [LOG] [WS] 🗺️ Broadcast recibido. Avatares: 1 [Hijo Test(2)] @ https://jimsimrodev.github.io/pequenos-sanos/assets/index-C7AoTPzR.js:82
[    5105ms] [LOG] [WS] 🗺️ Broadcast recibido. Avatares: 1 [Hijo Test(2)] @ https://jimsimrodev.github.io/pequenos-sanos/assets/index-C7AoTPzR.js:82
[    5141ms] [LOG] [WS] 🗺️ Broadcast recibido. Avatares: 1 [Hijo Test(2)] @ https://jimsimrodev.github.io/pequenos-sanos/assets/index-C7AoTPzR.js:82
[    5182ms] [LOG] [WS] 🗺️ Broadcast recibido. Avatares: 1 [Hijo Test(2)] @ https://jimsimrodev.github.io/pequenos-sanos/assets/index-C7AoTPzR.js:82
[    5217ms] [LOG] [WS] 🗺️ Broadcast recibido. Avatares: 1 [Hijo Test(2)] @ https://jimsimrodev.github.io/pequenos-sanos/assets/index-C7AoTPzR.js:82
[    5252ms] [LOG] [WS] 🗺️ Broadcast recibido. Avatares: 1 [Hijo Test(2)] @ https://jimsimrodev.github.io/pequenos-sanos/assets/index-C7AoTPzR.js:82
[    5289ms] [LOG] [WS] 🗺️ Broadcast recibido. Avatares: 1 [Hijo Test(2)] @ https://jimsimrodev.github.io/pequenos-sanos/assets/index-C7AoTPzR.js:82
[    5290ms] [LOG] [WS] 🗺️ Broadcast recibido. Avatares: 1 [Hijo Test(2)] @ https://jimsimrodev.github.io/pequenos-sanos/assets/index-C7AoTPzR.js:82
[    5331ms] [LOG] [WS] 🗺️ Broadcast recibido. Avatares: 1 [Hijo Test(2)] @ https://jimsimrodev.github.io/pequenos-sanos/assets/index-C7AoTPzR.js:82
[    5375ms] [LOG] [WS] 🗺️ Broadcast recibido. Avatares: 1 [Hijo Test(2)] @ https://jimsimrodev.github.io/pequenos-sanos/assets/index-C7AoTPzR.js:82
[    5409ms] [LOG] [WS] 🗺️ Broadcast recibido. Avatares: 1 [Hijo Test(2)] @ https://jimsimrodev.github.io/pequenos-sanos/assets/index-C7AoTPzR.js:82
[    5440ms] [LOG] [WS] 🗺️ Broadcast recibido. Avatares: 1 [Hijo Test(2)] @ https://jimsimrodev.github.io/pequenos-sanos/assets/index-C7AoTPzR.js:82
[    5494ms] [LOG] [WS] 🗺️ Broadcast recibido. Avatares: 1 [Hijo Test(2)] @ https://jimsimrodev.github.io/pequenos-sanos/assets/index-C7AoTPzR.js:82
[    5534ms] [LOG] [WS] 🗺️ Broadcast recibido. Avatares: 1 [Hijo Test(2)] @ https://jimsimrodev.github.io/pequenos-sanos/assets/index-C7AoTPzR.js:82
[    5535ms] [LOG] [WS] 🗺️ Broadcast recibido. Avatares: 1 [Hijo Test(2)] @ https://jimsimrodev.github.io/pequenos-sanos/assets/index-C7AoTPzR.js:82
[    5575ms] [LOG] [WS] 🗺️ Broadcast recibido. Avatares: 1 [Hijo Test(2)] @ https://jimsimrodev.github.io/pequenos-sanos/assets/index-C7AoTPzR.js:82
[    5616ms] [LOG] [WS] 🗺️ Broadcast recibido. Avatares: 1 [Hijo Test(2)] @ https://jimsimrodev.github.io/pequenos-sanos/assets/index-C7AoTPzR.js:82
[    5657ms] [LOG] [WS] 🗺️ Broadcast recibido. Avatares: 1 [Hijo Test(2)] @ https://jimsimrodev.github.io/pequenos-sanos/assets/index-C7AoTPzR.js:82
[    5662ms] [LOG] [WS] 🗺️ Broadcast recibido. Avatares: 1 [Hijo Test(2)] @ https://jimsimrodev.github.io/pequenos-sanos/assets/index-C7AoTPzR.js:82
[    5699ms] [LOG] [WS] 🗺️ Broadcast recibido. Avatares: 1 [Hijo Test(2)] @ https://jimsimrodev.github.io/pequenos-sanos/assets/index-C7AoTPzR.js:82
[    5746ms] [LOG] [WS] 🗺️ Broadcast recibido. Avatares: 1 [Hijo Test(2)] @ https://jimsimrodev.github.io/pequenos-sanos/assets/index-C7AoTPzR.js:82
[    5786ms] [LOG] [WS] 🗺️ Broadcast recibido. Avatares: 1 [Hijo Test(2)] @ https://jimsimrodev.github.io/pequenos-sanos/assets/index-C7AoTPzR.js:82
[    5786ms] [LOG] [WS] 🗺️ Broadcast recibido. Avatares: 1 [Hijo Test(2)] @ https://jimsimrodev.github.io/pequenos-sanos/assets/index-C7AoTPzR.js:82
[    5826ms] [LOG] [WS] 🗺️ Broadcast recibido. Avatares: 1 [Hijo Test(2)] @ https://jimsimrodev.github.io/pequenos-sanos/assets/index-C7AoTPzR.js:82
[    5858ms] [LOG] [WS] 🗺️ Broadcast recibido. Avatares: 1 [Hijo Test(2)] @ https://jimsimrodev.github.io/pequenos-sanos/assets/index-C7AoTPzR.js:82
[    5900ms] [LOG] [WS] 🗺️ Broadcast recibido. Avatares: 1 [Hijo Test(2)] @ https://jimsimrodev.github.io/pequenos-sanos/assets/index-C7AoTPzR.js:82
[    5935ms] [LOG] [WS] 🗺️ Broadcast recibido. Avatares: 1 [Hijo Test(2)] @ https://jimsimrodev.github.io/pequenos-sanos/assets/index-C7AoTPzR.js:82
[    5973ms] [LOG] [WS] 🗺️ Broadcast recibido. Avatares: 1 [Hijo Test(2)] @ https://jimsimrodev.github.io/pequenos-sanos/assets/index-C7AoTPzR.js:82
[    6022ms] [LOG] [WS] 🗺️ Broadcast recibido. Avatares: 1 [Hijo Test(2)] @ https://jimsimrodev.github.io/pequenos-sanos/assets/index-C7AoTPzR.js:82
[    6056ms] [LOG] [WS] 🗺️ Broadcast recibido. Avatares: 1 [Hijo Test(2)] @ https://jimsimrodev.github.io/pequenos-sanos/assets/index-C7AoTPzR.js:82
[    6056ms] [LOG] [WS] 🗺️ Broadcast recibido. Avatares: 1 [Hijo Test(2)] @ https://jimsimrodev.github.io/pequenos-sanos/assets/index-C7AoTPzR.js:82
[    6097ms] [LOG] [WS] 🗺️ Broadcast recibido. Avatares: 1 [Hijo Test(2)] @ https://jimsimrodev.github.io/pequenos-sanos/assets/index-C7AoTPzR.js:82
[    6139ms] [LOG] [WS] 🗺️ Broadcast recibido. Avatares: 1 [Hijo Test(2)] @ https://jimsimrodev.github.io/pequenos-sanos/assets/index-C7AoTPzR.js:82
[    6171ms] [LOG] [WS] 🗺️ Broadcast recibido. Avatares: 1 [Hijo Test(2)] @ https://jimsimrodev.github.io/pequenos-sanos/assets/index-C7AoTPzR.js:82
[    6216ms] [LOG] [WS] 🗺️ Broadcast recibido. Avatares: 1 [Hijo Test(2)] @ https://jimsimrodev.github.io/pequenos-sanos/assets/index-C7AoTPzR.js:82
[    6261ms] [LOG] [WS] 🗺️ Broadcast recibido. Avatares: 1 [Hijo Test(2)] @ https://jimsimrodev.github.io/pequenos-sanos/assets/index-C7AoTPzR.js:82
[    6262ms] [LOG] [WS] 🗺️ Broadcast recibido. Avatares: 1 [Hijo Test(2)] @ https://jimsimrodev.github.io/pequenos-sanos/assets/index-C7AoTPzR.js:82
[    6302ms] [LOG] [WS] 🗺️ Broadcast recibido. Avatares: 1 [Hijo Test(2)] @ https://jimsimrodev.github.io/pequenos-sanos/assets/index-C7AoTPzR.js:82
[    6346ms] [LOG] [WS] 🗺️ Broadcast recibido. Avatares: 1 [Hijo Test(2)] @ https://jimsimrodev.github.io/pequenos-sanos/assets/index-C7AoTPzR.js:82
[    6393ms] [LOG] [WS] 🗺️ Broadcast recibido. Avatares: 1 [Hijo Test(2)] @ https://jimsimrodev.github.io/pequenos-sanos/assets/index-C7AoTPzR.js:82
[    6394ms] [LOG] [WS] 🗺️ Broadcast recibido. Avatares: 1 [Hijo Test(2)] @ https://jimsimrodev.github.io/pequenos-sanos/assets/index-C7AoTPzR.js:82
[    6433ms] [LOG] [WS] 🗺️ Broadcast recibido. Avatares: 1 [Hijo Test(2)] @ https://jimsimrodev.github.io/pequenos-sanos/assets/index-C7AoTPzR.js:82
[    6469ms] [LOG] [WS] 🗺️ Broadcast recibido. Avatares: 1 [Hijo Test(2)] @ https://jimsimrodev.github.io/pequenos-sanos/assets/index-C7AoTPzR.js:82
[    6511ms] [LOG] [WS] 🗺️ Broadcast recibido. Avatares: 1 [Hijo Test(2)] @ https://jimsimrodev.github.io/pequenos-sanos/assets/index-C7AoTPzR.js:82
[    6571ms] [LOG] [WS] 🗺️ Broadcast recibido. Avatares: 1 [Hijo Test(2)] @ https://jimsimrodev.github.io/pequenos-sanos/assets/index-C7AoTPzR.js:82
[    6572ms] [LOG] [WS] 🗺️ Broadcast recibido. Avatares: 1 [Hijo Test(2)] @ https://jimsimrodev.github.io/pequenos-sanos/assets/index-C7AoTPzR.js:82
[    6618ms] [LOG] [WS] 🗺️ Broadcast recibido. Avatares: 1 [Hijo Test(2)] @ https://jimsimrodev.github.io/pequenos-sanos/assets/index-C7AoTPzR.js:82
[    6619ms] [LOG] [WS] 🗺️ Broadcast recibido. Avatares: 1 [Hijo Test(2)] @ https://jimsimrodev.github.io/pequenos-sanos/assets/index-C7AoTPzR.js:82
[    6659ms] [LOG] [WS] 🗺️ Broadcast recibido. Avatares: 1 [Hijo Test(2)] @ https://jimsimrodev.github.io/pequenos-sanos/assets/index-C7AoTPzR.js:82
[    6702ms] [LOG] [WS] 🗺️ Broadcast recibido. Avatares: 1 [Hijo Test(2)] @ https://jimsimrodev.github.io/pequenos-sanos/assets/index-C7AoTPzR.js:82
[    6747ms] [LOG] [WS] 🗺️ Broadcast recibido. Avatares: 1 [Hijo Test(2)] @ https://jimsimrodev.github.io/pequenos-sanos/assets/index-C7AoTPzR.js:82
[    6788ms] [LOG] [WS] 🗺️ Broadcast recibido. Avatares: 1 [Hijo Test(2)] @ https://jimsimrodev.github.io/pequenos-sanos/assets/index-C7AoTPzR.js:82
[    6788ms] [LOG] [WS] 🗺️ Broadcast recibido. Avatares: 1 [Hijo Test(2)] @ https://jimsimrodev.github.io/pequenos-sanos/assets/index-C7AoTPzR.js:82
[    6822ms] [LOG] [WS] 🗺️ Broadcast recibido. Avatares: 1 [Hijo Test(2)] @ https://jimsimrodev.github.io/pequenos-sanos/assets/index-C7AoTPzR.js:82
[    6866ms] [LOG] [WS] 🗺️ Broadcast recibido. Avatares: 1 [Hijo Test(2)] @ https://jimsimrodev.github.io/pequenos-sanos/assets/index-C7AoTPzR.js:82
[    6911ms] [LOG] [WS] 🗺️ Broadcast recibido. Avatares: 1 [Hijo Test(2)] @ https://jimsimrodev.github.io/pequenos-sanos/assets/index-C7AoTPzR.js:82
[    6957ms] [LOG] [WS] 🗺️ Broadcast recibido. Avatares: 1 [Hijo Test(2)] @ https://jimsimrodev.github.io/pequenos-sanos/assets/index-C7AoTPzR.js:82
[    6958ms] [LOG] [WS] 🗺️ Broadcast recibido. Avatares: 1 [Hijo Test(2)] @ https://jimsimrodev.github.io/pequenos-sanos/assets/index-C7AoTPzR.js:82
[    7006ms] [LOG] [WS] 🗺️ Broadcast recibido. Avatares: 1 [Hijo Test(2)] @ https://jimsimrodev.github.io/pequenos-sanos/assets/index-C7AoTPzR.js:82
[    7071ms] [LOG] [WS] 🗺️ Broadcast recibido. Avatares: 1 [Hijo Test(2)] @ https://jimsimrodev.github.io/pequenos-sanos/assets/index-C7AoTPzR.js:82
[    7072ms] [LOG] [WS] 🗺️ Broadcast recibido. Avatares: 1 [Hijo Test(2)] @ https://jimsimrodev.github.io/pequenos-sanos/assets/index-C7AoTPzR.js:82
[    7125ms] [LOG] [WS] 🗺️ Broadcast recibido. Avatares: 1 [Hijo Test(2)] @ https://jimsimrodev.github.io/pequenos-sanos/assets/index-C7AoTPzR.js:82
[    7126ms] [LOG] [WS] 🗺️ Broadcast recibido. Avatares: 1 [Hijo Test(2)] @ https://jimsimrodev.github.io/pequenos-sanos/assets/index-C7AoTPzR.js:82
[    7167ms] [LOG] [WS] 🗺️ Broadcast recibido. Avatares: 1 [Hijo Test(2)] @ https://jimsimrodev.github.io/pequenos-sanos/assets/index-C7AoTPzR.js:82
[    7211ms] [LOG] [WS] 🗺️ Broadcast recibido. Avatares: 1 [Hijo Test(2)] @ https://jimsimrodev.github.io/pequenos-sanos/assets/index-C7AoTPzR.js:82
[    7212ms] [LOG] [WS] 🗺️ Broadcast recibido. Avatares: 1 [Hijo Test(2)] @ https://jimsimrodev.github.io/pequenos-sanos/assets/index-C7AoTPzR.js:82
[    7256ms] [LOG] [WS] 🗺️ Broadcast recibido. Avatares: 1 [Hijo Test(2)] @ https://jimsimrodev.github.io/pequenos-sanos/assets/index-C7AoTPzR.js:82
[    7308ms] [LOG] [WS] 🗺️ Broadcast recibido. Avatares: 1 [Hijo Test(2)] @ https://jimsimrodev.github.io/pequenos-sanos/assets/index-C7AoTPzR.js:82
[    7356ms] [LOG] [WS] 🗺️ Broadcast recibido. Avatares: 1 [Hijo Test(2)] @ https://jimsimrodev.github.io/pequenos-sanos/assets/index-C7AoTPzR.js:82
[    7357ms] [LOG] [WS] 🗺️ Broadcast recibido. Avatares: 1 [Hijo Test(2)] @ https://jimsimrodev.github.io/pequenos-sanos/assets/index-C7AoTPzR.js:82
[    7404ms] [LOG] [WS] 🗺️ Broadcast recibido. Avatares: 1 [Hijo Test(2)] @ https://jimsimrodev.github.io/pequenos-sanos/assets/index-C7AoTPzR.js:82
[    7449ms] [LOG] [WS] 🗺️ Broadcast recibido. Avatares: 1 [Hijo Test(2)] @ https://jimsimrodev.github.io/pequenos-sanos/assets/index-C7AoTPzR.js:82
[    7450ms] [LOG] [WS] 🗺️ Broadcast recibido. Avatares: 1 [Hijo Test(2)] @ https://jimsimrodev.github.io/pequenos-sanos/assets/index-C7AoTPzR.js:82
[    7489ms] [LOG] [WS] 🗺️ Broadcast recibido. Avatares: 1 [Hijo Test(2)] @ https://jimsimrodev.github.io/pequenos-sanos/assets/index-C7AoTPzR.js:82
[    7523ms] [LOG] [WS] 🗺️ Broadcast recibido. Avatares: 1 [Hijo Test(2)] @ https://jimsimrodev.github.io/pequenos-sanos/assets/index-C7AoTPzR.js:82
[    7570ms] [LOG] [WS] 🗺️ Broadcast recibido. Avatares: 1 [Hijo Test(2)] @ https://jimsimrodev.github.io/pequenos-sanos/assets/index-C7AoTPzR.js:82
[    7605ms] [LOG] [WS] 🗺️ Broadcast recibido. Avatares: 1 [Hijo Test(2)] @ https://jimsimrodev.github.io/pequenos-sanos/assets/index-C7AoTPzR.js:82
[    7605ms] [LOG] [WS] 🗺️ Broadcast recibido. Avatares: 1 [Hijo Test(2)] @ https://jimsimrodev.github.io/pequenos-sanos/assets/index-C7AoTPzR.js:82
[    7643ms] [LOG] [WS] 🗺️ Broadcast recibido. Avatares: 1 [Hijo Test(2)] @ https://jimsimrodev.github.io/pequenos-sanos/assets/index-C7AoTPzR.js:82
[    7684ms] [LOG] [WS] 🗺️ Broadcast recibido. Avatares: 1 [Hijo Test(2)] @ https://jimsimrodev.github.io/pequenos-sanos/assets/index-C7AoTPzR.js:82
[    7723ms] [LOG] [WS] 🗺️ Broadcast recibido. Avatares: 1 [Hijo Test(2)] @ https://jimsimrodev.github.io/pequenos-sanos/assets/index-C7AoTPzR.js:82
[    7763ms] [LOG] [WS] 🗺️ Broadcast recibido. Avatares: 1 [Hijo Test(2)] @ https://jimsimrodev.github.io/pequenos-sanos/assets/index-C7AoTPzR.js:82
[    7800ms] [LOG] [WS] 🗺️ Broadcast recibido. Avatares: 1 [Hijo Test(2)] @ https://jimsimrodev.github.io/pequenos-sanos/assets/index-C7AoTPzR.js:82
[    7801ms] [LOG] [WS] 🗺️ Broadcast recibido. Avatares: 1 [Hijo Test(2)] @ https://jimsimrodev.github.io/pequenos-sanos/assets/index-C7AoTPzR.js:82
[    7838ms] [LOG] [WS] 🗺️ Broadcast recibido. Avatares: 1 [Hijo Test(2)] @ https://jimsimrodev.github.io/pequenos-sanos/assets/index-C7AoTPzR.js:82
[    7872ms] [LOG] [WS] 🗺️ Broadcast recibido. Avatares: 1 [Hijo Test(2)] @ https://jimsimrodev.github.io/pequenos-sanos/assets/index-C7AoTPzR.js:82
[    7916ms] [LOG] [WS] 🗺️ Broadcast recibido. Avatares: 1 [Hijo Test(2)] @ https://jimsimrodev.github.io/pequenos-sanos/assets/index-C7AoTPzR.js:82
[    7947ms] [LOG] [WS] 🗺️ Broadcast recibido. Avatares: 1 [Hijo Test(2)] @ https://jimsimrodev.github.io/pequenos-sanos/assets/index-C7AoTPzR.js:82
[    7980ms] [LOG] [WS] 🗺️ Broadcast recibido. Avatares: 1 [Hijo Test(2)] @ https://jimsimrodev.github.io/pequenos-sanos/assets/index-C7AoTPzR.js:82
[    8019ms] [LOG] [WS] 🗺️ Broadcast recibido. Avatares: 1 [Hijo Test(2)] @ https://jimsimrodev.github.io/pequenos-sanos/assets/index-C7AoTPzR.js:82
[    8060ms] [LOG] [WS] 🗺️ Broadcast recibido. Avatares: 1 [Hijo Test(2)] @ https://jimsimrodev.github.io/pequenos-sanos/assets/index-C7AoTPzR.js:82
[    8111ms] [LOG] [WS] 🗺️ Broadcast recibido. Avatares: 1 [Hijo Test(2)] @ https://jimsimrodev.github.io/pequenos-sanos/assets/index-C7AoTPzR.js:82
[    8112ms] [LOG] [WS] 🗺️ Broadcast recibido. Avatares: 1 [Hijo Test(2)] @ https://jimsimrodev.github.io/pequenos-sanos/assets/index-C7AoTPzR.js:82
[    8168ms] [LOG] [WS] 🗺️ Broadcast recibido. Avatares: 1 [Hijo Test(2)] @ https://jimsimrodev.github.io/pequenos-sanos/assets/index-C7AoTPzR.js:82
[    8205ms] [LOG] [WS] 🗺️ Broadcast recibido. Avatares: 1 [Hijo Test(2)] @ https://jimsimrodev.github.io/pequenos-sanos/assets/index-C7AoTPzR.js:82
[    8206ms] [LOG] [WS] 🗺️ Broadcast recibido. Avatares: 1 [Hijo Test(2)] @ https://jimsimrodev.github.io/pequenos-sanos/assets/index-C7AoTPzR.js:82
[    8238ms] [LOG] [WS] 🗺️ Broadcast recibido. Avatares: 1 [Hijo Test(2)] @ https://jimsimrodev.github.io/pequenos-sanos/assets/index-C7AoTPzR.js:82
[    8273ms] [LOG] [WS] 🗺️ Broadcast recibido. Avatares: 1 [Hijo Test(2)] @ https://jimsimrodev.github.io/pequenos-sanos/assets/index-C7AoTPzR.js:82
[    8310ms] [LOG] [WS] 🗺️ Broadcast recibido. Avatares: 1 [Hijo Test(2)] @ https://jimsimrodev.github.io/pequenos-sanos/assets/index-C7AoTPzR.js:82
[    8351ms] [LOG] [WS] 🗺️ Broadcast recibido. Avatares: 1 [Hijo Test(2)] @ https://jimsimrodev.github.io/pequenos-sanos/assets/index-C7AoTPzR.js:82
[    8388ms] [LOG] [WS] 🗺️ Broadcast recibido. Avatares: 1 [Hijo Test(2)] @ https://jimsimrodev.github.io/pequenos-sanos/assets/index-C7AoTPzR.js:82
[    8423ms] [LOG] [WS] 🗺️ Broadcast recibido. Avatares: 1 [Hijo Test(2)] @ https://jimsimrodev.github.io/pequenos-sanos/assets/index-C7AoTPzR.js:82
[    8461ms] [LOG] [WS] 🗺️ Broadcast recibido. Avatares: 1 [Hijo Test(2)] @ https://jimsimrodev.github.io/pequenos-sanos/assets/index-C7AoTPzR.js:82
[    8461ms] [LOG] [WS] 🗺️ Broadcast recibido. Avatares: 1 [Hijo Test(2)] @ https://jimsimrodev.github.io/pequenos-sanos/assets/index-C7AoTPzR.js:82
[    8506ms] [LOG] [WS] 🗺️ Broadcast recibido. Avatares: 1 [Hijo Test(2)] @ https://jimsimrodev.github.io/pequenos-sanos/assets/index-C7AoTPzR.js:82
[    8542ms] [LOG] [WS] 🗺️ Broadcast recibido. Avatares: 1 [Hijo Test(2)] @ https://jimsimrodev.github.io/pequenos-sanos/assets/index-C7AoTPzR.js:82
[    8589ms] [LOG] [WS] 🗺️ Broadcast recibido. Avatares: 1 [Hijo Test(2)] @ https://jimsimrodev.github.io/pequenos-sanos/assets/index-C7AoTPzR.js:82
[    8638ms] [LOG] [WS] 🗺️ Broadcast recibido. Avatares: 1 [Hijo Test(2)] @ https://jimsimrodev.github.io/pequenos-sanos/assets/index-C7AoTPzR.js:82
[    8639ms] [LOG] [WS] 🗺️ Broadcast recibido. Avatares: 1 [Hijo Test(2)] @ https://jimsimrodev.github.io/pequenos-sanos/assets/index-C7AoTPzR.js:82
[    8686ms] [LOG] [WS] 🗺️ Broadcast recibido. Avatares: 1 [Hijo Test(2)] @ https://jimsimrodev.github.io/pequenos-sanos/assets/index-C7AoTPzR.js:82
[    8723ms] [LOG] [WS] 🗺️ Broadcast recibido. Avatares: 1 [Hijo Test(2)] @ https://jimsimrodev.github.io/pequenos-sanos/assets/index-C7AoTPzR.js:82
[    8724ms] [LOG] [WS] 🗺️ Broadcast recibido. Avatares: 1 [Hijo Test(2)] @ https://jimsimrodev.github.io/pequenos-sanos/assets/index-C7AoTPzR.js:82
[    8765ms] [LOG] [WS] 🗺️ Broadcast recibido. Avatares: 1 [Hijo Test(2)] @ https://jimsimrodev.github.io/pequenos-sanos/assets/index-C7AoTPzR.js:82
[    8803ms] [LOG] [WS] 🗺️ Broadcast recibido. Avatares: 1 [Hijo Test(2)] @ https://jimsimrodev.github.io/pequenos-sanos/assets/index-C7AoTPzR.js:82
[    8840ms] [LOG] [WS] 🗺️ Broadcast recibido. Avatares: 1 [Hijo Test(2)] @ https://jimsimrodev.github.io/pequenos-sanos/assets/index-C7AoTPzR.js:82
[    8878ms] [LOG] [WS] 🗺️ Broadcast recibido. Avatares: 1 [Hijo Test(2)] @ https://jimsimrodev.github.io/pequenos-sanos/assets/index-C7AoTPzR.js:82
[    8923ms] [LOG] [WS] 🗺️ Broadcast recibido. Avatares: 1 [Hijo Test(2)] @ https://jimsimrodev.github.io/pequenos-sanos/assets/index-C7AoTPzR.js:82
[    8961ms] [LOG] [WS] 🗺️ Broadcast recibido. Avatares: 1 [Hijo Test(2)] @ https://jimsimrodev.github.io/pequenos-sanos/assets/index-C7AoTPzR.js:82
[    8962ms] [LOG] [WS] 🗺️ Broadcast recibido. Avatares: 1 [Hijo Test(2)] @ https://jimsimrodev.github.io/pequenos-sanos/assets/index-C7AoTPzR.js:82
[    8997ms] [LOG] [WS] 🗺️ Broadcast recibido. Avatares: 1 [Hijo Test(2)] @ https://jimsimrodev.github.io/pequenos-sanos/assets/index-C7AoTPzR.js:82
[    9036ms] [LOG] [WS] 🗺️ Broadcast recibido. Avatares: 1 [Hijo Test(2)] @ https://jimsimrodev.github.io/pequenos-sanos/assets/index-C7AoTPzR.js:82
[    9075ms] [LOG] [WS] 🗺️ Broadcast recibido. Avatares: 1 [Hijo Test(2)] @ https://jimsimrodev.github.io/pequenos-sanos/assets/index-C7AoTPzR.js:82
[    9116ms] [LOG] [WS] 🗺️ Broadcast recibido. Avatares: 1 [Hijo Test(2)] @ https://jimsimrodev.github.io/pequenos-sanos/assets/index-C7AoTPzR.js:82
[    9158ms] [LOG] [WS] 🗺️ Broadcast recibido. Avatares: 1 [Hijo Test(2)] @ https://jimsimrodev.github.io/pequenos-sanos/assets/index-C7AoTPzR.js:82
[    9159ms] [LOG] [WS] 🗺️ Broadcast recibido. Avatares: 1 [Hijo Test(2)] @ https://jimsimrodev.github.io/pequenos-sanos/assets/index-C7AoTPzR.js:82
[    9203ms] [LOG] [WS] 🗺️ Broadcast recibido. Avatares: 1 [Hijo Test(2)] @ https://jimsimrodev.github.io/pequenos-sanos/assets/index-C7AoTPzR.js:82
[    9238ms] [LOG] [WS] 🗺️ Broadcast recibido. Avatares: 1 [Hijo Test(2)] @ https://jimsimrodev.github.io/pequenos-sanos/assets/index-C7AoTPzR.js:82
[    9272ms] [LOG] [WS] 🗺️ Broadcast recibido. Avatares: 1 [Hijo Test(2)] @ https://jimsimrodev.github.io/pequenos-sanos/assets/index-C7AoTPzR.js:82
[    9311ms] [LOG] [WS] 🗺️ Broadcast recibido. Avatares: 1 [Hijo Test(2)] @ https://jimsimrodev.github.io/pequenos-sanos/assets/index-C7AoTPzR.js:82
[    9352ms] [LOG] [WS] 🗺️ Broadcast recibido. Avatares: 1 [Hijo Test(2)] @ https://jimsimrodev.github.io/pequenos-sanos/assets/index-C7AoTPzR.js:82
[    9389ms] [LOG] [WS] 🗺️ Broadcast recibido. Avatares: 1 [Hijo Test(2)] @ https://jimsimrodev.github.io/pequenos-sanos/assets/index-C7AoTPzR.js:82
[    9390ms] [LOG] [WS] 🗺️ Broadcast recibido. Avatares: 1 [Hijo Test(2)] @ https://jimsimrodev.github.io/pequenos-sanos/assets/index-C7AoTPzR.js:82
[    9441ms] [LOG] [WS] 🗺️ Broadcast recibido. Avatares: 1 [Hijo Test(2)] @ https://jimsimrodev.github.io/pequenos-sanos/assets/index-C7AoTPzR.js:82
[    9482ms] [LOG] [WS] 🗺️ Broadcast recibido. Avatares: 1 [Hijo Test(2)] @ https://jimsimrodev.github.io/pequenos-sanos/assets/index-C7AoTPzR.js:82
[    9528ms] [LOG] [WS] 🗺️ Broadcast recibido. Avatares: 1 [Hijo Test(2)] @ https://jimsimrodev.github.io/pequenos-sanos/assets/index-C7AoTPzR.js:82
[    9528ms] [LOG] [WS] 🗺️ Broadcast recibido. Avatares: 1 [Hijo Test(2)] @ https://jimsimrodev.github.io/pequenos-sanos/assets/index-C7AoTPzR.js:82
[    9577ms] [LOG] [WS] 🗺️ Broadcast recibido. Avatares: 1 [Hijo Test(2)] @ https://jimsimrodev.github.io/pequenos-sanos/assets/index-C7AoTPzR.js:82
[    9640ms] [LOG] [WS] 🗺️ Broadcast recibido. Avatares: 1 [Hijo Test(2)] @ https://jimsimrodev.github.io/pequenos-sanos/assets/index-C7AoTPzR.js:82
[    9641ms] [LOG] [WS] 🗺️ Broadcast recibido. Avatares: 1 [Hijo Test(2)] @ https://jimsimrodev.github.io/pequenos-sanos/assets/index-C7AoTPzR.js:82
[    9687ms] [LOG] [WS] 🗺️ Broadcast recibido. Avatares: 1 [Hijo Test(2)] @ https://jimsimrodev.github.io/pequenos-sanos/assets/index-C7AoTPzR.js:82
[    9726ms] [LOG] [WS] 🗺️ Broadcast recibido. Avatares: 1 [Hijo Test(2)] @ https://jimsimrodev.github.io/pequenos-sanos/assets/index-C7AoTPzR.js:82
[    9727ms] [LOG] [WS] 🗺️ Broadcast recibido. Avatares: 1 [Hijo Test(2)] @ https://jimsimrodev.github.io/pequenos-sanos/assets/index-C7AoTPzR.js:82
[    9773ms] [LOG] [WS] 🗺️ Broadcast recibido. Avatares: 1 [Hijo Test(2)] @ https://jimsimrodev.github.io/pequenos-sanos/assets/index-C7AoTPzR.js:82
[    9812ms] [LOG] [WS] 🗺️ Broadcast recibido. Avatares: 1 [Hijo Test(2)] @ https://jimsimrodev.github.io/pequenos-sanos/assets/index-C7AoTPzR.js:82
[    9813ms] [LOG] [WS] 🗺️ Broadcast recibido. Avatares: 1 [Hijo Test(2)] @ https://jimsimrodev.github.io/pequenos-sanos/assets/index-C7AoTPzR.js:82
[    9847ms] [LOG] [WS] 🗺️ Broadcast recibido. Avatares: 1 [Hijo Test(2)] @ https://jimsimrodev.github.io/pequenos-sanos/assets/index-C7AoTPzR.js:82
[    9884ms] [LOG] [WS] 🗺️ Broadcast recibido. Avatares: 1 [Hijo Test(2)] @ https://jimsimrodev.github.io/pequenos-sanos/assets/index-C7AoTPzR.js:82
[    9918ms] [LOG] [WS] 🗺️ Broadcast recibido. Avatares: 1 [Hijo Test(2)] @ https://jimsimrodev.github.io/pequenos-sanos/assets/index-C7AoTPzR.js:82
[    9956ms] [LOG] [WS] 🗺️ Broadcast recibido. Avatares: 1 [Hijo Test(2)] @ https://jimsimrodev.github.io/pequenos-sanos/assets/index-C7AoTPzR.js:82
[    9995ms] [LOG] [WS] 🗺️ Broadcast recibido. Avatares: 1 [Hijo Test(2)] @ https://jimsimrodev.github.io/pequenos-sanos/assets/index-C7AoTPzR.js:82
[   10034ms] [LOG] [WS] 🗺️ Broadcast recibido. Avatares: 1 [Hijo Test(2)] @ https://jimsimrodev.github.io/pequenos-sanos/assets/index-C7AoTPzR.js:82
[   10074ms] [LOG] [WS] 🗺️ Broadcast recibido. Avatares: 1 [Hijo Test(2)] @ https://jimsimrodev.github.io/pequenos-sanos/assets/index-C7AoTPzR.js:82
[   10113ms] [LOG] [WS] 🗺️ Broadcast recibido. Avatares: 1 [Hijo Test(2)] @ https://jimsimrodev.github.io/pequenos-sanos/assets/index-C7AoTPzR.js:82
[   10114ms] [LOG] [WS] 🗺️ Broadcast recibido. Avatares: 1 [Hijo Test(2)] @ https://jimsimrodev.github.io/pequenos-sanos/assets/index-C7AoTPzR.js:82
[   10153ms] [LOG] [WS] 🗺️ Broadcast recibido. Avatares: 1 [Hijo Test(2)] @ https://jimsimrodev.github.io/pequenos-sanos/assets/index-C7AoTPzR.js:82
[   10188ms] [LOG] [WS] 🗺️ Broadcast recibido. Avatares: 1 [Hijo Test(2)] @ https://jimsimrodev.github.io/pequenos-sanos/assets/index-C7AoTPzR.js:82
[   10231ms] [LOG] [WS] 🗺️ Broadcast recibido. Avatares: 1 [Hijo Test(2)] @ https://jimsimrodev.github.io/pequenos-sanos/assets/index-C7AoTPzR.js:82
[   10270ms] [LOG] [WS] 🗺️ Broadcast recibido. Avatares: 1 [Hijo Test(2)] @ https://jimsimrodev.github.io/pequenos-sanos/assets/index-C7AoTPzR.js:82
[   10319ms] [LOG] [WS] 🗺️ Broadcast recibido. Avatares: 1 [Hijo Test(2)] @ https://jimsimrodev.github.io/pequenos-sanos/assets/index-C7AoTPzR.js:82
[   10319ms] [LOG] [WS] 🗺️ Broadcast recibido. Avatares: 1 [Hijo Test(2)] @ https://jimsimrodev.github.io/pequenos-sanos/assets/index-C7AoTPzR.js:82
[   10353ms] [LOG] [WS] 🗺️ Broadcast recibido. Avatares: 1 [Hijo Test(2)] @ https://jimsimrodev.github.io/pequenos-sanos/assets/index-C7AoTPzR.js:82
[   10403ms] [LOG] [WS] 🗺️ Broadcast recibido. Avatares: 1 [Hijo Test(2)] @ https://jimsimrodev.github.io/pequenos-sanos/assets/index-C7AoTPzR.js:82
[   10445ms] [LOG] [WS] 🗺️ Broadcast recibido. Avatares: 1 [Hijo Test(2)] @ https://jimsimrodev.github.io/pequenos-sanos/assets/index-C7AoTPzR.js:82
[   10446ms] [LOG] [WS] 🗺️ Broadcast recibido. Avatares: 1 [Hijo Test(2)] @ https://jimsimrodev.github.io/pequenos-sanos/assets/index-C7AoTPzR.js:82
[   10502ms] [LOG] [WS] 🗺️ Broadcast recibido. Avatares: 1 [Hijo Test(2)] @ https://jimsimrodev.github.io/pequenos-sanos/assets/index-C7AoTPzR.js:82
[   10557ms] [LOG] [WS] 🗺️ Broadcast recibido. Avatares: 1 [Hijo Test(2)] @ https://jimsimrodev.github.io/pequenos-sanos/assets/index-C7AoTPzR.js:82
[   10558ms] [LOG] [WS] 🗺️ Broadcast recibido. Avatares: 1 [Hijo Test(2)] @ https://jimsimrodev.github.io/pequenos-sanos/assets/index-C7AoTPzR.js:82
[   10611ms] [LOG] [WS] 🗺️ Broadcast recibido. Avatares: 1 [Hijo Test(2)] @ https://jimsimrodev.github.io/pequenos-sanos/assets/index-C7AoTPzR.js:82
[   10655ms] [LOG] [WS] 🗺️ Broadcast recibido. Avatares: 1 [Hijo Test(2)] @ https://jimsimrodev.github.io/pequenos-sanos/assets/index-C7AoTPzR.js:82
[   10656ms] [LOG] [WS] 🗺️ Broadcast recibido. Avatares: 1 [Hijo Test(2)] @ https://jimsimrodev.github.io/pequenos-sanos/assets/index-C7AoTPzR.js:82
[   10694ms] [LOG] [WS] 🗺️ Broadcast recibido. Avatares: 1 [Hijo Test(2)] @ https://jimsimrodev.github.io/pequenos-sanos/assets/index-C7AoTPzR.js:82
[   10735ms] [LOG] [WS] 🗺️ Broadcast recibido. Avatares: 1 [Hijo Test(2)] @ https://jimsimrodev.github.io/pequenos-sanos/assets/index-C7AoTPzR.js:82
[   10777ms] [LOG] [WS] 🗺️ Broadcast recibido. Avatares: 1 [Hijo Test(2)] @ https://jimsimrodev.github.io/pequenos-sanos/assets/index-C7AoTPzR.js:82
[   10778ms] [LOG] [WS] 🗺️ Broadcast recibido. Avatares: 1 [Hijo Test(2)] @ https://jimsimrodev.github.io/pequenos-sanos/assets/index-C7AoTPzR.js:82
[   10816ms] [LOG] [WS] 🗺️ Broadcast recibido. Avatares: 1 [Hijo Test(2)] @ https://jimsimrodev.github.io/pequenos-sanos/assets/index-C7AoTPzR.js:82
[   10852ms] [LOG] [WS] 🗺️ Broadcast recibido. Avatares: 1 [Hijo Test(2)] @ https://jimsimrodev.github.io/pequenos-sanos/assets/index-C7AoTPzR.js:82
[   10893ms] [LOG] [WS] 🗺️ Broadcast recibido. Avatares: 1 [Hijo Test(2)] @ https://jimsimrodev.github.io/pequenos-sanos/assets/index-C7AoTPzR.js:82
[   10932ms] [LOG] [WS] 🗺️ Broadcast recibido. Avatares: 1 [Hijo Test(2)] @ https://jimsimrodev.github.io/pequenos-sanos/assets/index-C7AoTPzR.js:82
[   10932ms] [LOG] [WS] 🗺️ Broadcast recibido. Avatares: 1 [Hijo Test(2)] @ https://jimsimrodev.github.io/pequenos-sanos/assets/index-C7AoTPzR.js:82
[   10969ms] [LOG] [WS] 🗺️ Broadcast recibido. Avatares: 1 [Hijo Test(2)] @ https://jimsimrodev.github.io/pequenos-sanos/assets/index-C7AoTPzR.js:82
[   11017ms] [LOG] [WS] 🗺️ Broadcast recibido. Avatares: 1 [Hijo Test(2)] @ https://jimsimrodev.github.io/pequenos-sanos/assets/index-C7AoTPzR.js:82
[   11059ms] [LOG] [WS] 🗺️ Broadcast recibido. Avatares: 1 [Hijo Test(2)] @ https://jimsimrodev.github.io/pequenos-sanos/assets/index-C7AoTPzR.js:82
[   11097ms] [LOG] [WS] 🗺️ Broadcast recibido. Avatares: 1 [Hijo Test(2)] @ https://jimsimrodev.github.io/pequenos-sanos/assets/index-C7AoTPzR.js:82
[   11097ms] [LOG] [WS] 🗺️ Broadcast recibido. Avatares: 1 [Hijo Test(2)] @ https://jimsimrodev.github.io/pequenos-sanos/assets/index-C7AoTPzR.js:82
[   11138ms] [LOG] [WS] 🗺️ Broadcast recibido. Avatares: 1 [Hijo Test(2)] @ https://jimsimrodev.github.io/pequenos-sanos/assets/index-C7AoTPzR.js:82
[   11177ms] [LOG] [WS] 🗺️ Broadcast recibido. Avatares: 1 [Hijo Test(2)] @ https://jimsimrodev.github.io/pequenos-sanos/assets/index-C7AoTPzR.js:82
[   11215ms] [LOG] [WS] 🗺️ Broadcast recibido. Avatares: 1 [Hijo Test(2)] @ https://jimsimrodev.github.io/pequenos-sanos/assets/index-C7AoTPzR.js:82
[   11255ms] [LOG] [WS] 🗺️ Broadcast recibido. Avatares: 1 [Hijo Test(2)] @ https://jimsimrodev.github.io/pequenos-sanos/assets/index-C7AoTPzR.js:82
[   11291ms] [LOG] [WS] 🗺️ Broadcast recibido. Avatares: 1 [Hijo Test(2)] @ https://jimsimrodev.github.io/pequenos-sanos/assets/index-C7AoTPzR.js:82
[   11336ms] [LOG] [WS] 🗺️ Broadcast recibido. Avatares: 1 [Hijo Test(2)] @ https://jimsimrodev.github.io/pequenos-sanos/assets/index-C7AoTPzR.js:82
[   11379ms] [LOG] [WS] 🗺️ Broadcast recibido. Avatares: 1 [Hijo Test(2)] @ https://jimsimrodev.github.io/pequenos-sanos/assets/index-C7AoTPzR.js:82
[   11381ms] [LOG] [WS] 🗺️ Broadcast recibido. Avatares: 1 [Hijo Test(2)] @ https://jimsimrodev.github.io/pequenos-sanos/assets/index-C7AoTPzR.js:82
[   11433ms] [LOG] [WS] 🗺️ Broadcast recibido. Avatares: 1 [Hijo Test(2)] @ https://jimsimrodev.github.io/pequenos-sanos/assets/index-C7AoTPzR.js:82
[   11480ms] [LOG] [WS] 🗺️ Broadcast recibido. Avatares: 1 [Hijo Test(2)] @ https://jimsimrodev.github.io/pequenos-sanos/assets/index-C7AoTPzR.js:82
[   11481ms] [LOG] [WS] 🗺️ Broadcast recibido. Avatares: 1 [Hijo Test(2)] @ https://jimsimrodev.github.io/pequenos-sanos/assets/index-C7AoTPzR.js:82
[   11521ms] [LOG] [WS] 🗺️ Broadcast recibido. Avatares: 1 [Hijo Test(2)] @ https://jimsimrodev.github.io/pequenos-sanos/assets/index-C7AoTPzR.js:82
[   11563ms] [LOG] [WS] 🗺️ Broadcast recibido. Avatares: 1 [Hijo Test(2)] @ https://jimsimrodev.github.io/pequenos-sanos/assets/index-C7AoTPzR.js:82
[   11564ms] [LOG] [WS] 🗺️ Broadcast recibido. Avatares: 1 [Hijo Test(2)] @ https://jimsimrodev.github.io/pequenos-sanos/assets/index-C7AoTPzR.js:82
[   11601ms] [LOG] [WS] 🗺️ Broadcast recibido. Avatares: 1 [Hijo Test(2)] @ https://jimsimrodev.github.io/pequenos-sanos/assets/index-C7AoTPzR.js:82
[   11641ms] [LOG] [WS] 🗺️ Broadcast recibido. Avatares: 1 [Hijo Test(2)] @ https://jimsimrodev.github.io/pequenos-sanos/assets/index-C7AoTPzR.js:82
[   11675ms] [LOG] [WS] 🗺️ Broadcast recibido. Avatares: 1 [Hijo Test(2)] @ https://jimsimrodev.github.io/pequenos-sanos/assets/index-C7AoTPzR.js:82
[   11706ms] [LOG] [WS] 🗺️ Broadcast recibido. Avatares: 1 [Hijo Test(2)] @ https://jimsimrodev.github.io/pequenos-sanos/assets/index-C7AoTPzR.js:82
[   11742ms] [LOG] [WS] 🗺️ Broadcast recibido. Avatares: 1 [Hijo Test(2)] @ https://jimsimrodev.github.io/pequenos-sanos/assets/index-C7AoTPzR.js:82
[   11776ms] [LOG] [WS] 🗺️ Broadcast recibido. Avatares: 1 [Hijo Test(2)] @ https://jimsimrodev.github.io/pequenos-sanos/assets/index-C7AoTPzR.js:82
[   11809ms] [LOG] [WS] 🗺️ Broadcast recibido. Avatares: 1 [Hijo Test(2)] @ https://jimsimrodev.github.io/pequenos-sanos/assets/index-C7AoTPzR.js:82
[   11846ms] [LOG] [WS] 🗺️ Broadcast recibido. Avatares: 1 [Hijo Test(2)] @ https://jimsimrodev.github.io/pequenos-sanos/assets/index-C7AoTPzR.js:82
[   11886ms] [LOG] [WS] 🗺️ Broadcast recibido. Avatares: 1 [Hijo Test(2)] @ https://jimsimrodev.github.io/pequenos-sanos/assets/index-C7AoTPzR.js:82
[   11926ms] [LOG] [WS] 🗺️ Broadcast recibido. Avatares: 1 [Hijo Test(2)] @ https://jimsimrodev.github.io/pequenos-sanos/assets/index-C7AoTPzR.js:82
[   11927ms] [LOG] [WS] 🗺️ Broadcast recibido. Avatares: 1 [Hijo Test(2)] @ https://jimsimrodev.github.io/pequenos-sanos/assets/index-C7AoTPzR.js:82
[   11966ms] [LOG] [WS] 🗺️ Broadcast recibido. Avatares: 1 [Hijo Test(2)] @ https://jimsimrodev.github.io/pequenos-sanos/assets/index-C7AoTPzR.js:82
[   12005ms] [LOG] [WS] 🗺️ Broadcast recibido. Avatares: 1 [Hijo Test(2)] @ https://jimsimrodev.github.io/pequenos-sanos/assets/index-C7AoTPzR.js:82
[   12040ms] [LOG] [WS] 🗺️ Broadcast recibido. Avatares: 1 [Hijo Test(2)] @ https://jimsimrodev.github.io/pequenos-sanos/assets/index-C7AoTPzR.js:82
[   12078ms] [LOG] [WS] 🗺️ Broadcast recibido. Avatares: 1 [Hijo Test(2)] @ https://jimsimrodev.github.io/pequenos-sanos/assets/index-C7AoTPzR.js:82
[   12115ms] [LOG] [WS] 🗺️ Broadcast recibido. Avatares: 1 [Hijo Test(2)] @ https://jimsimrodev.github.io/pequenos-sanos/assets/index-C7AoTPzR.js:82
[   12153ms] [LOG] [WS] 🗺️ Broadcast recibido. Avatares: 1 [Hijo Test(2)] @ https://jimsimrodev.github.io/pequenos-sanos/assets/index-C7AoTPzR.js:82
[   12187ms] [LOG] [WS] 🗺️ Broadcast recibido. Avatares: 1 [Hijo Test(2)] @ https://jimsimrodev.github.io/pequenos-sanos/assets/index-C7AoTPzR.js:82
[   12188ms] [LOG] [WS] 🗺️ Broadcast recibido. Avatares: 1 [Hijo Test(2)] @ https://jimsimrodev.github.io/pequenos-sanos/assets/index-C7AoTPzR.js:82
[   12226ms] [LOG] [WS] 🗺️ Broadcast recibido. Avatares: 1 [Hijo Test(2)] @ https://jimsimrodev.github.io/pequenos-sanos/assets/index-C7AoTPzR.js:82
[   12264ms] [LOG] [WS] 🗺️ Broadcast recibido. Avatares: 1 [Hijo Test(2)] @ https://jimsimrodev.github.io/pequenos-sanos/assets/index-C7AoTPzR.js:82
[   12320ms] [LOG] [WS] 🗺️ Broadcast recibido. Avatares: 1 [Hijo Test(2)] @ https://jimsimrodev.github.io/pequenos-sanos/assets/index-C7AoTPzR.js:82
[   12355ms] [LOG] [WS] 🗺️ Broadcast recibido. Avatares: 1 [Hijo Test(2)] @ https://jimsimrodev.github.io/pequenos-sanos/assets/index-C7AoTPzR.js:82
[   12356ms] [LOG] [WS] 🗺️ Broadcast recibido. Avatares: 1 [Hijo Test(2)] @ https://jimsimrodev.github.io/pequenos-sanos/assets/index-C7AoTPzR.js:82
[   12417ms] [LOG] [WS] 🗺️ Broadcast recibido. Avatares: 1 [Hijo Test(2)] @ https://jimsimrodev.github.io/pequenos-sanos/assets/index-C7AoTPzR.js:82
[   12458ms] [LOG] [WS] 🗺️ Broadcast recibido. Avatares: 1 [Hijo Test(2)] @ https://jimsimrodev.github.io/pequenos-sanos/assets/index-C7AoTPzR.js:82
[   12459ms] [LOG] [WS] 🗺️ Broadcast recibido. Avatares: 1 [Hijo Test(2)] @ https://jimsimrodev.github.io/pequenos-sanos/assets/index-C7AoTPzR.js:82
[   12513ms] [LOG] [WS] 🗺️ Broadcast recibido. Avatares: 1 [Hijo Test(2)] @ https://jimsimrodev.github.io/pequenos-sanos/assets/index-C7AoTPzR.js:82
[   12571ms] [LOG] [WS] 🗺️ Broadcast recibido. Avatares: 1 [Hijo Test(2)] @ https://jimsimrodev.github.io/pequenos-sanos/assets/index-C7AoTPzR.js:82
[   12572ms] [LOG] [WS] 🗺️ Broadcast recibido. Avatares: 1 [Hijo Test(2)] @ https://jimsimrodev.github.io/pequenos-sanos/assets/index-C7AoTPzR.js:82
[   12622ms] [LOG] [WS] 🗺️ Broadcast recibido. Avatares: 1 [Hijo Test(2)] @ https://jimsimrodev.github.io/pequenos-sanos/assets/index-C7AoTPzR.js:82
[   12683ms] [LOG] [WS] 🗺️ Broadcast recibido. Avatares: 1 [Hijo Test(2)] @ https://jimsimrodev.github.io/pequenos-sanos/assets/index-C7AoTPzR.js:82
[   12685ms] [LOG] [WS] 🗺️ Broadcast recibido. Avatares: 1 [Hijo Test(2)] @ https://jimsimrodev.github.io/pequenos-sanos/assets/index-C7AoTPzR.js:82
[   12749ms] [LOG] [WS] 🗺️ Broadcast recibido. Avatares: 1 [Hijo Test(2)] @ https://jimsimrodev.github.io/pequenos-sanos/assets/index-C7AoTPzR.js:82
[   12750ms] [LOG] [WS] 🗺️ Broadcast recibido. Avatares: 1 [Hijo Test(2)] @ https://jimsimrodev.github.io/pequenos-sanos/assets/index-C7AoTPzR.js:82
[   12809ms] [LOG] [WS] 🗺️ Broadcast recibido. Avatares: 1 [Hijo Test(2)] @ https://jimsimrodev.github.io/pequenos-sanos/assets/index-C7AoTPzR.js:82
[   12811ms] [LOG] [WS] 🗺️ Broadcast recibido. Avatares: 1 [Hijo Test(2)] @ https://jimsimrodev.github.io/pequenos-sanos/assets/index-C7AoTPzR.js:82
[   12859ms] [LOG] [WS] 🗺️ Broadcast recibido. Avatares: 1 [Hijo Test(2)] @ https://jimsimrodev.github.io/pequenos-sanos/assets/index-C7AoTPzR.js:82
[   12861ms] [LOG] [WS] 🗺️ Broadcast recibido. Avatares: 1 [Hijo Test(2)] @ https://jimsimrodev.github.io/pequenos-sanos/assets/index-C7AoTPzR.js:82
[   12916ms] [LOG] [WS] 🗺️ Broadcast recibido. Avatares: 1 [Hijo Test(2)] @ https://jimsimrodev.github.io/pequenos-sanos/assets/index-C7AoTPzR.js:82
[   12977ms] [LOG] [WS] 🗺️ Broadcast recibido. Avatares: 1 [Hijo Test(2)] @ https://jimsimrodev.github.io/pequenos-sanos/assets/index-C7AoTPzR.js:82
[   12978ms] [LOG] [WS] 🗺️ Broadcast recibido. Avatares: 1 [Hijo Test(2)] @ https://jimsimrodev.github.io/pequenos-sanos/assets/index-C7AoTPzR.js:82
[   13046ms] [LOG] [WS] 🗺️ Broadcast recibido. Avatares: 1 [Hijo Test(2)] @ https://jimsimrodev.github.io/pequenos-sanos/assets/index-C7AoTPzR.js:82
[   13047ms] [LOG] [WS] 🗺️ Broadcast recibido. Avatares: 1 [Hijo Test(2)] @ https://jimsimrodev.github.io/pequenos-sanos/assets/index-C7AoTPzR.js:82
[   13112ms] [LOG] [WS] 🗺️ Broadcast recibido. Avatares: 1 [Hijo Test(2)] @ https://jimsimrodev.github.io/pequenos-sanos/assets/index-C7AoTPzR.js:82
[   13113ms] [LOG] [WS] 🗺️ Broadcast recibido. Avatares: 1 [Hijo Test(2)] @ https://jimsimrodev.github.io/pequenos-sanos/assets/index-C7AoTPzR.js:82
[   13184ms] [LOG] [WS] 🗺️ Broadcast recibido. Avatares: 1 [Hijo Test(2)] @ https://jimsimrodev.github.io/pequenos-sanos/assets/index-C7AoTPzR.js:82
[   13186ms] [LOG] [WS] 🗺️ Broadcast recibido. Avatares: 1 [Hijo Test(2)] @ https://jimsimrodev.github.io/pequenos-sanos/assets/index-C7AoTPzR.js:82
[   13241ms] [LOG] [WS] 🗺️ Broadcast recibido. Avatares: 1 [Hijo Test(2)] @ https://jimsimrodev.github.io/pequenos-sanos/assets/index-C7AoTPzR.js:82
[   13242ms] [LOG] [WS] 🗺️ Broadcast recibido. Avatares: 1 [Hijo Test(2)] @ https://jimsimrodev.github.io/pequenos-sanos/assets/index-C7AoTPzR.js:82
[   13298ms] [LOG] [WS] 🗺️ Broadcast recibido. Avatares: 1 [Hijo Test(2)] @ https://jimsimrodev.github.io/pequenos-sanos/assets/index-C7AoTPzR.js:82
[   13299ms] [LOG] [WS] 🗺️ Broadcast recibido. Avatares: 1 [Hijo Test(2)] @ https://jimsimrodev.github.io/pequenos-sanos/assets/index-C7AoTPzR.js:82
[   13348ms] [LOG] [WS] 🗺️ Broadcast recibido. Avatares: 1 [Hijo Test(2)] @ https://jimsimrodev.github.io/pequenos-sanos/assets/index-C7AoTPzR.js:82
[   13409ms] [LOG] [WS] 🗺️ Broadcast recibido. Avatares: 1 [Hijo Test(2)] @ https://jimsimrodev.github.io/pequenos-sanos/assets/index-C7AoTPzR.js:82
[   13410ms] [LOG] [WS] 🗺️ Broadcast recibido. Avatares: 1 [Hijo Test(2)] @ https://jimsimrodev.github.io/pequenos-sanos/assets/index-C7AoTPzR.js:82
[   13460ms] [LOG] [WS] 🗺️ Broadcast recibido. Avatares: 1 [Hijo Test(2)] @ https://jimsimrodev.github.io/pequenos-sanos/assets/index-C7AoTPzR.js:82
[   13462ms] [LOG] [WS] 🗺️ Broadcast recibido. Avatares: 1 [Hijo Test(2)] @ https://jimsimrodev.github.io/pequenos-sanos/assets/index-C7AoTPzR.js:82
[   13525ms] [LOG] [WS] 🗺️ Broadcast recibido. Avatares: 1 [Hijo Test(2)] @ https://jimsimrodev.github.io/pequenos-sanos/assets/index-C7AoTPzR.js:82
[   13583ms] [LOG] [WS] 🗺️ Broadcast recibido. Avatares: 1 [Hijo Test(2)] @ https://jimsimrodev.github.io/pequenos-sanos/assets/index-C7AoTPzR.js:82
[   13585ms] [LOG] [WS] 🗺️ Broadcast recibido. Avatares: 1 [Hijo Test(2)] @ https://jimsimrodev.github.io/pequenos-sanos/assets/index-C7AoTPzR.js:82
[   13635ms] [LOG] [WS] 🗺️ Broadcast recibido. Avatares: 1 [Hijo Test(2)] @ https://jimsimrodev.github.io/pequenos-sanos/assets/index-C7AoTPzR.js:82
[   13636ms] [LOG] [WS] 🗺️ Broadcast recibido. Avatares: 1 [Hijo Test(2)] @ https://jimsimrodev.github.io/pequenos-sanos/assets/index-C7AoTPzR.js:82
[   13691ms] [LOG] [WS] 🗺️ Broadcast recibido. Avatares: 1 [Hijo Test(2)] @ https://jimsimrodev.github.io/pequenos-sanos/assets/index-C7AoTPzR.js:82
[   13693ms] [LOG] [WS] 🗺️ Broadcast recibido. Avatares: 1 [Hijo Test(2)] @ https://jimsimrodev.github.io/pequenos-sanos/assets/index-C7AoTPzR.js:82
[   13741ms] [LOG] [WS] 🗺️ Broadcast recibido. Avatares: 1 [Hijo Test(2)] @ https://jimsimrodev.github.io/pequenos-sanos/assets/index-C7AoTPzR.js:82
[   13789ms] [LOG] [WS] 🗺️ Broadcast recibido. Avatares: 1 [Hijo Test(2)] @ https://jimsimrodev.github.io/pequenos-sanos/assets/index-C7AoTPzR.js:82
[   13791ms] [LOG] [WS] 🗺️ Broadcast recibido. Avatares: 1 [Hijo Test(2)] @ https://jimsimrodev.github.io/pequenos-sanos/assets/index-C7AoTPzR.js:82
[   13839ms] [LOG] [WS] 🗺️ Broadcast recibido. Avatares: 1 [Hijo Test(2)] @ https://jimsimrodev.github.io/pequenos-sanos/assets/index-C7AoTPzR.js:82
[   13893ms] [LOG] [WS] 🗺️ Broadcast recibido. Avatares: 1 [Hijo Test(2)] @ https://jimsimrodev.github.io/pequenos-sanos/assets/index-C7AoTPzR.js:82
[   13894ms] [LOG] [WS] 🗺️ Broadcast recibido. Avatares: 1 [Hijo Test(2)] @ https://jimsimrodev.github.io/pequenos-sanos/assets/index-C7AoTPzR.js:82
[   13943ms] [LOG] [WS] 🗺️ Broadcast recibido. Avatares: 1 [Hijo Test(2)] @ https://jimsimrodev.github.io/pequenos-sanos/assets/index-C7AoTPzR.js:82
[   13996ms] [LOG] [WS] 🗺️ Broadcast recibido. Avatares: 1 [Hijo Test(2)] @ https://jimsimrodev.github.io/pequenos-sanos/assets/index-C7AoTPzR.js:82
[   13998ms] [LOG] [WS] 🗺️ Broadcast recibido. Avatares: 1 [Hijo Test(2)] @ https://jimsimrodev.github.io/pequenos-sanos/assets/index-C7AoTPzR.js:82
[   14053ms] [LOG] [WS] 🗺️ Broadcast recibido. Avatares: 1 [Hijo Test(2)] @ https://jimsimrodev.github.io/pequenos-sanos/assets/index-C7AoTPzR.js:82
[   14054ms] [LOG] [WS] 🗺️ Broadcast recibido. Avatares: 1 [Hijo Test(2)] @ https://jimsimrodev.github.io/pequenos-sanos/assets/index-C7AoTPzR.js:82
[   14103ms] [LOG] [WS] 🗺️ Broadcast recibido. Avatares: 1 [Hijo Test(2)] @ https://jimsimrodev.github.io/pequenos-sanos/assets/index-C7AoTPzR.js:82
[   14152ms] [LOG] [WS] 🗺️ Broadcast recibido. Avatares: 1 [Hijo Test(2)] @ https://jimsimrodev.github.io/pequenos-sanos/assets/index-C7AoTPzR.js:82
[   14152ms] [LOG] [WS] 🗺️ Broadcast recibido. Avatares: 1 [Hijo Test(2)] @ https://jimsimrodev.github.io/pequenos-sanos/assets/index-C7AoTPzR.js:82
[   14198ms] [LOG] [WS] 🗺️ Broadcast recibido. Avatares: 1 [Hijo Test(2)] @ https://jimsimrodev.github.io/pequenos-sanos/assets/index-C7AoTPzR.js:82
[   14246ms] [LOG] [WS] 🗺️ Broadcast recibido. Avatares: 1 [Hijo Test(2)] @ https://jimsimrodev.github.io/pequenos-sanos/assets/index-C7AoTPzR.js:82
[   14247ms] [LOG] [WS] 🗺️ Broadcast recibido. Avatares: 1 [Hijo Test(2)] @ https://jimsimrodev.github.io/pequenos-sanos/assets/index-C7AoTPzR.js:82
[   14301ms] [LOG] [WS] 🗺️ Broadcast recibido. Avatares: 1 [Hijo Test(2)] @ https://jimsimrodev.github.io/pequenos-sanos/assets/index-C7AoTPzR.js:82
[   14339ms] [LOG] [WS] 🗺️ Broadcast recibido. Avatares: 1 [Hijo Test(2)] @ https://jimsimrodev.github.io/pequenos-sanos/assets/index-C7AoTPzR.js:82
[   14340ms] [LOG] [WS] 🗺️ Broadcast recibido. Avatares: 1 [Hijo Test(2)] @ https://jimsimrodev.github.io/pequenos-sanos/assets/index-C7AoTPzR.js:82
[   14379ms] [LOG] [WS] 🗺️ Broadcast recibido. Avatares: 1 [Hijo Test(2)] @ https://jimsimrodev.github.io/pequenos-sanos/assets/index-C7AoTPzR.js:82
[   14418ms] [LOG] [WS] 🗺️ Broadcast recibido. Avatares: 1 [Hijo Test(2)] @ https://jimsimrodev.github.io/pequenos-sanos/assets/index-C7AoTPzR.js:82
[   14466ms] [LOG] [WS] 🗺️ Broadcast recibido. Avatares: 1 [Hijo Test(2)] @ https://jimsimrodev.github.io/pequenos-sanos/assets/index-C7AoTPzR.js:82
[   14521ms] [LOG] [WS] 🗺️ Broadcast recibido. Avatares: 1 [Hijo Test(2)] @ https://jimsimrodev.github.io/pequenos-sanos/assets/index-C7AoTPzR.js:82
[   14522ms] [LOG] [WS] 🗺️ Broadcast recibido. Avatares: 1 [Hijo Test(2)] @ https://jimsimrodev.github.io/pequenos-sanos/assets/index-C7AoTPzR.js:82
[   14574ms] [LOG] [WS] 🗺️ Broadcast recibido. Avatares: 1 [Hijo Test(2)] @ https://jimsimrodev.github.io/pequenos-sanos/assets/index-C7AoTPzR.js:82
[   14635ms] [LOG] [WS] 🗺️ Broadcast recibido. Avatares: 1 [Hijo Test(2)] @ https://jimsimrodev.github.io/pequenos-sanos/assets/index-C7AoTPzR.js:82
[   14637ms] [LOG] [WS] 🗺️ Broadcast recibido. Avatares: 1 [Hijo Test(2)] @ https://jimsimrodev.github.io/pequenos-sanos/assets/index-C7AoTPzR.js:82
[   14692ms] [LOG] [WS] 🗺️ Broadcast recibido. Avatares: 1 [Hijo Test(2)] @ https://jimsimrodev.github.io/pequenos-sanos/assets/index-C7AoTPzR.js:82
[   14694ms] [LOG] [WS] 🗺️ Broadcast recibido. Avatares: 1 [Hijo Test(2)] @ https://jimsimrodev.github.io/pequenos-sanos/assets/index-C7AoTPzR.js:82
[   14753ms] [LOG] [WS] 🗺️ Broadcast recibido. Avatares: 1 [Hijo Test(2)] @ https://jimsimrodev.github.io/pequenos-sanos/assets/index-C7AoTPzR.js:82
[   14801ms] [LOG] [WS] 🗺️ Broadcast recibido. Avatares: 1 [Hijo Test(2)] @ https://jimsimrodev.github.io/pequenos-sanos/assets/index-C7AoTPzR.js:82
[   14803ms] [LOG] [WS] 🗺️ Broadcast recibido. Avatares: 1 [Hijo Test(2)] @ https://jimsimrodev.github.io/pequenos-sanos/assets/index-C7AoTPzR.js:82
[   14867ms] [LOG] [WS] 🗺️ Broadcast recibido. Avatares: 1 [Hijo Test(2)] @ https://jimsimrodev.github.io/pequenos-sanos/assets/index-C7AoTPzR.js:82
[   14869ms] [LOG] [WS] 🗺️ Broadcast recibido. Avatares: 1 [Hijo Test(2)] @ https://jimsimrodev.github.io/pequenos-sanos/assets/index-C7AoTPzR.js:82
[   14920ms] [LOG] [WS] 🗺️ Broadcast recibido. Avatares: 1 [Hijo Test(2)] @ https://jimsimrodev.github.io/pequenos-sanos/assets/index-C7AoTPzR.js:82
[   14921ms] [LOG] [WS] 🗺️ Broadcast recibido. Avatares: 1 [Hijo Test(2)] @ https://jimsimrodev.github.io/pequenos-sanos/assets/index-C7AoTPzR.js:82
[   14972ms] [LOG] [WS] 🗺️ Broadcast recibido. Avatares: 1 [Hijo Test(2)] @ https://jimsimrodev.github.io/pequenos-sanos/assets/index-C7AoTPzR.js:82
[   14973ms] [LOG] [WS] 🗺️ Broadcast recibido. Avatares: 1 [Hijo Test(2)] @ https://jimsimrodev.github.io/pequenos-sanos/assets/index-C7AoTPzR.js:82
[   15019ms] [LOG] [WS] 🗺️ Broadcast recibido. Avatares: 1 [Hijo Test(2)] @ https://jimsimrodev.github.io/pequenos-sanos/assets/index-C7AoTPzR.js:82
[   15086ms] [LOG] [WS] 🗺️ Broadcast recibido. Avatares: 1 [Hijo Test(2)] @ https://jimsimrodev.github.io/pequenos-sanos/assets/index-C7AoTPzR.js:82
[   15147ms] [LOG] [WS] 🗺️ Broadcast recibido. Avatares: 1 [Hijo Test(2)] @ https://jimsimrodev.github.io/pequenos-sanos/assets/index-C7AoTPzR.js:82
[   15148ms] [LOG] [WS] 🗺️ Broadcast recibido. Avatares: 1 [Hijo Test(2)] @ https://jimsimrodev.github.io/pequenos-sanos/assets/index-C7AoTPzR.js:82
[   15148ms] [LOG] [WS] 🗺️ Broadcast recibido. Avatares: 1 [Hijo Test(2)] @ https://jimsimrodev.github.io/pequenos-sanos/assets/index-C7AoTPzR.js:82
[   15191ms] [LOG] [WS] 🗺️ Broadcast recibido. Avatares: 1 [Hijo Test(2)] @ https://jimsimrodev.github.io/pequenos-sanos/assets/index-C7AoTPzR.js:82
[   15245ms] [LOG] [WS] 🗺️ Broadcast recibido. Avatares: 1 [Hijo Test(2)] @ https://jimsimrodev.github.io/pequenos-sanos/assets/index-C7AoTPzR.js:82
[   15246ms] [LOG] [WS] 🗺️ Broadcast recibido. Avatares: 1 [Hijo Test(2)] @ https://jimsimrodev.github.io/pequenos-sanos/assets/index-C7AoTPzR.js:82
[   15283ms] [LOG] [WS] 🗺️ Broadcast recibido. Avatares: 1 [Hijo Test(2)] @ https://jimsimrodev.github.io/pequenos-sanos/assets/index-C7AoTPzR.js:82
[   15319ms] [LOG] [WS] 🗺️ Broadcast recibido. Avatares: 1 [Hijo Test(2)] @ https://jimsimrodev.github.io/pequenos-sanos/assets/index-C7AoTPzR.js:82
[   15357ms] [LOG] [WS] 🗺️ Broadcast recibido. Avatares: 1 [Hijo Test(2)] @ https://jimsimrodev.github.io/pequenos-sanos/assets/index-C7AoTPzR.js:82
[   15357ms] [LOG] [WS] 🗺️ Broadcast recibido. Avatares: 1 [Hijo Test(2)] @ https://jimsimrodev.github.io/pequenos-sanos/assets/index-C7AoTPzR.js:82
[   15393ms] [LOG] [WS] 🗺️ Broadcast recibido. Avatares: 1 [Hijo Test(2)] @ https://jimsimrodev.github.io/pequenos-sanos/assets/index-C7AoTPzR.js:82
[   15432ms] [LOG] [WS] 🗺️ Broadcast recibido. Avatares: 1 [Hijo Test(2)] @ https://jimsimrodev.github.io/pequenos-sanos/assets/index-C7AoTPzR.js:82
[   15477ms] [LOG] [WS] 🗺️ Broadcast recibido. Avatares: 1 [Hijo Test(2)] @ https://jimsimrodev.github.io/pequenos-sanos/assets/index-C7AoTPzR.js:82
[   15523ms] [LOG] [WS] 🗺️ Broadcast recibido. Avatares: 1 [Hijo Test(2)] @ https://jimsimrodev.github.io/pequenos-sanos/assets/index-C7AoTPzR.js:82
[   15561ms] [LOG] [WS] 🗺️ Broadcast recibido. Avatares: 1 [Hijo Test(2)] @ https://jimsimrodev.github.io/pequenos-sanos/assets/index-C7AoTPzR.js:82
[   15562ms] [LOG] [WS] 🗺️ Broadcast recibido. Avatares: 1 [Hijo Test(2)] @ https://jimsimrodev.github.io/pequenos-sanos/assets/index-C7AoTPzR.js:82
[   15605ms] [LOG] [WS] 🗺️ Broadcast recibido. Avatares: 1 [Hijo Test(2)] @ https://jimsimrodev.github.io/pequenos-sanos/assets/index-C7AoTPzR.js:82
[   15648ms] [LOG] [WS] 🗺️ Broadcast recibido. Avatares: 1 [Hijo Test(2)] @ https://jimsimrodev.github.io/pequenos-sanos/assets/index-C7AoTPzR.js:82
[   15690ms] [LOG] [WS] 🗺️ Broadcast recibido. Avatares: 1 [Hijo Test(2)] @ https://jimsimrodev.github.io/pequenos-sanos/assets/index-C7AoTPzR.js:82
[   15691ms] [LOG] [WS] 🗺️ Broadcast recibido. Avatares: 1 [Hijo Test(2)] @ https://jimsimrodev.github.io/pequenos-sanos/assets/index-C7AoTPzR.js:82
[   15735ms] [LOG] [WS] 🗺️ Broadcast recibido. Avatares: 1 [Hijo Test(2)] @ https://jimsimrodev.github.io/pequenos-sanos/assets/index-C7AoTPzR.js:82
[   15778ms] [LOG] [WS] 🗺️ Broadcast recibido. Avatares: 1 [Hijo Test(2)] @ https://jimsimrodev.github.io/pequenos-sanos/assets/index-C7AoTPzR.js:82
[   15829ms] [LOG] [WS] 🗺️ Broadcast recibido. Avatares: 1 [Hijo Test(2)] @ https://jimsimrodev.github.io/pequenos-sanos/assets/index-C7AoTPzR.js:82
[   15875ms] [LOG] [WS] 🗺️ Broadcast recibido. Avatares: 1 [Hijo Test(2)] @ https://jimsimrodev.github.io/pequenos-sanos/assets/index-C7AoTPzR.js:82
[   15877ms] [LOG] [WS] 🗺️ Broadcast recibido. Avatares: 1 [Hijo Test(2)] @ https://jimsimrodev.github.io/pequenos-sanos/assets/index-C7AoTPzR.js:82
[   15923ms] [LOG] [WS] 🗺️ Broadcast recibido. Avatares: 1 [Hijo Test(2)] @ https://jimsimrodev.github.io/pequenos-sanos/assets/index-C7AoTPzR.js:82
[   15924ms] [LOG] [WS] 🗺️ Broadcast recibido. Avatares: 1 [Hijo Test(2)] @ https://jimsimrodev.github.io/pequenos-sanos/assets/index-C7AoTPzR.js:82
[   15974ms] [LOG] [WS] 🗺️ Broadcast recibido. Avatares: 1 [Hijo Test(2)] @ https://jimsimrodev.github.io/pequenos-sanos/assets/index-C7AoTPzR.js:82
[   16021ms] [LOG] [WS] 🗺️ Broadcast recibido. Avatares: 1 [Hijo Test(2)] @ https://jimsimrodev.github.io/pequenos-sanos/assets/index-C7AoTPzR.js:82
[   16067ms] [LOG] [WS] 🗺️ Broadcast recibido. Avatares: 1 [Hijo Test(2)] @ https://jimsimrodev.github.io/pequenos-sanos/assets/index-C7AoTPzR.js:82
[   16068ms] [LOG] [WS] 🗺️ Broadcast recibido. Avatares: 1 [Hijo Test(2)] @ https://jimsimrodev.github.io/pequenos-sanos/assets/index-C7AoTPzR.js:82
[   16121ms] [LOG] [WS] 🗺️ Broadcast recibido. Avatares: 1 [Hijo Test(2)] @ https://jimsimrodev.github.io/pequenos-sanos/assets/index-C7AoTPzR.js:82
[   16170ms] [LOG] [WS] 🗺️ Broadcast recibido. Avatares: 1 [Hijo Test(2)] @ https://jimsimrodev.github.io/pequenos-sanos/assets/index-C7AoTPzR.js:82
[   16173ms] [LOG] [WS] 🗺️ Broadcast recibido. Avatares: 1 [Hijo Test(2)] @ https://jimsimrodev.github.io/pequenos-sanos/assets/index-C7AoTPzR.js:82
[   16210ms] [LOG] [WS] 🗺️ Broadcast recibido. Avatares: 1 [Hijo Test(2)] @ https://jimsimrodev.github.io/pequenos-sanos/assets/index-C7AoTPzR.js:82
[   16257ms] [LOG] [WS] 🗺️ Broadcast recibido. Avatares: 1 [Hijo Test(2)] @ https://jimsimrodev.github.io/pequenos-sanos/assets/index-C7AoTPzR.js:82
[   16299ms] [LOG] [WS] 🗺️ Broadcast recibido. Avatares: 1 [Hijo Test(2)] @ https://jimsimrodev.github.io/pequenos-sanos/assets/index-C7AoTPzR.js:82
[   16300ms] [LOG] [WS] 🗺️ Broadcast recibido. Avatares: 1 [Hijo Test(2)] @ https://jimsimrodev.github.io/pequenos-sanos/assets/index-C7AoTPzR.js:82
[   16343ms] [LOG] [WS] 🗺️ Broadcast recibido. Avatares: 1 [Hijo Test(2)] @ https://jimsimrodev.github.io/pequenos-sanos/assets/index-C7AoTPzR.js:82
[   16386ms] [LOG] [WS] 🗺️ Broadcast recibido. Avatares: 1 [Hijo Test(2)] @ https://jimsimrodev.github.io/pequenos-sanos/assets/index-C7AoTPzR.js:82
[   16387ms] [LOG] [WS] 🗺️ Broadcast recibido. Avatares: 1 [Hijo Test(2)] @ https://jimsimrodev.github.io/pequenos-sanos/assets/index-C7AoTPzR.js:82
[   16425ms] [LOG] [WS] 🗺️ Broadcast recibido. Avatares: 1 [Hijo Test(2)] @ https://jimsimrodev.github.io/pequenos-sanos/assets/index-C7AoTPzR.js:82
[   16466ms] [LOG] [WS] 🗺️ Broadcast recibido. Avatares: 1 [Hijo Test(2)] @ https://jimsimrodev.github.io/pequenos-sanos/assets/index-C7AoTPzR.js:82
[   16510ms] [LOG] [WS] 🗺️ Broadcast recibido. Avatares: 1 [Hijo Test(2)] @ https://jimsimrodev.github.io/pequenos-sanos/assets/index-C7AoTPzR.js:82
[   16552ms] [LOG] [WS] 🗺️ Broadcast recibido. Avatares: 1 [Hijo Test(2)] @ https://jimsimrodev.github.io/pequenos-sanos/assets/index-C7AoTPzR.js:82
[   16553ms] [LOG] [WS] 🗺️ Broadcast recibido. Avatares: 1 [Hijo Test(2)] @ https://jimsimrodev.github.io/pequenos-sanos/assets/index-C7AoTPzR.js:82
[   16597ms] [LOG] [WS] 🗺️ Broadcast recibido. Avatares: 1 [Hijo Test(2)] @ https://jimsimrodev.github.io/pequenos-sanos/assets/index-C7AoTPzR.js:82
[   16644ms] [LOG] [WS] 🗺️ Broadcast recibido. Avatares: 1 [Hijo Test(2)] @ https://jimsimrodev.github.io/pequenos-sanos/assets/index-C7AoTPzR.js:82
[   16684ms] [LOG] [WS] 🗺️ Broadcast recibido. Avatares: 1 [Hijo Test(2)] @ https://jimsimrodev.github.io/pequenos-sanos/assets/index-C7AoTPzR.js:82
[   16686ms] [LOG] [WS] 🗺️ Broadcast recibido. Avatares: 1 [Hijo Test(2)] @ https://jimsimrodev.github.io/pequenos-sanos/assets/index-C7AoTPzR.js:82
[   16735ms] [LOG] [WS] 🗺️ Broadcast recibido. Avatares: 1 [Hijo Test(2)] @ https://jimsimrodev.github.io/pequenos-sanos/assets/index-C7AoTPzR.js:82
[   16780ms] [LOG] [WS] 🗺️ Broadcast recibido. Avatares: 1 [Hijo Test(2)] @ https://jimsimrodev.github.io/pequenos-sanos/assets/index-C7AoTPzR.js:82
[   16781ms] [LOG] [WS] 🗺️ Broadcast recibido. Avatares: 1 [Hijo Test(2)] @ https://jimsimrodev.github.io/pequenos-sanos/assets/index-C7AoTPzR.js:82
[   16818ms] [LOG] [WS] 🗺️ Broadcast recibido. Avatares: 1 [Hijo Test(2)] @ https://jimsimrodev.github.io/pequenos-sanos/assets/index-C7AoTPzR.js:82
[   16856ms] [LOG] [WS] 🗺️ Broadcast recibido. Avatares: 1 [Hijo Test(2)] @ https://jimsimrodev.github.io/pequenos-sanos/assets/index-C7AoTPzR.js:82
[   16901ms] [LOG] [WS] 🗺️ Broadcast recibido. Avatares: 1 [Hijo Test(2)] @ https://jimsimrodev.github.io/pequenos-sanos/assets/index-C7AoTPzR.js:82
[   16939ms] [LOG] [WS] 🗺️ Broadcast recibido. Avatares: 1 [Hijo Test(2)] @ https://jimsimrodev.github.io/pequenos-sanos/assets/index-C7AoTPzR.js:82
[   16940ms] [LOG] [WS] 🗺️ Broadcast recibido. Avatares: 1 [Hijo Test(2)] @ https://jimsimrodev.github.io/pequenos-sanos/assets/index-C7AoTPzR.js:82
[   16997ms] [LOG] [WS] 🗺️ Broadcast recibido. Avatares: 1 [Hijo Test(2)] @ https://jimsimrodev.github.io/pequenos-sanos/assets/index-C7AoTPzR.js:82
[   17062ms] [LOG] [WS] 🗺️ Broadcast recibido. Avatares: 1 [Hijo Test(2)] @ https://jimsimrodev.github.io/pequenos-sanos/assets/index-C7AoTPzR.js:82
[   17114ms] [LOG] [WS] 🗺️ Broadcast recibido. Avatares: 1 [Hijo Test(2)] @ https://jimsimrodev.github.io/pequenos-sanos/assets/index-C7AoTPzR.js:82
[   17115ms] [LOG] [WS] 🗺️ Broadcast recibido. Avatares: 1 [Hijo Test(2)] @ https://jimsimrodev.github.io/pequenos-sanos/assets/index-C7AoTPzR.js:82
[   17178ms] [LOG] [WS] 🗺️ Broadcast recibido. Avatares: 1 [Hijo Test(2)] @ https://jimsimrodev.github.io/pequenos-sanos/assets/index-C7AoTPzR.js:82
[   17245ms] [LOG] [WS] 🗺️ Broadcast recibido. Avatares: 1 [Hijo Test(2)] @ https://jimsimrodev.github.io/pequenos-sanos/assets/index-C7AoTPzR.js:82
[   17246ms] [LOG] [WS] 🗺️ Broadcast recibido. Avatares: 1 [Hijo Test(2)] @ https://jimsimrodev.github.io/pequenos-sanos/assets/index-C7AoTPzR.js:82
[   17308ms] [LOG] [WS] 🗺️ Broadcast recibido. Avatares: 1 [Hijo Test(2)] @ https://jimsimrodev.github.io/pequenos-sanos/assets/index-C7AoTPzR.js:82
[   17309ms] [LOG] [WS] 🗺️ Broadcast recibido. Avatares: 1 [Hijo Test(2)] @ https://jimsimrodev.github.io/pequenos-sanos/assets/index-C7AoTPzR.js:82
[   17380ms] [LOG] [WS] 🗺️ Broadcast recibido. Avatares: 1 [Hijo Test(2)] @ https://jimsimrodev.github.io/pequenos-sanos/assets/index-C7AoTPzR.js:82
[   17452ms] [LOG] [WS] 🗺️ Broadcast recibido. Avatares: 1 [Hijo Test(2)] @ https://jimsimrodev.github.io/pequenos-sanos/assets/index-C7AoTPzR.js:82
[   17521ms] [LOG] [WS] 🗺️ Broadcast recibido. Avatares: 1 [Hijo Test(2)] @ https://jimsimrodev.github.io/pequenos-sanos/assets/index-C7AoTPzR.js:82
[   17522ms] [LOG] [WS] 🗺️ Broadcast recibido. Avatares: 1 [Hijo Test(2)] @ https://jimsimrodev.github.io/pequenos-sanos/assets/index-C7AoTPzR.js:82
[   17523ms] [LOG] [WS] 🗺️ Broadcast recibido. Avatares: 1 [Hijo Test(2)] @ https://jimsimrodev.github.io/pequenos-sanos/assets/index-C7AoTPzR.js:82
[   17523ms] [LOG] [WS] 🗺️ Broadcast recibido. Avatares: 1 [Hijo Test(2)] @ https://jimsimrodev.github.io/pequenos-sanos/assets/index-C7AoTPzR.js:82
[   17591ms] [LOG] [WS] 🗺️ Broadcast recibido. Avatares: 1 [Hijo Test(2)] @ https://jimsimrodev.github.io/pequenos-sanos/assets/index-C7AoTPzR.js:82
[   17668ms] [LOG] [WS] 🗺️ Broadcast recibido. Avatares: 1 [Hijo Test(2)] @ https://jimsimrodev.github.io/pequenos-sanos/assets/index-C7AoTPzR.js:82
[   17745ms] [LOG] [WS] 🗺️ Broadcast recibido. Avatares: 1 [Hijo Test(2)] @ https://jimsimrodev.github.io/pequenos-sanos/assets/index-C7AoTPzR.js:82
[   17799ms] [LOG] [WS] 🗺️ Broadcast recibido. Avatares: 1 [Hijo Test(2)] @ https://jimsimrodev.github.io/pequenos-sanos/assets/index-C7AoTPzR.js:82
[   17801ms] [LOG] [WS] 🗺️ Broadcast recibido. Avatares: 1 [Hijo Test(2)] @ https://jimsimrodev.github.io/pequenos-sanos/assets/index-C7AoTPzR.js:82
[   17803ms] [LOG] [WS] 🗺️ Broadcast recibido. Avatares: 1 [Hijo Test(2)] @ https://jimsimrodev.github.io/pequenos-sanos/assets/index-C7AoTPzR.js:82
[   17805ms] [LOG] [WS] 🗺️ Broadcast recibido. Avatares: 1 [Hijo Test(2)] @ https://jimsimrodev.github.io/pequenos-sanos/assets/index-C7AoTPzR.js:82
[   17807ms] [LOG] [WS] 🗺️ Broadcast recibido. Avatares: 1 [Hijo Test(2)] @ https://jimsimrodev.github.io/pequenos-sanos/assets/index-C7AoTPzR.js:82
[   18586ms] [LOG] [WS] 🗺️ Broadcast recibido. Avatares: 1 [Hijo Test(2)] @ https://jimsimrodev.github.io/pequenos-sanos/assets/index-C7AoTPzR.js:82
[   18661ms] [LOG] [WS] 🗺️ Broadcast recibido. Avatares: 1 [Hijo Test(2)] @ https://jimsimrodev.github.io/pequenos-sanos/assets/index-C7AoTPzR.js:82
[   18663ms] [LOG] [WS] 🗺️ Broadcast recibido. Avatares: 1 [Hijo Test(2)] @ https://jimsimrodev.github.io/pequenos-sanos/assets/index-C7AoTPzR.js:82
[   18665ms] [LOG] [WS] 🗺️ Broadcast recibido. Avatares: 1 [Hijo Test(2)] @ https://jimsimrodev.github.io/pequenos-sanos/assets/index-C7AoTPzR.js:82
[   18731ms] [LOG] [WS] 🗺️ Broadcast recibido. Avatares: 1 [Hijo Test(2)] @ https://jimsimrodev.github.io/pequenos-sanos/assets/index-C7AoTPzR.js:82
[   18731ms] [LOG] [WS] 🗺️ Broadcast recibido. Avatares: 1 [Hijo Test(2)] @ https://jimsimrodev.github.io/pequenos-sanos/assets/index-C7AoTPzR.js:82
[   18732ms] [LOG] [WS] 🗺️ Broadcast recibido. Avatares: 1 [Hijo Test(2)] @ https://jimsimrodev.github.io/pequenos-sanos/assets/index-C7AoTPzR.js:82
[   18733ms] [LOG] [WS] 🗺️ Broadcast recibido. Avatares: 1 [Hijo Test(2)] @ https://jimsimrodev.github.io/pequenos-sanos/assets/index-C7AoTPzR.js:82
[   18783ms] [LOG] [WS] 🗺️ Broadcast recibido. Avatares: 1 [Hijo Test(2)] @ https://jimsimrodev.github.io/pequenos-sanos/assets/index-C7AoTPzR.js:82
[   18784ms] [LOG] [WS] 🗺️ Broadcast recibido. Avatares: 1 [Hijo Test(2)] @ https://jimsimrodev.github.io/pequenos-sanos/assets/index-C7AoTPzR.js:82
[   18785ms] [LOG] [WS] 🗺️ Broadcast recibido. Avatares: 1 [Hijo Test(2)] @ https://jimsimrodev.github.io/pequenos-sanos/assets/index-C7AoTPzR.js:82
[   18787ms] [LOG] [WS] 🗺️ Broadcast recibido. Avatares: 1 [Hijo Test(2)] @ https://jimsimrodev.github.io/pequenos-sanos/assets/index-C7AoTPzR.js:82
[   18789ms] [LOG] [WS] 🗺️ Broadcast recibido. Avatares: 1 [Hijo Test(2)] @ https://jimsimrodev.github.io/pequenos-sanos/assets/index-C7AoTPzR.js:82
[   18793ms] [LOG] [WS] 🗺️ Broadcast recibido. Avatares: 1 [Hijo Test(2)] @ https://jimsimrodev.github.io/pequenos-sanos/assets/index-C7AoTPzR.js:82
[   18794ms] [LOG] [WS] 🗺️ Broadcast recibido. Avatares: 1 [Hijo Test(2)] @ https://jimsimrodev.github.io/pequenos-sanos/assets/index-C7AoTPzR.js:82
[   18795ms] [LOG] [WS] 🗺️ Broadcast recibido. Avatares: 1 [Hijo Test(2)] @ https://jimsimrodev.github.io/pequenos-sanos/assets/index-C7AoTPzR.js:82
[   18796ms] [LOG] [WS] 🗺️ Broadcast recibido. Avatares: 1 [Hijo Test(2)] @ https://jimsimrodev.github.io/pequenos-sanos/assets/index-C7AoTPzR.js:82
[   20361ms] [LOG] [WS] 🗺️ Broadcast recibido. Avatares: 1 [Hijo Test(2)] @ https://jimsimrodev.github.io/pequenos-sanos/assets/index-C7AoTPzR.js:82
[   20410ms] [LOG] [WS] 🗺️ Broadcast recibido. Avatares: 1 [Hijo Test(2)] @ https://jimsimrodev.github.io/pequenos-sanos/assets/index-C7AoTPzR.js:82
[   20410ms] [LOG] [WS] 🗺️ Broadcast recibido. Avatares: 1 [Hijo Test(2)] @ https://jimsimrodev.github.io/pequenos-sanos/assets/index-C7AoTPzR.js:82
[   20410ms] [LOG] [WS] 🗺️ Broadcast recibido. Avatares: 1 [Hijo Test(2)] @ https://jimsimrodev.github.io/pequenos-sanos/assets/index-C7AoTPzR.js:82
[   20564ms] [LOG] [WS] 🗺️ Broadcast recibido. Avatares: 1 [Hijo Test(2)] @ https://jimsimrodev.github.io/pequenos-sanos/assets/index-C7AoTPzR.js:82
[   20645ms] [LOG] [WS] 🗺️ Broadcast recibido. Avatares: 1 [Hijo Test(2)] @ https://jimsimrodev.github.io/pequenos-sanos/assets/index-C7AoTPzR.js:82
[   20649ms] [LOG] [WS] 🗺️ Broadcast recibido. Avatares: 1 [Hijo Test(2)] @ https://jimsimrodev.github.io/pequenos-sanos/assets/index-C7AoTPzR.js:82
[   20650ms] [LOG] [WS] 🗺️ Broadcast recibido. Avatares: 1 [Hijo Test(2)] @ https://jimsimrodev.github.io/pequenos-sanos/assets/index-C7AoTPzR.js:82
[   20651ms] [LOG] [WS] 🗺️ Broadcast recibido. Avatares: 1 [Hijo Test(2)] @ https://jimsimrodev.github.io/pequenos-sanos/assets/index-C7AoTPzR.js:82
[   20652ms] [LOG] [WS] 🗺️ Broadcast recibido. Avatares: 1 [Hijo Test(2)] @ https://jimsimrodev.github.io/pequenos-sanos/assets/index-C7AoTPzR.js:82
[   20654ms] [LOG] [WS] 🗺️ Broadcast recibido. Avatares: 1 [Hijo Test(2)] @ https://jimsimrodev.github.io/pequenos-sanos/assets/index-C7AoTPzR.js:82
[   20655ms] [LOG] [WS] 🗺️ Broadcast recibido. Avatares: 1 [Hijo Test(2)] @ https://jimsimrodev.github.io/pequenos-sanos/assets/index-C7AoTPzR.js:82
[   20656ms] [LOG] [WS] 🗺️ Broadcast recibido. Avatares: 1 [Hijo Test(2)] @ https://jimsimrodev.github.io/pequenos-sanos/assets/index-C7AoTPzR.js:82
[   20657ms] [LOG] [WS] 🗺️ Broadcast recibido. Avatares: 1 [Hijo Test(2)] @ https://jimsimrodev.github.io/pequenos-sanos/assets/index-C7AoTPzR.js:82
[   20659ms] [LOG] [WS] 🗺️ Broadcast recibido. Avatares: 1 [Hijo Test(2)] @ https://jimsimrodev.github.io/pequenos-sanos/assets/index-C7AoTPzR.js:82
[   20661ms] [LOG] [WS] 🗺️ Broadcast recibido. Avatares: 1 [Hijo Test(2)] @ https://jimsimrodev.github.io/pequenos-sanos/assets/index-C7AoTPzR.js:82
[   20662ms] [LOG] [WS] 🗺️ Broadcast recibido. Avatares: 1 [Hijo Test(2)] @ https://jimsimrodev.github.io/pequenos-sanos/assets/index-C7AoTPzR.js:82
[   20663ms] [LOG] [WS] 🗺️ Broadcast recibido. Avatares: 1 [Hijo Test(2)] @ https://jimsimrodev.github.io/pequenos-sanos/assets/index-C7AoTPzR.js:82
[   20664ms] [LOG] [WS] 🗺️ Broadcast recibido. Avatares: 1 [Hijo Test(2)] @ https://jimsimrodev.github.io/pequenos-sanos/assets/index-C7AoTPzR.js:82
[   20666ms] [LOG] [WS] 🗺️ Broadcast recibido. Avatares: 1 [Hijo Test(2)] @ https://jimsimrodev.github.io/pequenos-sanos/assets/index-C7AoTPzR.js:82
[   20667ms] [LOG] [WS] 🗺️ Broadcast recibido. Avatares: 1 [Hijo Test(2)] @ https://jimsimrodev.github.io/pequenos-sanos/assets/index-C7AoTPzR.js:82
[   20669ms] [LOG] [WS] 🗺️ Broadcast recibido. Avatares: 1 [Hijo Test(2)] @ https://jimsimrodev.github.io/pequenos-sanos/assets/index-C7AoTPzR.js:82
[   20670ms] [LOG] [WS] 🗺️ Broadcast recibido. Avatares: 1 [Hijo Test(2)] @ https://jimsimrodev.github.io/pequenos-sanos/assets/index-C7AoTPzR.js:82
[   20671ms] [LOG] [WS] 🗺️ Broadcast recibido. Avatares: 1 [Hijo Test(2)] @ https://jimsimrodev.github.io/pequenos-sanos/assets/index-C7AoTPzR.js:82
[   20672ms] [LOG] [WS] 🗺️ Broadcast recibido. Avatares: 1 [Hijo Test(2)] @ https://jimsimrodev.github.io/pequenos-sanos/assets/index-C7AoTPzR.js:82
[   20674ms] [LOG] [WS] 🗺️ Broadcast recibido. Avatares: 1 [Hijo Test(2)] @ https://jimsimrodev.github.io/pequenos-sanos/assets/index-C7AoTPzR.js:82
[   20675ms] [LOG] [WS] 🗺️ Broadcast recibido. Avatares: 1 [Hijo Test(2)] @ https://jimsimrodev.github.io/pequenos-sanos/assets/index-C7AoTPzR.js:82
[   20677ms] [LOG] [WS] 🗺️ Broadcast recibido. Avatares: 1 [Hijo Test(2)] @ https://jimsimrodev.github.io/pequenos-sanos/assets/index-C7AoTPzR.js:82
[   20679ms] [LOG] [WS] 🗺️ Broadcast recibido. Avatares: 1 [Hijo Test(2)] @ https://jimsimrodev.github.io/pequenos-sanos/assets/index-C7AoTPzR.js:82
[   20681ms] [LOG] [WS] 🗺️ Broadcast recibido. Avatares: 1 [Hijo Test(2)] @ https://jimsimrodev.github.io/pequenos-sanos/assets/index-C7AoTPzR.js:82
[   20683ms] [LOG] [WS] 🗺️ Broadcast recibido. Avatares: 1 [Hijo Test(2)] @ https://jimsimrodev.github.io/pequenos-sanos/assets/index-C7AoTPzR.js:82
[   20684ms] [LOG] [WS] 🗺️ Broadcast recibido. Avatares: 1 [Hijo Test(2)] @ https://jimsimrodev.github.io/pequenos-sanos/assets/index-C7AoTPzR.js:82
[   20685ms] [LOG] [WS] 🗺️ Broadcast recibido. Avatares: 1 [Hijo Test(2)] @ https://jimsimrodev.github.io/pequenos-sanos/assets/index-C7AoTPzR.js:82
[   20686ms] [LOG] [WS] 🗺️ Broadcast recibido. Avatares: 1 [Hijo Test(2)] @ https://jimsimrodev.github.io/pequenos-sanos/assets/index-C7AoTPzR.js:82
[   20687ms] [LOG] [WS] 🗺️ Broadcast recibido. Avatares: 1 [Hijo Test(2)] @ https://jimsimrodev.github.io/pequenos-sanos/assets/index-C7AoTPzR.js:82
[   20689ms] [LOG] [WS] 🗺️ Broadcast recibido. Avatares: 1 [Hijo Test(2)] @ https://jimsimrodev.github.io/pequenos-sanos/assets/index-C7AoTPzR.js:82
[   20690ms] [LOG] [WS] 🗺️ Broadcast recibido. Avatares: 1 [Hijo Test(2)] @ https://jimsimrodev.github.io/pequenos-sanos/assets/index-C7AoTPzR.js:82
[   20691ms] [LOG] [WS] 🗺️ Broadcast recibido. Avatares: 1 [Hijo Test(2)] @ https://jimsimrodev.github.io/pequenos-sanos/assets/index-C7AoTPzR.js:82
[   20693ms] [LOG] [WS] 🗺️ Broadcast recibido. Avatares: 1 [Hijo Test(2)] @ https://jimsimrodev.github.io/pequenos-sanos/assets/index-C7AoTPzR.js:82
[   20696ms] [LOG] [WS] 🗺️ Broadcast recibido. Avatares: 1 [Hijo Test(2)] @ https://jimsimrodev.github.io/pequenos-sanos/assets/index-C7AoTPzR.js:82
[   20697ms] [LOG] [WS] 🗺️ Broadcast recibido. Avatares: 1 [Hijo Test(2)] @ https://jimsimrodev.github.io/pequenos-sanos/assets/index-C7AoTPzR.js:82
[   20699ms] [LOG] [WS] 🗺️ Broadcast recibido. Avatares: 1 [Hijo Test(2)] @ https://jimsimrodev.github.io/pequenos-sanos/assets/index-C7AoTPzR.js:82
[   20700ms] [LOG] [WS] 🗺️ Broadcast recibido. Avatares: 1 [Hijo Test(2)] @ https://jimsimrodev.github.io/pequenos-sanos/assets/index-C7AoTPzR.js:82
[   20701ms] [LOG] [WS] 🗺️ Broadcast recibido. Avatares: 1 [Hijo Test(2)] @ https://jimsimrodev.github.io/pequenos-sanos/assets/index-C7AoTPzR.js:82
[   20701ms] [LOG] [WS] 🗺️ Broadcast recibido. Avatares: 1 [Hijo Test(2)] @ https://jimsimrodev.github.io/pequenos-sanos/assets/index-C7AoTPzR.js:82
[   20703ms] [LOG] [WS] 🗺️ Broadcast recibido. Avatares: 1 [Hijo Test(2)] @ https://jimsimrodev.github.io/pequenos-sanos/assets/index-C7AoTPzR.js:82
[   20704ms] [LOG] [WS] 🗺️ Broadcast recibido. Avatares: 1 [Hijo Test(2)] @ https://jimsimrodev.github.io/pequenos-sanos/assets/index-C7AoTPzR.js:82
[   20705ms] [LOG] [WS] 🗺️ Broadcast recibido. Avatares: 1 [Hijo Test(2)] @ https://jimsimrodev.github.io/pequenos-sanos/assets/index-C7AoTPzR.js:82
[   20706ms] [LOG] [WS] 🗺️ Broadcast recibido. Avatares: 1 [Hijo Test(2)] @ https://jimsimrodev.github.io/pequenos-sanos/assets/index-C7AoTPzR.js:82
[   20708ms] [LOG] [WS] 🗺️ Broadcast recibido. Avatares: 1 [Hijo Test(2)] @ https://jimsimrodev.github.io/pequenos-sanos/assets/index-C7AoTPzR.js:82
[   20709ms] [LOG] [WS] 🗺️ Broadcast recibido. Avatares: 1 [Hijo Test(2)] @ https://jimsimrodev.github.io/pequenos-sanos/assets/index-C7AoTPzR.js:82
[   20710ms] [LOG] [WS] 🗺️ Broadcast recibido. Avatares: 1 [Hijo Test(2)] @ https://jimsimrodev.github.io/pequenos-sanos/assets/index-C7AoTPzR.js:82
[   20760ms] [LOG] [WS] 🗺️ Broadcast recibido. Avatares: 1 [Hijo Test(2)] @ https://jimsimrodev.github.io/pequenos-sanos/assets/index-C7AoTPzR.js:82
[   20764ms] [LOG] [WS] 🗺️ Broadcast recibido. Avatares: 1 [Hijo Test(2)] @ https://jimsimrodev.github.io/pequenos-sanos/assets/index-C7AoTPzR.js:82
[   20765ms] [LOG] [WS] 🗺️ Broadcast recibido. Avatares: 1 [Hijo Test(2)] @ https://jimsimrodev.github.io/pequenos-sanos/assets/index-C7AoTPzR.js:82
[   20767ms] [LOG] [WS] 🗺️ Broadcast recibido. Avatares: 1 [Hijo Test(2)] @ https://jimsimrodev.github.io/pequenos-sanos/assets/index-C7AoTPzR.js:82
[   20767ms] [LOG] [WS] 🗺️ Broadcast recibido. Avatares: 1 [Hijo Test(2)] @ https://jimsimrodev.github.io/pequenos-sanos/assets/index-C7AoTPzR.js:82
[   20768ms] [LOG] [WS] 🗺️ Broadcast recibido. Avatares: 1 [Hijo Test(2)] @ https://jimsimrodev.github.io/pequenos-sanos/assets/index-C7AoTPzR.js:82
[   20769ms] [LOG] [WS] 🗺️ Broadcast recibido. Avatares: 1 [Hijo Test(2)] @ https://jimsimrodev.github.io/pequenos-sanos/assets/index-C7AoTPzR.js:82
[   20771ms] [LOG] [WS] 🗺️ Broadcast recibido. Avatares: 1 [Hijo Test(2)] @ https://jimsimrodev.github.io/pequenos-sanos/assets/index-C7AoTPzR.js:82
[   20772ms] [LOG] [WS] 🗺️ Broadcast recibido. Avatares: 1 [Hijo Test(2)] @ https://jimsimrodev.github.io/pequenos-sanos/assets/index-C7AoTPzR.js:82
[   20773ms] [LOG] [WS] 🗺️ Broadcast recibido. Avatares: 1 [Hijo Test(2)] @ https://jimsimrodev.github.io/pequenos-sanos/assets/index-C7AoTPzR.js:82
[   20777ms] [LOG] [WS] 🗺️ Broadcast recibido. Avatares: 1 [Hijo Test(2)] @ https://jimsimrodev.github.io/pequenos-sanos/assets/index-C7AoTPzR.js:82
[   20780ms] [LOG] [WS] 🗺️ Broadcast recibido. Avatares: 1 [Hijo Test(2)] @ https://jimsimrodev.github.io/pequenos-sanos/assets/index-C7AoTPzR.js:82
[   20781ms] [LOG] [WS] 🗺️ Broadcast recibido. Avatares: 1 [Hijo Test(2)] @ https://jimsimrodev.github.io/pequenos-sanos/assets/index-C7AoTPzR.js:82
[   20783ms] [LOG] [WS] 🗺️ Broadcast recibido. Avatares: 1 [Hijo Test(2)] @ https://jimsimrodev.github.io/pequenos-sanos/assets/index-C7AoTPzR.js:82
[   20785ms] [LOG] [WS] 🗺️ Broadcast recibido. Avatares: 1 [Hijo Test(2)] @ https://jimsimrodev.github.io/pequenos-sanos/assets/index-C7AoTPzR.js:82
[   20786ms] [LOG] [WS] 🗺️ Broadcast recibido. Avatares: 1 [Hijo Test(2)] @ https://jimsimrodev.github.io/pequenos-sanos/assets/index-C7AoTPzR.js:82
[   20788ms] [LOG] [WS] 🗺️ Broadcast recibido. Avatares: 1 [Hijo Test(2)] @ https://jimsimrodev.github.io/pequenos-sanos/assets/index-C7AoTPzR.js:82
[   20789ms] [LOG] [WS] 🗺️ Broadcast recibido. Avatares: 1 [Hijo Test(2)] @ https://jimsimrodev.github.io/pequenos-sanos/assets/index-C7AoTPzR.js:82
[   20794ms] [LOG] [WS] 🗺️ Broadcast recibido. Avatares: 1 [Hijo Test(2)] @ https://jimsimrodev.github.io/pequenos-sanos/assets/index-C7AoTPzR.js:82
[   20795ms] [LOG] [WS] 🗺️ Broadcast recibido. Avatares: 1 [Hijo Test(2)] @ https://jimsimrodev.github.io/pequenos-sanos/assets/index-C7AoTPzR.js:82
[   20797ms] [LOG] [WS] 🗺️ Broadcast recibido. Avatares: 1 [Hijo Test(2)] @ https://jimsimrodev.github.io/pequenos-sanos/assets/index-C7AoTPzR.js:82
[   20797ms] [LOG] [WS] 🗺️ Broadcast recibido. Avatares: 1 [Hijo Test(2)] @ https://jimsimrodev.github.io/pequenos-sanos/assets/index-C7AoTPzR.js:82
[   20798ms] [LOG] [WS] 🗺️ Broadcast recibido. Avatares: 1 [Hijo Test(2)] @ https://jimsimrodev.github.io/pequenos-sanos/assets/index-C7AoTPzR.js:82
[   20858ms] [LOG] [WS] 🗺️ Broadcast recibido. Avatares: 1 [Hijo Test(2)] @ https://jimsimrodev.github.io/pequenos-sanos/assets/index-C7AoTPzR.js:82
[   20861ms] [LOG] [WS] 🗺️ Broadcast recibido. Avatares: 1 [Hijo Test(2)] @ https://jimsimrodev.github.io/pequenos-sanos/assets/index-C7AoTPzR.js:82
[   20862ms] [LOG] [WS] 🗺️ Broadcast recibido. Avatares: 1 [Hijo Test(2)] @ https://jimsimrodev.github.io/pequenos-sanos/assets/index-C7AoTPzR.js:82
[   20903ms] [LOG] [WS] 🗺️ Broadcast recibido. Avatares: 1 [Hijo Test(2)] @ https://jimsimrodev.github.io/pequenos-sanos/assets/index-C7AoTPzR.js:82
[   20946ms] [LOG] [WS] 🗺️ Broadcast recibido. Avatares: 1 [Hijo Test(2)] @ https://jimsimrodev.github.io/pequenos-sanos/assets/index-C7AoTPzR.js:82
[   20947ms] [LOG] [WS] 🗺️ Broadcast recibido. Avatares: 1 [Hijo Test(2)] @ https://jimsimrodev.github.io/pequenos-sanos/assets/index-C7AoTPzR.js:82
[   20997ms] [LOG] [WS] 🗺️ Broadcast recibido. Avatares: 1 [Hijo Test(2)] @ https://jimsimrodev.github.io/pequenos-sanos/assets/index-C7AoTPzR.js:82
[   21042ms] [LOG] [WS] 🗺️ Broadcast recibido. Avatares: 1 [Hijo Test(2)] @ https://jimsimrodev.github.io/pequenos-sanos/assets/index-C7AoTPzR.js:82
[   21043ms] [LOG] [WS] 🗺️ Broadcast recibido. Avatares: 1 [Hijo Test(2)] @ https://jimsimrodev.github.io/pequenos-sanos/assets/index-C7AoTPzR.js:82
[   21086ms] [LOG] [WS] 🗺️ Broadcast recibido. Avatares: 1 [Hijo Test(2)] @ https://jimsimrodev.github.io/pequenos-sanos/assets/index-C7AoTPzR.js:82
[   21137ms] [LOG] [WS] 🗺️ Broadcast recibido. Avatares: 1 [Hijo Test(2)] @ https://jimsimrodev.github.io/pequenos-sanos/assets/index-C7AoTPzR.js:82
[   21188ms] [LOG] [WS] 🗺️ Broadcast recibido. Avatares: 1 [Hijo Test(2)] @ https://jimsimrodev.github.io/pequenos-sanos/assets/index-C7AoTPzR.js:82
[   21189ms] [LOG] [WS] 🗺️ Broadcast recibido. Avatares: 1 [Hijo Test(2)] @ https://jimsimrodev.github.io/pequenos-sanos/assets/index-C7AoTPzR.js:82
[   21235ms] [LOG] [WS] 🗺️ Broadcast recibido. Avatares: 1 [Hijo Test(2)] @ https://jimsimrodev.github.io/pequenos-sanos/assets/index-C7AoTPzR.js:82
[   21278ms] [LOG] [WS] 🗺️ Broadcast recibido. Avatares: 1 [Hijo Test(2)] @ https://jimsimrodev.github.io/pequenos-sanos/assets/index-C7AoTPzR.js:82
[   21279ms] [LOG] [WS] 🗺️ Broadcast recibido. Avatares: 1 [Hijo Test(2)] @ https://jimsimrodev.github.io/pequenos-sanos/assets/index-C7AoTPzR.js:82
[   21324ms] [LOG] [WS] 🗺️ Broadcast recibido. Avatares: 1 [Hijo Test(2)] @ https://jimsimrodev.github.io/pequenos-sanos/assets/index-C7AoTPzR.js:82
[   21375ms] [LOG] [WS] 🗺️ Broadcast recibido. Avatares: 1 [Hijo Test(2)] @ https://jimsimrodev.github.io/pequenos-sanos/assets/index-C7AoTPzR.js:82
[   21430ms] [LOG] [WS] 🗺️ Broadcast recibido. Avatares: 1 [Hijo Test(2)] @ https://jimsimrodev.github.io/pequenos-sanos/assets/index-C7AoTPzR.js:82
[   21431ms] [LOG] [WS] 🗺️ Broadcast recibido. Avatares: 1 [Hijo Test(2)] @ https://jimsimrodev.github.io/pequenos-sanos/assets/index-C7AoTPzR.js:82
[   21481ms] [LOG] [WS] 🗺️ Broadcast recibido. Avatares: 1 [Hijo Test(2)] @ https://jimsimrodev.github.io/pequenos-sanos/assets/index-C7AoTPzR.js:82
[   21482ms] [LOG] [WS] 🗺️ Broadcast recibido. Avatares: 1 [Hijo Test(2)] @ https://jimsimrodev.github.io/pequenos-sanos/assets/index-C7AoTPzR.js:82
[   21529ms] [LOG] [WS] 🗺️ Broadcast recibido. Avatares: 1 [Hijo Test(2)] @ https://jimsimrodev.github.io/pequenos-sanos/assets/index-C7AoTPzR.js:82
[   21580ms] [LOG] [WS] 🗺️ Broadcast recibido. Avatares: 1 [Hijo Test(2)] @ https://jimsimrodev.github.io/pequenos-sanos/assets/index-C7AoTPzR.js:82
[   21580ms] [LOG] [WS] 🗺️ Broadcast recibido. Avatares: 1 [Hijo Test(2)] @ https://jimsimrodev.github.io/pequenos-sanos/assets/index-C7AoTPzR.js:82
[   21635ms] [LOG] [WS] 🗺️ Broadcast recibido. Avatares: 1 [Hijo Test(2)] @ https://jimsimrodev.github.io/pequenos-sanos/assets/index-C7AoTPzR.js:82
[   21678ms] [LOG] [WS] 🗺️ Broadcast recibido. Avatares: 1 [Hijo Test(2)] @ https://jimsimrodev.github.io/pequenos-sanos/assets/index-C7AoTPzR.js:82
[   21679ms] [LOG] [WS] 🗺️ Broadcast recibido. Avatares: 1 [Hijo Test(2)] @ https://jimsimrodev.github.io/pequenos-sanos/assets/index-C7AoTPzR.js:82
[   21725ms] [LOG] [WS] 🗺️ Broadcast recibido. Avatares: 1 [Hijo Test(2)] @ https://jimsimrodev.github.io/pequenos-sanos/assets/index-C7AoTPzR.js:82
[   21769ms] [LOG] [WS] 🗺️ Broadcast recibido. Avatares: 1 [Hijo Test(2)] @ https://jimsimrodev.github.io/pequenos-sanos/assets/index-C7AoTPzR.js:82
[   21771ms] [LOG] [WS] 🗺️ Broadcast recibido. Avatares: 1 [Hijo Test(2)] @ https://jimsimrodev.github.io/pequenos-sanos/assets/index-C7AoTPzR.js:82
[   21815ms] [LOG] [WS] 🗺️ Broadcast recibido. Avatares: 1 [Hijo Test(2)] @ https://jimsimrodev.github.io/pequenos-sanos/assets/index-C7AoTPzR.js:82
[   21863ms] [LOG] [WS] 🗺️ Broadcast recibido. Avatares: 1 [Hijo Test(2)] @ https://jimsimrodev.github.io/pequenos-sanos/assets/index-C7AoTPzR.js:82
[   21916ms] [LOG] [WS] 🗺️ Broadcast recibido. Avatares: 1 [Hijo Test(2)] @ https://jimsimrodev.github.io/pequenos-sanos/assets/index-C7AoTPzR.js:82
[   21920ms] [LOG] [WS] 🗺️ Broadcast recibido. Avatares: 1 [Hijo Test(2)] @ https://jimsimrodev.github.io/pequenos-sanos/assets/index-C7AoTPzR.js:82
[   21968ms] [LOG] [WS] 🗺️ Broadcast recibido. Avatares: 1 [Hijo Test(2)] @ https://jimsimrodev.github.io/pequenos-sanos/assets/index-C7AoTPzR.js:82
[   21969ms] [LOG] [WS] 🗺️ Broadcast recibido. Avatares: 1 [Hijo Test(2)] @ https://jimsimrodev.github.io/pequenos-sanos/assets/index-C7AoTPzR.js:82
[   22008ms] [LOG] [WS] 🗺️ Broadcast recibido. Avatares: 1 [Hijo Test(2)] @ https://jimsimrodev.github.io/pequenos-sanos/assets/index-C7AoTPzR.js:82
[   22056ms] [LOG] [WS] 🗺️ Broadcast recibido. Avatares: 1 [Hijo Test(2)] @ https://jimsimrodev.github.io/pequenos-sanos/assets/index-C7AoTPzR.js:82
[   22106ms] [LOG] [WS] 🗺️ Broadcast recibido. Avatares: 1 [Hijo Test(2)] @ https://jimsimrodev.github.io/pequenos-sanos/assets/index-C7AoTPzR.js:82
[   22157ms] [LOG] [WS] 🗺️ Broadcast recibido. Avatares: 1 [Hijo Test(2)] @ https://jimsimrodev.github.io/pequenos-sanos/assets/index-C7AoTPzR.js:82
[   22159ms] [LOG] [WS] 🗺️ Broadcast recibido. Avatares: 1 [Hijo Test(2)] @ https://jimsimrodev.github.io/pequenos-sanos/assets/index-C7AoTPzR.js:82
[   22206ms] [LOG] [WS] 🗺️ Broadcast recibido. Avatares: 1 [Hijo Test(2)] @ https://jimsimrodev.github.io/pequenos-sanos/assets/index-C7AoTPzR.js:82
[   22209ms] [LOG] [WS] 🗺️ Broadcast recibido. Avatares: 1 [Hijo Test(2)] @ https://jimsimrodev.github.io/pequenos-sanos/assets/index-C7AoTPzR.js:82
[   22254ms] [LOG] [WS] 🗺️ Broadcast recibido. Avatares: 1 [Hijo Test(2)] @ https://jimsimrodev.github.io/pequenos-sanos/assets/index-C7AoTPzR.js:82
[   22308ms] [LOG] [WS] 🗺️ Broadcast recibido. Avatares: 1 [Hijo Test(2)] @ https://jimsimrodev.github.io/pequenos-sanos/assets/index-C7AoTPzR.js:82
[   22309ms] [LOG] [WS] 🗺️ Broadcast recibido. Avatares: 1 [Hijo Test(2)] @ https://jimsimrodev.github.io/pequenos-sanos/assets/index-C7AoTPzR.js:82
[   22352ms] [LOG] [WS] 🗺️ Broadcast recibido. Avatares: 1 [Hijo Test(2)] @ https://jimsimrodev.github.io/pequenos-sanos/assets/index-C7AoTPzR.js:82
[   22404ms] [LOG] [WS] 🗺️ Broadcast recibido. Avatares: 1 [Hijo Test(2)] @ https://jimsimrodev.github.io/pequenos-sanos/assets/index-C7AoTPzR.js:82
[   22405ms] [LOG] [WS] 🗺️ Broadcast recibido. Avatares: 1 [Hijo Test(2)] @ https://jimsimrodev.github.io/pequenos-sanos/assets/index-C7AoTPzR.js:82
[   22454ms] [LOG] [WS] 🗺️ Broadcast recibido. Avatares: 1 [Hijo Test(2)] @ https://jimsimrodev.github.io/pequenos-sanos/assets/index-C7AoTPzR.js:82
[   22508ms] [LOG] [WS] 🗺️ Broadcast recibido. Avatares: 1 [Hijo Test(2)] @ https://jimsimrodev.github.io/pequenos-sanos/assets/index-C7AoTPzR.js:82
[   22510ms] [LOG] [WS] 🗺️ Broadcast recibido. Avatares: 1 [Hijo Test(2)] @ https://jimsimrodev.github.io/pequenos-sanos/assets/index-C7AoTPzR.js:82
[   22559ms] [LOG] [WS] 🗺️ Broadcast recibido. Avatares: 1 [Hijo Test(2)] @ https://jimsimrodev.github.io/pequenos-sanos/assets/index-C7AoTPzR.js:82
[   22616ms] [LOG] [WS] 🗺️ Broadcast recibido. Avatares: 1 [Hijo Test(2)] @ https://jimsimrodev.github.io/pequenos-sanos/assets/index-C7AoTPzR.js:82
[   22618ms] [LOG] [WS] 🗺️ Broadcast recibido. Avatares: 1 [Hijo Test(2)] @ https://jimsimrodev.github.io/pequenos-sanos/assets/index-C7AoTPzR.js:82
[   22676ms] [LOG] [WS] 🗺️ Broadcast recibido. Avatares: 1 [Hijo Test(2)] @ https://jimsimrodev.github.io/pequenos-sanos/assets/index-C7AoTPzR.js:82
[   22677ms] [LOG] [WS] 🗺️ Broadcast recibido. Avatares: 1 [Hijo Test(2)] @ https://jimsimrodev.github.io/pequenos-sanos/assets/index-C7AoTPzR.js:82
[   22744ms] [LOG] [WS] 🗺️ Broadcast recibido. Avatares: 1 [Hijo Test(2)] @ https://jimsimrodev.github.io/pequenos-sanos/assets/index-C7AoTPzR.js:82
[   22798ms] [LOG] [WS] 🗺️ Broadcast recibido. Avatares: 1 [Hijo Test(2)] @ https://jimsimrodev.github.io/pequenos-sanos/assets/index-C7AoTPzR.js:82
[   22798ms] [LOG] [WS] 🗺️ Broadcast recibido. Avatares: 1 [Hijo Test(2)] @ https://jimsimrodev.github.io/pequenos-sanos/assets/index-C7AoTPzR.js:82
[   22799ms] [LOG] [WS] 🗺️ Broadcast recibido. Avatares: 1 [Hijo Test(2)] @ https://jimsimrodev.github.io/pequenos-sanos/assets/index-C7AoTPzR.js:82
[   22844ms] [LOG] [WS] 🗺️ Broadcast recibido. Avatares: 1 [Hijo Test(2)] @ https://jimsimrodev.github.io/pequenos-sanos/assets/index-C7AoTPzR.js:82
[   22891ms] [LOG] [WS] 🗺️ Broadcast recibido. Avatares: 1 [Hijo Test(2)] @ https://jimsimrodev.github.io/pequenos-sanos/assets/index-C7AoTPzR.js:82
[   22948ms] [LOG] [WS] 🗺️ Broadcast recibido. Avatares: 1 [Hijo Test(2)] @ https://jimsimrodev.github.io/pequenos-sanos/assets/index-C7AoTPzR.js:82
[   22950ms] [LOG] [WS] 🗺️ Broadcast recibido. Avatares: 1 [Hijo Test(2)] @ https://jimsimrodev.github.io/pequenos-sanos/assets/index-C7AoTPzR.js:82
[   23008ms] [LOG] [WS] 🗺️ Broadcast recibido. Avatares: 1 [Hijo Test(2)] @ https://jimsimrodev.github.io/pequenos-sanos/assets/index-C7AoTPzR.js:82
[   23011ms] [LOG] [WS] 🗺️ Broadcast recibido. Avatares: 1 [Hijo Test(2)] @ https://jimsimrodev.github.io/pequenos-sanos/assets/index-C7AoTPzR.js:82
[   23059ms] [LOG] [WS] 🗺️ Broadcast recibido. Avatares: 1 [Hijo Test(2)] @ https://jimsimrodev.github.io/pequenos-sanos/assets/index-C7AoTPzR.js:82
[   23062ms] [LOG] [WS] 🗺️ Broadcast recibido. Avatares: 1 [Hijo Test(2)] @ https://jimsimrodev.github.io/pequenos-sanos/assets/index-C7AoTPzR.js:82
[   23116ms] [LOG] [WS] 🗺️ Broadcast recibido. Avatares: 1 [Hijo Test(2)] @ https://jimsimrodev.github.io/pequenos-sanos/assets/index-C7AoTPzR.js:82
[   23170ms] [LOG] [WS] 🗺️ Broadcast recibido. Avatares: 1 [Hijo Test(2)] @ https://jimsimrodev.github.io/pequenos-sanos/assets/index-C7AoTPzR.js:82
[   23231ms] [LOG] [WS] 🗺️ Broadcast recibido. Avatares: 1 [Hijo Test(2)] @ https://jimsimrodev.github.io/pequenos-sanos/assets/index-C7AoTPzR.js:82
[   23232ms] [LOG] [WS] 🗺️ Broadcast recibido. Avatares: 1 [Hijo Test(2)] @ https://jimsimrodev.github.io/pequenos-sanos/assets/index-C7AoTPzR.js:82
[   23283ms] [LOG] [WS] 🗺️ Broadcast recibido. Avatares: 1 [Hijo Test(2)] @ https://jimsimrodev.github.io/pequenos-sanos/assets/index-C7AoTPzR.js:82
[   23285ms] [LOG] [WS] 🗺️ Broadcast recibido. Avatares: 1 [Hijo Test(2)] @ https://jimsimrodev.github.io/pequenos-sanos/assets/index-C7AoTPzR.js:82
[   23347ms] [LOG] [WS] 🗺️ Broadcast recibido. Avatares: 1 [Hijo Test(2)] @ https://jimsimrodev.github.io/pequenos-sanos/assets/index-C7AoTPzR.js:82
[   23348ms] [LOG] [WS] 🗺️ Broadcast recibido. Avatares: 1 [Hijo Test(2)] @ https://jimsimrodev.github.io/pequenos-sanos/assets/index-C7AoTPzR.js:82
[   23396ms] [LOG] [WS] 🗺️ Broadcast recibido. Avatares: 1 [Hijo Test(2)] @ https://jimsimrodev.github.io/pequenos-sanos/assets/index-C7AoTPzR.js:82
[   23396ms] [LOG] [WS] 🗺️ Broadcast recibido. Avatares: 1 [Hijo Test(2)] @ https://jimsimrodev.github.io/pequenos-sanos/assets/index-C7AoTPzR.js:82
[   23454ms] [LOG] [WS] 🗺️ Broadcast recibido. Avatares: 1 [Hijo Test(2)] @ https://jimsimrodev.github.io/pequenos-sanos/assets/index-C7AoTPzR.js:82
[   23515ms] [LOG] [WS] 🗺️ Broadcast recibido. Avatares: 1 [Hijo Test(2)] @ https://jimsimrodev.github.io/pequenos-sanos/assets/index-C7AoTPzR.js:82
[   23516ms] [LOG] [WS] 🗺️ Broadcast recibido. Avatares: 1 [Hijo Test(2)] @ https://jimsimrodev.github.io/pequenos-sanos/assets/index-C7AoTPzR.js:82
[   23567ms] [LOG] [WS] 🗺️ Broadcast recibido. Avatares: 1 [Hijo Test(2)] @ https://jimsimrodev.github.io/pequenos-sanos/assets/index-C7AoTPzR.js:82
[   23568ms] [LOG] [WS] 🗺️ Broadcast recibido. Avatares: 1 [Hijo Test(2)] @ https://jimsimrodev.github.io/pequenos-sanos/assets/index-C7AoTPzR.js:82
[   23640ms] [LOG] [WS] 🗺️ Broadcast recibido. Avatares: 1 [Hijo Test(2)] @ https://jimsimrodev.github.io/pequenos-sanos/assets/index-C7AoTPzR.js:82
[   23641ms] [LOG] [WS] 🗺️ Broadcast recibido. Avatares: 1 [Hijo Test(2)] @ https://jimsimrodev.github.io/pequenos-sanos/assets/index-C7AoTPzR.js:82
[   23716ms] [LOG] [WS] 🗺️ Broadcast recibido. Avatares: 1 [Hijo Test(2)] @ https://jimsimrodev.github.io/pequenos-sanos/assets/index-C7AoTPzR.js:82
[   23717ms] [LOG] [WS] 🗺️ Broadcast recibido. Avatares: 1 [Hijo Test(2)] @ https://jimsimrodev.github.io/pequenos-sanos/assets/index-C7AoTPzR.js:82
[   23785ms] [LOG] [WS] 🗺️ Broadcast recibido. Avatares: 1 [Hijo Test(2)] @ https://jimsimrodev.github.io/pequenos-sanos/assets/index-C7AoTPzR.js:82
[   23786ms] [LOG] [WS] 🗺️ Broadcast recibido. Avatares: 1 [Hijo Test(2)] @ https://jimsimrodev.github.io/pequenos-sanos/assets/index-C7AoTPzR.js:82
[   23833ms] [LOG] [WS] 🗺️ Broadcast recibido. Avatares: 1 [Hijo Test(2)] @ https://jimsimrodev.github.io/pequenos-sanos/assets/index-C7AoTPzR.js:82
[   23834ms] [LOG] [WS] 🗺️ Broadcast recibido. Avatares: 1 [Hijo Test(2)] @ https://jimsimrodev.github.io/pequenos-sanos/assets/index-C7AoTPzR.js:82
[   23880ms] [LOG] [WS] 🗺️ Broadcast recibido. Avatares: 1 [Hijo Test(2)] @ https://jimsimrodev.github.io/pequenos-sanos/assets/index-C7AoTPzR.js:82
[   23881ms] [LOG] [WS] 🗺️ Broadcast recibido. Avatares: 1 [Hijo Test(2)] @ https://jimsimrodev.github.io/pequenos-sanos/assets/index-C7AoTPzR.js:82
[   23927ms] [LOG] [WS] 🗺️ Broadcast recibido. Avatares: 1 [Hijo Test(2)] @ https://jimsimrodev.github.io/pequenos-sanos/assets/index-C7AoTPzR.js:82
[   23974ms] [LOG] [WS] 🗺️ Broadcast recibido. Avatares: 1 [Hijo Test(2)] @ https://jimsimrodev.github.io/pequenos-sanos/assets/index-C7AoTPzR.js:82
[   24027ms] [LOG] [WS] 🗺️ Broadcast recibido. Avatares: 1 [Hijo Test(2)] @ https://jimsimrodev.github.io/pequenos-sanos/assets/index-C7AoTPzR.js:82
[   24027ms] [LOG] [WS] 🗺️ Broadcast recibido. Avatares: 1 [Hijo Test(2)] @ https://jimsimrodev.github.io/pequenos-sanos/assets/index-C7AoTPzR.js:82
[   24066ms] [LOG] [WS] 🗺️ Broadcast recibido. Avatares: 1 [Hijo Test(2)] @ https://jimsimrodev.github.io/pequenos-sanos/assets/index-C7AoTPzR.js:82
[   24106ms] [LOG] [WS] 🗺️ Broadcast recibido. Avatares: 1 [Hijo Test(2)] @ https://jimsimrodev.github.io/pequenos-sanos/assets/index-C7AoTPzR.js:82
[   24107ms] [LOG] [WS] 🗺️ Broadcast recibido. Avatares: 1 [Hijo Test(2)] @ https://jimsimrodev.github.io/pequenos-sanos/assets/index-C7AoTPzR.js:82
[   24145ms] [LOG] [WS] 🗺️ Broadcast recibido. Avatares: 1 [Hijo Test(2)] @ https://jimsimrodev.github.io/pequenos-sanos/assets/index-C7AoTPzR.js:82
[   24184ms] [LOG] [WS] 🗺️ Broadcast recibido. Avatares: 1 [Hijo Test(2)] @ https://jimsimrodev.github.io/pequenos-sanos/assets/index-C7AoTPzR.js:82
[   24234ms] [LOG] [WS] 🗺️ Broadcast recibido. Avatares: 1 [Hijo Test(2)] @ https://jimsimrodev.github.io/pequenos-sanos/assets/index-C7AoTPzR.js:82
[   24278ms] [LOG] [WS] 🗺️ Broadcast recibido. Avatares: 1 [Hijo Test(2)] @ https://jimsimrodev.github.io/pequenos-sanos/assets/index-C7AoTPzR.js:82
[   24279ms] [LOG] [WS] 🗺️ Broadcast recibido. Avatares: 1 [Hijo Test(2)] @ https://jimsimrodev.github.io/pequenos-sanos/assets/index-C7AoTPzR.js:82
[   24352ms] [LOG] [WS] 🗺️ Broadcast recibido. Avatares: 1 [Hijo Test(2)] @ https://jimsimrodev.github.io/pequenos-sanos/assets/index-C7AoTPzR.js:82
[   24411ms] [LOG] [WS] 🗺️ Broadcast recibido. Avatares: 1 [Hijo Test(2)] @ https://jimsimrodev.github.io/pequenos-sanos/assets/index-C7AoTPzR.js:82
[   24412ms] [LOG] [WS] 🗺️ Broadcast recibido. Avatares: 1 [Hijo Test(2)] @ https://jimsimrodev.github.io/pequenos-sanos/assets/index-C7AoTPzR.js:82
[   24502ms] [LOG] [WS] 🗺️ Broadcast recibido. Avatares: 1 [Hijo Test(2)] @ https://jimsimrodev.github.io/pequenos-sanos/assets/index-C7AoTPzR.js:82
[   24504ms] [LOG] [WS] 🗺️ Broadcast recibido. Avatares: 1 [Hijo Test(2)] @ https://jimsimrodev.github.io/pequenos-sanos/assets/index-C7AoTPzR.js:82
[   24550ms] [LOG] [WS] 🗺️ Broadcast recibido. Avatares: 1 [Hijo Test(2)] @ https://jimsimrodev.github.io/pequenos-sanos/assets/index-C7AoTPzR.js:82
[   24551ms] [LOG] [WS] 🗺️ Broadcast recibido. Avatares: 1 [Hijo Test(2)] @ https://jimsimrodev.github.io/pequenos-sanos/assets/index-C7AoTPzR.js:82
[   24552ms] [LOG] [WS] 🗺️ Broadcast recibido. Avatares: 1 [Hijo Test(2)] @ https://jimsimrodev.github.io/pequenos-sanos/assets/index-C7AoTPzR.js:82
[   24597ms] [LOG] [WS] 🗺️ Broadcast recibido. Avatares: 1 [Hijo Test(2)] @ https://jimsimrodev.github.io/pequenos-sanos/assets/index-C7AoTPzR.js:82
[   24638ms] [LOG] [WS] 🗺️ Broadcast recibido. Avatares: 1 [Hijo Test(2)] @ https://jimsimrodev.github.io/pequenos-sanos/assets/index-C7AoTPzR.js:82
[   24640ms] [LOG] [WS] 🗺️ Broadcast recibido. Avatares: 1 [Hijo Test(2)] @ https://jimsimrodev.github.io/pequenos-sanos/assets/index-C7AoTPzR.js:82
[   24690ms] [LOG] [WS] 🗺️ Broadcast recibido. Avatares: 1 [Hijo Test(2)] @ https://jimsimrodev.github.io/pequenos-sanos/assets/index-C7AoTPzR.js:82
[   24728ms] [LOG] [WS] 🗺️ Broadcast recibido. Avatares: 1 [Hijo Test(2)] @ https://jimsimrodev.github.io/pequenos-sanos/assets/index-C7AoTPzR.js:82
[   24770ms] [LOG] [WS] 🗺️ Broadcast recibido. Avatares: 1 [Hijo Test(2)] @ https://jimsimrodev.github.io/pequenos-sanos/assets/index-C7AoTPzR.js:82
[   24771ms] [LOG] [WS] 🗺️ Broadcast recibido. Avatares: 1 [Hijo Test(2)] @ https://jimsimrodev.github.io/pequenos-sanos/assets/index-C7AoTPzR.js:82
[   24820ms] [LOG] [WS] 🗺️ Broadcast recibido. Avatares: 1 [Hijo Test(2)] @ https://jimsimrodev.github.io/pequenos-sanos/assets/index-C7AoTPzR.js:82
[   24868ms] [LOG] [WS] 🗺️ Broadcast recibido. Avatares: 1 [Hijo Test(2)] @ https://jimsimrodev.github.io/pequenos-sanos/assets/index-C7AoTPzR.js:82
[   24913ms] [LOG] [WS] 🗺️ Broadcast recibido. Avatares: 1 [Hijo Test(2)] @ https://jimsimrodev.github.io/pequenos-sanos/assets/index-C7AoTPzR.js:82
[   24913ms] [LOG] [WS] 🗺️ Broadcast recibido. Avatares: 1 [Hijo Test(2)] @ https://jimsimrodev.github.io/pequenos-sanos/assets/index-C7AoTPzR.js:82
[   24965ms] [LOG] [WS] 🗺️ Broadcast recibido. Avatares: 1 [Hijo Test(2)] @ https://jimsimrodev.github.io/pequenos-sanos/assets/index-C7AoTPzR.js:82
[   25020ms] [LOG] [WS] 🗺️ Broadcast recibido. Avatares: 1 [Hijo Test(2)] @ https://jimsimrodev.github.io/pequenos-sanos/assets/index-C7AoTPzR.js:82
[   25021ms] [LOG] [WS] 🗺️ Broadcast recibido. Avatares: 1 [Hijo Test(2)] @ https://jimsimrodev.github.io/pequenos-sanos/assets/index-C7AoTPzR.js:82
[   25076ms] [LOG] [WS] 🗺️ Broadcast recibido. Avatares: 1 [Hijo Test(2)] @ https://jimsimrodev.github.io/pequenos-sanos/assets/index-C7AoTPzR.js:82
[   25078ms] [LOG] [WS] 🗺️ Broadcast recibido. Avatares: 1 [Hijo Test(2)] @ https://jimsimrodev.github.io/pequenos-sanos/assets/index-C7AoTPzR.js:82
[   25133ms] [LOG] [WS] 🗺️ Broadcast recibido. Avatares: 1 [Hijo Test(2)] @ https://jimsimrodev.github.io/pequenos-sanos/assets/index-C7AoTPzR.js:82
[   25222ms] [LOG] [WS] 🗺️ Broadcast recibido. Avatares: 1 [Hijo Test(2)] @ https://jimsimrodev.github.io/pequenos-sanos/assets/index-C7AoTPzR.js:82
[   25223ms] [LOG] [WS] 🗺️ Broadcast recibido. Avatares: 1 [Hijo Test(2)] @ https://jimsimrodev.github.io/pequenos-sanos/assets/index-C7AoTPzR.js:82
[   25247ms] [LOG] [WS] 🗺️ Broadcast recibido. Avatares: 1 [Hijo Test(2)] @ https://jimsimrodev.github.io/pequenos-sanos/assets/index-C7AoTPzR.js:82
[   25247ms] [LOG] [WS] 🗺️ Broadcast recibido. Avatares: 1 [Hijo Test(2)] @ https://jimsimrodev.github.io/pequenos-sanos/assets/index-C7AoTPzR.js:82
[   25248ms] [LOG] [WS] 🗺️ Broadcast recibido. Avatares: 1 [Hijo Test(2)] @ https://jimsimrodev.github.io/pequenos-sanos/assets/index-C7AoTPzR.js:82
[   25270ms] [LOG] [WS] 🗺️ Broadcast recibido. Avatares: 1 [Hijo Test(2)] @ https://jimsimrodev.github.io/pequenos-sanos/assets/index-C7AoTPzR.js:82
[   25295ms] [LOG] [WS] 🗺️ Broadcast recibido. Avatares: 1 [Hijo Test(2)] @ https://jimsimrodev.github.io/pequenos-sanos/assets/index-C7AoTPzR.js:82
[   25329ms] [LOG] [WS] 🗺️ Broadcast recibido. Avatares: 1 [Hijo Test(2)] @ https://jimsimrodev.github.io/pequenos-sanos/assets/index-C7AoTPzR.js:82
[   25356ms] [LOG] [WS] 🗺️ Broadcast recibido. Avatares: 1 [Hijo Test(2)] @ https://jimsimrodev.github.io/pequenos-sanos/assets/index-C7AoTPzR.js:82
[   25391ms] [LOG] [WS] 🗺️ Broadcast recibido. Avatares: 1 [Hijo Test(2)] @ https://jimsimrodev.github.io/pequenos-sanos/assets/index-C7AoTPzR.js:82
[   25426ms] [LOG] [WS] 🗺️ Broadcast recibido. Avatares: 1 [Hijo Test(2)] @ https://jimsimrodev.github.io/pequenos-sanos/assets/index-C7AoTPzR.js:82
[   25462ms] [LOG] [WS] 🗺️ Broadcast recibido. Avatares: 1 [Hijo Test(2)] @ https://jimsimrodev.github.io/pequenos-sanos/assets/index-C7AoTPzR.js:82
[   25492ms] [LOG] [WS] 🗺️ Broadcast recibido. Avatares: 1 [Hijo Test(2)] @ https://jimsimrodev.github.io/pequenos-sanos/assets/index-C7AoTPzR.js:82
[   25524ms] [LOG] [WS] 🗺️ Broadcast recibido. Avatares: 1 [Hijo Test(2)] @ https://jimsimrodev.github.io/pequenos-sanos/assets/index-C7AoTPzR.js:82
[   25559ms] [LOG] [WS] 🗺️ Broadcast recibido. Avatares: 1 [Hijo Test(2)] @ https://jimsimrodev.github.io/pequenos-sanos/assets/index-C7AoTPzR.js:82
[   25592ms] [LOG] [WS] 🗺️ Broadcast recibido. Avatares: 1 [Hijo Test(2)] @ https://jimsimrodev.github.io/pequenos-sanos/assets/index-C7AoTPzR.js:82
[   25629ms] [LOG] [WS] 🗺️ Broadcast recibido. Avatares: 1 [Hijo Test(2)] @ https://jimsimrodev.github.io/pequenos-sanos/assets/index-C7AoTPzR.js:82
[   25658ms] [LOG] [WS] 🗺️ Broadcast recibido. Avatares: 1 [Hijo Test(2)] @ https://jimsimrodev.github.io/pequenos-sanos/assets/index-C7AoTPzR.js:82
[   25685ms] [LOG] [WS] 🗺️ Broadcast recibido. Avatares: 1 [Hijo Test(2)] @ https://jimsimrodev.github.io/pequenos-sanos/assets/index-C7AoTPzR.js:82
[   25720ms] [LOG] [WS] 🗺️ Broadcast recibido. Avatares: 1 [Hijo Test(2)] @ https://jimsimrodev.github.io/pequenos-sanos/assets/index-C7AoTPzR.js:82
[   25756ms] [LOG] [WS] 🗺️ Broadcast recibido. Avatares: 1 [Hijo Test(2)] @ https://jimsimrodev.github.io/pequenos-sanos/assets/index-C7AoTPzR.js:82
[   25779ms] [LOG] [WS] 🗺️ Broadcast recibido. Avatares: 1 [Hijo Test(2)] @ https://jimsimrodev.github.io/pequenos-sanos/assets/index-C7AoTPzR.js:82
[   25826ms] [LOG] [WS] 🗺️ Broadcast recibido. Avatares: 1 [Hijo Test(2)] @ https://jimsimrodev.github.io/pequenos-sanos/assets/index-C7AoTPzR.js:82
[   25860ms] [LOG] [WS] 🗺️ Broadcast recibido. Avatares: 1 [Hijo Test(2)] @ https://jimsimrodev.github.io/pequenos-sanos/assets/index-C7AoTPzR.js:82
[   25889ms] [LOG] [WS] 🗺️ Broadcast recibido. Avatares: 1 [Hijo Test(2)] @ https://jimsimrodev.github.io/pequenos-sanos/assets/index-C7AoTPzR.js:82
[   25920ms] [LOG] [WS] 🗺️ Broadcast recibido. Avatares: 1 [Hijo Test(2)] @ https://jimsimrodev.github.io/pequenos-sanos/assets/index-C7AoTPzR.js:82
[   25952ms] [LOG] [WS] 🗺️ Broadcast recibido. Avatares: 1 [Hijo Test(2)] @ https://jimsimrodev.github.io/pequenos-sanos/assets/index-C7AoTPzR.js:82
[   25979ms] [LOG] [WS] 🗺️ Broadcast recibido. Avatares: 1 [Hijo Test(2)] @ https://jimsimrodev.github.io/pequenos-sanos/assets/index-C7AoTPzR.js:82
[   26011ms] [LOG] [WS] 🗺️ Broadcast recibido. Avatares: 1 [Hijo Test(2)] @ https://jimsimrodev.github.io/pequenos-sanos/assets/index-C7AoTPzR.js:82
[   26047ms] [LOG] [WS] 🗺️ Broadcast recibido. Avatares: 1 [Hijo Test(2)] @ https://jimsimrodev.github.io/pequenos-sanos/assets/index-C7AoTPzR.js:82
[   26102ms] [LOG] [WS] 🗺️ Broadcast recibido. Avatares: 1 [Hijo Test(2)] @ https://jimsimrodev.github.io/pequenos-sanos/assets/index-C7AoTPzR.js:82
[   26117ms] [LOG] [WS] 🗺️ Broadcast recibido. Avatares: 1 [Hijo Test(2)] @ https://jimsimrodev.github.io/pequenos-sanos/assets/index-C7AoTPzR.js:82
[   26142ms] [LOG] [WS] 🗺️ Broadcast recibido. Avatares: 1 [Hijo Test(2)] @ https://jimsimrodev.github.io/pequenos-sanos/assets/index-C7AoTPzR.js:82
[   26177ms] [LOG] [WS] 🗺️ Broadcast recibido. Avatares: 1 [Hijo Test(2)] @ https://jimsimrodev.github.io/pequenos-sanos/assets/index-C7AoTPzR.js:82
[   26212ms] [LOG] [WS] 🗺️ Broadcast recibido. Avatares: 1 [Hijo Test(2)] @ https://jimsimrodev.github.io/pequenos-sanos/assets/index-C7AoTPzR.js:82
[   26242ms] [LOG] [WS] 🗺️ Broadcast recibido. Avatares: 1 [Hijo Test(2)] @ https://jimsimrodev.github.io/pequenos-sanos/assets/index-C7AoTPzR.js:82
[   26275ms] [LOG] [WS] 🗺️ Broadcast recibido. Avatares: 1 [Hijo Test(2)] @ https://jimsimrodev.github.io/pequenos-sanos/assets/index-C7AoTPzR.js:82
[   26308ms] [LOG] [WS] 🗺️ Broadcast recibido. Avatares: 1 [Hijo Test(2)] @ https://jimsimrodev.github.io/pequenos-sanos/assets/index-C7AoTPzR.js:82
[   26343ms] [LOG] [WS] 🗺️ Broadcast recibido. Avatares: 1 [Hijo Test(2)] @ https://jimsimrodev.github.io/pequenos-sanos/assets/index-C7AoTPzR.js:82
[   26376ms] [LOG] [WS] 🗺️ Broadcast recibido. Avatares: 1 [Hijo Test(2)] @ https://jimsimrodev.github.io/pequenos-sanos/assets/index-C7AoTPzR.js:82
[   26409ms] [LOG] [WS] 🗺️ Broadcast recibido. Avatares: 1 [Hijo Test(2)] @ https://jimsimrodev.github.io/pequenos-sanos/assets/index-C7AoTPzR.js:82
[   26441ms] [LOG] [WS] 🗺️ Broadcast recibido. Avatares: 1 [Hijo Test(2)] @ https://jimsimrodev.github.io/pequenos-sanos/assets/index-C7AoTPzR.js:82
[   26481ms] [LOG] [WS] 🗺️ Broadcast recibido. Avatares: 1 [Hijo Test(2)] @ https://jimsimrodev.github.io/pequenos-sanos/assets/index-C7AoTPzR.js:82
[   26517ms] [LOG] [WS] 🗺️ Broadcast recibido. Avatares: 1 [Hijo Test(2)] @ https://jimsimrodev.github.io/pequenos-sanos/assets/index-C7AoTPzR.js:82
[   26550ms] [LOG] [WS] 🗺️ Broadcast recibido. Avatares: 1 [Hijo Test(2)] @ https://jimsimrodev.github.io/pequenos-sanos/assets/index-C7AoTPzR.js:82
[   26578ms] [LOG] [WS] 🗺️ Broadcast recibido. Avatares: 1 [Hijo Test(2)] @ https://jimsimrodev.github.io/pequenos-sanos/assets/index-C7AoTPzR.js:82
[   26608ms] [LOG] [WS] 🗺️ Broadcast recibido. Avatares: 1 [Hijo Test(2)] @ https://jimsimrodev.github.io/pequenos-sanos/assets/index-C7AoTPzR.js:82
[   26640ms] [LOG] [WS] 🗺️ Broadcast recibido. Avatares: 1 [Hijo Test(2)] @ https://jimsimrodev.github.io/pequenos-sanos/assets/index-C7AoTPzR.js:82
[   26671ms] [LOG] [WS] 🗺️ Broadcast recibido. Avatares: 1 [Hijo Test(2)] @ https://jimsimrodev.github.io/pequenos-sanos/assets/index-C7AoTPzR.js:82
[   26707ms] [LOG] [WS] 🗺️ Broadcast recibido. Avatares: 1 [Hijo Test(2)] @ https://jimsimrodev.github.io/pequenos-sanos/assets/index-C7AoTPzR.js:82
[   26742ms] [LOG] [WS] 🗺️ Broadcast recibido. Avatares: 1 [Hijo Test(2)] @ https://jimsimrodev.github.io/pequenos-sanos/assets/index-C7AoTPzR.js:82
[   26775ms] [LOG] [WS] 🗺️ Broadcast recibido. Avatares: 1 [Hijo Test(2)] @ https://jimsimrodev.github.io/pequenos-sanos/assets/index-C7AoTPzR.js:82
[   26809ms] [LOG] [WS] 🗺️ Broadcast recibido. Avatares: 1 [Hijo Test(2)] @ https://jimsimrodev.github.io/pequenos-sanos/assets/index-C7AoTPzR.js:82
[   26837ms] [LOG] [WS] 🗺️ Broadcast recibido. Avatares: 1 [Hijo Test(2)] @ https://jimsimrodev.github.io/pequenos-sanos/assets/index-C7AoTPzR.js:82
[   26876ms] [LOG] [WS] 🗺️ Broadcast recibido. Avatares: 1 [Hijo Test(2)] @ https://jimsimrodev.github.io/pequenos-sanos/assets/index-C7AoTPzR.js:82
[   26906ms] [LOG] [WS] 🗺️ Broadcast recibido. Avatares: 1 [Hijo Test(2)] @ https://jimsimrodev.github.io/pequenos-sanos/assets/index-C7AoTPzR.js:82
[   26942ms] [LOG] [WS] 🗺️ Broadcast recibido. Avatares: 1 [Hijo Test(2)] @ https://jimsimrodev.github.io/pequenos-sanos/assets/index-C7AoTPzR.js:82
[   26978ms] [LOG] [WS] 🗺️ Broadcast recibido. Avatares: 1 [Hijo Test(2)] @ https://jimsimrodev.github.io/pequenos-sanos/assets/index-C7AoTPzR.js:82
[   27009ms] [LOG] [WS] 🗺️ Broadcast recibido. Avatares: 1 [Hijo Test(2)] @ https://jimsimrodev.github.io/pequenos-sanos/assets/index-C7AoTPzR.js:82
[   27041ms] [LOG] [WS] 🗺️ Broadcast recibido. Avatares: 1 [Hijo Test(2)] @ https://jimsimrodev.github.io/pequenos-sanos/assets/index-C7AoTPzR.js:82
[   27067ms] [LOG] [WS] 🗺️ Broadcast recibido. Avatares: 1 [Hijo Test(2)] @ https://jimsimrodev.github.io/pequenos-sanos/assets/index-C7AoTPzR.js:82
[   27101ms] [LOG] [WS] 🗺️ Broadcast recibido. Avatares: 1 [Hijo Test(2)] @ https://jimsimrodev.github.io/pequenos-sanos/assets/index-C7AoTPzR.js:82
[   27148ms] [LOG] [WS] 🗺️ Broadcast recibido. Avatares: 1 [Hijo Test(2)] @ https://jimsimrodev.github.io/pequenos-sanos/assets/index-C7AoTPzR.js:82
[   27182ms] [LOG] [WS] 🗺️ Broadcast recibido. Avatares: 1 [Hijo Test(2)] @ https://jimsimrodev.github.io/pequenos-sanos/assets/index-C7AoTPzR.js:82
[   27212ms] [LOG] [WS] 🗺️ Broadcast recibido. Avatares: 1 [Hijo Test(2)] @ https://jimsimrodev.github.io/pequenos-sanos/assets/index-C7AoTPzR.js:82
[   27249ms] [LOG] [WS] 🗺️ Broadcast recibido. Avatares: 1 [Hijo Test(2)] @ https://jimsimrodev.github.io/pequenos-sanos/assets/index-C7AoTPzR.js:82
[   27275ms] [LOG] [WS] 🗺️ Broadcast recibido. Avatares: 1 [Hijo Test(2)] @ https://jimsimrodev.github.io/pequenos-sanos/assets/index-C7AoTPzR.js:82
[   27314ms] [LOG] [WS] 🗺️ Broadcast recibido. Avatares: 1 [Hijo Test(2)] @ https://jimsimrodev.github.io/pequenos-sanos/assets/index-C7AoTPzR.js:82
[   27349ms] [LOG] [WS] 🗺️ Broadcast recibido. Avatares: 1 [Hijo Test(2)] @ https://jimsimrodev.github.io/pequenos-sanos/assets/index-C7AoTPzR.js:82
[   27366ms] [LOG] [WS] 🗺️ Broadcast recibido. Avatares: 1 [Hijo Test(2)] @ https://jimsimrodev.github.io/pequenos-sanos/assets/index-C7AoTPzR.js:82
[   27400ms] [LOG] [WS] 🗺️ Broadcast recibido. Avatares: 1 [Hijo Test(2)] @ https://jimsimrodev.github.io/pequenos-sanos/assets/index-C7AoTPzR.js:82
[   27439ms] [LOG] [WS] 🗺️ Broadcast recibido. Avatares: 1 [Hijo Test(2)] @ https://jimsimrodev.github.io/pequenos-sanos/assets/index-C7AoTPzR.js:82
[   27466ms] [LOG] [WS] 🗺️ Broadcast recibido. Avatares: 1 [Hijo Test(2)] @ https://jimsimrodev.github.io/pequenos-sanos/assets/index-C7AoTPzR.js:82
[   27514ms] [LOG] [WS] 🗺️ Broadcast recibido. Avatares: 1 [Hijo Test(2)] @ https://jimsimrodev.github.io/pequenos-sanos/assets/index-C7AoTPzR.js:82
[   27531ms] [LOG] [WS] 🗺️ Broadcast recibido. Avatares: 1 [Hijo Test(2)] @ https://jimsimrodev.github.io/pequenos-sanos/assets/index-C7AoTPzR.js:82
[   27562ms] [LOG] [WS] 🗺️ Broadcast recibido. Avatares: 1 [Hijo Test(2)] @ https://jimsimrodev.github.io/pequenos-sanos/assets/index-C7AoTPzR.js:82
[   27618ms] [LOG] [WS] 🗺️ Broadcast recibido. Avatares: 1 [Hijo Test(2)] @ https://jimsimrodev.github.io/pequenos-sanos/assets/index-C7AoTPzR.js:82
[   27663ms] [LOG] [WS] 🗺️ Broadcast recibido. Avatares: 1 [Hijo Test(2)] @ https://jimsimrodev.github.io/pequenos-sanos/assets/index-C7AoTPzR.js:82
[   27708ms] [LOG] [WS] 🗺️ Broadcast recibido. Avatares: 1 [Hijo Test(2)] @ https://jimsimrodev.github.io/pequenos-sanos/assets/index-C7AoTPzR.js:82
[   27743ms] [LOG] [WS] 🗺️ Broadcast recibido. Avatares: 1 [Hijo Test(2)] @ https://jimsimrodev.github.io/pequenos-sanos/assets/index-C7AoTPzR.js:82
[   27782ms] [LOG] [WS] 🗺️ Broadcast recibido. Avatares: 1 [Hijo Test(2)] @ https://jimsimrodev.github.io/pequenos-sanos/assets/index-C7AoTPzR.js:82
[   27822ms] [LOG] [WS] 🗺️ Broadcast recibido. Avatares: 1 [Hijo Test(2)] @ https://jimsimrodev.github.io/pequenos-sanos/assets/index-C7AoTPzR.js:82
[   27856ms] [LOG] [WS] 🗺️ Broadcast recibido. Avatares: 1 [Hijo Test(2)] @ https://jimsimrodev.github.io/pequenos-sanos/assets/index-C7AoTPzR.js:82
[   27886ms] [LOG] [WS] 🗺️ Broadcast recibido. Avatares: 1 [Hijo Test(2)] @ https://jimsimrodev.github.io/pequenos-sanos/assets/index-C7AoTPzR.js:82
[   27913ms] [LOG] [WS] 🗺️ Broadcast recibido. Avatares: 1 [Hijo Test(2)] @ https://jimsimrodev.github.io/pequenos-sanos/assets/index-C7AoTPzR.js:82
[   27946ms] [LOG] [WS] 🗺️ Broadcast recibido. Avatares: 1 [Hijo Test(2)] @ https://jimsimrodev.github.io/pequenos-sanos/assets/index-C7AoTPzR.js:82
[   27977ms] [LOG] [WS] 🗺️ Broadcast recibido. Avatares: 1 [Hijo Test(2)] @ https://jimsimrodev.github.io/pequenos-sanos/assets/index-C7AoTPzR.js:82
[   28004ms] [LOG] [WS] 🗺️ Broadcast recibido. Avatares: 1 [Hijo Test(2)] @ https://jimsimrodev.github.io/pequenos-sanos/assets/index-C7AoTPzR.js:82
[   28039ms] [LOG] [WS] 🗺️ Broadcast recibido. Avatares: 1 [Hijo Test(2)] @ https://jimsimrodev.github.io/pequenos-sanos/assets/index-C7AoTPzR.js:82
[   28074ms] [LOG] [WS] 🗺️ Broadcast recibido. Avatares: 1 [Hijo Test(2)] @ https://jimsimrodev.github.io/pequenos-sanos/assets/index-C7AoTPzR.js:82
[   28118ms] [LOG] [WS] 🗺️ Broadcast recibido. Avatares: 1 [Hijo Test(2)] @ https://jimsimrodev.github.io/pequenos-sanos/assets/index-C7AoTPzR.js:82
[   28159ms] [LOG] [WS] 🗺️ Broadcast recibido. Avatares: 1 [Hijo Test(2)] @ https://jimsimrodev.github.io/pequenos-sanos/assets/index-C7AoTPzR.js:82
[   28205ms] [LOG] [WS] 🗺️ Broadcast recibido. Avatares: 1 [Hijo Test(2)] @ https://jimsimrodev.github.io/pequenos-sanos/assets/index-C7AoTPzR.js:82
[   28275ms] [LOG] [WS] 🗺️ Broadcast recibido. Avatares: 1 [Hijo Test(2)] @ https://jimsimrodev.github.io/pequenos-sanos/assets/index-C7AoTPzR.js:82
[   28277ms] [LOG] [WS] 🗺️ Broadcast recibido. Avatares: 1 [Hijo Test(2)] @ https://jimsimrodev.github.io/pequenos-sanos/assets/index-C7AoTPzR.js:82
[   28314ms] [LOG] [WS] 🗺️ Broadcast recibido. Avatares: 1 [Hijo Test(2)] @ https://jimsimrodev.github.io/pequenos-sanos/assets/index-C7AoTPzR.js:82
[   28316ms] [LOG] [WS] 🗺️ Broadcast recibido. Avatares: 1 [Hijo Test(2)] @ https://jimsimrodev.github.io/pequenos-sanos/assets/index-C7AoTPzR.js:82
[   28366ms] [LOG] [WS] 🗺️ Broadcast recibido. Avatares: 1 [Hijo Test(2)] @ https://jimsimrodev.github.io/pequenos-sanos/assets/index-C7AoTPzR.js:82
[   28401ms] [LOG] [WS] 🗺️ Broadcast recibido. Avatares: 1 [Hijo Test(2)] @ https://jimsimrodev.github.io/pequenos-sanos/assets/index-C7AoTPzR.js:82
[   28408ms] [LOG] [WS] 🗺️ Broadcast recibido. Avatares: 1 [Hijo Test(2)] @ https://jimsimrodev.github.io/pequenos-sanos/assets/index-C7AoTPzR.js:82
[   28463ms] [LOG] [WS] 🗺️ Broadcast recibido. Avatares: 1 [Hijo Test(2)] @ https://jimsimrodev.github.io/pequenos-sanos/assets/index-C7AoTPzR.js:82
[   28500ms] [LOG] [WS] 🗺️ Broadcast recibido. Avatares: 1 [Hijo Test(2)] @ https://jimsimrodev.github.io/pequenos-sanos/assets/index-C7AoTPzR.js:82
[   28504ms] [LOG] [WS] 🗺️ Broadcast recibido. Avatares: 1 [Hijo Test(2)] @ https://jimsimrodev.github.io/pequenos-sanos/assets/index-C7AoTPzR.js:82
[   28544ms] [LOG] [WS] 🗺️ Broadcast recibido. Avatares: 1 [Hijo Test(2)] @ https://jimsimrodev.github.io/pequenos-sanos/assets/index-C7AoTPzR.js:82
[   28582ms] [LOG] [WS] 🗺️ Broadcast recibido. Avatares: 1 [Hijo Test(2)] @ https://jimsimrodev.github.io/pequenos-sanos/assets/index-C7AoTPzR.js:82
[   28624ms] [LOG] [WS] 🗺️ Broadcast recibido. Avatares: 1 [Hijo Test(2)] @ https://jimsimrodev.github.io/pequenos-sanos/assets/index-C7AoTPzR.js:82
[   28700ms] [LOG] [WS] 🗺️ Broadcast recibido. Avatares: 1 [Hijo Test(2)] @ https://jimsimrodev.github.io/pequenos-sanos/assets/index-C7AoTPzR.js:82
[   28745ms] [LOG] [WS] 🗺️ Broadcast recibido. Avatares: 1 [Hijo Test(2)] @ https://jimsimrodev.github.io/pequenos-sanos/assets/index-C7AoTPzR.js:82
[   28746ms] [LOG] [WS] 🗺️ Broadcast recibido. Avatares: 1 [Hijo Test(2)] @ https://jimsimrodev.github.io/pequenos-sanos/assets/index-C7AoTPzR.js:82
[   28748ms] [LOG] [WS] 🗺️ Broadcast recibido. Avatares: 1 [Hijo Test(2)] @ https://jimsimrodev.github.io/pequenos-sanos/assets/index-C7AoTPzR.js:82
[   28801ms] [LOG] [WS] 🗺️ Broadcast recibido. Avatares: 1 [Hijo Test(2)] @ https://jimsimrodev.github.io/pequenos-sanos/assets/index-C7AoTPzR.js:82
[   28844ms] [LOG] [WS] 🗺️ Broadcast recibido. Avatares: 1 [Hijo Test(2)] @ https://jimsimrodev.github.io/pequenos-sanos/assets/index-C7AoTPzR.js:82
[   28847ms] [LOG] [WS] 🗺️ Broadcast recibido. Avatares: 1 [Hijo Test(2)] @ https://jimsimrodev.github.io/pequenos-sanos/assets/index-C7AoTPzR.js:82
[   28898ms] [LOG] [WS] 🗺️ Broadcast recibido. Avatares: 1 [Hijo Test(2)] @ https://jimsimrodev.github.io/pequenos-sanos/assets/index-C7AoTPzR.js:82
[   28942ms] [LOG] [WS] 🗺️ Broadcast recibido. Avatares: 1 [Hijo Test(2)] @ https://jimsimrodev.github.io/pequenos-sanos/assets/index-C7AoTPzR.js:82
[   28944ms] [LOG] [WS] 🗺️ Broadcast recibido. Avatares: 1 [Hijo Test(2)] @ https://jimsimrodev.github.io/pequenos-sanos/assets/index-C7AoTPzR.js:82
[   28986ms] [LOG] [WS] 🗺️ Broadcast recibido. Avatares: 1 [Hijo Test(2)] @ https://jimsimrodev.github.io/pequenos-sanos/assets/index-C7AoTPzR.js:82
[   29023ms] [LOG] [WS] 🗺️ Broadcast recibido. Avatares: 1 [Hijo Test(2)] @ https://jimsimrodev.github.io/pequenos-sanos/assets/index-C7AoTPzR.js:82
[   29025ms] [LOG] [WS] 🗺️ Broadcast recibido. Avatares: 1 [Hijo Test(2)] @ https://jimsimrodev.github.io/pequenos-sanos/assets/index-C7AoTPzR.js:82
[   29050ms] [LOG] [WS] 🗺️ Broadcast recibido. Avatares: 1 [Hijo Test(2)] @ https://jimsimrodev.github.io/pequenos-sanos/assets/index-C7AoTPzR.js:82
[   29093ms] [LOG] [WS] 🗺️ Broadcast recibido. Avatares: 1 [Hijo Test(2)] @ https://jimsimrodev.github.io/pequenos-sanos/assets/index-C7AoTPzR.js:82
[   29139ms] [LOG] [WS] 🗺️ Broadcast recibido. Avatares: 1 [Hijo Test(2)] @ https://jimsimrodev.github.io/pequenos-sanos/assets/index-C7AoTPzR.js:82
[   29172ms] [LOG] [WS] 🗺️ Broadcast recibido. Avatares: 1 [Hijo Test(2)] @ https://jimsimrodev.github.io/pequenos-sanos/assets/index-C7AoTPzR.js:82
[   29218ms] [LOG] [WS] 🗺️ Broadcast recibido. Avatares: 1 [Hijo Test(2)] @ https://jimsimrodev.github.io/pequenos-sanos/assets/index-C7AoTPzR.js:82
[   29253ms] [LOG] [WS] 🗺️ Broadcast recibido. Avatares: 1 [Hijo Test(2)] @ https://jimsimrodev.github.io/pequenos-sanos/assets/index-C7AoTPzR.js:82
[   29255ms] [LOG] [WS] 🗺️ Broadcast recibido. Avatares: 1 [Hijo Test(2)] @ https://jimsimrodev.github.io/pequenos-sanos/assets/index-C7AoTPzR.js:82
[   29293ms] [LOG] [WS] 🗺️ Broadcast recibido. Avatares: 1 [Hijo Test(2)] @ https://jimsimrodev.github.io/pequenos-sanos/assets/index-C7AoTPzR.js:82
[   29331ms] [LOG] [WS] 🗺️ Broadcast recibido. Avatares: 1 [Hijo Test(2)] @ https://jimsimrodev.github.io/pequenos-sanos/assets/index-C7AoTPzR.js:82
[   29367ms] [LOG] [WS] 🗺️ Broadcast recibido. Avatares: 1 [Hijo Test(2)] @ https://jimsimrodev.github.io/pequenos-sanos/assets/index-C7AoTPzR.js:82
[   29395ms] [LOG] [WS] 🗺️ Broadcast recibido. Avatares: 1 [Hijo Test(2)] @ https://jimsimrodev.github.io/pequenos-sanos/assets/index-C7AoTPzR.js:82
[   29429ms] [LOG] [WS] 🗺️ Broadcast recibido. Avatares: 1 [Hijo Test(2)] @ https://jimsimrodev.github.io/pequenos-sanos/assets/index-C7AoTPzR.js:82
[   29455ms] [LOG] [WS] 🗺️ Broadcast recibido. Avatares: 1 [Hijo Test(2)] @ https://jimsimrodev.github.io/pequenos-sanos/assets/index-C7AoTPzR.js:82
[   29477ms] [LOG] [WS] 🗺️ Broadcast recibido. Avatares: 1 [Hijo Test(2)] @ https://jimsimrodev.github.io/pequenos-sanos/assets/index-C7AoTPzR.js:82
[   29504ms] [LOG] [WS] 🗺️ Broadcast recibido. Avatares: 1 [Hijo Test(2)] @ https://jimsimrodev.github.io/pequenos-sanos/assets/index-C7AoTPzR.js:82
[   29532ms] [LOG] [WS] 🗺️ Broadcast recibido. Avatares: 1 [Hijo Test(2)] @ https://jimsimrodev.github.io/pequenos-sanos/assets/index-C7AoTPzR.js:82
[   29560ms] [LOG] [WS] 🗺️ Broadcast recibido. Avatares: 1 [Hijo Test(2)] @ https://jimsimrodev.github.io/pequenos-sanos/assets/index-C7AoTPzR.js:82
[   29587ms] [LOG] [WS] 🗺️ Broadcast recibido. Avatares: 1 [Hijo Test(2)] @ https://jimsimrodev.github.io/pequenos-sanos/assets/index-C7AoTPzR.js:82
[   29627ms] [LOG] [WS] 🗺️ Broadcast recibido. Avatares: 1 [Hijo Test(2)] @ https://jimsimrodev.github.io/pequenos-sanos/assets/index-C7AoTPzR.js:82
[   29654ms] [LOG] [WS] 🗺️ Broadcast recibido. Avatares: 1 [Hijo Test(2)] @ https://jimsimrodev.github.io/pequenos-sanos/assets/index-C7AoTPzR.js:82
[   29707ms] [LOG] [WS] 🗺️ Broadcast recibido. Avatares: 1 [Hijo Test(2)] @ https://jimsimrodev.github.io/pequenos-sanos/assets/index-C7AoTPzR.js:82
[   29743ms] [LOG] [WS] 🗺️ Broadcast recibido. Avatares: 1 [Hijo Test(2)] @ https://jimsimrodev.github.io/pequenos-sanos/assets/index-C7AoTPzR.js:82
[   29785ms] [LOG] [WS] 🗺️ Broadcast recibido. Avatares: 1 [Hijo Test(2)] @ https://jimsimrodev.github.io/pequenos-sanos/assets/index-C7AoTPzR.js:82
[   29829ms] [LOG] [WS] 🗺️ Broadcast recibido. Avatares: 1 [Hijo Test(2)] @ https://jimsimrodev.github.io/pequenos-sanos/assets/index-C7AoTPzR.js:82
[   29866ms] [LOG] [WS] 🗺️ Broadcast recibido. Avatares: 1 [Hijo Test(2)] @ https://jimsimrodev.github.io/pequenos-sanos/assets/index-C7AoTPzR.js:82
[   29905ms] [LOG] [WS] 🗺️ Broadcast recibido. Avatares: 1 [Hijo Test(2)] @ https://jimsimrodev.github.io/pequenos-sanos/assets/index-C7AoTPzR.js:82
[   29959ms] [LOG] [WS] 🗺️ Broadcast recibido. Avatares: 1 [Hijo Test(2)] @ https://jimsimrodev.github.io/pequenos-sanos/assets/index-C7AoTPzR.js:82
[   29963ms] [LOG] [WS] 🗺️ Broadcast recibido. Avatares: 1 [Hijo Test(2)] @ https://jimsimrodev.github.io/pequenos-sanos/assets/index-C7AoTPzR.js:82
[   29995ms] [LOG] [WS] 🗺️ Broadcast recibido. Avatares: 1 [Hijo Test(2)] @ https://jimsimrodev.github.io/pequenos-sanos/assets/index-C7AoTPzR.js:82
[   30044ms] [LOG] [WS] 🗺️ Broadcast recibido. Avatares: 1 [Hijo Test(2)] @ https://jimsimrodev.github.io/pequenos-sanos/assets/index-C7AoTPzR.js:82
[   30074ms] [LOG] [WS] 🗺️ Broadcast recibido. Avatares: 1 [Hijo Test(2)] @ https://jimsimrodev.github.io/pequenos-sanos/assets/index-C7AoTPzR.js:82
[   30125ms] [LOG] [WS] 🗺️ Broadcast recibido. Avatares: 1 [Hijo Test(2)] @ https://jimsimrodev.github.io/pequenos-sanos/assets/index-C7AoTPzR.js:82
[   30126ms] [LOG] [WS] 🗺️ Broadcast recibido. Avatares: 1 [Hijo Test(2)] @ https://jimsimrodev.github.io/pequenos-sanos/assets/index-C7AoTPzR.js:82
[   30159ms] [LOG] [WS] 🗺️ Broadcast recibido. Avatares: 1 [Hijo Test(2)] @ https://jimsimrodev.github.io/pequenos-sanos/assets/index-C7AoTPzR.js:82
[   30189ms] [LOG] [WS] 🗺️ Broadcast recibido. Avatares: 1 [Hijo Test(2)] @ https://jimsimrodev.github.io/pequenos-sanos/assets/index-C7AoTPzR.js:82
[   30235ms] [LOG] [WS] 🗺️ Broadcast recibido. Avatares: 1 [Hijo Test(2)] @ https://jimsimrodev.github.io/pequenos-sanos/assets/index-C7AoTPzR.js:82
[   30282ms] [LOG] [WS] 🗺️ Broadcast recibido. Avatares: 1 [Hijo Test(2)] @ https://jimsimrodev.github.io/pequenos-sanos/assets/index-C7AoTPzR.js:82
[   30405ms] [LOG] [WS] 🗺️ Broadcast recibido. Avatares: 1 [Hijo Test(2)] @ https://jimsimrodev.github.io/pequenos-sanos/assets/index-C7AoTPzR.js:82
[   30461ms] [LOG] [WS] 🗺️ Broadcast recibido. Avatares: 1 [Hijo Test(2)] @ https://jimsimrodev.github.io/pequenos-sanos/assets/index-C7AoTPzR.js:82
[   30463ms] [LOG] [WS] 🗺️ Broadcast recibido. Avatares: 1 [Hijo Test(2)] @ https://jimsimrodev.github.io/pequenos-sanos/assets/index-C7AoTPzR.js:82
[   30466ms] [LOG] [WS] 🗺️ Broadcast recibido. Avatares: 1 [Hijo Test(2)] @ https://jimsimrodev.github.io/pequenos-sanos/assets/index-C7AoTPzR.js:82
[   30468ms] [LOG] [WS] 🗺️ Broadcast recibido. Avatares: 1 [Hijo Test(2)] @ https://jimsimrodev.github.io/pequenos-sanos/assets/index-C7AoTPzR.js:82
[   30507ms] [LOG] [WS] 🗺️ Broadcast recibido. Avatares: 1 [Hijo Test(2)] @ https://jimsimrodev.github.io/pequenos-sanos/assets/index-C7AoTPzR.js:82
[   30511ms] [LOG] [WS] 🗺️ Broadcast recibido. Avatares: 1 [Hijo Test(2)] @ https://jimsimrodev.github.io/pequenos-sanos/assets/index-C7AoTPzR.js:82
[   30513ms] [LOG] [WS] 🗺️ Broadcast recibido. Avatares: 1 [Hijo Test(2)] @ https://jimsimrodev.github.io/pequenos-sanos/assets/index-C7AoTPzR.js:82
[   30562ms] [LOG] [WS] 🗺️ Broadcast recibido. Avatares: 1 [Hijo Test(2)] @ https://jimsimrodev.github.io/pequenos-sanos/assets/index-C7AoTPzR.js:82
[   30601ms] [LOG] [WS] 🗺️ Broadcast recibido. Avatares: 1 [Hijo Test(2)] @ https://jimsimrodev.github.io/pequenos-sanos/assets/index-C7AoTPzR.js:82
[   30647ms] [LOG] [WS] 🗺️ Broadcast recibido. Avatares: 1 [Hijo Test(2)] @ https://jimsimrodev.github.io/pequenos-sanos/assets/index-C7AoTPzR.js:82
[   30649ms] [LOG] [WS] 🗺️ Broadcast recibido. Avatares: 1 [Hijo Test(2)] @ https://jimsimrodev.github.io/pequenos-sanos/assets/index-C7AoTPzR.js:82
[   30653ms] [LOG] [WS] 🗺️ Broadcast recibido. Avatares: 1 [Hijo Test(2)] @ https://jimsimrodev.github.io/pequenos-sanos/assets/index-C7AoTPzR.js:82
[   30708ms] [LOG] [WS] 🗺️ Broadcast recibido. Avatares: 1 [Hijo Test(2)] @ https://jimsimrodev.github.io/pequenos-sanos/assets/index-C7AoTPzR.js:82
[   30790ms] [LOG] [WS] 🗺️ Broadcast recibido. Avatares: 1 [Hijo Test(2)] @ https://jimsimrodev.github.io/pequenos-sanos/assets/index-C7AoTPzR.js:82
[   30826ms] [LOG] [WS] 🗺️ Broadcast recibido. Avatares: 1 [Hijo Test(2)] @ https://jimsimrodev.github.io/pequenos-sanos/assets/index-C7AoTPzR.js:82
[   30829ms] [LOG] [WS] 🗺️ Broadcast recibido. Avatares: 1 [Hijo Test(2)] @ https://jimsimrodev.github.io/pequenos-sanos/assets/index-C7AoTPzR.js:82
[   30872ms] [LOG] [WS] 🗺️ Broadcast recibido. Avatares: 1 [Hijo Test(2)] @ https://jimsimrodev.github.io/pequenos-sanos/assets/index-C7AoTPzR.js:82
[   30929ms] [LOG] [WS] 🗺️ Broadcast recibido. Avatares: 1 [Hijo Test(2)] @ https://jimsimrodev.github.io/pequenos-sanos/assets/index-C7AoTPzR.js:82
[   30931ms] [LOG] [WS] 🗺️ Broadcast recibido. Avatares: 1 [Hijo Test(2)] @ https://jimsimrodev.github.io/pequenos-sanos/assets/index-C7AoTPzR.js:82
[   30974ms] [LOG] [WS] 🗺️ Broadcast recibido. Avatares: 1 [Hijo Test(2)] @ https://jimsimrodev.github.io/pequenos-sanos/assets/index-C7AoTPzR.js:82
[   31033ms] [LOG] [WS] 🗺️ Broadcast recibido. Avatares: 1 [Hijo Test(2)] @ https://jimsimrodev.github.io/pequenos-sanos/assets/index-C7AoTPzR.js:82
[   31035ms] [LOG] [WS] 🗺️ Broadcast recibido. Avatares: 1 [Hijo Test(2)] @ https://jimsimrodev.github.io/pequenos-sanos/assets/index-C7AoTPzR.js:82
[   31088ms] [LOG] [WS] 🗺️ Broadcast recibido. Avatares: 1 [Hijo Test(2)] @ https://jimsimrodev.github.io/pequenos-sanos/assets/index-C7AoTPzR.js:82
[   31137ms] [LOG] [WS] 🗺️ Broadcast recibido. Avatares: 1 [Hijo Test(2)] @ https://jimsimrodev.github.io/pequenos-sanos/assets/index-C7AoTPzR.js:82
[   31138ms] [LOG] [WS] 🗺️ Broadcast recibido. Avatares: 1 [Hijo Test(2)] @ https://jimsimrodev.github.io/pequenos-sanos/assets/index-C7AoTPzR.js:82
[   31140ms] [LOG] [WS] 🗺️ Broadcast recibido. Avatares: 1 [Hijo Test(2)] @ https://jimsimrodev.github.io/pequenos-sanos/assets/index-C7AoTPzR.js:82
[   31207ms] [LOG] [WS] 🗺️ Broadcast recibido. Avatares: 1 [Hijo Test(2)] @ https://jimsimrodev.github.io/pequenos-sanos/assets/index-C7AoTPzR.js:82
[   31285ms] [LOG] [WS] 🗺️ Broadcast recibido. Avatares: 1 [Hijo Test(2)] @ https://jimsimrodev.github.io/pequenos-sanos/assets/index-C7AoTPzR.js:82
[   31287ms] [LOG] [WS] 🗺️ Broadcast recibido. Avatares: 1 [Hijo Test(2)] @ https://jimsimrodev.github.io/pequenos-sanos/assets/index-C7AoTPzR.js:82
[   31292ms] [LOG] [WS] 🗺️ Broadcast recibido. Avatares: 1 [Hijo Test(2)] @ https://jimsimrodev.github.io/pequenos-sanos/assets/index-C7AoTPzR.js:82
[   31293ms] [LOG] [WS] 🗺️ Broadcast recibido. Avatares: 1 [Hijo Test(2)] @ https://jimsimrodev.github.io/pequenos-sanos/assets/index-C7AoTPzR.js:82
[   31337ms] [LOG] [WS] 🗺️ Broadcast recibido. Avatares: 1 [Hijo Test(2)] @ https://jimsimrodev.github.io/pequenos-sanos/assets/index-C7AoTPzR.js:82
[   31388ms] [LOG] [WS] 🗺️ Broadcast recibido. Avatares: 1 [Hijo Test(2)] @ https://jimsimrodev.github.io/pequenos-sanos/assets/index-C7AoTPzR.js:82
[   31428ms] [LOG] [WS] 🗺️ Broadcast recibido. Avatares: 1 [Hijo Test(2)] @ https://jimsimrodev.github.io/pequenos-sanos/assets/index-C7AoTPzR.js:82
[   31486ms] [LOG] [WS] 🗺️ Broadcast recibido. Avatares: 1 [Hijo Test(2)] @ https://jimsimrodev.github.io/pequenos-sanos/assets/index-C7AoTPzR.js:82
[   31488ms] [LOG] [WS] 🗺️ Broadcast recibido. Avatares: 1 [Hijo Test(2)] @ https://jimsimrodev.github.io/pequenos-sanos/assets/index-C7AoTPzR.js:82
[   31537ms] [LOG] [WS] 🗺️ Broadcast recibido. Avatares: 1 [Hijo Test(2)] @ https://jimsimrodev.github.io/pequenos-sanos/assets/index-C7AoTPzR.js:82
[   31601ms] [LOG] [WS] 🗺️ Broadcast recibido. Avatares: 1 [Hijo Test(2)] @ https://jimsimrodev.github.io/pequenos-sanos/assets/index-C7AoTPzR.js:82
[   31610ms] [LOG] [WS] 🗺️ Broadcast recibido. Avatares: 1 [Hijo Test(2)] @ https://jimsimrodev.github.io/pequenos-sanos/assets/index-C7AoTPzR.js:82
[   31668ms] [LOG] [WS] 🗺️ Broadcast recibido. Avatares: 1 [Hijo Test(2)] @ https://jimsimrodev.github.io/pequenos-sanos/assets/index-C7AoTPzR.js:82
[   31670ms] [LOG] [WS] 🗺️ Broadcast recibido. Avatares: 1 [Hijo Test(2)] @ https://jimsimrodev.github.io/pequenos-sanos/assets/index-C7AoTPzR.js:82
[   31704ms] [LOG] [WS] 🗺️ Broadcast recibido. Avatares: 1 [Hijo Test(2)] @ https://jimsimrodev.github.io/pequenos-sanos/assets/index-C7AoTPzR.js:82
[   31741ms] [LOG] [WS] 🗺️ Broadcast recibido. Avatares: 1 [Hijo Test(2)] @ https://jimsimrodev.github.io/pequenos-sanos/assets/index-C7AoTPzR.js:82
[   31792ms] [LOG] [WS] 🗺️ Broadcast recibido. Avatares: 1 [Hijo Test(2)] @ https://jimsimrodev.github.io/pequenos-sanos/assets/index-C7AoTPzR.js:82
[   31835ms] [LOG] [WS] 🗺️ Broadcast recibido. Avatares: 1 [Hijo Test(2)] @ https://jimsimrodev.github.io/pequenos-sanos/assets/index-C7AoTPzR.js:82
[   31837ms] [LOG] [WS] 🗺️ Broadcast recibido. Avatares: 1 [Hijo Test(2)] @ https://jimsimrodev.github.io/pequenos-sanos/assets/index-C7AoTPzR.js:82
[   31839ms] [LOG] [WS] 🗺️ Broadcast recibido. Avatares: 1 [Hijo Test(2)] @ https://jimsimrodev.github.io/pequenos-sanos/assets/index-C7AoTPzR.js:82
[   31884ms] [LOG] [WS] 🗺️ Broadcast recibido. Avatares: 1 [Hijo Test(2)] @ https://jimsimrodev.github.io/pequenos-sanos/assets/index-C7AoTPzR.js:82
[   31936ms] [LOG] [WS] 🗺️ Broadcast recibido. Avatares: 1 [Hijo Test(2)] @ https://jimsimrodev.github.io/pequenos-sanos/assets/index-C7AoTPzR.js:82
[   31970ms] [LOG] [WS] 🗺️ Broadcast recibido. Avatares: 1 [Hijo Test(2)] @ https://jimsimrodev.github.io/pequenos-sanos/assets/index-C7AoTPzR.js:82
[   31982ms] [LOG] [WS] 🗺️ Broadcast recibido. Avatares: 1 [Hijo Test(2)] @ https://jimsimrodev.github.io/pequenos-sanos/assets/index-C7AoTPzR.js:82
[   32028ms] [LOG] [WS] 🗺️ Broadcast recibido. Avatares: 1 [Hijo Test(2)] @ https://jimsimrodev.github.io/pequenos-sanos/assets/index-C7AoTPzR.js:82
[   32066ms] [LOG] [WS] 🗺️ Broadcast recibido. Avatares: 1 [Hijo Test(2)] @ https://jimsimrodev.github.io/pequenos-sanos/assets/index-C7AoTPzR.js:82
[   32067ms] [LOG] [WS] 🗺️ Broadcast recibido. Avatares: 1 [Hijo Test(2)] @ https://jimsimrodev.github.io/pequenos-sanos/assets/index-C7AoTPzR.js:82
[   32104ms] [LOG] [WS] 🗺️ Broadcast recibido. Avatares: 1 [Hijo Test(2)] @ https://jimsimrodev.github.io/pequenos-sanos/assets/index-C7AoTPzR.js:82
[   32106ms] [LOG] [WS] 🗺️ Broadcast recibido. Avatares: 1 [Hijo Test(2)] @ https://jimsimrodev.github.io/pequenos-sanos/assets/index-C7AoTPzR.js:82
[   32156ms] [LOG] [WS] 🗺️ Broadcast recibido. Avatares: 1 [Hijo Test(2)] @ https://jimsimrodev.github.io/pequenos-sanos/assets/index-C7AoTPzR.js:82
[   32192ms] [LOG] [WS] 🗺️ Broadcast recibido. Avatares: 1 [Hijo Test(2)] @ https://jimsimrodev.github.io/pequenos-sanos/assets/index-C7AoTPzR.js:82
[   32221ms] [LOG] [WS] 🗺️ Broadcast recibido. Avatares: 1 [Hijo Test(2)] @ https://jimsimrodev.github.io/pequenos-sanos/assets/index-C7AoTPzR.js:82
[   32261ms] [LOG] [WS] 🗺️ Broadcast recibido. Avatares: 1 [Hijo Test(2)] @ https://jimsimrodev.github.io/pequenos-sanos/assets/index-C7AoTPzR.js:82
[   32307ms] [LOG] [WS] 🗺️ Broadcast recibido. Avatares: 1 [Hijo Test(2)] @ https://jimsimrodev.github.io/pequenos-sanos/assets/index-C7AoTPzR.js:82
[   32356ms] [LOG] [WS] 🗺️ Broadcast recibido. Avatares: 1 [Hijo Test(2)] @ https://jimsimrodev.github.io/pequenos-sanos/assets/index-C7AoTPzR.js:82
[   32406ms] [LOG] [WS] 🗺️ Broadcast recibido. Avatares: 1 [Hijo Test(2)] @ https://jimsimrodev.github.io/pequenos-sanos/assets/index-C7AoTPzR.js:82
[   32408ms] [LOG] [WS] 🗺️ Broadcast recibido. Avatares: 1 [Hijo Test(2)] @ https://jimsimrodev.github.io/pequenos-sanos/assets/index-C7AoTPzR.js:82
[   32463ms] [LOG] [WS] 🗺️ Broadcast recibido. Avatares: 1 [Hijo Test(2)] @ https://jimsimrodev.github.io/pequenos-sanos/assets/index-C7AoTPzR.js:82
[   32514ms] [LOG] [WS] 🗺️ Broadcast recibido. Avatares: 1 [Hijo Test(2)] @ https://jimsimrodev.github.io/pequenos-sanos/assets/index-C7AoTPzR.js:82
[   32516ms] [LOG] [WS] 🗺️ Broadcast recibido. Avatares: 1 [Hijo Test(2)] @ https://jimsimrodev.github.io/pequenos-sanos/assets/index-C7AoTPzR.js:82
[   32539ms] [LOG] [WS] 🗺️ Broadcast recibido. Avatares: 1 [Hijo Test(2)] @ https://jimsimrodev.github.io/pequenos-sanos/assets/index-C7AoTPzR.js:82
[   32590ms] [LOG] [WS] 🗺️ Broadcast recibido. Avatares: 1 [Hijo Test(2)] @ https://jimsimrodev.github.io/pequenos-sanos/assets/index-C7AoTPzR.js:82
[   32620ms] [LOG] [WS] 🗺️ Broadcast recibido. Avatares: 1 [Hijo Test(2)] @ https://jimsimrodev.github.io/pequenos-sanos/assets/index-C7AoTPzR.js:82
[   32673ms] [LOG] [WS] 🗺️ Broadcast recibido. Avatares: 1 [Hijo Test(2)] @ https://jimsimrodev.github.io/pequenos-sanos/assets/index-C7AoTPzR.js:82
[   32707ms] [LOG] [WS] 🗺️ Broadcast recibido. Avatares: 1 [Hijo Test(2)] @ https://jimsimrodev.github.io/pequenos-sanos/assets/index-C7AoTPzR.js:82
[   32709ms] [LOG] [WS] 🗺️ Broadcast recibido. Avatares: 1 [Hijo Test(2)] @ https://jimsimrodev.github.io/pequenos-sanos/assets/index-C7AoTPzR.js:82
[   32762ms] [LOG] [WS] 🗺️ Broadcast recibido. Avatares: 1 [Hijo Test(2)] @ https://jimsimrodev.github.io/pequenos-sanos/assets/index-C7AoTPzR.js:82
[   32799ms] [LOG] [WS] 🗺️ Broadcast recibido. Avatares: 1 [Hijo Test(2)] @ https://jimsimrodev.github.io/pequenos-sanos/assets/index-C7AoTPzR.js:82
[   32801ms] [LOG] [WS] 🗺️ Broadcast recibido. Avatares: 1 [Hijo Test(2)] @ https://jimsimrodev.github.io/pequenos-sanos/assets/index-C7AoTPzR.js:82
[   32803ms] [LOG] [WS] 🗺️ Broadcast recibido. Avatares: 1 [Hijo Test(2)] @ https://jimsimrodev.github.io/pequenos-sanos/assets/index-C7AoTPzR.js:82
[   32849ms] [LOG] [WS] 🗺️ Broadcast recibido. Avatares: 1 [Hijo Test(2)] @ https://jimsimrodev.github.io/pequenos-sanos/assets/index-C7AoTPzR.js:82
[   32886ms] [LOG] [WS] 🗺️ Broadcast recibido. Avatares: 1 [Hijo Test(2)] @ https://jimsimrodev.github.io/pequenos-sanos/assets/index-C7AoTPzR.js:82
[   32924ms] [LOG] [WS] 🗺️ Broadcast recibido. Avatares: 1 [Hijo Test(2)] @ https://jimsimrodev.github.io/pequenos-sanos/assets/index-C7AoTPzR.js:82
[   32948ms] [LOG] [WS] 🗺️ Broadcast recibido. Avatares: 1 [Hijo Test(2)] @ https://jimsimrodev.github.io/pequenos-sanos/assets/index-C7AoTPzR.js:82
[   32988ms] [LOG] [WS] 🗺️ Broadcast recibido. Avatares: 1 [Hijo Test(2)] @ https://jimsimrodev.github.io/pequenos-sanos/assets/index-C7AoTPzR.js:82
[   33042ms] [LOG] [WS] 🗺️ Broadcast recibido. Avatares: 1 [Hijo Test(2)] @ https://jimsimrodev.github.io/pequenos-sanos/assets/index-C7AoTPzR.js:82
[   33091ms] [LOG] [WS] 🗺️ Broadcast recibido. Avatares: 1 [Hijo Test(2)] @ https://jimsimrodev.github.io/pequenos-sanos/assets/index-C7AoTPzR.js:82
[   33098ms] [LOG] [WS] 🗺️ Broadcast recibido. Avatares: 1 [Hijo Test(2)] @ https://jimsimrodev.github.io/pequenos-sanos/assets/index-C7AoTPzR.js:82
[   33134ms] [LOG] [WS] 🗺️ Broadcast recibido. Avatares: 1 [Hijo Test(2)] @ https://jimsimrodev.github.io/pequenos-sanos/assets/index-C7AoTPzR.js:82
[   33189ms] [LOG] [WS] 🗺️ Broadcast recibido. Avatares: 1 [Hijo Test(2)] @ https://jimsimrodev.github.io/pequenos-sanos/assets/index-C7AoTPzR.js:82
[   33190ms] [LOG] [WS] 🗺️ Broadcast recibido. Avatares: 1 [Hijo Test(2)] @ https://jimsimrodev.github.io/pequenos-sanos/assets/index-C7AoTPzR.js:82
[   33191ms] [LOG] [WS] 🗺️ Broadcast recibido. Avatares: 1 [Hijo Test(2)] @ https://jimsimrodev.github.io/pequenos-sanos/assets/index-C7AoTPzR.js:82
[   33244ms] [LOG] [WS] 🗺️ Broadcast recibido. Avatares: 1 [Hijo Test(2)] @ https://jimsimrodev.github.io/pequenos-sanos/assets/index-C7AoTPzR.js:82
[   33289ms] [LOG] [WS] 🗺️ Broadcast recibido. Avatares: 1 [Hijo Test(2)] @ https://jimsimrodev.github.io/pequenos-sanos/assets/index-C7AoTPzR.js:82
[   33323ms] [LOG] [WS] 🗺️ Broadcast recibido. Avatares: 1 [Hijo Test(2)] @ https://jimsimrodev.github.io/pequenos-sanos/assets/index-C7AoTPzR.js:82
[   33359ms] [LOG] [WS] 🗺️ Broadcast recibido. Avatares: 1 [Hijo Test(2)] @ https://jimsimrodev.github.io/pequenos-sanos/assets/index-C7AoTPzR.js:82
[   33401ms] [LOG] [WS] 🗺️ Broadcast recibido. Avatares: 1 [Hijo Test(2)] @ https://jimsimrodev.github.io/pequenos-sanos/assets/index-C7AoTPzR.js:82
[   33448ms] [LOG] [WS] 🗺️ Broadcast recibido. Avatares: 1 [Hijo Test(2)] @ https://jimsimrodev.github.io/pequenos-sanos/assets/index-C7AoTPzR.js:82
[   33449ms] [LOG] [WS] 🗺️ Broadcast recibido. Avatares: 1 [Hijo Test(2)] @ https://jimsimrodev.github.io/pequenos-sanos/assets/index-C7AoTPzR.js:82
[   33482ms] [LOG] [WS] 🗺️ Broadcast recibido. Avatares: 1 [Hijo Test(2)] @ https://jimsimrodev.github.io/pequenos-sanos/assets/index-C7AoTPzR.js:82
[   33521ms] [LOG] [WS] 🗺️ Broadcast recibido. Avatares: 1 [Hijo Test(2)] @ https://jimsimrodev.github.io/pequenos-sanos/assets/index-C7AoTPzR.js:82
[   33560ms] [LOG] [WS] 🗺️ Broadcast recibido. Avatares: 1 [Hijo Test(2)] @ https://jimsimrodev.github.io/pequenos-sanos/assets/index-C7AoTPzR.js:82
[   33587ms] [LOG] [WS] 🗺️ Broadcast recibido. Avatares: 1 [Hijo Test(2)] @ https://jimsimrodev.github.io/pequenos-sanos/assets/index-C7AoTPzR.js:82
[   33621ms] [LOG] [WS] 🗺️ Broadcast recibido. Avatares: 1 [Hijo Test(2)] @ https://jimsimrodev.github.io/pequenos-sanos/assets/index-C7AoTPzR.js:82
[   33662ms] [LOG] [WS] 🗺️ Broadcast recibido. Avatares: 1 [Hijo Test(2)] @ https://jimsimrodev.github.io/pequenos-sanos/assets/index-C7AoTPzR.js:82
[   33692ms] [LOG] [WS] 🗺️ Broadcast recibido. Avatares: 1 [Hijo Test(2)] @ https://jimsimrodev.github.io/pequenos-sanos/assets/index-C7AoTPzR.js:82
[   33730ms] [LOG] [WS] 🗺️ Broadcast recibido. Avatares: 1 [Hijo Test(2)] @ https://jimsimrodev.github.io/pequenos-sanos/assets/index-C7AoTPzR.js:82
[   33773ms] [LOG] [WS] 🗺️ Broadcast recibido. Avatares: 1 [Hijo Test(2)] @ https://jimsimrodev.github.io/pequenos-sanos/assets/index-C7AoTPzR.js:82
[   33806ms] [LOG] [WS] 🗺️ Broadcast recibido. Avatares: 1 [Hijo Test(2)] @ https://jimsimrodev.github.io/pequenos-sanos/assets/index-C7AoTPzR.js:82
[   33807ms] [LOG] [WS] 🗺️ Broadcast recibido. Avatares: 1 [Hijo Test(2)] @ https://jimsimrodev.github.io/pequenos-sanos/assets/index-C7AoTPzR.js:82
[   33861ms] [LOG] [WS] 🗺️ Broadcast recibido. Avatares: 1 [Hijo Test(2)] @ https://jimsimrodev.github.io/pequenos-sanos/assets/index-C7AoTPzR.js:82
[   33942ms] [LOG] [WS] 🗺️ Broadcast recibido. Avatares: 1 [Hijo Test(2)] @ https://jimsimrodev.github.io/pequenos-sanos/assets/index-C7AoTPzR.js:82
[   33997ms] [LOG] [WS] 🗺️ Broadcast recibido. Avatares: 1 [Hijo Test(2)] @ https://jimsimrodev.github.io/pequenos-sanos/assets/index-C7AoTPzR.js:82
[   33998ms] [LOG] [WS] 🗺️ Broadcast recibido. Avatares: 1 [Hijo Test(2)] @ https://jimsimrodev.github.io/pequenos-sanos/assets/index-C7AoTPzR.js:82
[   34058ms] [LOG] [WS] 🗺️ Broadcast recibido. Avatares: 1 [Hijo Test(2)] @ https://jimsimrodev.github.io/pequenos-sanos/assets/index-C7AoTPzR.js:82
[   34059ms] [LOG] [WS] 🗺️ Broadcast recibido. Avatares: 1 [Hijo Test(2)] @ https://jimsimrodev.github.io/pequenos-sanos/assets/index-C7AoTPzR.js:82
[   34135ms] [LOG] [WS] 🗺️ Broadcast recibido. Avatares: 1 [Hijo Test(2)] @ https://jimsimrodev.github.io/pequenos-sanos/assets/index-C7AoTPzR.js:82
[   34137ms] [LOG] [WS] 🗺️ Broadcast recibido. Avatares: 1 [Hijo Test(2)] @ https://jimsimrodev.github.io/pequenos-sanos/assets/index-C7AoTPzR.js:82
[   34177ms] [LOG] [WS] 🗺️ Broadcast recibido. Avatares: 1 [Hijo Test(2)] @ https://jimsimrodev.github.io/pequenos-sanos/assets/index-C7AoTPzR.js:82
[   34183ms] [LOG] [WS] 🗺️ Broadcast recibido. Avatares: 1 [Hijo Test(2)] @ https://jimsimrodev.github.io/pequenos-sanos/assets/index-C7AoTPzR.js:82
[   34243ms] [LOG] [WS] 🗺️ Broadcast recibido. Avatares: 1 [Hijo Test(2)] @ https://jimsimrodev.github.io/pequenos-sanos/assets/index-C7AoTPzR.js:82
[   34245ms] [LOG] [WS] 🗺️ Broadcast recibido. Avatares: 1 [Hijo Test(2)] @ https://jimsimrodev.github.io/pequenos-sanos/assets/index-C7AoTPzR.js:82
[   34280ms] [LOG] [WS] 🗺️ Broadcast recibido. Avatares: 1 [Hijo Test(2)] @ https://jimsimrodev.github.io/pequenos-sanos/assets/index-C7AoTPzR.js:82
[   34282ms] [LOG] [WS] 🗺️ Broadcast recibido. Avatares: 1 [Hijo Test(2)] @ https://jimsimrodev.github.io/pequenos-sanos/assets/index-C7AoTPzR.js:82
[   34321ms] [LOG] [WS] 🗺️ Broadcast recibido. Avatares: 1 [Hijo Test(2)] @ https://jimsimrodev.github.io/pequenos-sanos/assets/index-C7AoTPzR.js:82
[   34363ms] [LOG] [WS] 🗺️ Broadcast recibido. Avatares: 1 [Hijo Test(2)] @ https://jimsimrodev.github.io/pequenos-sanos/assets/index-C7AoTPzR.js:82
[   34405ms] [LOG] [WS] 🗺️ Broadcast recibido. Avatares: 1 [Hijo Test(2)] @ https://jimsimrodev.github.io/pequenos-sanos/assets/index-C7AoTPzR.js:82
[   34441ms] [LOG] [WS] 🗺️ Broadcast recibido. Avatares: 1 [Hijo Test(2)] @ https://jimsimrodev.github.io/pequenos-sanos/assets/index-C7AoTPzR.js:82
[   34442ms] [LOG] [WS] 🗺️ Broadcast recibido. Avatares: 1 [Hijo Test(2)] @ https://jimsimrodev.github.io/pequenos-sanos/assets/index-C7AoTPzR.js:82
[   34494ms] [LOG] [WS] 🗺️ Broadcast recibido. Avatares: 1 [Hijo Test(2)] @ https://jimsimrodev.github.io/pequenos-sanos/assets/index-C7AoTPzR.js:82
[   34539ms] [LOG] [WS] 🗺️ Broadcast recibido. Avatares: 1 [Hijo Test(2)] @ https://jimsimrodev.github.io/pequenos-sanos/assets/index-C7AoTPzR.js:82
[   34546ms] [LOG] [WS] 🗺️ Broadcast recibido. Avatares: 1 [Hijo Test(2)] @ https://jimsimrodev.github.io/pequenos-sanos/assets/index-C7AoTPzR.js:82
[   34614ms] [LOG] [WS] 🗺️ Broadcast recibido. Avatares: 1 [Hijo Test(2)] @ https://jimsimrodev.github.io/pequenos-sanos/assets/index-C7AoTPzR.js:82
[   34672ms] [LOG] [WS] 🗺️ Broadcast recibido. Avatares: 1 [Hijo Test(2)] @ https://jimsimrodev.github.io/pequenos-sanos/assets/index-C7AoTPzR.js:82
[   34673ms] [LOG] [WS] 🗺️ Broadcast recibido. Avatares: 1 [Hijo Test(2)] @ https://jimsimrodev.github.io/pequenos-sanos/assets/index-C7AoTPzR.js:82
[   34718ms] [LOG] [WS] 🗺️ Broadcast recibido. Avatares: 1 [Hijo Test(2)] @ https://jimsimrodev.github.io/pequenos-sanos/assets/index-C7AoTPzR.js:82
[   34770ms] [LOG] [WS] 🗺️ Broadcast recibido. Avatares: 1 [Hijo Test(2)] @ https://jimsimrodev.github.io/pequenos-sanos/assets/index-C7AoTPzR.js:82
[   34810ms] [LOG] [WS] 🗺️ Broadcast recibido. Avatares: 1 [Hijo Test(2)] @ https://jimsimrodev.github.io/pequenos-sanos/assets/index-C7AoTPzR.js:82
[   34811ms] [LOG] [WS] 🗺️ Broadcast recibido. Avatares: 1 [Hijo Test(2)] @ https://jimsimrodev.github.io/pequenos-sanos/assets/index-C7AoTPzR.js:82
[   34864ms] [LOG] [WS] 🗺️ Broadcast recibido. Avatares: 1 [Hijo Test(2)] @ https://jimsimrodev.github.io/pequenos-sanos/assets/index-C7AoTPzR.js:82
[   34866ms] [LOG] [WS] 🗺️ Broadcast recibido. Avatares: 1 [Hijo Test(2)] @ https://jimsimrodev.github.io/pequenos-sanos/assets/index-C7AoTPzR.js:82
[   34867ms] [LOG] [WS] 🗺️ Broadcast recibido. Avatares: 1 [Hijo Test(2)] @ https://jimsimrodev.github.io/pequenos-sanos/assets/index-C7AoTPzR.js:82
[   34873ms] [LOG] [WS] 🗺️ Broadcast recibido. Avatares: 1 [Hijo Test(2)] @ https://jimsimrodev.github.io/pequenos-sanos/assets/index-C7AoTPzR.js:82
[   34929ms] [LOG] [WS] 🗺️ Broadcast recibido. Avatares: 1 [Hijo Test(2)] @ https://jimsimrodev.github.io/pequenos-sanos/assets/index-C7AoTPzR.js:82
[   34969ms] [LOG] [WS] 🗺️ Broadcast recibido. Avatares: 1 [Hijo Test(2)] @ https://jimsimrodev.github.io/pequenos-sanos/assets/index-C7AoTPzR.js:82
[   35016ms] [LOG] [WS] 🗺️ Broadcast recibido. Avatares: 1 [Hijo Test(2)] @ https://jimsimrodev.github.io/pequenos-sanos/assets/index-C7AoTPzR.js:82
[   35123ms] [LOG] [WS] 🗺️ Broadcast recibido. Avatares: 1 [Hijo Test(2)] @ https://jimsimrodev.github.io/pequenos-sanos/assets/index-C7AoTPzR.js:82
[   35181ms] [LOG] [WS] 🗺️ Broadcast recibido. Avatares: 1 [Hijo Test(2)] @ https://jimsimrodev.github.io/pequenos-sanos/assets/index-C7AoTPzR.js:82
[   35219ms] [LOG] [WS] 🗺️ Broadcast recibido. Avatares: 1 [Hijo Test(2)] @ https://jimsimrodev.github.io/pequenos-sanos/assets/index-C7AoTPzR.js:82
[   35231ms] [LOG] [WS] 🗺️ Broadcast recibido. Avatares: 1 [Hijo Test(2)] @ https://jimsimrodev.github.io/pequenos-sanos/assets/index-C7AoTPzR.js:82
[   35232ms] [LOG] [WS] 🗺️ Broadcast recibido. Avatares: 1 [Hijo Test(2)] @ https://jimsimrodev.github.io/pequenos-sanos/assets/index-C7AoTPzR.js:82
[   35234ms] [LOG] [WS] 🗺️ Broadcast recibido. Avatares: 1 [Hijo Test(2)] @ https://jimsimrodev.github.io/pequenos-sanos/assets/index-C7AoTPzR.js:82
[   35289ms] [LOG] [WS] 🗺️ Broadcast recibido. Avatares: 1 [Hijo Test(2)] @ https://jimsimrodev.github.io/pequenos-sanos/assets/index-C7AoTPzR.js:82
[   35291ms] [LOG] [WS] 🗺️ Broadcast recibido. Avatares: 1 [Hijo Test(2)] @ https://jimsimrodev.github.io/pequenos-sanos/assets/index-C7AoTPzR.js:82
[   35293ms] [LOG] [WS] 🗺️ Broadcast recibido. Avatares: 1 [Hijo Test(2)] @ https://jimsimrodev.github.io/pequenos-sanos/assets/index-C7AoTPzR.js:82
[   35383ms] [LOG] [WS] 🗺️ Broadcast recibido. Avatares: 1 [Hijo Test(2)] @ https://jimsimrodev.github.io/pequenos-sanos/assets/index-C7AoTPzR.js:82
[   35427ms] [LOG] [WS] 🗺️ Broadcast recibido. Avatares: 1 [Hijo Test(2)] @ https://jimsimrodev.github.io/pequenos-sanos/assets/index-C7AoTPzR.js:82
[   35470ms] [LOG] [WS] 🗺️ Broadcast recibido. Avatares: 1 [Hijo Test(2)] @ https://jimsimrodev.github.io/pequenos-sanos/assets/index-C7AoTPzR.js:82
[   35475ms] [LOG] [WS] 🗺️ Broadcast recibido. Avatares: 1 [Hijo Test(2)] @ https://jimsimrodev.github.io/pequenos-sanos/assets/index-C7AoTPzR.js:82
[   35481ms] [LOG] [WS] 🗺️ Broadcast recibido. Avatares: 1 [Hijo Test(2)] @ https://jimsimrodev.github.io/pequenos-sanos/assets/index-C7AoTPzR.js:82
[   35531ms] [LOG] [WS] 🗺️ Broadcast recibido. Avatares: 1 [Hijo Test(2)] @ https://jimsimrodev.github.io/pequenos-sanos/assets/index-C7AoTPzR.js:82
[   35570ms] [LOG] [WS] 🗺️ Broadcast recibido. Avatares: 1 [Hijo Test(2)] @ https://jimsimrodev.github.io/pequenos-sanos/assets/index-C7AoTPzR.js:82
[   35573ms] [LOG] [WS] 🗺️ Broadcast recibido. Avatares: 1 [Hijo Test(2)] @ https://jimsimrodev.github.io/pequenos-sanos/assets/index-C7AoTPzR.js:82
[   35598ms] [LOG] [WS] 🗺️ Broadcast recibido. Avatares: 1 [Hijo Test(2)] @ https://jimsimrodev.github.io/pequenos-sanos/assets/index-C7AoTPzR.js:82
[   35665ms] [LOG] [WS] 🗺️ Broadcast recibido. Avatares: 1 [Hijo Test(2)] @ https://jimsimrodev.github.io/pequenos-sanos/assets/index-C7AoTPzR.js:82
[   35691ms] [LOG] [WS] 🗺️ Broadcast recibido. Avatares: 1 [Hijo Test(2)] @ https://jimsimrodev.github.io/pequenos-sanos/assets/index-C7AoTPzR.js:82
[   35728ms] [LOG] [WS] 🗺️ Broadcast recibido. Avatares: 1 [Hijo Test(2)] @ https://jimsimrodev.github.io/pequenos-sanos/assets/index-C7AoTPzR.js:82
[   35730ms] [LOG] [WS] 🗺️ Broadcast recibido. Avatares: 1 [Hijo Test(2)] @ https://jimsimrodev.github.io/pequenos-sanos/assets/index-C7AoTPzR.js:82
[   35731ms] [LOG] [WS] 🗺️ Broadcast recibido. Avatares: 1 [Hijo Test(2)] @ https://jimsimrodev.github.io/pequenos-sanos/assets/index-C7AoTPzR.js:82
[   35779ms] [LOG] [WS] 🗺️ Broadcast recibido. Avatares: 1 [Hijo Test(2)] @ https://jimsimrodev.github.io/pequenos-sanos/assets/index-C7AoTPzR.js:82
[   35855ms] [LOG] [WS] 🗺️ Broadcast recibido. Avatares: 1 [Hijo Test(2)] @ https://jimsimrodev.github.io/pequenos-sanos/assets/index-C7AoTPzR.js:82
[   35911ms] [LOG] [WS] 🗺️ Broadcast recibido. Avatares: 1 [Hijo Test(2)] @ https://jimsimrodev.github.io/pequenos-sanos/assets/index-C7AoTPzR.js:82
[   35960ms] [LOG] [WS] 🗺️ Broadcast recibido. Avatares: 1 [Hijo Test(2)] @ https://jimsimrodev.github.io/pequenos-sanos/assets/index-C7AoTPzR.js:82
[   36012ms] [LOG] [WS] 🗺️ Broadcast recibido. Avatares: 1 [Hijo Test(2)] @ https://jimsimrodev.github.io/pequenos-sanos/assets/index-C7AoTPzR.js:82
[   36042ms] [LOG] [WS] 🗺️ Broadcast recibido. Avatares: 1 [Hijo Test(2)] @ https://jimsimrodev.github.io/pequenos-sanos/assets/index-C7AoTPzR.js:82
[   36043ms] [LOG] [WS] 🗺️ Broadcast recibido. Avatares: 1 [Hijo Test(2)] @ https://jimsimrodev.github.io/pequenos-sanos/assets/index-C7AoTPzR.js:82
[   36091ms] [LOG] [WS] 🗺️ Broadcast recibido. Avatares: 1 [Hijo Test(2)] @ https://jimsimrodev.github.io/pequenos-sanos/assets/index-C7AoTPzR.js:82
[   36142ms] [LOG] [WS] 🗺️ Broadcast recibido. Avatares: 1 [Hijo Test(2)] @ https://jimsimrodev.github.io/pequenos-sanos/assets/index-C7AoTPzR.js:82
[   36182ms] [LOG] [WS] 🗺️ Broadcast recibido. Avatares: 1 [Hijo Test(2)] @ https://jimsimrodev.github.io/pequenos-sanos/assets/index-C7AoTPzR.js:82
[   36183ms] [LOG] [WS] 🗺️ Broadcast recibido. Avatares: 1 [Hijo Test(2)] @ https://jimsimrodev.github.io/pequenos-sanos/assets/index-C7AoTPzR.js:82
[   36243ms] [LOG] [WS] 🗺️ Broadcast recibido. Avatares: 1 [Hijo Test(2)] @ https://jimsimrodev.github.io/pequenos-sanos/assets/index-C7AoTPzR.js:82
[   36284ms] [LOG] [WS] 🗺️ Broadcast recibido. Avatares: 1 [Hijo Test(2)] @ https://jimsimrodev.github.io/pequenos-sanos/assets/index-C7AoTPzR.js:82
[   36285ms] [LOG] [WS] 🗺️ Broadcast recibido. Avatares: 1 [Hijo Test(2)] @ https://jimsimrodev.github.io/pequenos-sanos/assets/index-C7AoTPzR.js:82
[   36287ms] [LOG] [WS] 🗺️ Broadcast recibido. Avatares: 1 [Hijo Test(2)] @ https://jimsimrodev.github.io/pequenos-sanos/assets/index-C7AoTPzR.js:82
[   36369ms] [LOG] [WS] 🗺️ Broadcast recibido. Avatares: 1 [Hijo Test(2)] @ https://jimsimrodev.github.io/pequenos-sanos/assets/index-C7AoTPzR.js:82
[   36424ms] [LOG] [WS] 🗺️ Broadcast recibido. Avatares: 1 [Hijo Test(2)] @ https://jimsimrodev.github.io/pequenos-sanos/assets/index-C7AoTPzR.js:82
[   36426ms] [LOG] [WS] 🗺️ Broadcast recibido. Avatares: 1 [Hijo Test(2)] @ https://jimsimrodev.github.io/pequenos-sanos/assets/index-C7AoTPzR.js:82
[   36427ms] [LOG] [WS] 🗺️ Broadcast recibido. Avatares: 1 [Hijo Test(2)] @ https://jimsimrodev.github.io/pequenos-sanos/assets/index-C7AoTPzR.js:82
[   36430ms] [LOG] [WS] 🗺️ Broadcast recibido. Avatares: 1 [Hijo Test(2)] @ https://jimsimrodev.github.io/pequenos-sanos/assets/index-C7AoTPzR.js:82
[   36446ms] [LOG] [WS] 🗺️ Broadcast recibido. Avatares: 1 [Hijo Test(2)] @ https://jimsimrodev.github.io/pequenos-sanos/assets/index-C7AoTPzR.js:82
[   36501ms] [LOG] [WS] 🗺️ Broadcast recibido. Avatares: 1 [Hijo Test(2)] @ https://jimsimrodev.github.io/pequenos-sanos/assets/index-C7AoTPzR.js:82
[   36529ms] [LOG] [WS] 🗺️ Broadcast recibido. Avatares: 1 [Hijo Test(2)] @ https://jimsimrodev.github.io/pequenos-sanos/assets/index-C7AoTPzR.js:82
[   36531ms] [LOG] [WS] 🗺️ Broadcast recibido. Avatares: 1 [Hijo Test(2)] @ https://jimsimrodev.github.io/pequenos-sanos/assets/index-C7AoTPzR.js:82
[   36565ms] [LOG] [WS] 🗺️ Broadcast recibido. Avatares: 1 [Hijo Test(2)] @ https://jimsimrodev.github.io/pequenos-sanos/assets/index-C7AoTPzR.js:82
[   36613ms] [LOG] [WS] 🗺️ Broadcast recibido. Avatares: 1 [Hijo Test(2)] @ https://jimsimrodev.github.io/pequenos-sanos/assets/index-C7AoTPzR.js:82
[   36659ms] [LOG] [WS] 🗺️ Broadcast recibido. Avatares: 1 [Hijo Test(2)] @ https://jimsimrodev.github.io/pequenos-sanos/assets/index-C7AoTPzR.js:82
[   36702ms] [LOG] [WS] 🗺️ Broadcast recibido. Avatares: 1 [Hijo Test(2)] @ https://jimsimrodev.github.io/pequenos-sanos/assets/index-C7AoTPzR.js:82
[   36746ms] [LOG] [WS] 🗺️ Broadcast recibido. Avatares: 1 [Hijo Test(2)] @ https://jimsimrodev.github.io/pequenos-sanos/assets/index-C7AoTPzR.js:82
[   36783ms] [LOG] [WS] 🗺️ Broadcast recibido. Avatares: 1 [Hijo Test(2)] @ https://jimsimrodev.github.io/pequenos-sanos/assets/index-C7AoTPzR.js:82
[   36814ms] [LOG] [WS] 🗺️ Broadcast recibido. Avatares: 1 [Hijo Test(2)] @ https://jimsimrodev.github.io/pequenos-sanos/assets/index-C7AoTPzR.js:82
[   36816ms] [LOG] [WS] 🗺️ Broadcast recibido. Avatares: 1 [Hijo Test(2)] @ https://jimsimrodev.github.io/pequenos-sanos/assets/index-C7AoTPzR.js:82
[   36856ms] [LOG] [WS] 🗺️ Broadcast recibido. Avatares: 1 [Hijo Test(2)] @ https://jimsimrodev.github.io/pequenos-sanos/assets/index-C7AoTPzR.js:82
[   36899ms] [LOG] [WS] 🗺️ Broadcast recibido. Avatares: 1 [Hijo Test(2)] @ https://jimsimrodev.github.io/pequenos-sanos/assets/index-C7AoTPzR.js:82
[   36943ms] [LOG] [WS] 🗺️ Broadcast recibido. Avatares: 1 [Hijo Test(2)] @ https://jimsimrodev.github.io/pequenos-sanos/assets/index-C7AoTPzR.js:82
[   36987ms] [LOG] [WS] 🗺️ Broadcast recibido. Avatares: 1 [Hijo Test(2)] @ https://jimsimrodev.github.io/pequenos-sanos/assets/index-C7AoTPzR.js:82
[   37021ms] [LOG] [WS] 🗺️ Broadcast recibido. Avatares: 1 [Hijo Test(2)] @ https://jimsimrodev.github.io/pequenos-sanos/assets/index-C7AoTPzR.js:82
[   37022ms] [LOG] [WS] 🗺️ Broadcast recibido. Avatares: 1 [Hijo Test(2)] @ https://jimsimrodev.github.io/pequenos-sanos/assets/index-C7AoTPzR.js:82
[   37073ms] [LOG] [WS] 🗺️ Broadcast recibido. Avatares: 1 [Hijo Test(2)] @ https://jimsimrodev.github.io/pequenos-sanos/assets/index-C7AoTPzR.js:82
[   37130ms] [LOG] [WS] 🗺️ Broadcast recibido. Avatares: 1 [Hijo Test(2)] @ https://jimsimrodev.github.io/pequenos-sanos/assets/index-C7AoTPzR.js:82
[   37131ms] [LOG] [WS] 🗺️ Broadcast recibido. Avatares: 1 [Hijo Test(2)] @ https://jimsimrodev.github.io/pequenos-sanos/assets/index-C7AoTPzR.js:82
[   37184ms] [LOG] [WS] 🗺️ Broadcast recibido. Avatares: 1 [Hijo Test(2)] @ https://jimsimrodev.github.io/pequenos-sanos/assets/index-C7AoTPzR.js:82
[   37227ms] [LOG] [WS] 🗺️ Broadcast recibido. Avatares: 1 [Hijo Test(2)] @ https://jimsimrodev.github.io/pequenos-sanos/assets/index-C7AoTPzR.js:82
[   37228ms] [LOG] [WS] 🗺️ Broadcast recibido. Avatares: 1 [Hijo Test(2)] @ https://jimsimrodev.github.io/pequenos-sanos/assets/index-C7AoTPzR.js:82
[   37282ms] [LOG] [WS] 🗺️ Broadcast recibido. Avatares: 1 [Hijo Test(2)] @ https://jimsimrodev.github.io/pequenos-sanos/assets/index-C7AoTPzR.js:82
[   37340ms] [LOG] [WS] 🗺️ Broadcast recibido. Avatares: 1 [Hijo Test(2)] @ https://jimsimrodev.github.io/pequenos-sanos/assets/index-C7AoTPzR.js:82
[   37352ms] [LOG] [WS] 🗺️ Broadcast recibido. Avatares: 1 [Hijo Test(2)] @ https://jimsimrodev.github.io/pequenos-sanos/assets/index-C7AoTPzR.js:82
[   37403ms] [LOG] [WS] 🗺️ Broadcast recibido. Avatares: 1 [Hijo Test(2)] @ https://jimsimrodev.github.io/pequenos-sanos/assets/index-C7AoTPzR.js:82
[   37414ms] [LOG] [WS] 🗺️ Broadcast recibido. Avatares: 1 [Hijo Test(2)] @ https://jimsimrodev.github.io/pequenos-sanos/assets/index-C7AoTPzR.js:82
[   37451ms] [LOG] [WS] 🗺️ Broadcast recibido. Avatares: 1 [Hijo Test(2)] @ https://jimsimrodev.github.io/pequenos-sanos/assets/index-C7AoTPzR.js:82
[   37453ms] [LOG] [WS] 🗺️ Broadcast recibido. Avatares: 1 [Hijo Test(2)] @ https://jimsimrodev.github.io/pequenos-sanos/assets/index-C7AoTPzR.js:82
[   37499ms] [LOG] [WS] 🗺️ Broadcast recibido. Avatares: 1 [Hijo Test(2)] @ https://jimsimrodev.github.io/pequenos-sanos/assets/index-C7AoTPzR.js:82
[   37551ms] [LOG] [WS] 🗺️ Broadcast recibido. Avatares: 1 [Hijo Test(2)] @ https://jimsimrodev.github.io/pequenos-sanos/assets/index-C7AoTPzR.js:82
[   37606ms] [LOG] [WS] 🗺️ Broadcast recibido. Avatares: 1 [Hijo Test(2)] @ https://jimsimrodev.github.io/pequenos-sanos/assets/index-C7AoTPzR.js:82
[   37617ms] [LOG] [WS] 🗺️ Broadcast recibido. Avatares: 1 [Hijo Test(2)] @ https://jimsimrodev.github.io/pequenos-sanos/assets/index-C7AoTPzR.js:82
[   37620ms] [LOG] [WS] 🗺️ Broadcast recibido. Avatares: 1 [Hijo Test(2)] @ https://jimsimrodev.github.io/pequenos-sanos/assets/index-C7AoTPzR.js:82
[   37678ms] [LOG] [WS] 🗺️ Broadcast recibido. Avatares: 1 [Hijo Test(2)] @ https://jimsimrodev.github.io/pequenos-sanos/assets/index-C7AoTPzR.js:82
[   37722ms] [LOG] [WS] 🗺️ Broadcast recibido. Avatares: 1 [Hijo Test(2)] @ https://jimsimrodev.github.io/pequenos-sanos/assets/index-C7AoTPzR.js:82
[   37764ms] [LOG] [WS] 🗺️ Broadcast recibido. Avatares: 1 [Hijo Test(2)] @ https://jimsimrodev.github.io/pequenos-sanos/assets/index-C7AoTPzR.js:82
[   37766ms] [LOG] [WS] 🗺️ Broadcast recibido. Avatares: 1 [Hijo Test(2)] @ https://jimsimrodev.github.io/pequenos-sanos/assets/index-C7AoTPzR.js:82
[   37819ms] [LOG] [WS] 🗺️ Broadcast recibido. Avatares: 1 [Hijo Test(2)] @ https://jimsimrodev.github.io/pequenos-sanos/assets/index-C7AoTPzR.js:82
[   37889ms] [LOG] [WS] 🗺️ Broadcast recibido. Avatares: 1 [Hijo Test(2)] @ https://jimsimrodev.github.io/pequenos-sanos/assets/index-C7AoTPzR.js:82
[   37952ms] [LOG] [WS] 🗺️ Broadcast recibido. Avatares: 1 [Hijo Test(2)] @ https://jimsimrodev.github.io/pequenos-sanos/assets/index-C7AoTPzR.js:82
[   37954ms] [LOG] [WS] 🗺️ Broadcast recibido. Avatares: 1 [Hijo Test(2)] @ https://jimsimrodev.github.io/pequenos-sanos/assets/index-C7AoTPzR.js:82
[   37955ms] [LOG] [WS] 🗺️ Broadcast recibido. Avatares: 1 [Hijo Test(2)] @ https://jimsimrodev.github.io/pequenos-sanos/assets/index-C7AoTPzR.js:82
[   38005ms] [LOG] [WS] 🗺️ Broadcast recibido. Avatares: 1 [Hijo Test(2)] @ https://jimsimrodev.github.io/pequenos-sanos/assets/index-C7AoTPzR.js:82
[   38017ms] [LOG] [WS] 🗺️ Broadcast recibido. Avatares: 1 [Hijo Test(2)] @ https://jimsimrodev.github.io/pequenos-sanos/assets/index-C7AoTPzR.js:82
[   38062ms] [LOG] [WS] 🗺️ Broadcast recibido. Avatares: 1 [Hijo Test(2)] @ https://jimsimrodev.github.io/pequenos-sanos/assets/index-C7AoTPzR.js:82
[   38064ms] [LOG] [WS] 🗺️ Broadcast recibido. Avatares: 1 [Hijo Test(2)] @ https://jimsimrodev.github.io/pequenos-sanos/assets/index-C7AoTPzR.js:82
[   38122ms] [LOG] [WS] 🗺️ Broadcast recibido. Avatares: 1 [Hijo Test(2)] @ https://jimsimrodev.github.io/pequenos-sanos/assets/index-C7AoTPzR.js:82
[   38126ms] [LOG] [WS] 🗺️ Broadcast recibido. Avatares: 1 [Hijo Test(2)] @ https://jimsimrodev.github.io/pequenos-sanos/assets/index-C7AoTPzR.js:82
[   38199ms] [LOG] [WS] 🗺️ Broadcast recibido. Avatares: 1 [Hijo Test(2)] @ https://jimsimrodev.github.io/pequenos-sanos/assets/index-C7AoTPzR.js:82
[   38260ms] [LOG] [WS] 🗺️ Broadcast recibido. Avatares: 1 [Hijo Test(2)] @ https://jimsimrodev.github.io/pequenos-sanos/assets/index-C7AoTPzR.js:82
[   38261ms] [LOG] [WS] 🗺️ Broadcast recibido. Avatares: 1 [Hijo Test(2)] @ https://jimsimrodev.github.io/pequenos-sanos/assets/index-C7AoTPzR.js:82
[   38307ms] [LOG] [WS] 🗺️ Broadcast recibido. Avatares: 1 [Hijo Test(2)] @ https://jimsimrodev.github.io/pequenos-sanos/assets/index-C7AoTPzR.js:82
[   38309ms] [LOG] [WS] 🗺️ Broadcast recibido. Avatares: 1 [Hijo Test(2)] @ https://jimsimrodev.github.io/pequenos-sanos/assets/index-C7AoTPzR.js:82
[   38363ms] [LOG] [WS] 🗺️ Broadcast recibido. Avatares: 1 [Hijo Test(2)] @ https://jimsimrodev.github.io/pequenos-sanos/assets/index-C7AoTPzR.js:82
[   38433ms] [LOG] [WS] 🗺️ Broadcast recibido. Avatares: 1 [Hijo Test(2)] @ https://jimsimrodev.github.io/pequenos-sanos/assets/index-C7AoTPzR.js:82
[   38435ms] [LOG] [WS] 🗺️ Broadcast recibido. Avatares: 1 [Hijo Test(2)] @ https://jimsimrodev.github.io/pequenos-sanos/assets/index-C7AoTPzR.js:82
[   38447ms] [LOG] [WS] 🗺️ Broadcast recibido. Avatares: 1 [Hijo Test(2)] @ https://jimsimrodev.github.io/pequenos-sanos/assets/index-C7AoTPzR.js:82
[   38483ms] [LOG] [WS] 🗺️ Broadcast recibido. Avatares: 1 [Hijo Test(2)] @ https://jimsimrodev.github.io/pequenos-sanos/assets/index-C7AoTPzR.js:82
[   38485ms] [LOG] [WS] 🗺️ Broadcast recibido. Avatares: 1 [Hijo Test(2)] @ https://jimsimrodev.github.io/pequenos-sanos/assets/index-C7AoTPzR.js:82
[   38500ms] [LOG] [WS] 🗺️ Broadcast recibido. Avatares: 1 [Hijo Test(2)] @ https://jimsimrodev.github.io/pequenos-sanos/assets/index-C7AoTPzR.js:82
[   38539ms] [LOG] [WS] 🗺️ Broadcast recibido. Avatares: 1 [Hijo Test(2)] @ https://jimsimrodev.github.io/pequenos-sanos/assets/index-C7AoTPzR.js:82
[   38603ms] [LOG] [WS] 🗺️ Broadcast recibido. Avatares: 1 [Hijo Test(2)] @ https://jimsimrodev.github.io/pequenos-sanos/assets/index-C7AoTPzR.js:82
[   38642ms] [LOG] [WS] 🗺️ Broadcast recibido. Avatares: 1 [Hijo Test(2)] @ https://jimsimrodev.github.io/pequenos-sanos/assets/index-C7AoTPzR.js:82
[   38643ms] [LOG] [WS] 🗺️ Broadcast recibido. Avatares: 1 [Hijo Test(2)] @ https://jimsimrodev.github.io/pequenos-sanos/assets/index-C7AoTPzR.js:82
[   38678ms] [LOG] [WS] 🗺️ Broadcast recibido. Avatares: 1 [Hijo Test(2)] @ https://jimsimrodev.github.io/pequenos-sanos/assets/index-C7AoTPzR.js:82
[   38730ms] [LOG] [WS] 🗺️ Broadcast recibido. Avatares: 1 [Hijo Test(2)] @ https://jimsimrodev.github.io/pequenos-sanos/assets/index-C7AoTPzR.js:82
[   38732ms] [LOG] [WS] 🗺️ Broadcast recibido. Avatares: 1 [Hijo Test(2)] @ https://jimsimrodev.github.io/pequenos-sanos/assets/index-C7AoTPzR.js:82
[   38825ms] [LOG] [WS] 🗺️ Broadcast recibido. Avatares: 1 [Hijo Test(2)] @ https://jimsimrodev.github.io/pequenos-sanos/assets/index-C7AoTPzR.js:82
[   38865ms] [LOG] [WS] 🗺️ Broadcast recibido. Avatares: 1 [Hijo Test(2)] @ https://jimsimrodev.github.io/pequenos-sanos/assets/index-C7AoTPzR.js:82
[   38867ms] [LOG] [WS] 🗺️ Broadcast recibido. Avatares: 1 [Hijo Test(2)] @ https://jimsimrodev.github.io/pequenos-sanos/assets/index-C7AoTPzR.js:82
[   38868ms] [LOG] [WS] 🗺️ Broadcast recibido. Avatares: 1 [Hijo Test(2)] @ https://jimsimrodev.github.io/pequenos-sanos/assets/index-C7AoTPzR.js:82
[   38909ms] [LOG] [WS] 🗺️ Broadcast recibido. Avatares: 1 [Hijo Test(2)] @ https://jimsimrodev.github.io/pequenos-sanos/assets/index-C7AoTPzR.js:82
[   38945ms] [LOG] [WS] 🗺️ Broadcast recibido. Avatares: 1 [Hijo Test(2)] @ https://jimsimrodev.github.io/pequenos-sanos/assets/index-C7AoTPzR.js:82
[   38995ms] [LOG] [WS] 🗺️ Broadcast recibido. Avatares: 1 [Hijo Test(2)] @ https://jimsimrodev.github.io/pequenos-sanos/assets/index-C7AoTPzR.js:82
[   39031ms] [LOG] [WS] 🗺️ Broadcast recibido. Avatares: 1 [Hijo Test(2)] @ https://jimsimrodev.github.io/pequenos-sanos/assets/index-C7AoTPzR.js:82
[   39032ms] [LOG] [WS] 🗺️ Broadcast recibido. Avatares: 1 [Hijo Test(2)] @ https://jimsimrodev.github.io/pequenos-sanos/assets/index-C7AoTPzR.js:82
[   39082ms] [LOG] [WS] 🗺️ Broadcast recibido. Avatares: 1 [Hijo Test(2)] @ https://jimsimrodev.github.io/pequenos-sanos/assets/index-C7AoTPzR.js:82
[   39130ms] [LOG] [WS] 🗺️ Broadcast recibido. Avatares: 1 [Hijo Test(2)] @ https://jimsimrodev.github.io/pequenos-sanos/assets/index-C7AoTPzR.js:82
[   39135ms] [LOG] [WS] 🗺️ Broadcast recibido. Avatares: 1 [Hijo Test(2)] @ https://jimsimrodev.github.io/pequenos-sanos/assets/index-C7AoTPzR.js:82
[   39189ms] [LOG] [WS] 🗺️ Broadcast recibido. Avatares: 1 [Hijo Test(2)] @ https://jimsimrodev.github.io/pequenos-sanos/assets/index-C7AoTPzR.js:82
[   39236ms] [LOG] [WS] 🗺️ Broadcast recibido. Avatares: 1 [Hijo Test(2)] @ https://jimsimrodev.github.io/pequenos-sanos/assets/index-C7AoTPzR.js:82
[   39238ms] [LOG] [WS] 🗺️ Broadcast recibido. Avatares: 1 [Hijo Test(2)] @ https://jimsimrodev.github.io/pequenos-sanos/assets/index-C7AoTPzR.js:82
[   39291ms] [LOG] [WS] 🗺️ Broadcast recibido. Avatares: 1 [Hijo Test(2)] @ https://jimsimrodev.github.io/pequenos-sanos/assets/index-C7AoTPzR.js:82
[   39355ms] [LOG] [WS] 🗺️ Broadcast recibido. Avatares: 1 [Hijo Test(2)] @ https://jimsimrodev.github.io/pequenos-sanos/assets/index-C7AoTPzR.js:82
[   39360ms] [LOG] [WS] 🗺️ Broadcast recibido. Avatares: 1 [Hijo Test(2)] @ https://jimsimrodev.github.io/pequenos-sanos/assets/index-C7AoTPzR.js:82
[   39418ms] [LOG] [WS] 🗺️ Broadcast recibido. Avatares: 1 [Hijo Test(2)] @ https://jimsimrodev.github.io/pequenos-sanos/assets/index-C7AoTPzR.js:82
[   39420ms] [LOG] [WS] 🗺️ Broadcast recibido. Avatares: 1 [Hijo Test(2)] @ https://jimsimrodev.github.io/pequenos-sanos/assets/index-C7AoTPzR.js:82
[   39456ms] [LOG] [WS] 🗺️ Broadcast recibido. Avatares: 1 [Hijo Test(2)] @ https://jimsimrodev.github.io/pequenos-sanos/assets/index-C7AoTPzR.js:82
[   39458ms] [LOG] [WS] 🗺️ Broadcast recibido. Avatares: 1 [Hijo Test(2)] @ https://jimsimrodev.github.io/pequenos-sanos/assets/index-C7AoTPzR.js:82
[   39534ms] [LOG] [WS] 🗺️ Broadcast recibido. Avatares: 1 [Hijo Test(2)] @ https://jimsimrodev.github.io/pequenos-sanos/assets/index-C7AoTPzR.js:82
[   39592ms] [LOG] [WS] 🗺️ Broadcast recibido. Avatares: 1 [Hijo Test(2)] @ https://jimsimrodev.github.io/pequenos-sanos/assets/index-C7AoTPzR.js:82
[   39593ms] [LOG] [WS] 🗺️ Broadcast recibido. Avatares: 1 [Hijo Test(2)] @ https://jimsimrodev.github.io/pequenos-sanos/assets/index-C7AoTPzR.js:82
[   39641ms] [LOG] [WS] 🗺️ Broadcast recibido. Avatares: 1 [Hijo Test(2)] @ https://jimsimrodev.github.io/pequenos-sanos/assets/index-C7AoTPzR.js:82
[   39722ms] [LOG] [WS] 🗺️ Broadcast recibido. Avatares: 1 [Hijo Test(2)] @ https://jimsimrodev.github.io/pequenos-sanos/assets/index-C7AoTPzR.js:82
[   39734ms] [LOG] [WS] 🗺️ Broadcast recibido. Avatares: 1 [Hijo Test(2)] @ https://jimsimrodev.github.io/pequenos-sanos/assets/index-C7AoTPzR.js:82
[   39778ms] [LOG] [WS] 🗺️ Broadcast recibido. Avatares: 1 [Hijo Test(2)] @ https://jimsimrodev.github.io/pequenos-sanos/assets/index-C7AoTPzR.js:82
[   39827ms] [LOG] [WS] 🗺️ Broadcast recibido. Avatares: 1 [Hijo Test(2)] @ https://jimsimrodev.github.io/pequenos-sanos/assets/index-C7AoTPzR.js:82
[   39829ms] [LOG] [WS] 🗺️ Broadcast recibido. Avatares: 1 [Hijo Test(2)] @ https://jimsimrodev.github.io/pequenos-sanos/assets/index-C7AoTPzR.js:82
[   39832ms] [LOG] [WS] 🗺️ Broadcast recibido. Avatares: 1 [Hijo Test(2)] @ https://jimsimrodev.github.io/pequenos-sanos/assets/index-C7AoTPzR.js:82
[   39894ms] [LOG] [WS] 🗺️ Broadcast recibido. Avatares: 1 [Hijo Test(2)] @ https://jimsimrodev.github.io/pequenos-sanos/assets/index-C7AoTPzR.js:82
[   39895ms] [LOG] [WS] 🗺️ Broadcast recibido. Avatares: 1 [Hijo Test(2)] @ https://jimsimrodev.github.io/pequenos-sanos/assets/index-C7AoTPzR.js:82
[   39958ms] [LOG] [WS] 🗺️ Broadcast recibido. Avatares: 1 [Hijo Test(2)] @ https://jimsimrodev.github.io/pequenos-sanos/assets/index-C7AoTPzR.js:82
[   39960ms] [LOG] [WS] 🗺️ Broadcast recibido. Avatares: 1 [Hijo Test(2)] @ https://jimsimrodev.github.io/pequenos-sanos/assets/index-C7AoTPzR.js:82
[   40003ms] [LOG] [WS] 🗺️ Broadcast recibido. Avatares: 1 [Hijo Test(2)] @ https://jimsimrodev.github.io/pequenos-sanos/assets/index-C7AoTPzR.js:82
[   40005ms] [LOG] [WS] 🗺️ Broadcast recibido. Avatares: 1 [Hijo Test(2)] @ https://jimsimrodev.github.io/pequenos-sanos/assets/index-C7AoTPzR.js:82
[   40069ms] [LOG] [WS] 🗺️ Broadcast recibido. Avatares: 1 [Hijo Test(2)] @ https://jimsimrodev.github.io/pequenos-sanos/assets/index-C7AoTPzR.js:82
[   40111ms] [LOG] [WS] 🗺️ Broadcast recibido. Avatares: 1 [Hijo Test(2)] @ https://jimsimrodev.github.io/pequenos-sanos/assets/index-C7AoTPzR.js:82
[   40113ms] [LOG] [WS] 🗺️ Broadcast recibido. Avatares: 1 [Hijo Test(2)] @ https://jimsimrodev.github.io/pequenos-sanos/assets/index-C7AoTPzR.js:82
[   40166ms] [LOG] [WS] 🗺️ Broadcast recibido. Avatares: 1 [Hijo Test(2)] @ https://jimsimrodev.github.io/pequenos-sanos/assets/index-C7AoTPzR.js:82
[   40168ms] [LOG] [WS] 🗺️ Broadcast recibido. Avatares: 1 [Hijo Test(2)] @ https://jimsimrodev.github.io/pequenos-sanos/assets/index-C7AoTPzR.js:82
[   40180ms] [LOG] [WS] 🗺️ Broadcast recibido. Avatares: 1 [Hijo Test(2)] @ https://jimsimrodev.github.io/pequenos-sanos/assets/index-C7AoTPzR.js:82
[   40223ms] [LOG] [WS] 🗺️ Broadcast recibido. Avatares: 1 [Hijo Test(2)] @ https://jimsimrodev.github.io/pequenos-sanos/assets/index-C7AoTPzR.js:82
[   40260ms] [LOG] [WS] 🗺️ Broadcast recibido. Avatares: 1 [Hijo Test(2)] @ https://jimsimrodev.github.io/pequenos-sanos/assets/index-C7AoTPzR.js:82
[   40311ms] [LOG] [WS] 🗺️ Broadcast recibido. Avatares: 1 [Hijo Test(2)] @ https://jimsimrodev.github.io/pequenos-sanos/assets/index-C7AoTPzR.js:82
[   40367ms] [LOG] [WS] 🗺️ Broadcast recibido. Avatares: 1 [Hijo Test(2)] @ https://jimsimrodev.github.io/pequenos-sanos/assets/index-C7AoTPzR.js:82
[   40369ms] [LOG] [WS] 🗺️ Broadcast recibido. Avatares: 1 [Hijo Test(2)] @ https://jimsimrodev.github.io/pequenos-sanos/assets/index-C7AoTPzR.js:82
[   40415ms] [LOG] [WS] 🗺️ Broadcast recibido. Avatares: 1 [Hijo Test(2)] @ https://jimsimrodev.github.io/pequenos-sanos/assets/index-C7AoTPzR.js:82
[   40453ms] [LOG] [WS] 🗺️ Broadcast recibido. Avatares: 1 [Hijo Test(2)] @ https://jimsimrodev.github.io/pequenos-sanos/assets/index-C7AoTPzR.js:82
[   40455ms] [LOG] [WS] 🗺️ Broadcast recibido. Avatares: 1 [Hijo Test(2)] @ https://jimsimrodev.github.io/pequenos-sanos/assets/index-C7AoTPzR.js:82
[   40509ms] [LOG] [WS] 🗺️ Broadcast recibido. Avatares: 1 [Hijo Test(2)] @ https://jimsimrodev.github.io/pequenos-sanos/assets/index-C7AoTPzR.js:82
[   40539ms] [LOG] [WS] 🗺️ Broadcast recibido. Avatares: 1 [Hijo Test(2)] @ https://jimsimrodev.github.io/pequenos-sanos/assets/index-C7AoTPzR.js:82
[   40545ms] [LOG] [WS] 🗺️ Broadcast recibido. Avatares: 1 [Hijo Test(2)] @ https://jimsimrodev.github.io/pequenos-sanos/assets/index-C7AoTPzR.js:82
[   40605ms] [LOG] [WS] 🗺️ Broadcast recibido. Avatares: 1 [Hijo Test(2)] @ https://jimsimrodev.github.io/pequenos-sanos/assets/index-C7AoTPzR.js:82
[   40668ms] [LOG] [WS] 🗺️ Broadcast recibido. Avatares: 1 [Hijo Test(2)] @ https://jimsimrodev.github.io/pequenos-sanos/assets/index-C7AoTPzR.js:82
[   40669ms] [LOG] [WS] 🗺️ Broadcast recibido. Avatares: 1 [Hijo Test(2)] @ https://jimsimrodev.github.io/pequenos-sanos/assets/index-C7AoTPzR.js:82
[   40738ms] [LOG] [WS] 🗺️ Broadcast recibido. Avatares: 1 [Hijo Test(2)] @ https://jimsimrodev.github.io/pequenos-sanos/assets/index-C7AoTPzR.js:82
[   40745ms] [LOG] [WS] 🗺️ Broadcast recibido. Avatares: 1 [Hijo Test(2)] @ https://jimsimrodev.github.io/pequenos-sanos/assets/index-C7AoTPzR.js:82
[   40746ms] [LOG] [WS] 🗺️ Broadcast recibido. Avatares: 1 [Hijo Test(2)] @ https://jimsimrodev.github.io/pequenos-sanos/assets/index-C7AoTPzR.js:82
[   40747ms] [LOG] [WS] 🗺️ Broadcast recibido. Avatares: 1 [Hijo Test(2)] @ https://jimsimrodev.github.io/pequenos-sanos/assets/index-C7AoTPzR.js:82
[   40809ms] [LOG] [WS] 🗺️ Broadcast recibido. Avatares: 1 [Hijo Test(2)] @ https://jimsimrodev.github.io/pequenos-sanos/assets/index-C7AoTPzR.js:82
[   40858ms] [LOG] [WS] 🗺️ Broadcast recibido. Avatares: 1 [Hijo Test(2)] @ https://jimsimrodev.github.io/pequenos-sanos/assets/index-C7AoTPzR.js:82
[   40945ms] [LOG] [WS] 🗺️ Broadcast recibido. Avatares: 1 [Hijo Test(2)] @ https://jimsimrodev.github.io/pequenos-sanos/assets/index-C7AoTPzR.js:82
[   41003ms] [LOG] [WS] 🗺️ Broadcast recibido. Avatares: 1 [Hijo Test(2)] @ https://jimsimrodev.github.io/pequenos-sanos/assets/index-C7AoTPzR.js:82
[   41043ms] [LOG] [WS] 🗺️ Broadcast recibido. Avatares: 1 [Hijo Test(2)] @ https://jimsimrodev.github.io/pequenos-sanos/assets/index-C7AoTPzR.js:82
[   41108ms] [LOG] [WS] 🗺️ Broadcast recibido. Avatares: 1 [Hijo Test(2)] @ https://jimsimrodev.github.io/pequenos-sanos/assets/index-C7AoTPzR.js:82
[   41170ms] [LOG] [WS] 🗺️ Broadcast recibido. Avatares: 1 [Hijo Test(2)] @ https://jimsimrodev.github.io/pequenos-sanos/assets/index-C7AoTPzR.js:82
[   41214ms] [LOG] [WS] 🗺️ Broadcast recibido. Avatares: 1 [Hijo Test(2)] @ https://jimsimrodev.github.io/pequenos-sanos/assets/index-C7AoTPzR.js:82
[   41271ms] [LOG] [WS] 🗺️ Broadcast recibido. Avatares: 1 [Hijo Test(2)] @ https://jimsimrodev.github.io/pequenos-sanos/assets/index-C7AoTPzR.js:82
[   41309ms] [LOG] [WS] 🗺️ Broadcast recibido. Avatares: 1 [Hijo Test(2)] @ https://jimsimrodev.github.io/pequenos-sanos/assets/index-C7AoTPzR.js:82
[   41360ms] [LOG] [WS] 🗺️ Broadcast recibido. Avatares: 1 [Hijo Test(2)] @ https://jimsimrodev.github.io/pequenos-sanos/assets/index-C7AoTPzR.js:82
[   41436ms] [LOG] [WS] 🗺️ Broadcast recibido. Avatares: 1 [Hijo Test(2)] @ https://jimsimrodev.github.io/pequenos-sanos/assets/index-C7AoTPzR.js:82
[   41483ms] [LOG] [WS] 🗺️ Broadcast recibido. Avatares: 1 [Hijo Test(2)] @ https://jimsimrodev.github.io/pequenos-sanos/assets/index-C7AoTPzR.js:82
[   41585ms] [LOG] [WS] 🗺️ Broadcast recibido. Avatares: 1 [Hijo Test(2)] @ https://jimsimrodev.github.io/pequenos-sanos/assets/index-C7AoTPzR.js:82
[   41640ms] [LOG] [WS] 🗺️ Broadcast recibido. Avatares: 1 [Hijo Test(2)] @ https://jimsimrodev.github.io/pequenos-sanos/assets/index-C7AoTPzR.js:82
[   41699ms] [LOG] [WS] 🗺️ Broadcast recibido. Avatares: 1 [Hijo Test(2)] @ https://jimsimrodev.github.io/pequenos-sanos/assets/index-C7AoTPzR.js:82
[   41752ms] [LOG] [WS] 🗺️ Broadcast recibido. Avatares: 1 [Hijo Test(2)] @ https://jimsimrodev.github.io/pequenos-sanos/assets/index-C7AoTPzR.js:82
[   41796ms] [LOG] [WS] 🗺️ Broadcast recibido. Avatares: 1 [Hijo Test(2)] @ https://jimsimrodev.github.io/pequenos-sanos/assets/index-C7AoTPzR.js:82
[   41882ms] [LOG] [WS] 🗺️ Broadcast recibido. Avatares: 1 [Hijo Test(2)] @ https://jimsimrodev.github.io/pequenos-sanos/assets/index-C7AoTPzR.js:82
[   41927ms] [LOG] [WS] 🗺️ Broadcast recibido. Avatares: 1 [Hijo Test(2)] @ https://jimsimrodev.github.io/pequenos-sanos/assets/index-C7AoTPzR.js:82
[   42003ms] [LOG] [WS] 🗺️ Broadcast recibido. Avatares: 1 [Hijo Test(2)] @ https://jimsimrodev.github.io/pequenos-sanos/assets/index-C7AoTPzR.js:82
[   42039ms] [LOG] [WS] 🗺️ Broadcast recibido. Avatares: 1 [Hijo Test(2)] @ https://jimsimrodev.github.io/pequenos-sanos/assets/index-C7AoTPzR.js:82
[   42041ms] [LOG] [WS] 🗺️ Broadcast recibido. Avatares: 1 [Hijo Test(2)] @ https://jimsimrodev.github.io/pequenos-sanos/assets/index-C7AoTPzR.js:82
[   42043ms] [LOG] [WS] 🗺️ Broadcast recibido. Avatares: 1 [Hijo Test(2)] @ https://jimsimrodev.github.io/pequenos-sanos/assets/index-C7AoTPzR.js:82
[   42044ms] [LOG] [WS] 🗺️ Broadcast recibido. Avatares: 1 [Hijo Test(2)] @ https://jimsimrodev.github.io/pequenos-sanos/assets/index-C7AoTPzR.js:82
[   42081ms] [LOG] [WS] 🗺️ Broadcast recibido. Avatares: 1 [Hijo Test(2)] @ https://jimsimrodev.github.io/pequenos-sanos/assets/index-C7AoTPzR.js:82
[   42092ms] [LOG] [WS] 🗺️ Broadcast recibido. Avatares: 1 [Hijo Test(2)] @ https://jimsimrodev.github.io/pequenos-sanos/assets/index-C7AoTPzR.js:82
[   42093ms] [LOG] [WS] 🗺️ Broadcast recibido. Avatares: 1 [Hijo Test(2)] @ https://jimsimrodev.github.io/pequenos-sanos/assets/index-C7AoTPzR.js:82
[   42095ms] [LOG] [WS] 🗺️ Broadcast recibido. Avatares: 1 [Hijo Test(2)] @ https://jimsimrodev.github.io/pequenos-sanos/assets/index-C7AoTPzR.js:82
[   42129ms] [LOG] [WS] 🗺️ Broadcast recibido. Avatares: 1 [Hijo Test(2)] @ https://jimsimrodev.github.io/pequenos-sanos/assets/index-C7AoTPzR.js:82
[   42130ms] [LOG] [WS] 🗺️ Broadcast recibido. Avatares: 1 [Hijo Test(2)] @ https://jimsimrodev.github.io/pequenos-sanos/assets/index-C7AoTPzR.js:82
[   42133ms] [LOG] [WS] 🗺️ Broadcast recibido. Avatares: 1 [Hijo Test(2)] @ https://jimsimrodev.github.io/pequenos-sanos/assets/index-C7AoTPzR.js:82
[   42135ms] [LOG] [WS] 🗺️ Broadcast recibido. Avatares: 1 [Hijo Test(2)] @ https://jimsimrodev.github.io/pequenos-sanos/assets/index-C7AoTPzR.js:82
[   42136ms] [LOG] [WS] 🗺️ Broadcast recibido. Avatares: 1 [Hijo Test(2)] @ https://jimsimrodev.github.io/pequenos-sanos/assets/index-C7AoTPzR.js:82
[   42137ms] [LOG] [WS] 🗺️ Broadcast recibido. Avatares: 1 [Hijo Test(2)] @ https://jimsimrodev.github.io/pequenos-sanos/assets/index-C7AoTPzR.js:82
[   42203ms] [LOG] [WS] 🗺️ Broadcast recibido. Avatares: 1 [Hijo Test(2)] @ https://jimsimrodev.github.io/pequenos-sanos/assets/index-C7AoTPzR.js:82
[   42207ms] [LOG] [WS] 🗺️ Broadcast recibido. Avatares: 1 [Hijo Test(2)] @ https://jimsimrodev.github.io/pequenos-sanos/assets/index-C7AoTPzR.js:82
[   42209ms] [LOG] [WS] 🗺️ Broadcast recibido. Avatares: 1 [Hijo Test(2)] @ https://jimsimrodev.github.io/pequenos-sanos/assets/index-C7AoTPzR.js:82
[   42211ms] [LOG] [WS] 🗺️ Broadcast recibido. Avatares: 1 [Hijo Test(2)] @ https://jimsimrodev.github.io/pequenos-sanos/assets/index-C7AoTPzR.js:82
[   42212ms] [LOG] [WS] 🗺️ Broadcast recibido. Avatares: 1 [Hijo Test(2)] @ https://jimsimrodev.github.io/pequenos-sanos/assets/index-C7AoTPzR.js:82
[   42289ms] [LOG] [WS] 🗺️ Broadcast recibido. Avatares: 1 [Hijo Test(2)] @ https://jimsimrodev.github.io/pequenos-sanos/assets/index-C7AoTPzR.js:82
[   42291ms] [LOG] [WS] 🗺️ Broadcast recibido. Avatares: 1 [Hijo Test(2)] @ https://jimsimrodev.github.io/pequenos-sanos/assets/index-C7AoTPzR.js:82
[   42335ms] [LOG] [WS] 🗺️ Broadcast recibido. Avatares: 1 [Hijo Test(2)] @ https://jimsimrodev.github.io/pequenos-sanos/assets/index-C7AoTPzR.js:82
[   42337ms] [LOG] [WS] 🗺️ Broadcast recibido. Avatares: 1 [Hijo Test(2)] @ https://jimsimrodev.github.io/pequenos-sanos/assets/index-C7AoTPzR.js:82
[   42340ms] [LOG] [WS] 🗺️ Broadcast recibido. Avatares: 1 [Hijo Test(2)] @ https://jimsimrodev.github.io/pequenos-sanos/assets/index-C7AoTPzR.js:82
[   42342ms] [LOG] [WS] 🗺️ Broadcast recibido. Avatares: 1 [Hijo Test(2)] @ https://jimsimrodev.github.io/pequenos-sanos/assets/index-C7AoTPzR.js:82
[   42394ms] [LOG] [WS] 🗺️ Broadcast recibido. Avatares: 1 [Hijo Test(2)] @ https://jimsimrodev.github.io/pequenos-sanos/assets/index-C7AoTPzR.js:82
[   42396ms] [LOG] [WS] 🗺️ Broadcast recibido. Avatares: 1 [Hijo Test(2)] @ https://jimsimrodev.github.io/pequenos-sanos/assets/index-C7AoTPzR.js:82
[   42438ms] [LOG] [WS] 🗺️ Broadcast recibido. Avatares: 1 [Hijo Test(2)] @ https://jimsimrodev.github.io/pequenos-sanos/assets/index-C7AoTPzR.js:82
[   42514ms] [LOG] [WS] 🗺️ Broadcast recibido. Avatares: 1 [Hijo Test(2)] @ https://jimsimrodev.github.io/pequenos-sanos/assets/index-C7AoTPzR.js:82
[   42552ms] [LOG] [WS] 🗺️ Broadcast recibido. Avatares: 1 [Hijo Test(2)] @ https://jimsimrodev.github.io/pequenos-sanos/assets/index-C7AoTPzR.js:82
[   42554ms] [LOG] [WS] 🗺️ Broadcast recibido. Avatares: 1 [Hijo Test(2)] @ https://jimsimrodev.github.io/pequenos-sanos/assets/index-C7AoTPzR.js:82
[   42556ms] [LOG] [WS] 🗺️ Broadcast recibido. Avatares: 1 [Hijo Test(2)] @ https://jimsimrodev.github.io/pequenos-sanos/assets/index-C7AoTPzR.js:82
[   42613ms] [LOG] [WS] 🗺️ Broadcast recibido. Avatares: 1 [Hijo Test(2)] @ https://jimsimrodev.github.io/pequenos-sanos/assets/index-C7AoTPzR.js:82
[   42614ms] [LOG] [WS] 🗺️ Broadcast recibido. Avatares: 1 [Hijo Test(2)] @ https://jimsimrodev.github.io/pequenos-sanos/assets/index-C7AoTPzR.js:82
[   42681ms] [LOG] [WS] 🗺️ Broadcast recibido. Avatares: 1 [Hijo Test(2)] @ https://jimsimrodev.github.io/pequenos-sanos/assets/index-C7AoTPzR.js:82
[   42712ms] [LOG] [WS] 🗺️ Broadcast recibido. Avatares: 1 [Hijo Test(2)] @ https://jimsimrodev.github.io/pequenos-sanos/assets/index-C7AoTPzR.js:82
[   42713ms] [LOG] [WS] 🗺️ Broadcast recibido. Avatares: 1 [Hijo Test(2)] @ https://jimsimrodev.github.io/pequenos-sanos/assets/index-C7AoTPzR.js:82
[   42754ms] [LOG] [WS] 🗺️ Broadcast recibido. Avatares: 1 [Hijo Test(2)] @ https://jimsimrodev.github.io/pequenos-sanos/assets/index-C7AoTPzR.js:82
[   42755ms] [LOG] [WS] 🗺️ Broadcast recibido. Avatares: 1 [Hijo Test(2)] @ https://jimsimrodev.github.io/pequenos-sanos/assets/index-C7AoTPzR.js:82
[   42814ms] [LOG] [WS] 🗺️ Broadcast recibido. Avatares: 1 [Hijo Test(2)] @ https://jimsimrodev.github.io/pequenos-sanos/assets/index-C7AoTPzR.js:82
[   42884ms] [LOG] [WS] 🗺️ Broadcast recibido. Avatares: 1 [Hijo Test(2)] @ https://jimsimrodev.github.io/pequenos-sanos/assets/index-C7AoTPzR.js:82
[   42948ms] [LOG] [WS] 🗺️ Broadcast recibido. Avatares: 1 [Hijo Test(2)] @ https://jimsimrodev.github.io/pequenos-sanos/assets/index-C7AoTPzR.js:82
[   42950ms] [LOG] [WS] 🗺️ Broadcast recibido. Avatares: 1 [Hijo Test(2)] @ https://jimsimrodev.github.io/pequenos-sanos/assets/index-C7AoTPzR.js:82
[   42990ms] [LOG] [WS] 🗺️ Broadcast recibido. Avatares: 1 [Hijo Test(2)] @ https://jimsimrodev.github.io/pequenos-sanos/assets/index-C7AoTPzR.js:82
[   42991ms] [LOG] [WS] 🗺️ Broadcast recibido. Avatares: 1 [Hijo Test(2)] @ https://jimsimrodev.github.io/pequenos-sanos/assets/index-C7AoTPzR.js:82
[   43044ms] [LOG] [WS] 🗺️ Broadcast recibido. Avatares: 1 [Hijo Test(2)] @ https://jimsimrodev.github.io/pequenos-sanos/assets/index-C7AoTPzR.js:82
[   43129ms] [LOG] [WS] 🗺️ Broadcast recibido. Avatares: 1 [Hijo Test(2)] @ https://jimsimrodev.github.io/pequenos-sanos/assets/index-C7AoTPzR.js:82
[   43131ms] [LOG] [WS] 🗺️ Broadcast recibido. Avatares: 1 [Hijo Test(2)] @ https://jimsimrodev.github.io/pequenos-sanos/assets/index-C7AoTPzR.js:82
[   43145ms] [LOG] [WS] 🗺️ Broadcast recibido. Avatares: 1 [Hijo Test(2)] @ https://jimsimrodev.github.io/pequenos-sanos/assets/index-C7AoTPzR.js:82
[   43184ms] [LOG] [WS] 🗺️ Broadcast recibido. Avatares: 1 [Hijo Test(2)] @ https://jimsimrodev.github.io/pequenos-sanos/assets/index-C7AoTPzR.js:82
[   43193ms] [LOG] [WS] 🗺️ Broadcast recibido. Avatares: 1 [Hijo Test(2)] @ https://jimsimrodev.github.io/pequenos-sanos/assets/index-C7AoTPzR.js:82
[   43282ms] [LOG] [WS] 🗺️ Broadcast recibido. Avatares: 1 [Hijo Test(2)] @ https://jimsimrodev.github.io/pequenos-sanos/assets/index-C7AoTPzR.js:82
[   43338ms] [LOG] [WS] 🗺️ Broadcast recibido. Avatares: 1 [Hijo Test(2)] @ https://jimsimrodev.github.io/pequenos-sanos/assets/index-C7AoTPzR.js:82
[   43346ms] [LOG] [WS] 🗺️ Broadcast recibido. Avatares: 1 [Hijo Test(2)] @ https://jimsimrodev.github.io/pequenos-sanos/assets/index-C7AoTPzR.js:82
[   43347ms] [LOG] [WS] 🗺️ Broadcast recibido. Avatares: 1 [Hijo Test(2)] @ https://jimsimrodev.github.io/pequenos-sanos/assets/index-C7AoTPzR.js:82
[   43412ms] [LOG] [WS] 🗺️ Broadcast recibido. Avatares: 1 [Hijo Test(2)] @ https://jimsimrodev.github.io/pequenos-sanos/assets/index-C7AoTPzR.js:82
[   43418ms] [LOG] [WS] 🗺️ Broadcast recibido. Avatares: 1 [Hijo Test(2)] @ https://jimsimrodev.github.io/pequenos-sanos/assets/index-C7AoTPzR.js:82
[   43467ms] [LOG] [WS] 🗺️ Broadcast recibido. Avatares: 1 [Hijo Test(2)] @ https://jimsimrodev.github.io/pequenos-sanos/assets/index-C7AoTPzR.js:82
[   43468ms] [LOG] [WS] 🗺️ Broadcast recibido. Avatares: 1 [Hijo Test(2)] @ https://jimsimrodev.github.io/pequenos-sanos/assets/index-C7AoTPzR.js:82
[   43480ms] [LOG] [WS] 🗺️ Broadcast recibido. Avatares: 1 [Hijo Test(2)] @ https://jimsimrodev.github.io/pequenos-sanos/assets/index-C7AoTPzR.js:82
[   43523ms] [LOG] [WS] 🗺️ Broadcast recibido. Avatares: 1 [Hijo Test(2)] @ https://jimsimrodev.github.io/pequenos-sanos/assets/index-C7AoTPzR.js:82
[   43525ms] [LOG] [WS] 🗺️ Broadcast recibido. Avatares: 1 [Hijo Test(2)] @ https://jimsimrodev.github.io/pequenos-sanos/assets/index-C7AoTPzR.js:82
[   43578ms] [LOG] [WS] 🗺️ Broadcast recibido. Avatares: 1 [Hijo Test(2)] @ https://jimsimrodev.github.io/pequenos-sanos/assets/index-C7AoTPzR.js:82
[   43631ms] [LOG] [WS] 🗺️ Broadcast recibido. Avatares: 1 [Hijo Test(2)] @ https://jimsimrodev.github.io/pequenos-sanos/assets/index-C7AoTPzR.js:82
[   43638ms] [LOG] [WS] 🗺️ Broadcast recibido. Avatares: 1 [Hijo Test(2)] @ https://jimsimrodev.github.io/pequenos-sanos/assets/index-C7AoTPzR.js:82
[   43639ms] [LOG] [WS] 🗺️ Broadcast recibido. Avatares: 1 [Hijo Test(2)] @ https://jimsimrodev.github.io/pequenos-sanos/assets/index-C7AoTPzR.js:82
[   43684ms] [LOG] [WS] 🗺️ Broadcast recibido. Avatares: 1 [Hijo Test(2)] @ https://jimsimrodev.github.io/pequenos-sanos/assets/index-C7AoTPzR.js:82
[   43770ms] [LOG] [WS] 🗺️ Broadcast recibido. Avatares: 1 [Hijo Test(2)] @ https://jimsimrodev.github.io/pequenos-sanos/assets/index-C7AoTPzR.js:82
[   43821ms] [LOG] [WS] 🗺️ Broadcast recibido. Avatares: 1 [Hijo Test(2)] @ https://jimsimrodev.github.io/pequenos-sanos/assets/index-C7AoTPzR.js:82
[   43829ms] [LOG] [WS] 🗺️ Broadcast recibido. Avatares: 1 [Hijo Test(2)] @ https://jimsimrodev.github.io/pequenos-sanos/assets/index-C7AoTPzR.js:82
[   43885ms] [LOG] [WS] 🗺️ Broadcast recibido. Avatares: 1 [Hijo Test(2)] @ https://jimsimrodev.github.io/pequenos-sanos/assets/index-C7AoTPzR.js:82
[   43886ms] [LOG] [WS] 🗺️ Broadcast recibido. Avatares: 1 [Hijo Test(2)] @ https://jimsimrodev.github.io/pequenos-sanos/assets/index-C7AoTPzR.js:82
[   43925ms] [LOG] [WS] 🗺️ Broadcast recibido. Avatares: 1 [Hijo Test(2)] @ https://jimsimrodev.github.io/pequenos-sanos/assets/index-C7AoTPzR.js:82
[   43928ms] [LOG] [WS] 🗺️ Broadcast recibido. Avatares: 1 [Hijo Test(2)] @ https://jimsimrodev.github.io/pequenos-sanos/assets/index-C7AoTPzR.js:82
[   43982ms] [LOG] [WS] 🗺️ Broadcast recibido. Avatares: 1 [Hijo Test(2)] @ https://jimsimrodev.github.io/pequenos-sanos/assets/index-C7AoTPzR.js:82
[   44033ms] [LOG] [WS] 🗺️ Broadcast recibido. Avatares: 1 [Hijo Test(2)] @ https://jimsimrodev.github.io/pequenos-sanos/assets/index-C7AoTPzR.js:82
[   44080ms] [LOG] [WS] 🗺️ Broadcast recibido. Avatares: 1 [Hijo Test(2)] @ https://jimsimrodev.github.io/pequenos-sanos/assets/index-C7AoTPzR.js:82
[   44093ms] [LOG] [WS] 🗺️ Broadcast recibido. Avatares: 1 [Hijo Test(2)] @ https://jimsimrodev.github.io/pequenos-sanos/assets/index-C7AoTPzR.js:82
[   44135ms] [LOG] [WS] 🗺️ Broadcast recibido. Avatares: 1 [Hijo Test(2)] @ https://jimsimrodev.github.io/pequenos-sanos/assets/index-C7AoTPzR.js:82
[   44176ms] [LOG] [WS] 🗺️ Broadcast recibido. Avatares: 1 [Hijo Test(2)] @ https://jimsimrodev.github.io/pequenos-sanos/assets/index-C7AoTPzR.js:82
[   44178ms] [LOG] [WS] 🗺️ Broadcast recibido. Avatares: 1 [Hijo Test(2)] @ https://jimsimrodev.github.io/pequenos-sanos/assets/index-C7AoTPzR.js:82
[   44179ms] [LOG] [WS] 🗺️ Broadcast recibido. Avatares: 1 [Hijo Test(2)] @ https://jimsimrodev.github.io/pequenos-sanos/assets/index-C7AoTPzR.js:82
[   44192ms] [LOG] [WS] 🗺️ Broadcast recibido. Avatares: 1 [Hijo Test(2)] @ https://jimsimrodev.github.io/pequenos-sanos/assets/index-C7AoTPzR.js:82
[   44264ms] [LOG] [WS] 🗺️ Broadcast recibido. Avatares: 1 [Hijo Test(2)] @ https://jimsimrodev.github.io/pequenos-sanos/assets/index-C7AoTPzR.js:82
[   44266ms] [LOG] [WS] 🗺️ Broadcast recibido. Avatares: 1 [Hijo Test(2)] @ https://jimsimrodev.github.io/pequenos-sanos/assets/index-C7AoTPzR.js:82
[   44347ms] [LOG] [WS] 🗺️ Broadcast recibido. Avatares: 1 [Hijo Test(2)] @ https://jimsimrodev.github.io/pequenos-sanos/assets/index-C7AoTPzR.js:82
[   44406ms] [LOG] [WS] 🗺️ Broadcast recibido. Avatares: 1 [Hijo Test(2)] @ https://jimsimrodev.github.io/pequenos-sanos/assets/index-C7AoTPzR.js:82
[   44411ms] [LOG] [WS] 🗺️ Broadcast recibido. Avatares: 1 [Hijo Test(2)] @ https://jimsimrodev.github.io/pequenos-sanos/assets/index-C7AoTPzR.js:82
[   44468ms] [LOG] [WS] 🗺️ Broadcast recibido. Avatares: 1 [Hijo Test(2)] @ https://jimsimrodev.github.io/pequenos-sanos/assets/index-C7AoTPzR.js:82
[   44470ms] [LOG] [WS] 🗺️ Broadcast recibido. Avatares: 1 [Hijo Test(2)] @ https://jimsimrodev.github.io/pequenos-sanos/assets/index-C7AoTPzR.js:82
[   44504ms] [LOG] [WS] 🗺️ Broadcast recibido. Avatares: 1 [Hijo Test(2)] @ https://jimsimrodev.github.io/pequenos-sanos/assets/index-C7AoTPzR.js:82
[   44509ms] [LOG] [WS] 🗺️ Broadcast recibido. Avatares: 1 [Hijo Test(2)] @ https://jimsimrodev.github.io/pequenos-sanos/assets/index-C7AoTPzR.js:82
[   44556ms] [LOG] [WS] 🗺️ Broadcast recibido. Avatares: 1 [Hijo Test(2)] @ https://jimsimrodev.github.io/pequenos-sanos/assets/index-C7AoTPzR.js:82
[   44607ms] [LOG] [WS] 🗺️ Broadcast recibido. Avatares: 1 [Hijo Test(2)] @ https://jimsimrodev.github.io/pequenos-sanos/assets/index-C7AoTPzR.js:82
[   44647ms] [LOG] [WS] 🗺️ Broadcast recibido. Avatares: 1 [Hijo Test(2)] @ https://jimsimrodev.github.io/pequenos-sanos/assets/index-C7AoTPzR.js:82
[   44656ms] [LOG] [WS] 🗺️ Broadcast recibido. Avatares: 1 [Hijo Test(2)] @ https://jimsimrodev.github.io/pequenos-sanos/assets/index-C7AoTPzR.js:82
[   44697ms] [LOG] [WS] 🗺️ Broadcast recibido. Avatares: 1 [Hijo Test(2)] @ https://jimsimrodev.github.io/pequenos-sanos/assets/index-C7AoTPzR.js:82
[   44742ms] [LOG] [WS] 🗺️ Broadcast recibido. Avatares: 1 [Hijo Test(2)] @ https://jimsimrodev.github.io/pequenos-sanos/assets/index-C7AoTPzR.js:82
[   44745ms] [LOG] [WS] 🗺️ Broadcast recibido. Avatares: 1 [Hijo Test(2)] @ https://jimsimrodev.github.io/pequenos-sanos/assets/index-C7AoTPzR.js:82
[   44789ms] [LOG] [WS] 🗺️ Broadcast recibido. Avatares: 1 [Hijo Test(2)] @ https://jimsimrodev.github.io/pequenos-sanos/assets/index-C7AoTPzR.js:82
[   44834ms] [LOG] [WS] 🗺️ Broadcast recibido. Avatares: 1 [Hijo Test(2)] @ https://jimsimrodev.github.io/pequenos-sanos/assets/index-C7AoTPzR.js:82
[   44836ms] [LOG] [WS] 🗺️ Broadcast recibido. Avatares: 1 [Hijo Test(2)] @ https://jimsimrodev.github.io/pequenos-sanos/assets/index-C7AoTPzR.js:82
[   44869ms] [LOG] [WS] 🗺️ Broadcast recibido. Avatares: 1 [Hijo Test(2)] @ https://jimsimrodev.github.io/pequenos-sanos/assets/index-C7AoTPzR.js:82
[   44870ms] [LOG] [WS] 🗺️ Broadcast recibido. Avatares: 1 [Hijo Test(2)] @ https://jimsimrodev.github.io/pequenos-sanos/assets/index-C7AoTPzR.js:82
[   44944ms] [LOG] [WS] 🗺️ Broadcast recibido. Avatares: 1 [Hijo Test(2)] @ https://jimsimrodev.github.io/pequenos-sanos/assets/index-C7AoTPzR.js:82
[   44984ms] [LOG] [WS] 🗺️ Broadcast recibido. Avatares: 1 [Hijo Test(2)] @ https://jimsimrodev.github.io/pequenos-sanos/assets/index-C7AoTPzR.js:82
[   45044ms] [LOG] [WS] 🗺️ Broadcast recibido. Avatares: 1 [Hijo Test(2)] @ https://jimsimrodev.github.io/pequenos-sanos/assets/index-C7AoTPzR.js:82
[   45082ms] [LOG] [WS] 🗺️ Broadcast recibido. Avatares: 1 [Hijo Test(2)] @ https://jimsimrodev.github.io/pequenos-sanos/assets/index-C7AoTPzR.js:82
[   45084ms] [LOG] [WS] 🗺️ Broadcast recibido. Avatares: 1 [Hijo Test(2)] @ https://jimsimrodev.github.io/pequenos-sanos/assets/index-C7AoTPzR.js:82
[   45119ms] [LOG] [WS] 🗺️ Broadcast recibido. Avatares: 1 [Hijo Test(2)] @ https://jimsimrodev.github.io/pequenos-sanos/assets/index-C7AoTPzR.js:82
[   45158ms] [LOG] [WS] 🗺️ Broadcast recibido. Avatares: 1 [Hijo Test(2)] @ https://jimsimrodev.github.io/pequenos-sanos/assets/index-C7AoTPzR.js:82
[   45204ms] [LOG] [WS] 🗺️ Broadcast recibido. Avatares: 1 [Hijo Test(2)] @ https://jimsimrodev.github.io/pequenos-sanos/assets/index-C7AoTPzR.js:82
[   45206ms] [LOG] [WS] 🗺️ Broadcast recibido. Avatares: 1 [Hijo Test(2)] @ https://jimsimrodev.github.io/pequenos-sanos/assets/index-C7AoTPzR.js:82
[   45226ms] [LOG] [WS] 🗺️ Broadcast recibido. Avatares: 1 [Hijo Test(2)] @ https://jimsimrodev.github.io/pequenos-sanos/assets/index-C7AoTPzR.js:82
[   45271ms] [LOG] [WS] 🗺️ Broadcast recibido. Avatares: 1 [Hijo Test(2)] @ https://jimsimrodev.github.io/pequenos-sanos/assets/index-C7AoTPzR.js:82
[   45310ms] [LOG] [WS] 🗺️ Broadcast recibido. Avatares: 1 [Hijo Test(2)] @ https://jimsimrodev.github.io/pequenos-sanos/assets/index-C7AoTPzR.js:82
[   45341ms] [LOG] [WS] 🗺️ Broadcast recibido. Avatares: 1 [Hijo Test(2)] @ https://jimsimrodev.github.io/pequenos-sanos/assets/index-C7AoTPzR.js:82
[   45374ms] [LOG] [WS] 🗺️ Broadcast recibido. Avatares: 1 [Hijo Test(2)] @ https://jimsimrodev.github.io/pequenos-sanos/assets/index-C7AoTPzR.js:82
[   45418ms] [LOG] [WS] 🗺️ Broadcast recibido. Avatares: 1 [Hijo Test(2)] @ https://jimsimrodev.github.io/pequenos-sanos/assets/index-C7AoTPzR.js:82
[   45467ms] [LOG] [WS] 🗺️ Broadcast recibido. Avatares: 1 [Hijo Test(2)] @ https://jimsimrodev.github.io/pequenos-sanos/assets/index-C7AoTPzR.js:82
[   45503ms] [LOG] [WS] 🗺️ Broadcast recibido. Avatares: 1 [Hijo Test(2)] @ https://jimsimrodev.github.io/pequenos-sanos/assets/index-C7AoTPzR.js:82
[   45504ms] [LOG] [WS] 🗺️ Broadcast recibido. Avatares: 1 [Hijo Test(2)] @ https://jimsimrodev.github.io/pequenos-sanos/assets/index-C7AoTPzR.js:82
[   45542ms] [LOG] [WS] 🗺️ Broadcast recibido. Avatares: 1 [Hijo Test(2)] @ https://jimsimrodev.github.io/pequenos-sanos/assets/index-C7AoTPzR.js:82
[   45591ms] [LOG] [WS] 🗺️ Broadcast recibido. Avatares: 1 [Hijo Test(2)] @ https://jimsimrodev.github.io/pequenos-sanos/assets/index-C7AoTPzR.js:82
[   45615ms] [LOG] [WS] 🗺️ Broadcast recibido. Avatares: 1 [Hijo Test(2)] @ https://jimsimrodev.github.io/pequenos-sanos/assets/index-C7AoTPzR.js:82
[   45616ms] [LOG] [WS] 🗺️ Broadcast recibido. Avatares: 1 [Hijo Test(2)] @ https://jimsimrodev.github.io/pequenos-sanos/assets/index-C7AoTPzR.js:82
[   45659ms] [LOG] [WS] 🗺️ Broadcast recibido. Avatares: 1 [Hijo Test(2)] @ https://jimsimrodev.github.io/pequenos-sanos/assets/index-C7AoTPzR.js:82
[   45707ms] [LOG] [WS] 🗺️ Broadcast recibido. Avatares: 1 [Hijo Test(2)] @ https://jimsimrodev.github.io/pequenos-sanos/assets/index-C7AoTPzR.js:82
[   45743ms] [LOG] [WS] 🗺️ Broadcast recibido. Avatares: 1 [Hijo Test(2)] @ https://jimsimrodev.github.io/pequenos-sanos/assets/index-C7AoTPzR.js:82
[   45802ms] [LOG] [WS] 🗺️ Broadcast recibido. Avatares: 1 [Hijo Test(2)] @ https://jimsimrodev.github.io/pequenos-sanos/assets/index-C7AoTPzR.js:82
[   45836ms] [LOG] [WS] 🗺️ Broadcast recibido. Avatares: 1 [Hijo Test(2)] @ https://jimsimrodev.github.io/pequenos-sanos/assets/index-C7AoTPzR.js:82
[   45841ms] [LOG] [WS] 🗺️ Broadcast recibido. Avatares: 1 [Hijo Test(2)] @ https://jimsimrodev.github.io/pequenos-sanos/assets/index-C7AoTPzR.js:82
[   45876ms] [LOG] [WS] 🗺️ Broadcast recibido. Avatares: 1 [Hijo Test(2)] @ https://jimsimrodev.github.io/pequenos-sanos/assets/index-C7AoTPzR.js:82
[   45908ms] [LOG] [WS] 🗺️ Broadcast recibido. Avatares: 1 [Hijo Test(2)] @ https://jimsimrodev.github.io/pequenos-sanos/assets/index-C7AoTPzR.js:82
[   45949ms] [LOG] [WS] 🗺️ Broadcast recibido. Avatares: 1 [Hijo Test(2)] @ https://jimsimrodev.github.io/pequenos-sanos/assets/index-C7AoTPzR.js:82
[   46002ms] [LOG] [WS] 🗺️ Broadcast recibido. Avatares: 1 [Hijo Test(2)] @ https://jimsimrodev.github.io/pequenos-sanos/assets/index-C7AoTPzR.js:82
[   46012ms] [LOG] [WS] 🗺️ Broadcast recibido. Avatares: 1 [Hijo Test(2)] @ https://jimsimrodev.github.io/pequenos-sanos/assets/index-C7AoTPzR.js:82
[   46047ms] [LOG] [WS] 🗺️ Broadcast recibido. Avatares: 1 [Hijo Test(2)] @ https://jimsimrodev.github.io/pequenos-sanos/assets/index-C7AoTPzR.js:82
[   46048ms] [LOG] [WS] 🗺️ Broadcast recibido. Avatares: 1 [Hijo Test(2)] @ https://jimsimrodev.github.io/pequenos-sanos/assets/index-C7AoTPzR.js:82
[   46077ms] [LOG] [WS] 🗺️ Broadcast recibido. Avatares: 1 [Hijo Test(2)] @ https://jimsimrodev.github.io/pequenos-sanos/assets/index-C7AoTPzR.js:82
[   46116ms] [LOG] [WS] 🗺️ Broadcast recibido. Avatares: 1 [Hijo Test(2)] @ https://jimsimrodev.github.io/pequenos-sanos/assets/index-C7AoTPzR.js:82
[   46143ms] [LOG] [WS] 🗺️ Broadcast recibido. Avatares: 1 [Hijo Test(2)] @ https://jimsimrodev.github.io/pequenos-sanos/assets/index-C7AoTPzR.js:82
[   46202ms] [LOG] [WS] 🗺️ Broadcast recibido. Avatares: 1 [Hijo Test(2)] @ https://jimsimrodev.github.io/pequenos-sanos/assets/index-C7AoTPzR.js:82
[   46249ms] [LOG] [WS] 🗺️ Broadcast recibido. Avatares: 1 [Hijo Test(2)] @ https://jimsimrodev.github.io/pequenos-sanos/assets/index-C7AoTPzR.js:82
[   46284ms] [LOG] [WS] 🗺️ Broadcast recibido. Avatares: 1 [Hijo Test(2)] @ https://jimsimrodev.github.io/pequenos-sanos/assets/index-C7AoTPzR.js:82
[   46334ms] [LOG] [WS] 🗺️ Broadcast recibido. Avatares: 1 [Hijo Test(2)] @ https://jimsimrodev.github.io/pequenos-sanos/assets/index-C7AoTPzR.js:82
[   46368ms] [LOG] [WS] 🗺️ Broadcast recibido. Avatares: 1 [Hijo Test(2)] @ https://jimsimrodev.github.io/pequenos-sanos/assets/index-C7AoTPzR.js:82
[   46369ms] [LOG] [WS] 🗺️ Broadcast recibido. Avatares: 1 [Hijo Test(2)] @ https://jimsimrodev.github.io/pequenos-sanos/assets/index-C7AoTPzR.js:82
[   46416ms] [LOG] [WS] 🗺️ Broadcast recibido. Avatares: 1 [Hijo Test(2)] @ https://jimsimrodev.github.io/pequenos-sanos/assets/index-C7AoTPzR.js:82
[   46447ms] [LOG] [WS] 🗺️ Broadcast recibido. Avatares: 1 [Hijo Test(2)] @ https://jimsimrodev.github.io/pequenos-sanos/assets/index-C7AoTPzR.js:82
[   46448ms] [LOG] [WS] 🗺️ Broadcast recibido. Avatares: 1 [Hijo Test(2)] @ https://jimsimrodev.github.io/pequenos-sanos/assets/index-C7AoTPzR.js:82
[   46500ms] [LOG] [WS] 🗺️ Broadcast recibido. Avatares: 1 [Hijo Test(2)] @ https://jimsimrodev.github.io/pequenos-sanos/assets/index-C7AoTPzR.js:82
[   46502ms] [LOG] [WS] 🗺️ Broadcast recibido. Avatares: 1 [Hijo Test(2)] @ https://jimsimrodev.github.io/pequenos-sanos/assets/index-C7AoTPzR.js:82
[   46533ms] [LOG] [WS] 🗺️ Broadcast recibido. Avatares: 1 [Hijo Test(2)] @ https://jimsimrodev.github.io/pequenos-sanos/assets/index-C7AoTPzR.js:82
[   46568ms] [LOG] [WS] 🗺️ Broadcast recibido. Avatares: 1 [Hijo Test(2)] @ https://jimsimrodev.github.io/pequenos-sanos/assets/index-C7AoTPzR.js:82
[   46597ms] [LOG] [WS] 🗺️ Broadcast recibido. Avatares: 1 [Hijo Test(2)] @ https://jimsimrodev.github.io/pequenos-sanos/assets/index-C7AoTPzR.js:82
[   46646ms] [LOG] [WS] 🗺️ Broadcast recibido. Avatares: 1 [Hijo Test(2)] @ https://jimsimrodev.github.io/pequenos-sanos/assets/index-C7AoTPzR.js:82
[   46695ms] [LOG] [WS] 🗺️ Broadcast recibido. Avatares: 1 [Hijo Test(2)] @ https://jimsimrodev.github.io/pequenos-sanos/assets/index-C7AoTPzR.js:82
[   46727ms] [LOG] [WS] 🗺️ Broadcast recibido. Avatares: 1 [Hijo Test(2)] @ https://jimsimrodev.github.io/pequenos-sanos/assets/index-C7AoTPzR.js:82
[   46760ms] [LOG] [WS] 🗺️ Broadcast recibido. Avatares: 1 [Hijo Test(2)] @ https://jimsimrodev.github.io/pequenos-sanos/assets/index-C7AoTPzR.js:82
[   46811ms] [LOG] [WS] 🗺️ Broadcast recibido. Avatares: 1 [Hijo Test(2)] @ https://jimsimrodev.github.io/pequenos-sanos/assets/index-C7AoTPzR.js:82
[   46842ms] [LOG] [WS] 🗺️ Broadcast recibido. Avatares: 1 [Hijo Test(2)] @ https://jimsimrodev.github.io/pequenos-sanos/assets/index-C7AoTPzR.js:82
[   46846ms] [LOG] [WS] 🗺️ Broadcast recibido. Avatares: 1 [Hijo Test(2)] @ https://jimsimrodev.github.io/pequenos-sanos/assets/index-C7AoTPzR.js:82
[   46884ms] [LOG] [WS] 🗺️ Broadcast recibido. Avatares: 1 [Hijo Test(2)] @ https://jimsimrodev.github.io/pequenos-sanos/assets/index-C7AoTPzR.js:82
[   46918ms] [LOG] [WS] 🗺️ Broadcast recibido. Avatares: 1 [Hijo Test(2)] @ https://jimsimrodev.github.io/pequenos-sanos/assets/index-C7AoTPzR.js:82
[   46962ms] [LOG] [WS] 🗺️ Broadcast recibido. Avatares: 1 [Hijo Test(2)] @ https://jimsimrodev.github.io/pequenos-sanos/assets/index-C7AoTPzR.js:82
[   47026ms] [LOG] [WS] 🗺️ Broadcast recibido. Avatares: 1 [Hijo Test(2)] @ https://jimsimrodev.github.io/pequenos-sanos/assets/index-C7AoTPzR.js:82
[   47064ms] [LOG] [WS] 🗺️ Broadcast recibido. Avatares: 1 [Hijo Test(2)] @ https://jimsimrodev.github.io/pequenos-sanos/assets/index-C7AoTPzR.js:82
[   47065ms] [LOG] [WS] 🗺️ Broadcast recibido. Avatares: 1 [Hijo Test(2)] @ https://jimsimrodev.github.io/pequenos-sanos/assets/index-C7AoTPzR.js:82
[   47126ms] [LOG] [WS] 🗺️ Broadcast recibido. Avatares: 1 [Hijo Test(2)] @ https://jimsimrodev.github.io/pequenos-sanos/assets/index-C7AoTPzR.js:82
[   47154ms] [LOG] [WS] 🗺️ Broadcast recibido. Avatares: 1 [Hijo Test(2)] @ https://jimsimrodev.github.io/pequenos-sanos/assets/index-C7AoTPzR.js:82
[   47155ms] [LOG] [WS] 🗺️ Broadcast recibido. Avatares: 1 [Hijo Test(2)] @ https://jimsimrodev.github.io/pequenos-sanos/assets/index-C7AoTPzR.js:82
[   47193ms] [LOG] [WS] 🗺️ Broadcast recibido. Avatares: 1 [Hijo Test(2)] @ https://jimsimrodev.github.io/pequenos-sanos/assets/index-C7AoTPzR.js:82
[   47234ms] [LOG] [WS] 🗺️ Broadcast recibido. Avatares: 1 [Hijo Test(2)] @ https://jimsimrodev.github.io/pequenos-sanos/assets/index-C7AoTPzR.js:82
[   47286ms] [LOG] [WS] 🗺️ Broadcast recibido. Avatares: 1 [Hijo Test(2)] @ https://jimsimrodev.github.io/pequenos-sanos/assets/index-C7AoTPzR.js:82
[   47347ms] [LOG] [WS] 🗺️ Broadcast recibido. Avatares: 1 [Hijo Test(2)] @ https://jimsimrodev.github.io/pequenos-sanos/assets/index-C7AoTPzR.js:82
[   47349ms] [LOG] [WS] 🗺️ Broadcast recibido. Avatares: 1 [Hijo Test(2)] @ https://jimsimrodev.github.io/pequenos-sanos/assets/index-C7AoTPzR.js:82
[   47383ms] [LOG] [WS] 🗺️ Broadcast recibido. Avatares: 1 [Hijo Test(2)] @ https://jimsimrodev.github.io/pequenos-sanos/assets/index-C7AoTPzR.js:82
[   47385ms] [LOG] [WS] 🗺️ Broadcast recibido. Avatares: 1 [Hijo Test(2)] @ https://jimsimrodev.github.io/pequenos-sanos/assets/index-C7AoTPzR.js:82
[   47428ms] [LOG] [WS] 🗺️ Broadcast recibido. Avatares: 1 [Hijo Test(2)] @ https://jimsimrodev.github.io/pequenos-sanos/assets/index-C7AoTPzR.js:82
[   47430ms] [LOG] [WS] 🗺️ Broadcast recibido. Avatares: 1 [Hijo Test(2)] @ https://jimsimrodev.github.io/pequenos-sanos/assets/index-C7AoTPzR.js:82
[   47462ms] [LOG] [WS] 🗺️ Broadcast recibido. Avatares: 1 [Hijo Test(2)] @ https://jimsimrodev.github.io/pequenos-sanos/assets/index-C7AoTPzR.js:82
[   47507ms] [LOG] [WS] 🗺️ Broadcast recibido. Avatares: 1 [Hijo Test(2)] @ https://jimsimrodev.github.io/pequenos-sanos/assets/index-C7AoTPzR.js:82
[   47555ms] [LOG] [WS] 🗺️ Broadcast recibido. Avatares: 1 [Hijo Test(2)] @ https://jimsimrodev.github.io/pequenos-sanos/assets/index-C7AoTPzR.js:82
[   47588ms] [LOG] [WS] 🗺️ Broadcast recibido. Avatares: 1 [Hijo Test(2)] @ https://jimsimrodev.github.io/pequenos-sanos/assets/index-C7AoTPzR.js:82
[   47635ms] [LOG] [WS] 🗺️ Broadcast recibido. Avatares: 1 [Hijo Test(2)] @ https://jimsimrodev.github.io/pequenos-sanos/assets/index-C7AoTPzR.js:82
[   47665ms] [LOG] [WS] 🗺️ Broadcast recibido. Avatares: 1 [Hijo Test(2)] @ https://jimsimrodev.github.io/pequenos-sanos/assets/index-C7AoTPzR.js:82
[   47674ms] [LOG] [WS] 🗺️ Broadcast recibido. Avatares: 1 [Hijo Test(2)] @ https://jimsimrodev.github.io/pequenos-sanos/assets/index-C7AoTPzR.js:82
[   47714ms] [LOG] [WS] 🗺️ Broadcast recibido. Avatares: 1 [Hijo Test(2)] @ https://jimsimrodev.github.io/pequenos-sanos/assets/index-C7AoTPzR.js:82
[   47751ms] [LOG] [WS] 🗺️ Broadcast recibido. Avatares: 1 [Hijo Test(2)] @ https://jimsimrodev.github.io/pequenos-sanos/assets/index-C7AoTPzR.js:82
[   47791ms] [LOG] [WS] 🗺️ Broadcast recibido. Avatares: 1 [Hijo Test(2)] @ https://jimsimrodev.github.io/pequenos-sanos/assets/index-C7AoTPzR.js:82
[   47834ms] [LOG] [WS] 🗺️ Broadcast recibido. Avatares: 1 [Hijo Test(2)] @ https://jimsimrodev.github.io/pequenos-sanos/assets/index-C7AoTPzR.js:82
[   47874ms] [LOG] [WS] 🗺️ Broadcast recibido. Avatares: 1 [Hijo Test(2)] @ https://jimsimrodev.github.io/pequenos-sanos/assets/index-C7AoTPzR.js:82
[   47876ms] [LOG] [WS] 🗺️ Broadcast recibido. Avatares: 1 [Hijo Test(2)] @ https://jimsimrodev.github.io/pequenos-sanos/assets/index-C7AoTPzR.js:82
[   47914ms] [LOG] [WS] 🗺️ Broadcast recibido. Avatares: 1 [Hijo Test(2)] @ https://jimsimrodev.github.io/pequenos-sanos/assets/index-C7AoTPzR.js:82
[   47941ms] [LOG] [WS] 🗺️ Broadcast recibido. Avatares: 1 [Hijo Test(2)] @ https://jimsimrodev.github.io/pequenos-sanos/assets/index-C7AoTPzR.js:82
[   47976ms] [LOG] [WS] 🗺️ Broadcast recibido. Avatares: 1 [Hijo Test(2)] @ https://jimsimrodev.github.io/pequenos-sanos/assets/index-C7AoTPzR.js:82
[   48030ms] [LOG] [WS] 🗺️ Broadcast recibido. Avatares: 1 [Hijo Test(2)] @ https://jimsimrodev.github.io/pequenos-sanos/assets/index-C7AoTPzR.js:82
[   48065ms] [LOG] [WS] 🗺️ Broadcast recibido. Avatares: 1 [Hijo Test(2)] @ https://jimsimrodev.github.io/pequenos-sanos/assets/index-C7AoTPzR.js:82
[   48069ms] [LOG] [WS] 🗺️ Broadcast recibido. Avatares: 1 [Hijo Test(2)] @ https://jimsimrodev.github.io/pequenos-sanos/assets/index-C7AoTPzR.js:82
[   48115ms] [LOG] [WS] 🗺️ Broadcast recibido. Avatares: 1 [Hijo Test(2)] @ https://jimsimrodev.github.io/pequenos-sanos/assets/index-C7AoTPzR.js:82
[   48167ms] [LOG] [WS] 🗺️ Broadcast recibido. Avatares: 1 [Hijo Test(2)] @ https://jimsimrodev.github.io/pequenos-sanos/assets/index-C7AoTPzR.js:82
[   48220ms] [LOG] [WS] 🗺️ Broadcast recibido. Avatares: 1 [Hijo Test(2)] @ https://jimsimrodev.github.io/pequenos-sanos/assets/index-C7AoTPzR.js:82
[   48221ms] [LOG] [WS] 🗺️ Broadcast recibido. Avatares: 1 [Hijo Test(2)] @ https://jimsimrodev.github.io/pequenos-sanos/assets/index-C7AoTPzR.js:82
[   48275ms] [LOG] [WS] 🗺️ Broadcast recibido. Avatares: 1 [Hijo Test(2)] @ https://jimsimrodev.github.io/pequenos-sanos/assets/index-C7AoTPzR.js:82
[   48315ms] [LOG] [WS] 🗺️ Broadcast recibido. Avatares: 1 [Hijo Test(2)] @ https://jimsimrodev.github.io/pequenos-sanos/assets/index-C7AoTPzR.js:82
[   48317ms] [LOG] [WS] 🗺️ Broadcast recibido. Avatares: 1 [Hijo Test(2)] @ https://jimsimrodev.github.io/pequenos-sanos/assets/index-C7AoTPzR.js:82
[   48350ms] [LOG] [WS] 🗺️ Broadcast recibido. Avatares: 1 [Hijo Test(2)] @ https://jimsimrodev.github.io/pequenos-sanos/assets/index-C7AoTPzR.js:82
[   48387ms] [LOG] [WS] 🗺️ Broadcast recibido. Avatares: 1 [Hijo Test(2)] @ https://jimsimrodev.github.io/pequenos-sanos/assets/index-C7AoTPzR.js:82
[   48415ms] [LOG] [WS] 🗺️ Broadcast recibido. Avatares: 1 [Hijo Test(2)] @ https://jimsimrodev.github.io/pequenos-sanos/assets/index-C7AoTPzR.js:82
[   48420ms] [LOG] [WS] 🗺️ Broadcast recibido. Avatares: 1 [Hijo Test(2)] @ https://jimsimrodev.github.io/pequenos-sanos/assets/index-C7AoTPzR.js:82
[   48450ms] [LOG] [WS] 🗺️ Broadcast recibido. Avatares: 1 [Hijo Test(2)] @ https://jimsimrodev.github.io/pequenos-sanos/assets/index-C7AoTPzR.js:82
[   48488ms] [LOG] [WS] 🗺️ Broadcast recibido. Avatares: 1 [Hijo Test(2)] @ https://jimsimrodev.github.io/pequenos-sanos/assets/index-C7AoTPzR.js:82
[   48515ms] [LOG] [WS] 🗺️ Broadcast recibido. Avatares: 1 [Hijo Test(2)] @ https://jimsimrodev.github.io/pequenos-sanos/assets/index-C7AoTPzR.js:82
[   48549ms] [LOG] [WS] 🗺️ Broadcast recibido. Avatares: 1 [Hijo Test(2)] @ https://jimsimrodev.github.io/pequenos-sanos/assets/index-C7AoTPzR.js:82
[   48575ms] [LOG] [WS] 🗺️ Broadcast recibido. Avatares: 1 [Hijo Test(2)] @ https://jimsimrodev.github.io/pequenos-sanos/assets/index-C7AoTPzR.js:82
[   48606ms] [LOG] [WS] 🗺️ Broadcast recibido. Avatares: 1 [Hijo Test(2)] @ https://jimsimrodev.github.io/pequenos-sanos/assets/index-C7AoTPzR.js:82
[   48628ms] [LOG] [WS] 🗺️ Broadcast recibido. Avatares: 1 [Hijo Test(2)] @ https://jimsimrodev.github.io/pequenos-sanos/assets/index-C7AoTPzR.js:82
[   48674ms] [LOG] [WS] 🗺️ Broadcast recibido. Avatares: 1 [Hijo Test(2)] @ https://jimsimrodev.github.io/pequenos-sanos/assets/index-C7AoTPzR.js:82
[   48718ms] [LOG] [WS] 🗺️ Broadcast recibido. Avatares: 1 [Hijo Test(2)] @ https://jimsimrodev.github.io/pequenos-sanos/assets/index-C7AoTPzR.js:82
[   48759ms] [LOG] [WS] 🗺️ Broadcast recibido. Avatares: 1 [Hijo Test(2)] @ https://jimsimrodev.github.io/pequenos-sanos/assets/index-C7AoTPzR.js:82
[   48791ms] [LOG] [WS] 🗺️ Broadcast recibido. Avatares: 1 [Hijo Test(2)] @ https://jimsimrodev.github.io/pequenos-sanos/assets/index-C7AoTPzR.js:82
[   48836ms] [LOG] [WS] 🗺️ Broadcast recibido. Avatares: 1 [Hijo Test(2)] @ https://jimsimrodev.github.io/pequenos-sanos/assets/index-C7AoTPzR.js:82
[   48877ms] [LOG] [WS] 🗺️ Broadcast recibido. Avatares: 1 [Hijo Test(2)] @ https://jimsimrodev.github.io/pequenos-sanos/assets/index-C7AoTPzR.js:82
[   48918ms] [LOG] [WS] 🗺️ Broadcast recibido. Avatares: 1 [Hijo Test(2)] @ https://jimsimrodev.github.io/pequenos-sanos/assets/index-C7AoTPzR.js:82
[   48942ms] [LOG] [WS] 🗺️ Broadcast recibido. Avatares: 1 [Hijo Test(2)] @ https://jimsimrodev.github.io/pequenos-sanos/assets/index-C7AoTPzR.js:82
[   48943ms] [LOG] [WS] 🗺️ Broadcast recibido. Avatares: 1 [Hijo Test(2)] @ https://jimsimrodev.github.io/pequenos-sanos/assets/index-C7AoTPzR.js:82
[   48988ms] [LOG] [WS] 🗺️ Broadcast recibido. Avatares: 1 [Hijo Test(2)] @ https://jimsimrodev.github.io/pequenos-sanos/assets/index-C7AoTPzR.js:82
[   49028ms] [LOG] [WS] 🗺️ Broadcast recibido. Avatares: 1 [Hijo Test(2)] @ https://jimsimrodev.github.io/pequenos-sanos/assets/index-C7AoTPzR.js:82
[   49059ms] [LOG] [WS] 🗺️ Broadcast recibido. Avatares: 1 [Hijo Test(2)] @ https://jimsimrodev.github.io/pequenos-sanos/assets/index-C7AoTPzR.js:82
[   49101ms] [LOG] [WS] 🗺️ Broadcast recibido. Avatares: 1 [Hijo Test(2)] @ https://jimsimrodev.github.io/pequenos-sanos/assets/index-C7AoTPzR.js:82
[   49141ms] [LOG] [WS] 🗺️ Broadcast recibido. Avatares: 1 [Hijo Test(2)] @ https://jimsimrodev.github.io/pequenos-sanos/assets/index-C7AoTPzR.js:82
[   49175ms] [LOG] [WS] 🗺️ Broadcast recibido. Avatares: 1 [Hijo Test(2)] @ https://jimsimrodev.github.io/pequenos-sanos/assets/index-C7AoTPzR.js:82
[   49218ms] [LOG] [WS] 🗺️ Broadcast recibido. Avatares: 1 [Hijo Test(2)] @ https://jimsimrodev.github.io/pequenos-sanos/assets/index-C7AoTPzR.js:82
[   49253ms] [LOG] [WS] 🗺️ Broadcast recibido. Avatares: 1 [Hijo Test(2)] @ https://jimsimrodev.github.io/pequenos-sanos/assets/index-C7AoTPzR.js:82
[   49307ms] [LOG] [WS] 🗺️ Broadcast recibido. Avatares: 1 [Hijo Test(2)] @ https://jimsimrodev.github.io/pequenos-sanos/assets/index-C7AoTPzR.js:82
[   49350ms] [LOG] [WS] 🗺️ Broadcast recibido. Avatares: 1 [Hijo Test(2)] @ https://jimsimrodev.github.io/pequenos-sanos/assets/index-C7AoTPzR.js:82
[   49351ms] [LOG] [WS] 🗺️ Broadcast recibido. Avatares: 1 [Hijo Test(2)] @ https://jimsimrodev.github.io/pequenos-sanos/assets/index-C7AoTPzR.js:82
[   49382ms] [LOG] [WS] 🗺️ Broadcast recibido. Avatares: 1 [Hijo Test(2)] @ https://jimsimrodev.github.io/pequenos-sanos/assets/index-C7AoTPzR.js:82
[   49384ms] [LOG] [WS] 🗺️ Broadcast recibido. Avatares: 1 [Hijo Test(2)] @ https://jimsimrodev.github.io/pequenos-sanos/assets/index-C7AoTPzR.js:82
[   49424ms] [LOG] [WS] 🗺️ Broadcast recibido. Avatares: 1 [Hijo Test(2)] @ https://jimsimrodev.github.io/pequenos-sanos/assets/index-C7AoTPzR.js:82
[   49467ms] [LOG] [WS] 🗺️ Broadcast recibido. Avatares: 1 [Hijo Test(2)] @ https://jimsimrodev.github.io/pequenos-sanos/assets/index-C7AoTPzR.js:82
[   49532ms] [LOG] [WS] 🗺️ Broadcast recibido. Avatares: 1 [Hijo Test(2)] @ https://jimsimrodev.github.io/pequenos-sanos/assets/index-C7AoTPzR.js:82
[   49589ms] [LOG] [WS] 🗺️ Broadcast recibido. Avatares: 1 [Hijo Test(2)] @ https://jimsimrodev.github.io/pequenos-sanos/assets/index-C7AoTPzR.js:82
[   49592ms] [LOG] [WS] 🗺️ Broadcast recibido. Avatares: 1 [Hijo Test(2)] @ https://jimsimrodev.github.io/pequenos-sanos/assets/index-C7AoTPzR.js:82
[   49627ms] [LOG] [WS] 🗺️ Broadcast recibido. Avatares: 1 [Hijo Test(2)] @ https://jimsimrodev.github.io/pequenos-sanos/assets/index-C7AoTPzR.js:82
[   49628ms] [LOG] [WS] 🗺️ Broadcast recibido. Avatares: 1 [Hijo Test(2)] @ https://jimsimrodev.github.io/pequenos-sanos/assets/index-C7AoTPzR.js:82
[   49660ms] [LOG] [WS] 🗺️ Broadcast recibido. Avatares: 1 [Hijo Test(2)] @ https://jimsimrodev.github.io/pequenos-sanos/assets/index-C7AoTPzR.js:82
[   49702ms] [LOG] [WS] 🗺️ Broadcast recibido. Avatares: 1 [Hijo Test(2)] @ https://jimsimrodev.github.io/pequenos-sanos/assets/index-C7AoTPzR.js:82
[   49740ms] [LOG] [WS] 🗺️ Broadcast recibido. Avatares: 1 [Hijo Test(2)] @ https://jimsimrodev.github.io/pequenos-sanos/assets/index-C7AoTPzR.js:82
[   49767ms] [LOG] [WS] 🗺️ Broadcast recibido. Avatares: 1 [Hijo Test(2)] @ https://jimsimrodev.github.io/pequenos-sanos/assets/index-C7AoTPzR.js:82
[   49792ms] [LOG] [WS] 🗺️ Broadcast recibido. Avatares: 1 [Hijo Test(2)] @ https://jimsimrodev.github.io/pequenos-sanos/assets/index-C7AoTPzR.js:82
[   49814ms] [LOG] [WS] 🗺️ Broadcast recibido. Avatares: 1 [Hijo Test(2)] @ https://jimsimrodev.github.io/pequenos-sanos/assets/index-C7AoTPzR.js:82
[   49843ms] [LOG] [WS] 🗺️ Broadcast recibido. Avatares: 1 [Hijo Test(2)] @ https://jimsimrodev.github.io/pequenos-sanos/assets/index-C7AoTPzR.js:82
[   49877ms] [LOG] [WS] 🗺️ Broadcast recibido. Avatares: 1 [Hijo Test(2)] @ https://jimsimrodev.github.io/pequenos-sanos/assets/index-C7AoTPzR.js:82
[   49917ms] [LOG] [WS] 🗺️ Broadcast recibido. Avatares: 1 [Hijo Test(2)] @ https://jimsimrodev.github.io/pequenos-sanos/assets/index-C7AoTPzR.js:82
[   49956ms] [LOG] [WS] 🗺️ Broadcast recibido. Avatares: 1 [Hijo Test(2)] @ https://jimsimrodev.github.io/pequenos-sanos/assets/index-C7AoTPzR.js:82
[   49992ms] [LOG] [WS] 🗺️ Broadcast recibido. Avatares: 1 [Hijo Test(2)] @ https://jimsimrodev.github.io/pequenos-sanos/assets/index-C7AoTPzR.js:82
[   50030ms] [LOG] [WS] 🗺️ Broadcast recibido. Avatares: 1 [Hijo Test(2)] @ https://jimsimrodev.github.io/pequenos-sanos/assets/index-C7AoTPzR.js:82
[   50068ms] [LOG] [WS] 🗺️ Broadcast recibido. Avatares: 1 [Hijo Test(2)] @ https://jimsimrodev.github.io/pequenos-sanos/assets/index-C7AoTPzR.js:82
[   50071ms] [LOG] [WS] 🗺️ Broadcast recibido. Avatares: 1 [Hijo Test(2)] @ https://jimsimrodev.github.io/pequenos-sanos/assets/index-C7AoTPzR.js:82
[   50101ms] [LOG] [WS] 🗺️ Broadcast recibido. Avatares: 1 [Hijo Test(2)] @ https://jimsimrodev.github.io/pequenos-sanos/assets/index-C7AoTPzR.js:82
[   50131ms] [LOG] [WS] 🗺️ Broadcast recibido. Avatares: 1 [Hijo Test(2)] @ https://jimsimrodev.github.io/pequenos-sanos/assets/index-C7AoTPzR.js:82
[   50171ms] [LOG] [WS] 🗺️ Broadcast recibido. Avatares: 1 [Hijo Test(2)] @ https://jimsimrodev.github.io/pequenos-sanos/assets/index-C7AoTPzR.js:82
[   50197ms] [LOG] [WS] 🗺️ Broadcast recibido. Avatares: 1 [Hijo Test(2)] @ https://jimsimrodev.github.io/pequenos-sanos/assets/index-C7AoTPzR.js:82
[   50237ms] [LOG] [WS] 🗺️ Broadcast recibido. Avatares: 1 [Hijo Test(2)] @ https://jimsimrodev.github.io/pequenos-sanos/assets/index-C7AoTPzR.js:82
[   50286ms] [LOG] [WS] 🗺️ Broadcast recibido. Avatares: 1 [Hijo Test(2)] @ https://jimsimrodev.github.io/pequenos-sanos/assets/index-C7AoTPzR.js:82
[   50313ms] [LOG] [WS] 🗺️ Broadcast recibido. Avatares: 1 [Hijo Test(2)] @ https://jimsimrodev.github.io/pequenos-sanos/assets/index-C7AoTPzR.js:82
[   50345ms] [LOG] [WS] 🗺️ Broadcast recibido. Avatares: 1 [Hijo Test(2)] @ https://jimsimrodev.github.io/pequenos-sanos/assets/index-C7AoTPzR.js:82
[   50383ms] [LOG] [WS] 🗺️ Broadcast recibido. Avatares: 1 [Hijo Test(2)] @ https://jimsimrodev.github.io/pequenos-sanos/assets/index-C7AoTPzR.js:82
[   50423ms] [LOG] [WS] 🗺️ Broadcast recibido. Avatares: 1 [Hijo Test(2)] @ https://jimsimrodev.github.io/pequenos-sanos/assets/index-C7AoTPzR.js:82
[   50484ms] [LOG] [WS] 🗺️ Broadcast recibido. Avatares: 1 [Hijo Test(2)] @ https://jimsimrodev.github.io/pequenos-sanos/assets/index-C7AoTPzR.js:82
[   50517ms] [LOG] [WS] 🗺️ Broadcast recibido. Avatares: 1 [Hijo Test(2)] @ https://jimsimrodev.github.io/pequenos-sanos/assets/index-C7AoTPzR.js:82
[   50520ms] [LOG] [WS] 🗺️ Broadcast recibido. Avatares: 1 [Hijo Test(2)] @ https://jimsimrodev.github.io/pequenos-sanos/assets/index-C7AoTPzR.js:82
[   50551ms] [LOG] [WS] 🗺️ Broadcast recibido. Avatares: 1 [Hijo Test(2)] @ https://jimsimrodev.github.io/pequenos-sanos/assets/index-C7AoTPzR.js:82
[   50573ms] [LOG] [WS] 🗺️ Broadcast recibido. Avatares: 1 [Hijo Test(2)] @ https://jimsimrodev.github.io/pequenos-sanos/assets/index-C7AoTPzR.js:82
[   50588ms] [LOG] [WS] 🗺️ Broadcast recibido. Avatares: 1 [Hijo Test(2)] @ https://jimsimrodev.github.io/pequenos-sanos/assets/index-C7AoTPzR.js:82
[   50618ms] [LOG] [WS] 🗺️ Broadcast recibido. Avatares: 1 [Hijo Test(2)] @ https://jimsimrodev.github.io/pequenos-sanos/assets/index-C7AoTPzR.js:82
[   50634ms] [LOG] [WS] 🗺️ Broadcast recibido. Avatares: 1 [Hijo Test(2)] @ https://jimsimrodev.github.io/pequenos-sanos/assets/index-C7AoTPzR.js:82
[   50689ms] [LOG] [WS] 🗺️ Broadcast recibido. Avatares: 1 [Hijo Test(2)] @ https://jimsimrodev.github.io/pequenos-sanos/assets/index-C7AoTPzR.js:82
[   50712ms] [LOG] [WS] 🗺️ Broadcast recibido. Avatares: 1 [Hijo Test(2)] @ https://jimsimrodev.github.io/pequenos-sanos/assets/index-C7AoTPzR.js:82
[   50735ms] [LOG] [WS] 🗺️ Broadcast recibido. Avatares: 1 [Hijo Test(2)] @ https://jimsimrodev.github.io/pequenos-sanos/assets/index-C7AoTPzR.js:82
[   50775ms] [LOG] [WS] 🗺️ Broadcast recibido. Avatares: 1 [Hijo Test(2)] @ https://jimsimrodev.github.io/pequenos-sanos/assets/index-C7AoTPzR.js:82
[   50815ms] [LOG] [WS] 🗺️ Broadcast recibido. Avatares: 1 [Hijo Test(2)] @ https://jimsimrodev.github.io/pequenos-sanos/assets/index-C7AoTPzR.js:82
[   50831ms] [LOG] [WS] 🗺️ Broadcast recibido. Avatares: 1 [Hijo Test(2)] @ https://jimsimrodev.github.io/pequenos-sanos/assets/index-C7AoTPzR.js:82
[   50870ms] [LOG] [WS] 🗺️ Broadcast recibido. Avatares: 1 [Hijo Test(2)] @ https://jimsimrodev.github.io/pequenos-sanos/assets/index-C7AoTPzR.js:82
[   50914ms] [LOG] [WS] 🗺️ Broadcast recibido. Avatares: 1 [Hijo Test(2)] @ https://jimsimrodev.github.io/pequenos-sanos/assets/index-C7AoTPzR.js:82
[   50938ms] [LOG] [WS] 🗺️ Broadcast recibido. Avatares: 1 [Hijo Test(2)] @ https://jimsimrodev.github.io/pequenos-sanos/assets/index-C7AoTPzR.js:82
[   50972ms] [LOG] [WS] 🗺️ Broadcast recibido. Avatares: 1 [Hijo Test(2)] @ https://jimsimrodev.github.io/pequenos-sanos/assets/index-C7AoTPzR.js:82
[   50998ms] [LOG] [WS] 🗺️ Broadcast recibido. Avatares: 1 [Hijo Test(2)] @ https://jimsimrodev.github.io/pequenos-sanos/assets/index-C7AoTPzR.js:82
[   51042ms] [LOG] [WS] 🗺️ Broadcast recibido. Avatares: 1 [Hijo Test(2)] @ https://jimsimrodev.github.io/pequenos-sanos/assets/index-C7AoTPzR.js:82
[   51076ms] [LOG] [WS] 🗺️ Broadcast recibido. Avatares: 1 [Hijo Test(2)] @ https://jimsimrodev.github.io/pequenos-sanos/assets/index-C7AoTPzR.js:82
[   51102ms] [LOG] [WS] 🗺️ Broadcast recibido. Avatares: 1 [Hijo Test(2)] @ https://jimsimrodev.github.io/pequenos-sanos/assets/index-C7AoTPzR.js:82
[   51126ms] [LOG] [WS] 🗺️ Broadcast recibido. Avatares: 1 [Hijo Test(2)] @ https://jimsimrodev.github.io/pequenos-sanos/assets/index-C7AoTPzR.js:82
[   51177ms] [LOG] [WS] 🗺️ Broadcast recibido. Avatares: 1 [Hijo Test(2)] @ https://jimsimrodev.github.io/pequenos-sanos/assets/index-C7AoTPzR.js:82
[   51199ms] [LOG] [WS] 🗺️ Broadcast recibido. Avatares: 1 [Hijo Test(2)] @ https://jimsimrodev.github.io/pequenos-sanos/assets/index-C7AoTPzR.js:82
[   51245ms] [LOG] [WS] 🗺️ Broadcast recibido. Avatares: 1 [Hijo Test(2)] @ https://jimsimrodev.github.io/pequenos-sanos/assets/index-C7AoTPzR.js:82
[   51287ms] [LOG] [WS] 🗺️ Broadcast recibido. Avatares: 1 [Hijo Test(2)] @ https://jimsimrodev.github.io/pequenos-sanos/assets/index-C7AoTPzR.js:82
[   51324ms] [LOG] [WS] 🗺️ Broadcast recibido. Avatares: 1 [Hijo Test(2)] @ https://jimsimrodev.github.io/pequenos-sanos/assets/index-C7AoTPzR.js:82
[   51354ms] [LOG] [WS] 🗺️ Broadcast recibido. Avatares: 1 [Hijo Test(2)] @ https://jimsimrodev.github.io/pequenos-sanos/assets/index-C7AoTPzR.js:82
[   51382ms] [LOG] [WS] 🗺️ Broadcast recibido. Avatares: 1 [Hijo Test(2)] @ https://jimsimrodev.github.io/pequenos-sanos/assets/index-C7AoTPzR.js:82
[   51404ms] [LOG] [WS] 🗺️ Broadcast recibido. Avatares: 1 [Hijo Test(2)] @ https://jimsimrodev.github.io/pequenos-sanos/assets/index-C7AoTPzR.js:82
[   51440ms] [LOG] [WS] 🗺️ Broadcast recibido. Avatares: 1 [Hijo Test(2)] @ https://jimsimrodev.github.io/pequenos-sanos/assets/index-C7AoTPzR.js:82
[   51463ms] [LOG] [WS] 🗺️ Broadcast recibido. Avatares: 1 [Hijo Test(2)] @ https://jimsimrodev.github.io/pequenos-sanos/assets/index-C7AoTPzR.js:82
[   51493ms] [LOG] [WS] 🗺️ Broadcast recibido. Avatares: 1 [Hijo Test(2)] @ https://jimsimrodev.github.io/pequenos-sanos/assets/index-C7AoTPzR.js:82
[   51530ms] [LOG] [WS] 🗺️ Broadcast recibido. Avatares: 1 [Hijo Test(2)] @ https://jimsimrodev.github.io/pequenos-sanos/assets/index-C7AoTPzR.js:82
[   51559ms] [LOG] [WS] 🗺️ Broadcast recibido. Avatares: 1 [Hijo Test(2)] @ https://jimsimrodev.github.io/pequenos-sanos/assets/index-C7AoTPzR.js:82
[   51595ms] [LOG] [WS] 🗺️ Broadcast recibido. Avatares: 1 [Hijo Test(2)] @ https://jimsimrodev.github.io/pequenos-sanos/assets/index-C7AoTPzR.js:82
[   51626ms] [LOG] [WS] 🗺️ Broadcast recibido. Avatares: 1 [Hijo Test(2)] @ https://jimsimrodev.github.io/pequenos-sanos/assets/index-C7AoTPzR.js:82
[   51658ms] [LOG] [WS] 🗺️ Broadcast recibido. Avatares: 1 [Hijo Test(2)] @ https://jimsimrodev.github.io/pequenos-sanos/assets/index-C7AoTPzR.js:82
[   51703ms] [LOG] [WS] 🗺️ Broadcast recibido. Avatares: 1 [Hijo Test(2)] @ https://jimsimrodev.github.io/pequenos-sanos/assets/index-C7AoTPzR.js:82
[   51719ms] [LOG] [WS] 🗺️ Broadcast recibido. Avatares: 1 [Hijo Test(2)] @ https://jimsimrodev.github.io/pequenos-sanos/assets/index-C7AoTPzR.js:82
[   51761ms] [LOG] [WS] 🗺️ Broadcast recibido. Avatares: 1 [Hijo Test(2)] @ https://jimsimrodev.github.io/pequenos-sanos/assets/index-C7AoTPzR.js:82
[   51783ms] [LOG] [WS] 🗺️ Broadcast recibido. Avatares: 1 [Hijo Test(2)] @ https://jimsimrodev.github.io/pequenos-sanos/assets/index-C7AoTPzR.js:82
[   51828ms] [LOG] [WS] 🗺️ Broadcast recibido. Avatares: 1 [Hijo Test(2)] @ https://jimsimrodev.github.io/pequenos-sanos/assets/index-C7AoTPzR.js:82
[   51862ms] [LOG] [WS] 🗺️ Broadcast recibido. Avatares: 1 [Hijo Test(2)] @ https://jimsimrodev.github.io/pequenos-sanos/assets/index-C7AoTPzR.js:82
[   51888ms] [LOG] [WS] 🗺️ Broadcast recibido. Avatares: 1 [Hijo Test(2)] @ https://jimsimrodev.github.io/pequenos-sanos/assets/index-C7AoTPzR.js:82
[   51922ms] [LOG] [WS] 🗺️ Broadcast recibido. Avatares: 1 [Hijo Test(2)] @ https://jimsimrodev.github.io/pequenos-sanos/assets/index-C7AoTPzR.js:82
[   51950ms] [LOG] [WS] 🗺️ Broadcast recibido. Avatares: 1 [Hijo Test(2)] @ https://jimsimrodev.github.io/pequenos-sanos/assets/index-C7AoTPzR.js:82
[   51989ms] [LOG] [WS] 🗺️ Broadcast recibido. Avatares: 1 [Hijo Test(2)] @ https://jimsimrodev.github.io/pequenos-sanos/assets/index-C7AoTPzR.js:82
[   52040ms] [LOG] [WS] 🗺️ Broadcast recibido. Avatares: 1 [Hijo Test(2)] @ https://jimsimrodev.github.io/pequenos-sanos/assets/index-C7AoTPzR.js:82
[   52080ms] [LOG] [WS] 🗺️ Broadcast recibido. Avatares: 1 [Hijo Test(2)] @ https://jimsimrodev.github.io/pequenos-sanos/assets/index-C7AoTPzR.js:82
[   52114ms] [LOG] [WS] 🗺️ Broadcast recibido. Avatares: 1 [Hijo Test(2)] @ https://jimsimrodev.github.io/pequenos-sanos/assets/index-C7AoTPzR.js:82
[   52149ms] [LOG] [WS] 🗺️ Broadcast recibido. Avatares: 1 [Hijo Test(2)] @ https://jimsimrodev.github.io/pequenos-sanos/assets/index-C7AoTPzR.js:82
[   52171ms] [LOG] [WS] 🗺️ Broadcast recibido. Avatares: 1 [Hijo Test(2)] @ https://jimsimrodev.github.io/pequenos-sanos/assets/index-C7AoTPzR.js:82
[   52190ms] [LOG] [WS] 🗺️ Broadcast recibido. Avatares: 1 [Hijo Test(2)] @ https://jimsimrodev.github.io/pequenos-sanos/assets/index-C7AoTPzR.js:82
[   52231ms] [LOG] [WS] 🗺️ Broadcast recibido. Avatares: 1 [Hijo Test(2)] @ https://jimsimrodev.github.io/pequenos-sanos/assets/index-C7AoTPzR.js:82
[   52247ms] [LOG] [WS] 🗺️ Broadcast recibido. Avatares: 1 [Hijo Test(2)] @ https://jimsimrodev.github.io/pequenos-sanos/assets/index-C7AoTPzR.js:82
[   52304ms] [LOG] [WS] 🗺️ Broadcast recibido. Avatares: 1 [Hijo Test(2)] @ https://jimsimrodev.github.io/pequenos-sanos/assets/index-C7AoTPzR.js:82
[   52325ms] [LOG] [WS] 🗺️ Broadcast recibido. Avatares: 1 [Hijo Test(2)] @ https://jimsimrodev.github.io/pequenos-sanos/assets/index-C7AoTPzR.js:82
[   52348ms] [LOG] [WS] 🗺️ Broadcast recibido. Avatares: 1 [Hijo Test(2)] @ https://jimsimrodev.github.io/pequenos-sanos/assets/index-C7AoTPzR.js:82
[   52382ms] [LOG] [WS] 🗺️ Broadcast recibido. Avatares: 1 [Hijo Test(2)] @ https://jimsimrodev.github.io/pequenos-sanos/assets/index-C7AoTPzR.js:82
[   52445ms] [LOG] [WS] 🗺️ Broadcast recibido. Avatares: 1 [Hijo Test(2)] @ https://jimsimrodev.github.io/pequenos-sanos/assets/index-C7AoTPzR.js:82
[   52479ms] [LOG] [WS] 🗺️ Broadcast recibido. Avatares: 1 [Hijo Test(2)] @ https://jimsimrodev.github.io/pequenos-sanos/assets/index-C7AoTPzR.js:82
[   52509ms] [LOG] [WS] 🗺️ Broadcast recibido. Avatares: 1 [Hijo Test(2)] @ https://jimsimrodev.github.io/pequenos-sanos/assets/index-C7AoTPzR.js:82
[   52535ms] [LOG] [WS] 🗺️ Broadcast recibido. Avatares: 1 [Hijo Test(2)] @ https://jimsimrodev.github.io/pequenos-sanos/assets/index-C7AoTPzR.js:82
[   52562ms] [LOG] [WS] 🗺️ Broadcast recibido. Avatares: 1 [Hijo Test(2)] @ https://jimsimrodev.github.io/pequenos-sanos/assets/index-C7AoTPzR.js:82
[   52590ms] [LOG] [WS] 🗺️ Broadcast recibido. Avatares: 1 [Hijo Test(2)] @ https://jimsimrodev.github.io/pequenos-sanos/assets/index-C7AoTPzR.js:82
[   52632ms] [LOG] [WS] 🗺️ Broadcast recibido. Avatares: 1 [Hijo Test(2)] @ https://jimsimrodev.github.io/pequenos-sanos/assets/index-C7AoTPzR.js:82
[   52648ms] [LOG] [WS] 🗺️ Broadcast recibido. Avatares: 1 [Hijo Test(2)] @ https://jimsimrodev.github.io/pequenos-sanos/assets/index-C7AoTPzR.js:82
[   52686ms] [LOG] [WS] 🗺️ Broadcast recibido. Avatares: 1 [Hijo Test(2)] @ https://jimsimrodev.github.io/pequenos-sanos/assets/index-C7AoTPzR.js:82
[   52715ms] [LOG] [WS] 🗺️ Broadcast recibido. Avatares: 1 [Hijo Test(2)] @ https://jimsimrodev.github.io/pequenos-sanos/assets/index-C7AoTPzR.js:82
[   52753ms] [LOG] [WS] 🗺️ Broadcast recibido. Avatares: 1 [Hijo Test(2)] @ https://jimsimrodev.github.io/pequenos-sanos/assets/index-C7AoTPzR.js:82
[   52797ms] [LOG] [WS] 🗺️ Broadcast recibido. Avatares: 1 [Hijo Test(2)] @ https://jimsimrodev.github.io/pequenos-sanos/assets/index-C7AoTPzR.js:82
[   52821ms] [LOG] [WS] 🗺️ Broadcast recibido. Avatares: 1 [Hijo Test(2)] @ https://jimsimrodev.github.io/pequenos-sanos/assets/index-C7AoTPzR.js:82
[   52843ms] [LOG] [WS] 🗺️ Broadcast recibido. Avatares: 1 [Hijo Test(2)] @ https://jimsimrodev.github.io/pequenos-sanos/assets/index-C7AoTPzR.js:82
[   52877ms] [LOG] [WS] 🗺️ Broadcast recibido. Avatares: 1 [Hijo Test(2)] @ https://jimsimrodev.github.io/pequenos-sanos/assets/index-C7AoTPzR.js:82
[   52916ms] [LOG] [WS] 🗺️ Broadcast recibido. Avatares: 1 [Hijo Test(2)] @ https://jimsimrodev.github.io/pequenos-sanos/assets/index-C7AoTPzR.js:82
[   52958ms] [LOG] [WS] 🗺️ Broadcast recibido. Avatares: 1 [Hijo Test(2)] @ https://jimsimrodev.github.io/pequenos-sanos/assets/index-C7AoTPzR.js:82
[   52978ms] [LOG] [WS] 🗺️ Broadcast recibido. Avatares: 1 [Hijo Test(2)] @ https://jimsimrodev.github.io/pequenos-sanos/assets/index-C7AoTPzR.js:82
[   53024ms] [LOG] [WS] 🗺️ Broadcast recibido. Avatares: 1 [Hijo Test(2)] @ https://jimsimrodev.github.io/pequenos-sanos/assets/index-C7AoTPzR.js:82
[   53045ms] [LOG] [WS] 🗺️ Broadcast recibido. Avatares: 1 [Hijo Test(2)] @ https://jimsimrodev.github.io/pequenos-sanos/assets/index-C7AoTPzR.js:82
[   53090ms] [LOG] [WS] 🗺️ Broadcast recibido. Avatares: 1 [Hijo Test(2)] @ https://jimsimrodev.github.io/pequenos-sanos/assets/index-C7AoTPzR.js:82
[   53116ms] [LOG] [WS] 🗺️ Broadcast recibido. Avatares: 1 [Hijo Test(2)] @ https://jimsimrodev.github.io/pequenos-sanos/assets/index-C7AoTPzR.js:82
[   53150ms] [LOG] [WS] 🗺️ Broadcast recibido. Avatares: 1 [Hijo Test(2)] @ https://jimsimrodev.github.io/pequenos-sanos/assets/index-C7AoTPzR.js:82
[   53170ms] [LOG] [WS] 🗺️ Broadcast recibido. Avatares: 1 [Hijo Test(2)] @ https://jimsimrodev.github.io/pequenos-sanos/assets/index-C7AoTPzR.js:82
[   53225ms] [LOG] [WS] 🗺️ Broadcast recibido. Avatares: 1 [Hijo Test(2)] @ https://jimsimrodev.github.io/pequenos-sanos/assets/index-C7AoTPzR.js:82
[   53244ms] [LOG] [WS] 🗺️ Broadcast recibido. Avatares: 1 [Hijo Test(2)] @ https://jimsimrodev.github.io/pequenos-sanos/assets/index-C7AoTPzR.js:82
[   53269ms] [LOG] [WS] 🗺️ Broadcast recibido. Avatares: 1 [Hijo Test(2)] @ https://jimsimrodev.github.io/pequenos-sanos/assets/index-C7AoTPzR.js:82
[   53321ms] [LOG] [WS] 🗺️ Broadcast recibido. Avatares: 1 [Hijo Test(2)] @ https://jimsimrodev.github.io/pequenos-sanos/assets/index-C7AoTPzR.js:82
[   53339ms] [LOG] [WS] 🗺️ Broadcast recibido. Avatares: 1 [Hijo Test(2)] @ https://jimsimrodev.github.io/pequenos-sanos/assets/index-C7AoTPzR.js:82
[   53373ms] [LOG] [WS] 🗺️ Broadcast recibido. Avatares: 1 [Hijo Test(2)] @ https://jimsimrodev.github.io/pequenos-sanos/assets/index-C7AoTPzR.js:82
[   53404ms] [LOG] [WS] 🗺️ Broadcast recibido. Avatares: 1 [Hijo Test(2)] @ https://jimsimrodev.github.io/pequenos-sanos/assets/index-C7AoTPzR.js:82
[   53439ms] [LOG] [WS] 🗺️ Broadcast recibido. Avatares: 1 [Hijo Test(2)] @ https://jimsimrodev.github.io/pequenos-sanos/assets/index-C7AoTPzR.js:82
[   53479ms] [LOG] [WS] 🗺️ Broadcast recibido. Avatares: 1 [Hijo Test(2)] @ https://jimsimrodev.github.io/pequenos-sanos/assets/index-C7AoTPzR.js:82
[   53517ms] [LOG] [WS] 🗺️ Broadcast recibido. Avatares: 1 [Hijo Test(2)] @ https://jimsimrodev.github.io/pequenos-sanos/assets/index-C7AoTPzR.js:82
[   53532ms] [LOG] [WS] 🗺️ Broadcast recibido. Avatares: 1 [Hijo Test(2)] @ https://jimsimrodev.github.io/pequenos-sanos/assets/index-C7AoTPzR.js:82
[   53569ms] [LOG] [WS] 🗺️ Broadcast recibido. Avatares: 1 [Hijo Test(2)] @ https://jimsimrodev.github.io/pequenos-sanos/assets/index-C7AoTPzR.js:82
[   53616ms] [LOG] [WS] 🗺️ Broadcast recibido. Avatares: 1 [Hijo Test(2)] @ https://jimsimrodev.github.io/pequenos-sanos/assets/index-C7AoTPzR.js:82
[   53645ms] [LOG] [WS] 🗺️ Broadcast recibido. Avatares: 1 [Hijo Test(2)] @ https://jimsimrodev.github.io/pequenos-sanos/assets/index-C7AoTPzR.js:82
[   53687ms] [LOG] [WS] 🗺️ Broadcast recibido. Avatares: 1 [Hijo Test(2)] @ https://jimsimrodev.github.io/pequenos-sanos/assets/index-C7AoTPzR.js:82
[   53709ms] [LOG] [WS] 🗺️ Broadcast recibido. Avatares: 1 [Hijo Test(2)] @ https://jimsimrodev.github.io/pequenos-sanos/assets/index-C7AoTPzR.js:82
[   53744ms] [LOG] [WS] 🗺️ Broadcast recibido. Avatares: 1 [Hijo Test(2)] @ https://jimsimrodev.github.io/pequenos-sanos/assets/index-C7AoTPzR.js:82
[   53771ms] [LOG] [WS] 🗺️ Broadcast recibido. Avatares: 1 [Hijo Test(2)] @ https://jimsimrodev.github.io/pequenos-sanos/assets/index-C7AoTPzR.js:82
[   53798ms] [LOG] [WS] 🗺️ Broadcast recibido. Avatares: 1 [Hijo Test(2)] @ https://jimsimrodev.github.io/pequenos-sanos/assets/index-C7AoTPzR.js:82
[   53839ms] [LOG] [WS] 🗺️ Broadcast recibido. Avatares: 1 [Hijo Test(2)] @ https://jimsimrodev.github.io/pequenos-sanos/assets/index-C7AoTPzR.js:82
[   53881ms] [LOG] [WS] 🗺️ Broadcast recibido. Avatares: 1 [Hijo Test(2)] @ https://jimsimrodev.github.io/pequenos-sanos/assets/index-C7AoTPzR.js:82
[   53902ms] [LOG] [WS] 🗺️ Broadcast recibido. Avatares: 1 [Hijo Test(2)] @ https://jimsimrodev.github.io/pequenos-sanos/assets/index-C7AoTPzR.js:82
[   53940ms] [LOG] [WS] 🗺️ Broadcast recibido. Avatares: 1 [Hijo Test(2)] @ https://jimsimrodev.github.io/pequenos-sanos/assets/index-C7AoTPzR.js:82
[   53977ms] [LOG] [WS] 🗺️ Broadcast recibido. Avatares: 1 [Hijo Test(2)] @ https://jimsimrodev.github.io/pequenos-sanos/assets/index-C7AoTPzR.js:82
[   54012ms] [LOG] [WS] 🗺️ Broadcast recibido. Avatares: 1 [Hijo Test(2)] @ https://jimsimrodev.github.io/pequenos-sanos/assets/index-C7AoTPzR.js:82
[   54044ms] [LOG] [WS] 🗺️ Broadcast recibido. Avatares: 1 [Hijo Test(2)] @ https://jimsimrodev.github.io/pequenos-sanos/assets/index-C7AoTPzR.js:82
[   54066ms] [LOG] [WS] 🗺️ Broadcast recibido. Avatares: 1 [Hijo Test(2)] @ https://jimsimrodev.github.io/pequenos-sanos/assets/index-C7AoTPzR.js:82
[   54124ms] [LOG] [WS] 🗺️ Broadcast recibido. Avatares: 1 [Hijo Test(2)] @ https://jimsimrodev.github.io/pequenos-sanos/assets/index-C7AoTPzR.js:82
[   54147ms] [LOG] [WS] 🗺️ Broadcast recibido. Avatares: 1 [Hijo Test(2)] @ https://jimsimrodev.github.io/pequenos-sanos/assets/index-C7AoTPzR.js:82
[   54173ms] [LOG] [WS] 🗺️ Broadcast recibido. Avatares: 1 [Hijo Test(2)] @ https://jimsimrodev.github.io/pequenos-sanos/assets/index-C7AoTPzR.js:82
[   54195ms] [LOG] [WS] 🗺️ Broadcast recibido. Avatares: 1 [Hijo Test(2)] @ https://jimsimrodev.github.io/pequenos-sanos/assets/index-C7AoTPzR.js:82
[   54244ms] [LOG] [WS] 🗺️ Broadcast recibido. Avatares: 1 [Hijo Test(2)] @ https://jimsimrodev.github.io/pequenos-sanos/assets/index-C7AoTPzR.js:82
[   54289ms] [LOG] [WS] 🗺️ Broadcast recibido. Avatares: 1 [Hijo Test(2)] @ https://jimsimrodev.github.io/pequenos-sanos/assets/index-C7AoTPzR.js:82
[   54317ms] [LOG] [WS] 🗺️ Broadcast recibido. Avatares: 1 [Hijo Test(2)] @ https://jimsimrodev.github.io/pequenos-sanos/assets/index-C7AoTPzR.js:82
[   54341ms] [LOG] [WS] 🗺️ Broadcast recibido. Avatares: 1 [Hijo Test(2)] @ https://jimsimrodev.github.io/pequenos-sanos/assets/index-C7AoTPzR.js:82
[   54360ms] [LOG] [WS] 🗺️ Broadcast recibido. Avatares: 1 [Hijo Test(2)] @ https://jimsimrodev.github.io/pequenos-sanos/assets/index-C7AoTPzR.js:82
[   54396ms] [LOG] [WS] 🗺️ Broadcast recibido. Avatares: 1 [Hijo Test(2)] @ https://jimsimrodev.github.io/pequenos-sanos/assets/index-C7AoTPzR.js:82
[   54436ms] [LOG] [WS] 🗺️ Broadcast recibido. Avatares: 1 [Hijo Test(2)] @ https://jimsimrodev.github.io/pequenos-sanos/assets/index-C7AoTPzR.js:82
[   54467ms] [LOG] [WS] 🗺️ Broadcast recibido. Avatares: 1 [Hijo Test(2)] @ https://jimsimrodev.github.io/pequenos-sanos/assets/index-C7AoTPzR.js:82
[   54492ms] [LOG] [WS] 🗺️ Broadcast recibido. Avatares: 1 [Hijo Test(2)] @ https://jimsimrodev.github.io/pequenos-sanos/assets/index-C7AoTPzR.js:82
[   54534ms] [LOG] [WS] 🗺️ Broadcast recibido. Avatares: 1 [Hijo Test(2)] @ https://jimsimrodev.github.io/pequenos-sanos/assets/index-C7AoTPzR.js:82
[   54562ms] [LOG] [WS] 🗺️ Broadcast recibido. Avatares: 1 [Hijo Test(2)] @ https://jimsimrodev.github.io/pequenos-sanos/assets/index-C7AoTPzR.js:82
[   54603ms] [LOG] [WS] 🗺️ Broadcast recibido. Avatares: 1 [Hijo Test(2)] @ https://jimsimrodev.github.io/pequenos-sanos/assets/index-C7AoTPzR.js:82
[   54622ms] [LOG] [WS] 🗺️ Broadcast recibido. Avatares: 1 [Hijo Test(2)] @ https://jimsimrodev.github.io/pequenos-sanos/assets/index-C7AoTPzR.js:82
[   54660ms] [LOG] [WS] 🗺️ Broadcast recibido. Avatares: 1 [Hijo Test(2)] @ https://jimsimrodev.github.io/pequenos-sanos/assets/index-C7AoTPzR.js:82
[   54693ms] [LOG] [WS] 🗺️ Broadcast recibido. Avatares: 1 [Hijo Test(2)] @ https://jimsimrodev.github.io/pequenos-sanos/assets/index-C7AoTPzR.js:82
[   54722ms] [LOG] [WS] 🗺️ Broadcast recibido. Avatares: 1 [Hijo Test(2)] @ https://jimsimrodev.github.io/pequenos-sanos/assets/index-C7AoTPzR.js:82
[   54769ms] [LOG] [WS] 🗺️ Broadcast recibido. Avatares: 1 [Hijo Test(2)] @ https://jimsimrodev.github.io/pequenos-sanos/assets/index-C7AoTPzR.js:82
[   54799ms] [LOG] [WS] 🗺️ Broadcast recibido. Avatares: 1 [Hijo Test(2)] @ https://jimsimrodev.github.io/pequenos-sanos/assets/index-C7AoTPzR.js:82
[   54833ms] [LOG] [WS] 🗺️ Broadcast recibido. Avatares: 1 [Hijo Test(2)] @ https://jimsimrodev.github.io/pequenos-sanos/assets/index-C7AoTPzR.js:82
[   54863ms] [LOG] [WS] 🗺️ Broadcast recibido. Avatares: 1 [Hijo Test(2)] @ https://jimsimrodev.github.io/pequenos-sanos/assets/index-C7AoTPzR.js:82
[   54908ms] [LOG] [WS] 🗺️ Broadcast recibido. Avatares: 1 [Hijo Test(2)] @ https://jimsimrodev.github.io/pequenos-sanos/assets/index-C7AoTPzR.js:82
[   54927ms] [LOG] [WS] 🗺️ Broadcast recibido. Avatares: 1 [Hijo Test(2)] @ https://jimsimrodev.github.io/pequenos-sanos/assets/index-C7AoTPzR.js:82
[   54957ms] [LOG] [WS] 🗺️ Broadcast recibido. Avatares: 1 [Hijo Test(2)] @ https://jimsimrodev.github.io/pequenos-sanos/assets/index-C7AoTPzR.js:82
[   55002ms] [LOG] [WS] 🗺️ Broadcast recibido. Avatares: 1 [Hijo Test(2)] @ https://jimsimrodev.github.io/pequenos-sanos/assets/index-C7AoTPzR.js:82
[   55023ms] [LOG] [WS] 🗺️ Broadcast recibido. Avatares: 1 [Hijo Test(2)] @ https://jimsimrodev.github.io/pequenos-sanos/assets/index-C7AoTPzR.js:82
[   55060ms] [LOG] [WS] 🗺️ Broadcast recibido. Avatares: 1 [Hijo Test(2)] @ https://jimsimrodev.github.io/pequenos-sanos/assets/index-C7AoTPzR.js:82
[   55098ms] [LOG] [WS] 🗺️ Broadcast recibido. Avatares: 1 [Hijo Test(2)] @ https://jimsimrodev.github.io/pequenos-sanos/assets/index-C7AoTPzR.js:82
[   55127ms] [LOG] [WS] 🗺️ Broadcast recibido. Avatares: 1 [Hijo Test(2)] @ https://jimsimrodev.github.io/pequenos-sanos/assets/index-C7AoTPzR.js:82
[   55177ms] [LOG] [WS] 🗺️ Broadcast recibido. Avatares: 1 [Hijo Test(2)] @ https://jimsimrodev.github.io/pequenos-sanos/assets/index-C7AoTPzR.js:82
[   55197ms] [LOG] [WS] 🗺️ Broadcast recibido. Avatares: 1 [Hijo Test(2)] @ https://jimsimrodev.github.io/pequenos-sanos/assets/index-C7AoTPzR.js:82
[   55217ms] [LOG] [WS] 🗺️ Broadcast recibido. Avatares: 1 [Hijo Test(2)] @ https://jimsimrodev.github.io/pequenos-sanos/assets/index-C7AoTPzR.js:82
[   55263ms] [LOG] [WS] 🗺️ Broadcast recibido. Avatares: 1 [Hijo Test(2)] @ https://jimsimrodev.github.io/pequenos-sanos/assets/index-C7AoTPzR.js:82
[   55285ms] [LOG] [WS] 🗺️ Broadcast recibido. Avatares: 1 [Hijo Test(2)] @ https://jimsimrodev.github.io/pequenos-sanos/assets/index-C7AoTPzR.js:82
[   55332ms] [LOG] [WS] 🗺️ Broadcast recibido. Avatares: 1 [Hijo Test(2)] @ https://jimsimrodev.github.io/pequenos-sanos/assets/index-C7AoTPzR.js:82
[   55355ms] [LOG] [WS] 🗺️ Broadcast recibido. Avatares: 1 [Hijo Test(2)] @ https://jimsimrodev.github.io/pequenos-sanos/assets/index-C7AoTPzR.js:82
[   55385ms] [LOG] [WS] 🗺️ Broadcast recibido. Avatares: 1 [Hijo Test(2)] @ https://jimsimrodev.github.io/pequenos-sanos/assets/index-C7AoTPzR.js:82
[   55437ms] [LOG] [WS] 🗺️ Broadcast recibido. Avatares: 1 [Hijo Test(2)] @ https://jimsimrodev.github.io/pequenos-sanos/assets/index-C7AoTPzR.js:82
[   55455ms] [LOG] [WS] 🗺️ Broadcast recibido. Avatares: 1 [Hijo Test(2)] @ https://jimsimrodev.github.io/pequenos-sanos/assets/index-C7AoTPzR.js:82
[   55490ms] [LOG] [WS] 🗺️ Broadcast recibido. Avatares: 1 [Hijo Test(2)] @ https://jimsimrodev.github.io/pequenos-sanos/assets/index-C7AoTPzR.js:82
[   55528ms] [LOG] [WS] 🗺️ Broadcast recibido. Avatares: 1 [Hijo Test(2)] @ https://jimsimrodev.github.io/pequenos-sanos/assets/index-C7AoTPzR.js:82
[   55550ms] [LOG] [WS] 🗺️ Broadcast recibido. Avatares: 1 [Hijo Test(2)] @ https://jimsimrodev.github.io/pequenos-sanos/assets/index-C7AoTPzR.js:82
[   55584ms] [LOG] [WS] 🗺️ Broadcast recibido. Avatares: 1 [Hijo Test(2)] @ https://jimsimrodev.github.io/pequenos-sanos/assets/index-C7AoTPzR.js:82
[   55637ms] [LOG] [WS] 🗺️ Broadcast recibido. Avatares: 1 [Hijo Test(2)] @ https://jimsimrodev.github.io/pequenos-sanos/assets/index-C7AoTPzR.js:82
[   55658ms] [LOG] [WS] 🗺️ Broadcast recibido. Avatares: 1 [Hijo Test(2)] @ https://jimsimrodev.github.io/pequenos-sanos/assets/index-C7AoTPzR.js:82
[   55696ms] [LOG] [WS] 🗺️ Broadcast recibido. Avatares: 1 [Hijo Test(2)] @ https://jimsimrodev.github.io/pequenos-sanos/assets/index-C7AoTPzR.js:82
[   55720ms] [LOG] [WS] 🗺️ Broadcast recibido. Avatares: 1 [Hijo Test(2)] @ https://jimsimrodev.github.io/pequenos-sanos/assets/index-C7AoTPzR.js:82
[   55754ms] [LOG] [WS] 🗺️ Broadcast recibido. Avatares: 1 [Hijo Test(2)] @ https://jimsimrodev.github.io/pequenos-sanos/assets/index-C7AoTPzR.js:82
[   55783ms] [LOG] [WS] 🗺️ Broadcast recibido. Avatares: 1 [Hijo Test(2)] @ https://jimsimrodev.github.io/pequenos-sanos/assets/index-C7AoTPzR.js:82
[   55826ms] [LOG] [WS] 🗺️ Broadcast recibido. Avatares: 1 [Hijo Test(2)] @ https://jimsimrodev.github.io/pequenos-sanos/assets/index-C7AoTPzR.js:82
[   55866ms] [LOG] [WS] 🗺️ Broadcast recibido. Avatares: 1 [Hijo Test(2)] @ https://jimsimrodev.github.io/pequenos-sanos/assets/index-C7AoTPzR.js:82
[   55882ms] [LOG] [WS] 🗺️ Broadcast recibido. Avatares: 1 [Hijo Test(2)] @ https://jimsimrodev.github.io/pequenos-sanos/assets/index-C7AoTPzR.js:82
[   55909ms] [LOG] [WS] 🗺️ Broadcast recibido. Avatares: 1 [Hijo Test(2)] @ https://jimsimrodev.github.io/pequenos-sanos/assets/index-C7AoTPzR.js:82
[   55943ms] [LOG] [WS] 🗺️ Broadcast recibido. Avatares: 1 [Hijo Test(2)] @ https://jimsimrodev.github.io/pequenos-sanos/assets/index-C7AoTPzR.js:82
[   55974ms] [LOG] [WS] 🗺️ Broadcast recibido. Avatares: 1 [Hijo Test(2)] @ https://jimsimrodev.github.io/pequenos-sanos/assets/index-C7AoTPzR.js:82
[   56022ms] [LOG] [WS] 🗺️ Broadcast recibido. Avatares: 1 [Hijo Test(2)] @ https://jimsimrodev.github.io/pequenos-sanos/assets/index-C7AoTPzR.js:82
[   56058ms] [LOG] [WS] 🗺️ Broadcast recibido. Avatares: 1 [Hijo Test(2)] @ https://jimsimrodev.github.io/pequenos-sanos/assets/index-C7AoTPzR.js:82
[   56090ms] [LOG] [WS] 🗺️ Broadcast recibido. Avatares: 1 [Hijo Test(2)] @ https://jimsimrodev.github.io/pequenos-sanos/assets/index-C7AoTPzR.js:82
[   56106ms] [LOG] [WS] 🗺️ Broadcast recibido. Avatares: 1 [Hijo Test(2)] @ https://jimsimrodev.github.io/pequenos-sanos/assets/index-C7AoTPzR.js:82
[   56138ms] [LOG] [WS] 🗺️ Broadcast recibido. Avatares: 1 [Hijo Test(2)] @ https://jimsimrodev.github.io/pequenos-sanos/assets/index-C7AoTPzR.js:82
[   56172ms] [LOG] [WS] 🗺️ Broadcast recibido. Avatares: 1 [Hijo Test(2)] @ https://jimsimrodev.github.io/pequenos-sanos/assets/index-C7AoTPzR.js:82
[   56221ms] [LOG] [WS] 🗺️ Broadcast recibido. Avatares: 1 [Hijo Test(2)] @ https://jimsimrodev.github.io/pequenos-sanos/assets/index-C7AoTPzR.js:82
[   56238ms] [LOG] [WS] 🗺️ Broadcast recibido. Avatares: 1 [Hijo Test(2)] @ https://jimsimrodev.github.io/pequenos-sanos/assets/index-C7AoTPzR.js:82
[   56273ms] [LOG] [WS] 🗺️ Broadcast recibido. Avatares: 1 [Hijo Test(2)] @ https://jimsimrodev.github.io/pequenos-sanos/assets/index-C7AoTPzR.js:82
[   56311ms] [LOG] [WS] 🗺️ Broadcast recibido. Avatares: 1 [Hijo Test(2)] @ https://jimsimrodev.github.io/pequenos-sanos/assets/index-C7AoTPzR.js:82
[   56357ms] [LOG] [WS] 🗺️ Broadcast recibido. Avatares: 1 [Hijo Test(2)] @ https://jimsimrodev.github.io/pequenos-sanos/assets/index-C7AoTPzR.js:82
[   56373ms] [LOG] [WS] 🗺️ Broadcast recibido. Avatares: 1 [Hijo Test(2)] @ https://jimsimrodev.github.io/pequenos-sanos/assets/index-C7AoTPzR.js:82
[   56409ms] [LOG] [WS] 🗺️ Broadcast recibido. Avatares: 1 [Hijo Test(2)] @ https://jimsimrodev.github.io/pequenos-sanos/assets/index-C7AoTPzR.js:82
[   56441ms] [LOG] [WS] 🗺️ Broadcast recibido. Avatares: 1 [Hijo Test(2)] @ https://jimsimrodev.github.io/pequenos-sanos/assets/index-C7AoTPzR.js:82
[   56475ms] [LOG] [WS] 🗺️ Broadcast recibido. Avatares: 1 [Hijo Test(2)] @ https://jimsimrodev.github.io/pequenos-sanos/assets/index-C7AoTPzR.js:82
[   56510ms] [LOG] [WS] 🗺️ Broadcast recibido. Avatares: 1 [Hijo Test(2)] @ https://jimsimrodev.github.io/pequenos-sanos/assets/index-C7AoTPzR.js:82
[   56541ms] [LOG] [WS] 🗺️ Broadcast recibido. Avatares: 1 [Hijo Test(2)] @ https://jimsimrodev.github.io/pequenos-sanos/assets/index-C7AoTPzR.js:82
[   56571ms] [LOG] [WS] 🗺️ Broadcast recibido. Avatares: 1 [Hijo Test(2)] @ https://jimsimrodev.github.io/pequenos-sanos/assets/index-C7AoTPzR.js:82
[   56604ms] [LOG] [WS] 🗺️ Broadcast recibido. Avatares: 1 [Hijo Test(2)] @ https://jimsimrodev.github.io/pequenos-sanos/assets/index-C7AoTPzR.js:82
[   56638ms] [LOG] [WS] 🗺️ Broadcast recibido. Avatares: 1 [Hijo Test(2)] @ https://jimsimrodev.github.io/pequenos-sanos/assets/index-C7AoTPzR.js:82
[   56669ms] [LOG] [WS] 🗺️ Broadcast recibido. Avatares: 1 [Hijo Test(2)] @ https://jimsimrodev.github.io/pequenos-sanos/assets/index-C7AoTPzR.js:82
[   56704ms] [LOG] [WS] 🗺️ Broadcast recibido. Avatares: 1 [Hijo Test(2)] @ https://jimsimrodev.github.io/pequenos-sanos/assets/index-C7AoTPzR.js:82
[   56736ms] [LOG] [WS] 🗺️ Broadcast recibido. Avatares: 1 [Hijo Test(2)] @ https://jimsimrodev.github.io/pequenos-sanos/assets/index-C7AoTPzR.js:82
[   56768ms] [LOG] [WS] 🗺️ Broadcast recibido. Avatares: 1 [Hijo Test(2)] @ https://jimsimrodev.github.io/pequenos-sanos/assets/index-C7AoTPzR.js:82
[   56804ms] [LOG] [WS] 🗺️ Broadcast recibido. Avatares: 1 [Hijo Test(2)] @ https://jimsimrodev.github.io/pequenos-sanos/assets/index-C7AoTPzR.js:82
[   56839ms] [LOG] [WS] 🗺️ Broadcast recibido. Avatares: 1 [Hijo Test(2)] @ https://jimsimrodev.github.io/pequenos-sanos/assets/index-C7AoTPzR.js:82
[   56868ms] [LOG] [WS] 🗺️ Broadcast recibido. Avatares: 1 [Hijo Test(2)] @ https://jimsimrodev.github.io/pequenos-sanos/assets/index-C7AoTPzR.js:82
[   56903ms] [LOG] [WS] 🗺️ Broadcast recibido. Avatares: 1 [Hijo Test(2)] @ https://jimsimrodev.github.io/pequenos-sanos/assets/index-C7AoTPzR.js:82
[   56939ms] [LOG] [WS] 🗺️ Broadcast recibido. Avatares: 1 [Hijo Test(2)] @ https://jimsimrodev.github.io/pequenos-sanos/assets/index-C7AoTPzR.js:82
[   56977ms] [LOG] [WS] 🗺️ Broadcast recibido. Avatares: 1 [Hijo Test(2)] @ https://jimsimrodev.github.io/pequenos-sanos/assets/index-C7AoTPzR.js:82
[   57016ms] [LOG] [WS] 🗺️ Broadcast recibido. Avatares: 1 [Hijo Test(2)] @ https://jimsimrodev.github.io/pequenos-sanos/assets/index-C7AoTPzR.js:82
[   57054ms] [LOG] [WS] 🗺️ Broadcast recibido. Avatares: 1 [Hijo Test(2)] @ https://jimsimrodev.github.io/pequenos-sanos/assets/index-C7AoTPzR.js:82
[   57067ms] [LOG] [WS] 🗺️ Broadcast recibido. Avatares: 1 [Hijo Test(2)] @ https://jimsimrodev.github.io/pequenos-sanos/assets/index-C7AoTPzR.js:82
[   57108ms] [LOG] [WS] 🗺️ Broadcast recibido. Avatares: 1 [Hijo Test(2)] @ https://jimsimrodev.github.io/pequenos-sanos/assets/index-C7AoTPzR.js:82
[   57133ms] [LOG] [WS] 🗺️ Broadcast recibido. Avatares: 1 [Hijo Test(2)] @ https://jimsimrodev.github.io/pequenos-sanos/assets/index-C7AoTPzR.js:82
[   57175ms] [LOG] [WS] 🗺️ Broadcast recibido. Avatares: 1 [Hijo Test(2)] @ https://jimsimrodev.github.io/pequenos-sanos/assets/index-C7AoTPzR.js:82
[   57196ms] [LOG] [WS] 🗺️ Broadcast recibido. Avatares: 1 [Hijo Test(2)] @ https://jimsimrodev.github.io/pequenos-sanos/assets/index-C7AoTPzR.js:82
[   57236ms] [LOG] [WS] 🗺️ Broadcast recibido. Avatares: 1 [Hijo Test(2)] @ https://jimsimrodev.github.io/pequenos-sanos/assets/index-C7AoTPzR.js:82
[   57273ms] [LOG] [WS] 🗺️ Broadcast recibido. Avatares: 1 [Hijo Test(2)] @ https://jimsimrodev.github.io/pequenos-sanos/assets/index-C7AoTPzR.js:82
[   57306ms] [LOG] [WS] 🗺️ Broadcast recibido. Avatares: 1 [Hijo Test(2)] @ https://jimsimrodev.github.io/pequenos-sanos/assets/index-C7AoTPzR.js:82
[   57339ms] [LOG] [WS] 🗺️ Broadcast recibido. Avatares: 1 [Hijo Test(2)] @ https://jimsimrodev.github.io/pequenos-sanos/assets/index-C7AoTPzR.js:82
[   57360ms] [LOG] [WS] 🗺️ Broadcast recibido. Avatares: 1 [Hijo Test(2)] @ https://jimsimrodev.github.io/pequenos-sanos/assets/index-C7AoTPzR.js:82
[   57408ms] [LOG] [WS] 🗺️ Broadcast recibido. Avatares: 1 [Hijo Test(2)] @ https://jimsimrodev.github.io/pequenos-sanos/assets/index-C7AoTPzR.js:82
[   57441ms] [LOG] [WS] 🗺️ Broadcast recibido. Avatares: 1 [Hijo Test(2)] @ https://jimsimrodev.github.io/pequenos-sanos/assets/index-C7AoTPzR.js:82
[   57459ms] [LOG] [WS] 🗺️ Broadcast recibido. Avatares: 1 [Hijo Test(2)] @ https://jimsimrodev.github.io/pequenos-sanos/assets/index-C7AoTPzR.js:82
[   57499ms] [LOG] [WS] 🗺️ Broadcast recibido. Avatares: 1 [Hijo Test(2)] @ https://jimsimrodev.github.io/pequenos-sanos/assets/index-C7AoTPzR.js:82
[   57542ms] [LOG] [WS] 🗺️ Broadcast recibido. Avatares: 1 [Hijo Test(2)] @ https://jimsimrodev.github.io/pequenos-sanos/assets/index-C7AoTPzR.js:82
[   57558ms] [LOG] [WS] 🗺️ Broadcast recibido. Avatares: 1 [Hijo Test(2)] @ https://jimsimrodev.github.io/pequenos-sanos/assets/index-C7AoTPzR.js:82
[   57607ms] [LOG] [WS] 🗺️ Broadcast recibido. Avatares: 1 [Hijo Test(2)] @ https://jimsimrodev.github.io/pequenos-sanos/assets/index-C7AoTPzR.js:82
[   57622ms] [LOG] [WS] 🗺️ Broadcast recibido. Avatares: 1 [Hijo Test(2)] @ https://jimsimrodev.github.io/pequenos-sanos/assets/index-C7AoTPzR.js:82
[   57671ms] [LOG] [WS] 🗺️ Broadcast recibido. Avatares: 1 [Hijo Test(2)] @ https://jimsimrodev.github.io/pequenos-sanos/assets/index-C7AoTPzR.js:82
[   57706ms] [LOG] [WS] 🗺️ Broadcast recibido. Avatares: 1 [Hijo Test(2)] @ https://jimsimrodev.github.io/pequenos-sanos/assets/index-C7AoTPzR.js:82
[   57740ms] [LOG] [WS] 🗺️ Broadcast recibido. Avatares: 1 [Hijo Test(2)] @ https://jimsimrodev.github.io/pequenos-sanos/assets/index-C7AoTPzR.js:82
[   57774ms] [LOG] [WS] 🗺️ Broadcast recibido. Avatares: 1 [Hijo Test(2)] @ https://jimsimrodev.github.io/pequenos-sanos/assets/index-C7AoTPzR.js:82
[   57802ms] [LOG] [WS] 🗺️ Broadcast recibido. Avatares: 1 [Hijo Test(2)] @ https://jimsimrodev.github.io/pequenos-sanos/assets/index-C7AoTPzR.js:82
[   57832ms] [LOG] [WS] 🗺️ Broadcast recibido. Avatares: 1 [Hijo Test(2)] @ https://jimsimrodev.github.io/pequenos-sanos/assets/index-C7AoTPzR.js:82
[   57856ms] [LOG] [WS] 🗺️ Broadcast recibido. Avatares: 1 [Hijo Test(2)] @ https://jimsimrodev.github.io/pequenos-sanos/assets/index-C7AoTPzR.js:82
[   57886ms] [LOG] [WS] 🗺️ Broadcast recibido. Avatares: 1 [Hijo Test(2)] @ https://jimsimrodev.github.io/pequenos-sanos/assets/index-C7AoTPzR.js:82
[   57926ms] [LOG] [WS] 🗺️ Broadcast recibido. Avatares: 1 [Hijo Test(2)] @ https://jimsimrodev.github.io/pequenos-sanos/assets/index-C7AoTPzR.js:82
[   57955ms] [LOG] [WS] 🗺️ Broadcast recibido. Avatares: 1 [Hijo Test(2)] @ https://jimsimrodev.github.io/pequenos-sanos/assets/index-C7AoTPzR.js:82
[   57987ms] [LOG] [WS] 🗺️ Broadcast recibido. Avatares: 1 [Hijo Test(2)] @ https://jimsimrodev.github.io/pequenos-sanos/assets/index-C7AoTPzR.js:82
[   58021ms] [LOG] [WS] 🗺️ Broadcast recibido. Avatares: 1 [Hijo Test(2)] @ https://jimsimrodev.github.io/pequenos-sanos/assets/index-C7AoTPzR.js:82
[   58052ms] [LOG] [WS] 🗺️ Broadcast recibido. Avatares: 1 [Hijo Test(2)] @ https://jimsimrodev.github.io/pequenos-sanos/assets/index-C7AoTPzR.js:82
[   58088ms] [LOG] [WS] 🗺️ Broadcast recibido. Avatares: 1 [Hijo Test(2)] @ https://jimsimrodev.github.io/pequenos-sanos/assets/index-C7AoTPzR.js:82
[   58117ms] [LOG] [WS] 🗺️ Broadcast recibido. Avatares: 1 [Hijo Test(2)] @ https://jimsimrodev.github.io/pequenos-sanos/assets/index-C7AoTPzR.js:82
[   58155ms] [LOG] [WS] 🗺️ Broadcast recibido. Avatares: 1 [Hijo Test(2)] @ https://jimsimrodev.github.io/pequenos-sanos/assets/index-C7AoTPzR.js:82
[   58188ms] [LOG] [WS] 🗺️ Broadcast recibido. Avatares: 1 [Hijo Test(2)] @ https://jimsimrodev.github.io/pequenos-sanos/assets/index-C7AoTPzR.js:82
[   58219ms] [LOG] [WS] 🗺️ Broadcast recibido. Avatares: 1 [Hijo Test(2)] @ https://jimsimrodev.github.io/pequenos-sanos/assets/index-C7AoTPzR.js:82
[   58268ms] [LOG] [WS] 🗺️ Broadcast recibido. Avatares: 1 [Hijo Test(2)] @ https://jimsimrodev.github.io/pequenos-sanos/assets/index-C7AoTPzR.js:82
[   58287ms] [LOG] [WS] 🗺️ Broadcast recibido. Avatares: 1 [Hijo Test(2)] @ https://jimsimrodev.github.io/pequenos-sanos/assets/index-C7AoTPzR.js:82
[   58318ms] [LOG] [WS] 🗺️ Broadcast recibido. Avatares: 1 [Hijo Test(2)] @ https://jimsimrodev.github.io/pequenos-sanos/assets/index-C7AoTPzR.js:82
[   58352ms] [LOG] [WS] 🗺️ Broadcast recibido. Avatares: 1 [Hijo Test(2)] @ https://jimsimrodev.github.io/pequenos-sanos/assets/index-C7AoTPzR.js:82
[   58389ms] [LOG] [WS] 🗺️ Broadcast recibido. Avatares: 1 [Hijo Test(2)] @ https://jimsimrodev.github.io/pequenos-sanos/assets/index-C7AoTPzR.js:82
[   58420ms] [LOG] [WS] 🗺️ Broadcast recibido. Avatares: 1 [Hijo Test(2)] @ https://jimsimrodev.github.io/pequenos-sanos/assets/index-C7AoTPzR.js:82
[   58453ms] [LOG] [WS] 🗺️ Broadcast recibido. Avatares: 1 [Hijo Test(2)] @ https://jimsimrodev.github.io/pequenos-sanos/assets/index-C7AoTPzR.js:82
[   58486ms] [LOG] [WS] 🗺️ Broadcast recibido. Avatares: 1 [Hijo Test(2)] @ https://jimsimrodev.github.io/pequenos-sanos/assets/index-C7AoTPzR.js:82
[   58521ms] [LOG] [WS] 🗺️ Broadcast recibido. Avatares: 1 [Hijo Test(2)] @ https://jimsimrodev.github.io/pequenos-sanos/assets/index-C7AoTPzR.js:82
[   58557ms] [LOG] [WS] 🗺️ Broadcast recibido. Avatares: 1 [Hijo Test(2)] @ https://jimsimrodev.github.io/pequenos-sanos/assets/index-C7AoTPzR.js:82
[   58591ms] [LOG] [WS] 🗺️ Broadcast recibido. Avatares: 1 [Hijo Test(2)] @ https://jimsimrodev.github.io/pequenos-sanos/assets/index-C7AoTPzR.js:82
[   58622ms] [LOG] [WS] 🗺️ Broadcast recibido. Avatares: 1 [Hijo Test(2)] @ https://jimsimrodev.github.io/pequenos-sanos/assets/index-C7AoTPzR.js:82
[   58655ms] [LOG] [WS] 🗺️ Broadcast recibido. Avatares: 1 [Hijo Test(2)] @ https://jimsimrodev.github.io/pequenos-sanos/assets/index-C7AoTPzR.js:82
[   58685ms] [LOG] [WS] 🗺️ Broadcast recibido. Avatares: 1 [Hijo Test(2)] @ https://jimsimrodev.github.io/pequenos-sanos/assets/index-C7AoTPzR.js:82
[   58719ms] [LOG] [WS] 🗺️ Broadcast recibido. Avatares: 1 [Hijo Test(2)] @ https://jimsimrodev.github.io/pequenos-sanos/assets/index-C7AoTPzR.js:82
[   58752ms] [LOG] [WS] 🗺️ Broadcast recibido. Avatares: 1 [Hijo Test(2)] @ https://jimsimrodev.github.io/pequenos-sanos/assets/index-C7AoTPzR.js:82
[   58787ms] [LOG] [WS] 🗺️ Broadcast recibido. Avatares: 1 [Hijo Test(2)] @ https://jimsimrodev.github.io/pequenos-sanos/assets/index-C7AoTPzR.js:82
[   58820ms] [LOG] [WS] 🗺️ Broadcast recibido. Avatares: 1 [Hijo Test(2)] @ https://jimsimrodev.github.io/pequenos-sanos/assets/index-C7AoTPzR.js:82
[   58853ms] [LOG] [WS] 🗺️ Broadcast recibido. Avatares: 1 [Hijo Test(2)] @ https://jimsimrodev.github.io/pequenos-sanos/assets/index-C7AoTPzR.js:82
[   58884ms] [LOG] [WS] 🗺️ Broadcast recibido. Avatares: 1 [Hijo Test(2)] @ https://jimsimrodev.github.io/pequenos-sanos/assets/index-C7AoTPzR.js:82
[   58916ms] [LOG] [WS] 🗺️ Broadcast recibido. Avatares: 1 [Hijo Test(2)] @ https://jimsimrodev.github.io/pequenos-sanos/assets/index-C7AoTPzR.js:82
[   58952ms] [LOG] [WS] 🗺️ Broadcast recibido. Avatares: 1 [Hijo Test(2)] @ https://jimsimrodev.github.io/pequenos-sanos/assets/index-C7AoTPzR.js:82
[   58985ms] [LOG] [WS] 🗺️ Broadcast recibido. Avatares: 1 [Hijo Test(2)] @ https://jimsimrodev.github.io/pequenos-sanos/assets/index-C7AoTPzR.js:82
[   59020ms] [LOG] [WS] 🗺️ Broadcast recibido. Avatares: 1 [Hijo Test(2)] @ https://jimsimrodev.github.io/pequenos-sanos/assets/index-C7AoTPzR.js:82
[   59050ms] [LOG] [WS] 🗺️ Broadcast recibido. Avatares: 1 [Hijo Test(2)] @ https://jimsimrodev.github.io/pequenos-sanos/assets/index-C7AoTPzR.js:82
[   59083ms] [LOG] [WS] 🗺️ Broadcast recibido. Avatares: 1 [Hijo Test(2)] @ https://jimsimrodev.github.io/pequenos-sanos/assets/index-C7AoTPzR.js:82
[   59117ms] [LOG] [WS] 🗺️ Broadcast recibido. Avatares: 1 [Hijo Test(2)] @ https://jimsimrodev.github.io/pequenos-sanos/assets/index-C7AoTPzR.js:82
[   59150ms] [LOG] [WS] 🗺️ Broadcast recibido. Avatares: 1 [Hijo Test(2)] @ https://jimsimrodev.github.io/pequenos-sanos/assets/index-C7AoTPzR.js:82
[   59185ms] [LOG] [WS] 🗺️ Broadcast recibido. Avatares: 1 [Hijo Test(2)] @ https://jimsimrodev.github.io/pequenos-sanos/assets/index-C7AoTPzR.js:82
[   59217ms] [LOG] [WS] 🗺️ Broadcast recibido. Avatares: 1 [Hijo Test(2)] @ https://jimsimrodev.github.io/pequenos-sanos/assets/index-C7AoTPzR.js:82
[   59254ms] [LOG] [WS] 🗺️ Broadcast recibido. Avatares: 1 [Hijo Test(2)] @ https://jimsimrodev.github.io/pequenos-sanos/assets/index-C7AoTPzR.js:82
[   59283ms] [LOG] [WS] 🗺️ Broadcast recibido. Avatares: 1 [Hijo Test(2)] @ https://jimsimrodev.github.io/pequenos-sanos/assets/index-C7AoTPzR.js:82
[   59319ms] [LOG] [WS] 🗺️ Broadcast recibido. Avatares: 1 [Hijo Test(2)] @ https://jimsimrodev.github.io/pequenos-sanos/assets/index-C7AoTPzR.js:82
[   59356ms] [LOG] [WS] 🗺️ Broadcast recibido. Avatares: 1 [Hijo Test(2)] @ https://jimsimrodev.github.io/pequenos-sanos/assets/index-C7AoTPzR.js:82
[   59385ms] [LOG] [WS] 🗺️ Broadcast recibido. Avatares: 1 [Hijo Test(2)] @ https://jimsimrodev.github.io/pequenos-sanos/assets/index-C7AoTPzR.js:82
[   59416ms] [LOG] [WS] 🗺️ Broadcast recibido. Avatares: 1 [Hijo Test(2)] @ https://jimsimrodev.github.io/pequenos-sanos/assets/index-C7AoTPzR.js:82
[   59438ms] [LOG] [WS] 🗺️ Broadcast recibido. Avatares: 1 [Hijo Test(2)] @ https://jimsimrodev.github.io/pequenos-sanos/assets/index-C7AoTPzR.js:82
[   59471ms] [LOG] [WS] 🗺️ Broadcast recibido. Avatares: 1 [Hijo Test(2)] @ https://jimsimrodev.github.io/pequenos-sanos/assets/index-C7AoTPzR.js:82
[   59515ms] [LOG] [WS] 🗺️ Broadcast recibido. Avatares: 1 [Hijo Test(2)] @ https://jimsimrodev.github.io/pequenos-sanos/assets/index-C7AoTPzR.js:82
[   59539ms] [LOG] [WS] 🗺️ Broadcast recibido. Avatares: 1 [Hijo Test(2)] @ https://jimsimrodev.github.io/pequenos-sanos/assets/index-C7AoTPzR.js:82
[   59572ms] [LOG] [WS] 🗺️ Broadcast recibido. Avatares: 1 [Hijo Test(2)] @ https://jimsimrodev.github.io/pequenos-sanos/assets/index-C7AoTPzR.js:82
[   59603ms] [LOG] [WS] 🗺️ Broadcast recibido. Avatares: 1 [Hijo Test(2)] @ https://jimsimrodev.github.io/pequenos-sanos/assets/index-C7AoTPzR.js:82
[   59636ms] [LOG] [WS] 🗺️ Broadcast recibido. Avatares: 1 [Hijo Test(2)] @ https://jimsimrodev.github.io/pequenos-sanos/assets/index-C7AoTPzR.js:82
[   59671ms] [LOG] [WS] 🗺️ Broadcast recibido. Avatares: 1 [Hijo Test(2)] @ https://jimsimrodev.github.io/pequenos-sanos/assets/index-C7AoTPzR.js:82
[   59703ms] [LOG] [WS] 🗺️ Broadcast recibido. Avatares: 1 [Hijo Test(2)] @ https://jimsimrodev.github.io/pequenos-sanos/assets/index-C7AoTPzR.js:82
[   59737ms] [LOG] [WS] 🗺️ Broadcast recibido. Avatares: 1 [Hijo Test(2)] @ https://jimsimrodev.github.io/pequenos-sanos/assets/index-C7AoTPzR.js:82
[   59772ms] [LOG] [WS] 🗺️ Broadcast recibido. Avatares: 1 [Hijo Test(2)] @ https://jimsimrodev.github.io/pequenos-sanos/assets/index-C7AoTPzR.js:82
[   59802ms] [LOG] [WS] 🗺️ Broadcast recibido. Avatares: 1 [Hijo Test(2)] @ https://jimsimrodev.github.io/pequenos-sanos/assets/index-C7AoTPzR.js:82
[   59839ms] [LOG] [WS] 🗺️ Broadcast recibido. Avatares: 1 [Hijo Test(2)] @ https://jimsimrodev.github.io/pequenos-sanos/assets/index-C7AoTPzR.js:82
[   59868ms] [LOG] [WS] 🗺️ Broadcast recibido. Avatares: 1 [Hijo Test(2)] @ https://jimsimrodev.github.io/pequenos-sanos/assets/index-C7AoTPzR.js:82
[   59902ms] [LOG] [WS] 🗺️ Broadcast recibido. Avatares: 1 [Hijo Test(2)] @ https://jimsimrodev.github.io/pequenos-sanos/assets/index-C7AoTPzR.js:82
[   59934ms] [LOG] [WS] 🗺️ Broadcast recibido. Avatares: 1 [Hijo Test(2)] @ https://jimsimrodev.github.io/pequenos-sanos/assets/index-C7AoTPzR.js:82
[   59971ms] [LOG] [WS] 🗺️ Broadcast recibido. Avatares: 1 [Hijo Test(2)] @ https://jimsimrodev.github.io/pequenos-sanos/assets/index-C7AoTPzR.js:82
[   60002ms] [LOG] [WS] 🗺️ Broadcast recibido. Avatares: 1 [Hijo Test(2)] @ https://jimsimrodev.github.io/pequenos-sanos/assets/index-C7AoTPzR.js:82
[   60037ms] [LOG] [WS] 🗺️ Broadcast recibido. Avatares: 1 [Hijo Test(2)] @ https://jimsimrodev.github.io/pequenos-sanos/assets/index-C7AoTPzR.js:82
[   60068ms] [LOG] [WS] 🗺️ Broadcast recibido. Avatares: 1 [Hijo Test(2)] @ https://jimsimrodev.github.io/pequenos-sanos/assets/index-C7AoTPzR.js:82
[   60100ms] [LOG] [WS] 🗺️ Broadcast recibido. Avatares: 1 [Hijo Test(2)] @ https://jimsimrodev.github.io/pequenos-sanos/assets/index-C7AoTPzR.js:82
[   60134ms] [LOG] [WS] 🗺️ Broadcast recibido. Avatares: 1 [Hijo Test(2)] @ https://jimsimrodev.github.io/pequenos-sanos/assets/index-C7AoTPzR.js:82
[   60170ms] [LOG] [WS] 🗺️ Broadcast recibido. Avatares: 1 [Hijo Test(2)] @ https://jimsimrodev.github.io/pequenos-sanos/assets/index-C7AoTPzR.js:82
[   60201ms] [LOG] [WS] 🗺️ Broadcast recibido. Avatares: 1 [Hijo Test(2)] @ https://jimsimrodev.github.io/pequenos-sanos/assets/index-C7AoTPzR.js:82
[   60234ms] [LOG] [WS] 🗺️ Broadcast recibido. Avatares: 1 [Hijo Test(2)] @ https://jimsimrodev.github.io/pequenos-sanos/assets/index-C7AoTPzR.js:82
[   60266ms] [LOG] [WS] 🗺️ Broadcast recibido. Avatares: 1 [Hijo Test(2)] @ https://jimsimrodev.github.io/pequenos-sanos/assets/index-C7AoTPzR.js:82
[   60300ms] [LOG] [WS] 🗺️ Broadcast recibido. Avatares: 1 [Hijo Test(2)] @ https://jimsimrodev.github.io/pequenos-sanos/assets/index-C7AoTPzR.js:82
[   60333ms] [LOG] [WS] 🗺️ Broadcast recibido. Avatares: 1 [Hijo Test(2)] @ https://jimsimrodev.github.io/pequenos-sanos/assets/index-C7AoTPzR.js:82
[   60367ms] [LOG] [WS] 🗺️ Broadcast recibido. Avatares: 1 [Hijo Test(2)] @ https://jimsimrodev.github.io/pequenos-sanos/assets/index-C7AoTPzR.js:82
[   60399ms] [LOG] [WS] 🗺️ Broadcast recibido. Avatares: 1 [Hijo Test(2)] @ https://jimsimrodev.github.io/pequenos-sanos/assets/index-C7AoTPzR.js:82
[   60435ms] [LOG] [WS] 🗺️ Broadcast recibido. Avatares: 1 [Hijo Test(2)] @ https://jimsimrodev.github.io/pequenos-sanos/assets/index-C7AoTPzR.js:82
[   60466ms] [LOG] [WS] 🗺️ Broadcast recibido. Avatares: 1 [Hijo Test(2)] @ https://jimsimrodev.github.io/pequenos-sanos/assets/index-C7AoTPzR.js:82
[   60503ms] [LOG] [WS] 🗺️ Broadcast recibido. Avatares: 1 [Hijo Test(2)] @ https://jimsimrodev.github.io/pequenos-sanos/assets/index-C7AoTPzR.js:82
[   60534ms] [LOG] [WS] 🗺️ Broadcast recibido. Avatares: 1 [Hijo Test(2)] @ https://jimsimrodev.github.io/pequenos-sanos/assets/index-C7AoTPzR.js:82
[   60566ms] [LOG] [WS] 🗺️ Broadcast recibido. Avatares: 1 [Hijo Test(2)] @ https://jimsimrodev.github.io/pequenos-sanos/assets/index-C7AoTPzR.js:82
[   60600ms] [LOG] [WS] 🗺️ Broadcast recibido. Avatares: 1 [Hijo Test(2)] @ https://jimsimrodev.github.io/pequenos-sanos/assets/index-C7AoTPzR.js:82
[   60633ms] [LOG] [WS] 🗺️ Broadcast recibido. Avatares: 1 [Hijo Test(2)] @ https://jimsimrodev.github.io/pequenos-sanos/assets/index-C7AoTPzR.js:82
[   60667ms] [LOG] [WS] 🗺️ Broadcast recibido. Avatares: 1 [Hijo Test(2)] @ https://jimsimrodev.github.io/pequenos-sanos/assets/index-C7AoTPzR.js:82
[   60700ms] [LOG] [WS] 🗺️ Broadcast recibido. Avatares: 1 [Hijo Test(2)] @ https://jimsimrodev.github.io/pequenos-sanos/assets/index-C7AoTPzR.js:82
[   60735ms] [LOG] [WS] 🗺️ Broadcast recibido. Avatares: 1 [Hijo Test(2)] @ https://jimsimrodev.github.io/pequenos-sanos/assets/index-C7AoTPzR.js:82
[   60766ms] [LOG] [WS] 🗺️ Broadcast recibido. Avatares: 1 [Hijo Test(2)] @ https://jimsimrodev.github.io/pequenos-sanos/assets/index-C7AoTPzR.js:82
[   60800ms] [LOG] [WS] 🗺️ Broadcast recibido. Avatares: 1 [Hijo Test(2)] @ https://jimsimrodev.github.io/pequenos-sanos/assets/index-C7AoTPzR.js:82
[   60833ms] [LOG] [WS] 🗺️ Broadcast recibido. Avatares: 1 [Hijo Test(2)] @ https://jimsimrodev.github.io/pequenos-sanos/assets/index-C7AoTPzR.js:82
[   60865ms] [LOG] [WS] 🗺️ Broadcast recibido. Avatares: 1 [Hijo Test(2)] @ https://jimsimrodev.github.io/pequenos-sanos/assets/index-C7AoTPzR.js:82
[   60899ms] [LOG] [WS] 🗺️ Broadcast recibido. Avatares: 1 [Hijo Test(2)] @ https://jimsimrodev.github.io/pequenos-sanos/assets/index-C7AoTPzR.js:82
[   60932ms] [LOG] [WS] 🗺️ Broadcast recibido. Avatares: 1 [Hijo Test(2)] @ https://jimsimrodev.github.io/pequenos-sanos/assets/index-C7AoTPzR.js:82
[   60985ms] [LOG] [WS] 🗺️ Broadcast recibido. Avatares: 1 [Hijo Test(2)] @ https://jimsimrodev.github.io/pequenos-sanos/assets/index-C7AoTPzR.js:82
[   61036ms] [LOG] [WS] 🗺️ Broadcast recibido. Avatares: 1 [Hijo Test(2)] @ https://jimsimrodev.github.io/pequenos-sanos/assets/index-C7AoTPzR.js:82
[   61037ms] [LOG] [WS] 🗺️ Broadcast recibido. Avatares: 1 [Hijo Test(2)] @ https://jimsimrodev.github.io/pequenos-sanos/assets/index-C7AoTPzR.js:82
[   61066ms] [LOG] [WS] 🗺️ Broadcast recibido. Avatares: 1 [Hijo Test(2)] @ https://jimsimrodev.github.io/pequenos-sanos/assets/index-C7AoTPzR.js:82
[   61101ms] [LOG] [WS] 🗺️ Broadcast recibido. Avatares: 1 [Hijo Test(2)] @ https://jimsimrodev.github.io/pequenos-sanos/assets/index-C7AoTPzR.js:82
[   61134ms] [LOG] [WS] 🗺️ Broadcast recibido. Avatares: 1 [Hijo Test(2)] @ https://jimsimrodev.github.io/pequenos-sanos/assets/index-C7AoTPzR.js:82
[   61168ms] [LOG] [WS] 🗺️ Broadcast recibido. Avatares: 1 [Hijo Test(2)] @ https://jimsimrodev.github.io/pequenos-sanos/assets/index-C7AoTPzR.js:82
[   61200ms] [LOG] [WS] 🗺️ Broadcast recibido. Avatares: 1 [Hijo Test(2)] @ https://jimsimrodev.github.io/pequenos-sanos/assets/index-C7AoTPzR.js:82
[   61219ms] [LOG] [WS] 🗺️ Broadcast recibido. Avatares: 1 [Hijo Test(2)] @ https://jimsimrodev.github.io/pequenos-sanos/assets/index-C7AoTPzR.js:82
[   61255ms] [LOG] [WS] 🗺️ Broadcast recibido. Avatares: 1 [Hijo Test(2)] @ https://jimsimrodev.github.io/pequenos-sanos/assets/index-C7AoTPzR.js:82
[   61288ms] [LOG] [WS] 🗺️ Broadcast recibido. Avatares: 1 [Hijo Test(2)] @ https://jimsimrodev.github.io/pequenos-sanos/assets/index-C7AoTPzR.js:82
[   61333ms] [LOG] [WS] 🗺️ Broadcast recibido. Avatares: 1 [Hijo Test(2)] @ https://jimsimrodev.github.io/pequenos-sanos/assets/index-C7AoTPzR.js:82
[   61356ms] [LOG] [WS] 🗺️ Broadcast recibido. Avatares: 1 [Hijo Test(2)] @ https://jimsimrodev.github.io/pequenos-sanos/assets/index-C7AoTPzR.js:82
[   61386ms] [LOG] [WS] 🗺️ Broadcast recibido. Avatares: 1 [Hijo Test(2)] @ https://jimsimrodev.github.io/pequenos-sanos/assets/index-C7AoTPzR.js:82
[   61421ms] [LOG] [WS] 🗺️ Broadcast recibido. Avatares: 1 [Hijo Test(2)] @ https://jimsimrodev.github.io/pequenos-sanos/assets/index-C7AoTPzR.js:82
[   61455ms] [LOG] [WS] 🗺️ Broadcast recibido. Avatares: 1 [Hijo Test(2)] @ https://jimsimrodev.github.io/pequenos-sanos/assets/index-C7AoTPzR.js:82
[   61487ms] [LOG] [WS] 🗺️ Broadcast recibido. Avatares: 1 [Hijo Test(2)] @ https://jimsimrodev.github.io/pequenos-sanos/assets/index-C7AoTPzR.js:82
[   61518ms] [LOG] [WS] 🗺️ Broadcast recibido. Avatares: 1 [Hijo Test(2)] @ https://jimsimrodev.github.io/pequenos-sanos/assets/index-C7AoTPzR.js:82
[   61553ms] [LOG] [WS] 🗺️ Broadcast recibido. Avatares: 1 [Hijo Test(2)] @ https://jimsimrodev.github.io/pequenos-sanos/assets/index-C7AoTPzR.js:82
[   61585ms] [LOG] [WS] 🗺️ Broadcast recibido. Avatares: 1 [Hijo Test(2)] @ https://jimsimrodev.github.io/pequenos-sanos/assets/index-C7AoTPzR.js:82
[   61622ms] [LOG] [WS] 🗺️ Broadcast recibido. Avatares: 1 [Hijo Test(2)] @ https://jimsimrodev.github.io/pequenos-sanos/assets/index-C7AoTPzR.js:82
[   61651ms] [LOG] [WS] 🗺️ Broadcast recibido. Avatares: 1 [Hijo Test(2)] @ https://jimsimrodev.github.io/pequenos-sanos/assets/index-C7AoTPzR.js:82
[   61684ms] [LOG] [WS] 🗺️ Broadcast recibido. Avatares: 1 [Hijo Test(2)] @ https://jimsimrodev.github.io/pequenos-sanos/assets/index-C7AoTPzR.js:82
[   61717ms] [LOG] [WS] 🗺️ Broadcast recibido. Avatares: 1 [Hijo Test(2)] @ https://jimsimrodev.github.io/pequenos-sanos/assets/index-C7AoTPzR.js:82
[   61753ms] [LOG] [WS] 🗺️ Broadcast recibido. Avatares: 1 [Hijo Test(2)] @ https://jimsimrodev.github.io/pequenos-sanos/assets/index-C7AoTPzR.js:82
[   61783ms] [LOG] [WS] 🗺️ Broadcast recibido. Avatares: 1 [Hijo Test(2)] @ https://jimsimrodev.github.io/pequenos-sanos/assets/index-C7AoTPzR.js:82
[   61819ms] [LOG] [WS] 🗺️ Broadcast recibido. Avatares: 1 [Hijo Test(2)] @ https://jimsimrodev.github.io/pequenos-sanos/assets/index-C7AoTPzR.js:82
[   61851ms] [LOG] [WS] 🗺️ Broadcast recibido. Avatares: 1 [Hijo Test(2)] @ https://jimsimrodev.github.io/pequenos-sanos/assets/index-C7AoTPzR.js:82
[   61884ms] [LOG] [WS] 🗺️ Broadcast recibido. Avatares: 1 [Hijo Test(2)] @ https://jimsimrodev.github.io/pequenos-sanos/assets/index-C7AoTPzR.js:82
[   61916ms] [LOG] [WS] 🗺️ Broadcast recibido. Avatares: 1 [Hijo Test(2)] @ https://jimsimrodev.github.io/pequenos-sanos/assets/index-C7AoTPzR.js:82
[   61951ms] [LOG] [WS] 🗺️ Broadcast recibido. Avatares: 1 [Hijo Test(2)] @ https://jimsimrodev.github.io/pequenos-sanos/assets/index-C7AoTPzR.js:82
[   61983ms] [LOG] [WS] 🗺️ Broadcast recibido. Avatares: 1 [Hijo Test(2)] @ https://jimsimrodev.github.io/pequenos-sanos/assets/index-C7AoTPzR.js:82
[   62018ms] [LOG] [WS] 🗺️ Broadcast recibido. Avatares: 1 [Hijo Test(2)] @ https://jimsimrodev.github.io/pequenos-sanos/assets/index-C7AoTPzR.js:82
[   62055ms] [LOG] [WS] 🗺️ Broadcast recibido. Avatares: 1 [Hijo Test(2)] @ https://jimsimrodev.github.io/pequenos-sanos/assets/index-C7AoTPzR.js:82
[   62085ms] [LOG] [WS] 🗺️ Broadcast recibido. Avatares: 1 [Hijo Test(2)] @ https://jimsimrodev.github.io/pequenos-sanos/assets/index-C7AoTPzR.js:82
[   62117ms] [LOG] [WS] 🗺️ Broadcast recibido. Avatares: 1 [Hijo Test(2)] @ https://jimsimrodev.github.io/pequenos-sanos/assets/index-C7AoTPzR.js:82
[   62149ms] [LOG] [WS] 🗺️ Broadcast recibido. Avatares: 1 [Hijo Test(2)] @ https://jimsimrodev.github.io/pequenos-sanos/assets/index-C7AoTPzR.js:82
[   62183ms] [LOG] [WS] 🗺️ Broadcast recibido. Avatares: 1 [Hijo Test(2)] @ https://jimsimrodev.github.io/pequenos-sanos/assets/index-C7AoTPzR.js:82
[   62215ms] [LOG] [WS] 🗺️ Broadcast recibido. Avatares: 1 [Hijo Test(2)] @ https://jimsimrodev.github.io/pequenos-sanos/assets/index-C7AoTPzR.js:82
[   62253ms] [LOG] [WS] 🗺️ Broadcast recibido. Avatares: 1 [Hijo Test(2)] @ https://jimsimrodev.github.io/pequenos-sanos/assets/index-C7AoTPzR.js:82
[   62284ms] [LOG] [WS] 🗺️ Broadcast recibido. Avatares: 1 [Hijo Test(2)] @ https://jimsimrodev.github.io/pequenos-sanos/assets/index-C7AoTPzR.js:82
[   62316ms] [LOG] [WS] 🗺️ Broadcast recibido. Avatares: 1 [Hijo Test(2)] @ https://jimsimrodev.github.io/pequenos-sanos/assets/index-C7AoTPzR.js:82
[   62350ms] [LOG] [WS] 🗺️ Broadcast recibido. Avatares: 1 [Hijo Test(2)] @ https://jimsimrodev.github.io/pequenos-sanos/assets/index-C7AoTPzR.js:82
[   62383ms] [LOG] [WS] 🗺️ Broadcast recibido. Avatares: 1 [Hijo Test(2)] @ https://jimsimrodev.github.io/pequenos-sanos/assets/index-C7AoTPzR.js:82
[   62417ms] [LOG] [WS] 🗺️ Broadcast recibido. Avatares: 1 [Hijo Test(2)] @ https://jimsimrodev.github.io/pequenos-sanos/assets/index-C7AoTPzR.js:82
[   62448ms] [LOG] [WS] 🗺️ Broadcast recibido. Avatares: 1 [Hijo Test(2)] @ https://jimsimrodev.github.io/pequenos-sanos/assets/index-C7AoTPzR.js:82
[   62483ms] [LOG] [WS] 🗺️ Broadcast recibido. Avatares: 1 [Hijo Test(2)] @ https://jimsimrodev.github.io/pequenos-sanos/assets/index-C7AoTPzR.js:82
[   62571ms] [LOG] [WS] 🗺️ Broadcast recibido. Avatares: 1 [Hijo Test(2)] @ https://jimsimrodev.github.io/pequenos-sanos/assets/index-C7AoTPzR.js:82
[   62571ms] [LOG] [WS] 🗺️ Broadcast recibido. Avatares: 1 [Hijo Test(2)] @ https://jimsimrodev.github.io/pequenos-sanos/assets/index-C7AoTPzR.js:82
[   62635ms] [LOG] [WS] 🗺️ Broadcast recibido. Avatares: 1 [Hijo Test(2)] @ https://jimsimrodev.github.io/pequenos-sanos/assets/index-C7AoTPzR.js:82
[   62636ms] [LOG] [WS] 🗺️ Broadcast recibido. Avatares: 1 [Hijo Test(2)] @ https://jimsimrodev.github.io/pequenos-sanos/assets/index-C7AoTPzR.js:82
[   62648ms] [LOG] [WS] 🗺️ Broadcast recibido. Avatares: 1 [Hijo Test(2)] @ https://jimsimrodev.github.io/pequenos-sanos/assets/index-C7AoTPzR.js:82
[   62672ms] [LOG] [WS] 🗺️ Broadcast recibido. Avatares: 1 [Hijo Test(2)] @ https://jimsimrodev.github.io/pequenos-sanos/assets/index-C7AoTPzR.js:82
[   62717ms] [LOG] [WS] 🗺️ Broadcast recibido. Avatares: 1 [Hijo Test(2)] @ https://jimsimrodev.github.io/pequenos-sanos/assets/index-C7AoTPzR.js:82
[   62751ms] [LOG] [WS] 🗺️ Broadcast recibido. Avatares: 1 [Hijo Test(2)] @ https://jimsimrodev.github.io/pequenos-sanos/assets/index-C7AoTPzR.js:82
[   62783ms] [LOG] [WS] 🗺️ Broadcast recibido. Avatares: 1 [Hijo Test(2)] @ https://jimsimrodev.github.io/pequenos-sanos/assets/index-C7AoTPzR.js:82
[   62805ms] [LOG] [WS] 🗺️ Broadcast recibido. Avatares: 1 [Hijo Test(2)] @ https://jimsimrodev.github.io/pequenos-sanos/assets/index-C7AoTPzR.js:82
[   62839ms] [LOG] [WS] 🗺️ Broadcast recibido. Avatares: 1 [Hijo Test(2)] @ https://jimsimrodev.github.io/pequenos-sanos/assets/index-C7AoTPzR.js:82
[   62883ms] [LOG] [WS] 🗺️ Broadcast recibido. Avatares: 1 [Hijo Test(2)] @ https://jimsimrodev.github.io/pequenos-sanos/assets/index-C7AoTPzR.js:82
[   62905ms] [LOG] [WS] 🗺️ Broadcast recibido. Avatares: 1 [Hijo Test(2)] @ https://jimsimrodev.github.io/pequenos-sanos/assets/index-C7AoTPzR.js:82
[   62939ms] [LOG] [WS] 🗺️ Broadcast recibido. Avatares: 1 [Hijo Test(2)] @ https://jimsimrodev.github.io/pequenos-sanos/assets/index-C7AoTPzR.js:82
[   62972ms] [LOG] [WS] 🗺️ Broadcast recibido. Avatares: 1 [Hijo Test(2)] @ https://jimsimrodev.github.io/pequenos-sanos/assets/index-C7AoTPzR.js:82
[   63006ms] [LOG] [WS] 🗺️ Broadcast recibido. Avatares: 1 [Hijo Test(2)] @ https://jimsimrodev.github.io/pequenos-sanos/assets/index-C7AoTPzR.js:82
[   63036ms] [LOG] [WS] 🗺️ Broadcast recibido. Avatares: 1 [Hijo Test(2)] @ https://jimsimrodev.github.io/pequenos-sanos/assets/index-C7AoTPzR.js:82
[   63068ms] [LOG] [WS] 🗺️ Broadcast recibido. Avatares: 1 [Hijo Test(2)] @ https://jimsimrodev.github.io/pequenos-sanos/assets/index-C7AoTPzR.js:82
[   63104ms] [LOG] [WS] 🗺️ Broadcast recibido. Avatares: 1 [Hijo Test(2)] @ https://jimsimrodev.github.io/pequenos-sanos/assets/index-C7AoTPzR.js:82
[   63136ms] [LOG] [WS] 🗺️ Broadcast recibido. Avatares: 1 [Hijo Test(2)] @ https://jimsimrodev.github.io/pequenos-sanos/assets/index-C7AoTPzR.js:82
[   63168ms] [LOG] [WS] 🗺️ Broadcast recibido. Avatares: 1 [Hijo Test(2)] @ https://jimsimrodev.github.io/pequenos-sanos/assets/index-C7AoTPzR.js:82
[   63203ms] [LOG] [WS] 🗺️ Broadcast recibido. Avatares: 1 [Hijo Test(2)] @ https://jimsimrodev.github.io/pequenos-sanos/assets/index-C7AoTPzR.js:82
[   63240ms] [LOG] [WS] 🗺️ Broadcast recibido. Avatares: 1 [Hijo Test(2)] @ https://jimsimrodev.github.io/pequenos-sanos/assets/index-C7AoTPzR.js:82
[   63271ms] [LOG] [WS] 🗺️ Broadcast recibido. Avatares: 1 [Hijo Test(2)] @ https://jimsimrodev.github.io/pequenos-sanos/assets/index-C7AoTPzR.js:82
[   63302ms] [LOG] [WS] 🗺️ Broadcast recibido. Avatares: 1 [Hijo Test(2)] @ https://jimsimrodev.github.io/pequenos-sanos/assets/index-C7AoTPzR.js:82
[   63334ms] [LOG] [WS] 🗺️ Broadcast recibido. Avatares: 1 [Hijo Test(2)] @ https://jimsimrodev.github.io/pequenos-sanos/assets/index-C7AoTPzR.js:82
[   63371ms] [LOG] [WS] 🗺️ Broadcast recibido. Avatares: 1 [Hijo Test(2)] @ https://jimsimrodev.github.io/pequenos-sanos/assets/index-C7AoTPzR.js:82
[   63406ms] [LOG] [WS] 🗺️ Broadcast recibido. Avatares: 1 [Hijo Test(2)] @ https://jimsimrodev.github.io/pequenos-sanos/assets/index-C7AoTPzR.js:82
[   63438ms] [LOG] [WS] 🗺️ Broadcast recibido. Avatares: 1 [Hijo Test(2)] @ https://jimsimrodev.github.io/pequenos-sanos/assets/index-C7AoTPzR.js:82
[   63483ms] [LOG] [WS] 🗺️ Broadcast recibido. Avatares: 1 [Hijo Test(2)] @ https://jimsimrodev.github.io/pequenos-sanos/assets/index-C7AoTPzR.js:82
[   63521ms] [LOG] [WS] 🗺️ Broadcast recibido. Avatares: 1 [Hijo Test(2)] @ https://jimsimrodev.github.io/pequenos-sanos/assets/index-C7AoTPzR.js:82
[   63549ms] [LOG] [WS] 🗺️ Broadcast recibido. Avatares: 1 [Hijo Test(2)] @ https://jimsimrodev.github.io/pequenos-sanos/assets/index-C7AoTPzR.js:82
[   63566ms] [LOG] [WS] 🗺️ Broadcast recibido. Avatares: 1 [Hijo Test(2)] @ https://jimsimrodev.github.io/pequenos-sanos/assets/index-C7AoTPzR.js:82
[   63605ms] [LOG] [WS] 🗺️ Broadcast recibido. Avatares: 1 [Hijo Test(2)] @ https://jimsimrodev.github.io/pequenos-sanos/assets/index-C7AoTPzR.js:82
[   63639ms] [LOG] [WS] 🗺️ Broadcast recibido. Avatares: 1 [Hijo Test(2)] @ https://jimsimrodev.github.io/pequenos-sanos/assets/index-C7AoTPzR.js:82
[   63681ms] [LOG] [WS] 🗺️ Broadcast recibido. Avatares: 1 [Hijo Test(2)] @ https://jimsimrodev.github.io/pequenos-sanos/assets/index-C7AoTPzR.js:82
[   63715ms] [LOG] [WS] 🗺️ Broadcast recibido. Avatares: 1 [Hijo Test(2)] @ https://jimsimrodev.github.io/pequenos-sanos/assets/index-C7AoTPzR.js:82
[   63737ms] [LOG] [WS] 🗺️ Broadcast recibido. Avatares: 1 [Hijo Test(2)] @ https://jimsimrodev.github.io/pequenos-sanos/assets/index-C7AoTPzR.js:82
[   63766ms] [LOG] [WS] 🗺️ Broadcast recibido. Avatares: 1 [Hijo Test(2)] @ https://jimsimrodev.github.io/pequenos-sanos/assets/index-C7AoTPzR.js:82
[   63802ms] [LOG] [WS] 🗺️ Broadcast recibido. Avatares: 1 [Hijo Test(2)] @ https://jimsimrodev.github.io/pequenos-sanos/assets/index-C7AoTPzR.js:82
[   63842ms] [LOG] [WS] 🗺️ Broadcast recibido. Avatares: 1 [Hijo Test(2)] @ https://jimsimrodev.github.io/pequenos-sanos/assets/index-C7AoTPzR.js:82
[   63879ms] [LOG] [WS] 🗺️ Broadcast recibido. Avatares: 1 [Hijo Test(2)] @ https://jimsimrodev.github.io/pequenos-sanos/assets/index-C7AoTPzR.js:82
[   63911ms] [LOG] [WS] 🗺️ Broadcast recibido. Avatares: 1 [Hijo Test(2)] @ https://jimsimrodev.github.io/pequenos-sanos/assets/index-C7AoTPzR.js:82
[   63938ms] [LOG] [WS] 🗺️ Broadcast recibido. Avatares: 1 [Hijo Test(2)] @ https://jimsimrodev.github.io/pequenos-sanos/assets/index-C7AoTPzR.js:82
[   63960ms] [LOG] [WS] 🗺️ Broadcast recibido. Avatares: 1 [Hijo Test(2)] @ https://jimsimrodev.github.io/pequenos-sanos/assets/index-C7AoTPzR.js:82
[   64003ms] [LOG] [WS] 🗺️ Broadcast recibido. Avatares: 1 [Hijo Test(2)] @ https://jimsimrodev.github.io/pequenos-sanos/assets/index-C7AoTPzR.js:82
[   64036ms] [LOG] [WS] 🗺️ Broadcast recibido. Avatares: 1 [Hijo Test(2)] @ https://jimsimrodev.github.io/pequenos-sanos/assets/index-C7AoTPzR.js:82
[   64072ms] [LOG] [WS] 🗺️ Broadcast recibido. Avatares: 1 [Hijo Test(2)] @ https://jimsimrodev.github.io/pequenos-sanos/assets/index-C7AoTPzR.js:82
[   64116ms] [LOG] [WS] 🗺️ Broadcast recibido. Avatares: 1 [Hijo Test(2)] @ https://jimsimrodev.github.io/pequenos-sanos/assets/index-C7AoTPzR.js:82
[   64153ms] [LOG] [WS] 🗺️ Broadcast recibido. Avatares: 1 [Hijo Test(2)] @ https://jimsimrodev.github.io/pequenos-sanos/assets/index-C7AoTPzR.js:82
[   64174ms] [LOG] [WS] 🗺️ Broadcast recibido. Avatares: 1 [Hijo Test(2)] @ https://jimsimrodev.github.io/pequenos-sanos/assets/index-C7AoTPzR.js:82
[   64193ms] [LOG] [WS] 🗺️ Broadcast recibido. Avatares: 1 [Hijo Test(2)] @ https://jimsimrodev.github.io/pequenos-sanos/assets/index-C7AoTPzR.js:82
[   64241ms] [LOG] [WS] 🗺️ Broadcast recibido. Avatares: 1 [Hijo Test(2)] @ https://jimsimrodev.github.io/pequenos-sanos/assets/index-C7AoTPzR.js:82
[   64268ms] [LOG] [WS] 🗺️ Broadcast recibido. Avatares: 1 [Hijo Test(2)] @ https://jimsimrodev.github.io/pequenos-sanos/assets/index-C7AoTPzR.js:82
[   64289ms] [LOG] [WS] 🗺️ Broadcast recibido. Avatares: 1 [Hijo Test(2)] @ https://jimsimrodev.github.io/pequenos-sanos/assets/index-C7AoTPzR.js:82
[   64336ms] [LOG] [WS] 🗺️ Broadcast recibido. Avatares: 1 [Hijo Test(2)] @ https://jimsimrodev.github.io/pequenos-sanos/assets/index-C7AoTPzR.js:82
[   64356ms] [LOG] [WS] 🗺️ Broadcast recibido. Avatares: 1 [Hijo Test(2)] @ https://jimsimrodev.github.io/pequenos-sanos/assets/index-C7AoTPzR.js:82
[   64403ms] [LOG] [WS] 🗺️ Broadcast recibido. Avatares: 1 [Hijo Test(2)] @ https://jimsimrodev.github.io/pequenos-sanos/assets/index-C7AoTPzR.js:82
[   64435ms] [LOG] [WS] 🗺️ Broadcast recibido. Avatares: 1 [Hijo Test(2)] @ https://jimsimrodev.github.io/pequenos-sanos/assets/index-C7AoTPzR.js:82
[   64469ms] [LOG] [WS] 🗺️ Broadcast recibido. Avatares: 1 [Hijo Test(2)] @ https://jimsimrodev.github.io/pequenos-sanos/assets/index-C7AoTPzR.js:82
[   64502ms] [LOG] [WS] 🗺️ Broadcast recibido. Avatares: 1 [Hijo Test(2)] @ https://jimsimrodev.github.io/pequenos-sanos/assets/index-C7AoTPzR.js:82
[   64536ms] [LOG] [WS] 🗺️ Broadcast recibido. Avatares: 1 [Hijo Test(2)] @ https://jimsimrodev.github.io/pequenos-sanos/assets/index-C7AoTPzR.js:82
[   64555ms] [LOG] [WS] 🗺️ Broadcast recibido. Avatares: 1 [Hijo Test(2)] @ https://jimsimrodev.github.io/pequenos-sanos/assets/index-C7AoTPzR.js:82
[   64606ms] [LOG] [WS] 🗺️ Broadcast recibido. Avatares: 1 [Hijo Test(2)] @ https://jimsimrodev.github.io/pequenos-sanos/assets/index-C7AoTPzR.js:82
[   64621ms] [LOG] [WS] 🗺️ Broadcast recibido. Avatares: 1 [Hijo Test(2)] @ https://jimsimrodev.github.io/pequenos-sanos/assets/index-C7AoTPzR.js:82
[   64654ms] [LOG] [WS] 🗺️ Broadcast recibido. Avatares: 1 [Hijo Test(2)] @ https://jimsimrodev.github.io/pequenos-sanos/assets/index-C7AoTPzR.js:82
[   64688ms] [LOG] [WS] 🗺️ Broadcast recibido. Avatares: 1 [Hijo Test(2)] @ https://jimsimrodev.github.io/pequenos-sanos/assets/index-C7AoTPzR.js:82
[   64722ms] [LOG] [WS] 🗺️ Broadcast recibido. Avatares: 1 [Hijo Test(2)] @ https://jimsimrodev.github.io/pequenos-sanos/assets/index-C7AoTPzR.js:82
[   64753ms] [LOG] [WS] 🗺️ Broadcast recibido. Avatares: 1 [Hijo Test(2)] @ https://jimsimrodev.github.io/pequenos-sanos/assets/index-C7AoTPzR.js:82
[   64785ms] [LOG] [WS] 🗺️ Broadcast recibido. Avatares: 1 [Hijo Test(2)] @ https://jimsimrodev.github.io/pequenos-sanos/assets/index-C7AoTPzR.js:82
[   64837ms] [LOG] [WS] 🗺️ Broadcast recibido. Avatares: 1 [Hijo Test(2)] @ https://jimsimrodev.github.io/pequenos-sanos/assets/index-C7AoTPzR.js:82
[   64853ms] [LOG] [WS] 🗺️ Broadcast recibido. Avatares: 1 [Hijo Test(2)] @ https://jimsimrodev.github.io/pequenos-sanos/assets/index-C7AoTPzR.js:82
[   64901ms] [LOG] [WS] 🗺️ Broadcast recibido. Avatares: 1 [Hijo Test(2)] @ https://jimsimrodev.github.io/pequenos-sanos/assets/index-C7AoTPzR.js:82
[   64923ms] [LOG] [WS] 🗺️ Broadcast recibido. Avatares: 1 [Hijo Test(2)] @ https://jimsimrodev.github.io/pequenos-sanos/assets/index-C7AoTPzR.js:82
[   64955ms] [LOG] [WS] 🗺️ Broadcast recibido. Avatares: 1 [Hijo Test(2)] @ https://jimsimrodev.github.io/pequenos-sanos/assets/index-C7AoTPzR.js:82
[   64987ms] [LOG] [WS] 🗺️ Broadcast recibido. Avatares: 1 [Hijo Test(2)] @ https://jimsimrodev.github.io/pequenos-sanos/assets/index-C7AoTPzR.js:82
[   65022ms] [LOG] [WS] 🗺️ Broadcast recibido. Avatares: 1 [Hijo Test(2)] @ https://jimsimrodev.github.io/pequenos-sanos/assets/index-C7AoTPzR.js:82
[   65077ms] [LOG] [WS] 🗺️ Broadcast recibido. Avatares: 1 [Hijo Test(2)] @ https://jimsimrodev.github.io/pequenos-sanos/assets/index-C7AoTPzR.js:82
[   65096ms] [LOG] [WS] 🗺️ Broadcast recibido. Avatares: 1 [Hijo Test(2)] @ https://jimsimrodev.github.io/pequenos-sanos/assets/index-C7AoTPzR.js:82
[   65124ms] [LOG] [WS] 🗺️ Broadcast recibido. Avatares: 1 [Hijo Test(2)] @ https://jimsimrodev.github.io/pequenos-sanos/assets/index-C7AoTPzR.js:82
[   65152ms] [LOG] [WS] 🗺️ Broadcast recibido. Avatares: 1 [Hijo Test(2)] @ https://jimsimrodev.github.io/pequenos-sanos/assets/index-C7AoTPzR.js:82
[   65196ms] [LOG] [WS] 🗺️ Broadcast recibido. Avatares: 1 [Hijo Test(2)] @ https://jimsimrodev.github.io/pequenos-sanos/assets/index-C7AoTPzR.js:82
[   65237ms] [LOG] [WS] 🗺️ Broadcast recibido. Avatares: 1 [Hijo Test(2)] @ https://jimsimrodev.github.io/pequenos-sanos/assets/index-C7AoTPzR.js:82
[   65253ms] [LOG] [WS] 🗺️ Broadcast recibido. Avatares: 1 [Hijo Test(2)] @ https://jimsimrodev.github.io/pequenos-sanos/assets/index-C7AoTPzR.js:82
[   65295ms] [LOG] [WS] 🗺️ Broadcast recibido. Avatares: 1 [Hijo Test(2)] @ https://jimsimrodev.github.io/pequenos-sanos/assets/index-C7AoTPzR.js:82
[   65325ms] [LOG] [WS] 🗺️ Broadcast recibido. Avatares: 1 [Hijo Test(2)] @ https://jimsimrodev.github.io/pequenos-sanos/assets/index-C7AoTPzR.js:82
[   65358ms] [LOG] [WS] 🗺️ Broadcast recibido. Avatares: 1 [Hijo Test(2)] @ https://jimsimrodev.github.io/pequenos-sanos/assets/index-C7AoTPzR.js:82
[   65391ms] [LOG] [WS] 🗺️ Broadcast recibido. Avatares: 1 [Hijo Test(2)] @ https://jimsimrodev.github.io/pequenos-sanos/assets/index-C7AoTPzR.js:82
[   65424ms] [LOG] [WS] 🗺️ Broadcast recibido. Avatares: 1 [Hijo Test(2)] @ https://jimsimrodev.github.io/pequenos-sanos/assets/index-C7AoTPzR.js:82
[   65452ms] [LOG] [WS] 🗺️ Broadcast recibido. Avatares: 1 [Hijo Test(2)] @ https://jimsimrodev.github.io/pequenos-sanos/assets/index-C7AoTPzR.js:82
[   65486ms] [LOG] [WS] 🗺️ Broadcast recibido. Avatares: 1 [Hijo Test(2)] @ https://jimsimrodev.github.io/pequenos-sanos/assets/index-C7AoTPzR.js:82
[   65520ms] [LOG] [WS] 🗺️ Broadcast recibido. Avatares: 1 [Hijo Test(2)] @ https://jimsimrodev.github.io/pequenos-sanos/assets/index-C7AoTPzR.js:82
[   65552ms] [LOG] [WS] 🗺️ Broadcast recibido. Avatares: 1 [Hijo Test(2)] @ https://jimsimrodev.github.io/pequenos-sanos/assets/index-C7AoTPzR.js:82
[   65585ms] [LOG] [WS] 🗺️ Broadcast recibido. Avatares: 1 [Hijo Test(2)] @ https://jimsimrodev.github.io/pequenos-sanos/assets/index-C7AoTPzR.js:82
[   65628ms] [LOG] [WS] 🗺️ Broadcast recibido. Avatares: 1 [Hijo Test(2)] @ https://jimsimrodev.github.io/pequenos-sanos/assets/index-C7AoTPzR.js:82
[   65659ms] [LOG] [WS] 🗺️ Broadcast recibido. Avatares: 1 [Hijo Test(2)] @ https://jimsimrodev.github.io/pequenos-sanos/assets/index-C7AoTPzR.js:82
[   65692ms] [LOG] [WS] 🗺️ Broadcast recibido. Avatares: 1 [Hijo Test(2)] @ https://jimsimrodev.github.io/pequenos-sanos/assets/index-C7AoTPzR.js:82
[   65712ms] [LOG] [WS] 🗺️ Broadcast recibido. Avatares: 1 [Hijo Test(2)] @ https://jimsimrodev.github.io/pequenos-sanos/assets/index-C7AoTPzR.js:82
[   65751ms] [LOG] [WS] 🗺️ Broadcast recibido. Avatares: 1 [Hijo Test(2)] @ https://jimsimrodev.github.io/pequenos-sanos/assets/index-C7AoTPzR.js:82
[   65786ms] [LOG] [WS] 🗺️ Broadcast recibido. Avatares: 1 [Hijo Test(2)] @ https://jimsimrodev.github.io/pequenos-sanos/assets/index-C7AoTPzR.js:82
[   65822ms] [LOG] [WS] 🗺️ Broadcast recibido. Avatares: 1 [Hijo Test(2)] @ https://jimsimrodev.github.io/pequenos-sanos/assets/index-C7AoTPzR.js:82
[   65853ms] [LOG] [WS] 🗺️ Broadcast recibido. Avatares: 1 [Hijo Test(2)] @ https://jimsimrodev.github.io/pequenos-sanos/assets/index-C7AoTPzR.js:82
[   65891ms] [LOG] [WS] 🗺️ Broadcast recibido. Avatares: 1 [Hijo Test(2)] @ https://jimsimrodev.github.io/pequenos-sanos/assets/index-C7AoTPzR.js:82
[   65908ms] [LOG] [WS] 🗺️ Broadcast recibido. Avatares: 1 [Hijo Test(2)] @ https://jimsimrodev.github.io/pequenos-sanos/assets/index-C7AoTPzR.js:82
[   65941ms] [LOG] [WS] 🗺️ Broadcast recibido. Avatares: 1 [Hijo Test(2)] @ https://jimsimrodev.github.io/pequenos-sanos/assets/index-C7AoTPzR.js:82
[   65989ms] [LOG] [WS] 🗺️ Broadcast recibido. Avatares: 1 [Hijo Test(2)] @ https://jimsimrodev.github.io/pequenos-sanos/assets/index-C7AoTPzR.js:82
